index,type,name,resident,streamed,parentStack
1,string,,65104,0,||assetlist
2,xmodelmesh,p7_zm_der_utility_pole_512_lod0e3a29dc0,1472,0,|p7_zm_der2_utility_pole_512|xmodel|maps/zm/zm_parkour_nothing0.d3dbsp|gfx_map|zone_source/zm_parkour_nothing0.zone|csv
3,xmodelmesh,p7_light_hurricane_lamp_lod13fd08fc4,352,15408,|p7_zm_der2_light_hurricane_lamp|xmodel|maps/zm/zm_parkour_nothing0.d3dbsp|gfx_map|zone_source/zm_parkour_nothing0.zone|csv
4,xmodelmesh,p7_zm_der_light_shade_lod0e2cd8a47,1232,0,|p7_zm_der_light_shade|xmodel|maps/zm/zm_parkour_nothing0.d3dbsp|gfx_map|zone_source/zm_parkour_nothing0.zone|csv
5,xmodelmesh,p7_zm_der_light_bulb_small_lod051d2f25a,1296,0,|p7_zm_der_light_bulb_small|xmodel|maps/zm/zm_parkour_nothing0.d3dbsp|gfx_map|zone_source/zm_parkour_nothing0.zone|csv
6,xmodelmesh,p7_debris_wood_plywood_2x8_bowed_lod0341eff9,1712,0,|p7_debris_wood_plywood_2x8_bowed_dirty|xmodel|maps/zm/zm_parkour_nothing0.d3dbsp|gfx_map|zone_source/zm_parkour_nothing0.zone|csv
7,xmodelmesh,p7_zm_der_pswitch_body_lod0324925aa,2528,0,|p7_zm_der_pswitch_body|xmodel|maps/zm/zm_parkour_nothing0.d3dbsp|gfx_map|zone_source/zm_parkour_nothing0.zone|csv
8,xmodelmesh,p7_electrical_box_set_box_4_lod02ab1d2b8,1376,0,|p7_electrical_box_set_box_4|xmodel|maps/zm/zm_parkour_nothing0.d3dbsp|gfx_map|zone_source/zm_parkour_nothing0.zone|csv
9,xmodelmesh,c_zom_zod_zombie_fem_body1_g_rarmspawn_lod08fd8a2fc,1456,0,|c_zom_zod_zombie_fem_body1_g_rarmspawn|xmodel|c_zom_der_zombie_gib_def|scriptbundle|c_zom_der_zombie2_nohat|character|spawner_zm_factory_zombie|aitype|maps/zm/zm_parkour_nothing0.d3dbsp|col_map|zone_source/zm_parkour_nothing0.zone|csv
10,xmodelmesh,c_zom_zod_zombie_fem_body1_g_rlegspawn_lod03da2116b,1392,0,|c_zom_zod_zombie_fem_body1_g_rlegspawn|xmodel|c_zom_der_zombie_gib_def|scriptbundle|c_zom_der_zombie2_nohat|character|spawner_zm_factory_zombie|aitype|maps/zm/zm_parkour_nothing0.d3dbsp|col_map|zone_source/zm_parkour_nothing0.zone|csv
11,xmodelmesh,c_zom_zod_zombie_fem_body1_g_larmspawn_lod0f35667dd,1168,0,|c_zom_zod_zombie_fem_body1_g_larmspawn|xmodel|c_zom_der_zombie_gib_def|scriptbundle|c_zom_der_zombie2_nohat|character|spawner_zm_factory_zombie|aitype|maps/zm/zm_parkour_nothing0.d3dbsp|col_map|zone_source/zm_parkour_nothing0.zone|csv
12,xmodelmesh,c_zom_zod_zombie_fem_body1_g_llegspawn_lod034c88b59,1360,0,|c_zom_zod_zombie_fem_body1_g_llegspawn|xmodel|c_zom_der_zombie_gib_def|scriptbundle|c_zom_der_zombie2_nohat|character|spawner_zm_factory_zombie|aitype|maps/zm/zm_parkour_nothing0.d3dbsp|col_map|zone_source/zm_parkour_nothing0.zone|csv
13,xmodelmesh,p7_zm_der_magic_box_fake_trunk_lod06a9106b2,2784,0,|p7_zm_der_magic_box_fake_trunk|xmodel|p7_zm_der_magic_box_fake|xmodel|zmcore_magicbox|zbarrier|maps/zm/zm_parkour_nothing0.d3dbsp|col_map|zone_source/zm_parkour_nothing0.zone|csv
14,xmodelmesh,p7_zm_der_magic_box_fake_lod0d37d3899,352,5248,|p7_zm_der_magic_box_fake|xmodel|zmcore_magicbox|zbarrier|maps/zm/zm_parkour_nothing0.d3dbsp|col_map|zone_source/zm_parkour_nothing0.zone|csv
15,xmodelmesh,p7_zm_der_pswitch_handle_lod09e863e5e,1472,0,|p7_zm_der_pswitch_handle|xmodel|maps/zm/zm_parkour_nothing0.d3dbsp|col_map|zone_source/zm_parkour_nothing0.zone|csv
16,xmodelmesh,p7_zm_vending_packapunch_lod0e27f6c62,1360,9664,|p7_zm_vending_packapunch_on|xmodel|zmcore_packapunch|zbarrier|maps/zm/zm_parkour_nothing0.d3dbsp|col_map|zone_source/zm_parkour_nothing0.zone|csv
17,xmodelmesh,p7_zm_der2_vending_packapunch_sign_wait_lod012e8b576,2080,0,|p7_zm_der2_vending_packapunch_sign_wait|xmodel|zmcore_packapunch|zbarrier|maps/zm/zm_parkour_nothing0.d3dbsp|col_map|zone_source/zm_parkour_nothing0.zone|csv
18,xmodelmesh,p7_zm_der_utility_pole_512_lod0837a7dde,2512,0,|p7_zm_der2_utility_pole_512|xmodel|maps/zm/zm_parkour_nothing0.d3dbsp|gfx_map|zone_source/zm_parkour_nothing0.zone|csv
19,xmodelmesh,p7_light_hurricane_lamp_lod12ce2f4b8,352,20304,|p7_zm_der2_light_hurricane_lamp|xmodel|maps/zm/zm_parkour_nothing0.d3dbsp|gfx_map|zone_source/zm_parkour_nothing0.zone|csv
20,xmodelmesh,p7_zm_der_light_shade_lod07ea56e7c,1600,0,|p7_zm_der_light_shade|xmodel|maps/zm/zm_parkour_nothing0.d3dbsp|gfx_map|zone_source/zm_parkour_nothing0.zone|csv
21,xmodelmesh,p7_zm_der_pswitch_body_lod05296e5de,4160,0,|p7_zm_der_pswitch_body|xmodel|maps/zm/zm_parkour_nothing0.d3dbsp|gfx_map|zone_source/zm_parkour_nothing0.zone|csv
22,xmodelmesh,p7_electrical_box_set_box_4_lod091dc501,2224,0,|p7_electrical_box_set_box_4|xmodel|maps/zm/zm_parkour_nothing0.d3dbsp|gfx_map|zone_source/zm_parkour_nothing0.zone|csv
23,xmodelmesh,c_zom_zod_zombie_fem_body1_g_rarmspawn_lod015c23f93,1824,0,|c_zom_zod_zombie_fem_body1_g_rarmspawn|xmodel|c_zom_der_zombie_gib_def|scriptbundle|c_zom_der_zombie2_nohat|character|spawner_zm_factory_zombie|aitype|maps/zm/zm_parkour_nothing0.d3dbsp|col_map|zone_source/zm_parkour_nothing0.zone|csv
24,xmodelmesh,c_zom_zod_zombie_fem_body1_g_rlegspawn_lod0c7aec304,1552,0,|c_zom_zod_zombie_fem_body1_g_rlegspawn|xmodel|c_zom_der_zombie_gib_def|scriptbundle|c_zom_der_zombie2_nohat|character|spawner_zm_factory_zombie|aitype|maps/zm/zm_parkour_nothing0.d3dbsp|col_map|zone_source/zm_parkour_nothing0.zone|csv
25,xmodelmesh,c_zom_zod_zombie_fem_body1_g_larmspawn_lod0e0592c13,2048,0,|c_zom_zod_zombie_fem_body1_g_larmspawn|xmodel|c_zom_der_zombie_gib_def|scriptbundle|c_zom_der_zombie2_nohat|character|spawner_zm_factory_zombie|aitype|maps/zm/zm_parkour_nothing0.d3dbsp|col_map|zone_source/zm_parkour_nothing0.zone|csv
26,xmodelmesh,c_zom_zod_zombie_fem_body1_g_llegspawn_lod0d8f17acf,1504,0,|c_zom_zod_zombie_fem_body1_g_llegspawn|xmodel|c_zom_der_zombie_gib_def|scriptbundle|c_zom_der_zombie2_nohat|character|spawner_zm_factory_zombie|aitype|maps/zm/zm_parkour_nothing0.d3dbsp|col_map|zone_source/zm_parkour_nothing0.zone|csv
27,xmodelmesh,c_zom_der_helmet_1_lod6b584e3ce,1504,0,|c_zom_der_zombie_helmet1|xmodel|c_zom_der_zombie2|character|spawner_zm_factory_zombie|aitype|maps/zm/zm_parkour_nothing0.d3dbsp|col_map|zone_source/zm_parkour_nothing0.zone|csv
28,xmodelmesh,c_zom_der_head_1_lod6229e2b02,208,4592,|c_zom_der_zombie_head1|xmodel|c_zom_der_zombie_headalias|xmodelalias|c_zom_der_zombie2_nohat|character|spawner_zm_factory_zombie|aitype|maps/zm/zm_parkour_nothing0.d3dbsp|col_map|zone_source/zm_parkour_nothing0.zone|csv
29,xmodelmesh,c_zom_der_head_2_lod66291cdde,4336,0,|c_zom_der_zombie_head2|xmodel|c_zom_der_zombie_headalias|xmodelalias|c_zom_der_zombie2_nohat|character|spawner_zm_factory_zombie|aitype|maps/zm/zm_parkour_nothing0.d3dbsp|col_map|zone_source/zm_parkour_nothing0.zone|csv
30,xmodelmesh,c_zom_der_head_3_lod6b8e32972,208,4928,|c_zom_der_zombie_head3|xmodel|c_zom_der_zombie_headalias|xmodelalias|c_zom_der_zombie2_nohat|character|spawner_zm_factory_zombie|aitype|maps/zm/zm_parkour_nothing0.d3dbsp|col_map|zone_source/zm_parkour_nothing0.zone|csv
31,xmodelmesh,c_zom_der_zombie_body1_g_behead_lod6cfec6cba,1696,0,|c_zom_der_zombie_body1_g_behead|xmodel|c_zom_der_zombie1_nohat|character|spawner_zm_factory_zombie|aitype|maps/zm/zm_parkour_nothing0.d3dbsp|col_map|zone_source/zm_parkour_nothing0.zone|csv
32,xmodelmesh,c_zom_der_zombie_body1_g_lowclean_lod6fa3102be,224,6864,|c_zom_der_zombie_body1_g_lowclean|xmodel|c_zom_der_zombie1_nohat|character|spawner_zm_factory_zombie|aitype|maps/zm/zm_parkour_nothing0.d3dbsp|col_map|zone_source/zm_parkour_nothing0.zone|csv
33,xmodelmesh,c_zom_der_zombie_body1_g_rlegoff_lod659e69f26,320,6112,|c_zom_der_zombie_body1_g_rlegoff|xmodel|c_zom_der_zombie1_nohat|character|spawner_zm_factory_zombie|aitype|maps/zm/zm_parkour_nothing0.d3dbsp|col_map|zone_source/zm_parkour_nothing0.zone|csv
34,xmodelmesh,c_zom_der_zombie_body1_g_llegoff_lod67f9aa231,320,6960,|c_zom_der_zombie_body1_g_llegoff|xmodel|c_zom_der_zombie1_nohat|character|spawner_zm_factory_zombie|aitype|maps/zm/zm_parkour_nothing0.d3dbsp|col_map|zone_source/zm_parkour_nothing0.zone|csv
35,xmodelmesh,c_zom_der_zombie_body1_g_blegsoff_lod6d37207be,320,6144,|c_zom_der_zombie_body1_g_blegsoff|xmodel|c_zom_der_zombie1_nohat|character|spawner_zm_factory_zombie|aitype|maps/zm/zm_parkour_nothing0.d3dbsp|col_map|zone_source/zm_parkour_nothing0.zone|csv
36,xmodelmesh,c_zom_der_zombie_body2_lod6476855ed,608,25680,|c_zom_der_zombie_body2|xmodel|c_zom_der_zombie2_nohat|character|spawner_zm_factory_zombie|aitype|maps/zm/zm_parkour_nothing0.d3dbsp|col_map|zone_source/zm_parkour_nothing0.zone|csv
37,xmodelmesh,c_zom_der_zombie_body2_g_upclean_lod6e453bc68,608,18240,|c_zom_der_zombie_body2_g_upclean|xmodel|c_zom_der_zombie2_nohat|character|spawner_zm_factory_zombie|aitype|maps/zm/zm_parkour_nothing0.d3dbsp|col_map|zone_source/zm_parkour_nothing0.zone|csv
38,xmodelmesh,c_zom_der_zombie_body2_g_rarmoff_lod6decb6687,704,15136,|c_zom_der_zombie_body2_g_rarmoff|xmodel|c_zom_der_zombie2_nohat|character|spawner_zm_factory_zombie|aitype|maps/zm/zm_parkour_nothing0.d3dbsp|col_map|zone_source/zm_parkour_nothing0.zone|csv
39,xmodelmesh,c_zom_der_zombie_body2_g_larmoff_lod611a802c9,704,16736,|c_zom_der_zombie_body2_g_larmoff|xmodel|c_zom_der_zombie2_nohat|character|spawner_zm_factory_zombie|aitype|maps/zm/zm_parkour_nothing0.d3dbsp|col_map|zone_source/zm_parkour_nothing0.zone|csv
40,xmodelmesh,c_zom_der_zombie_body2_g_behead_lod633e7b02c,1552,0,|c_zom_der_zombie_body2_g_behead|xmodel|c_zom_der_zombie2_nohat|character|spawner_zm_factory_zombie|aitype|maps/zm/zm_parkour_nothing0.d3dbsp|col_map|zone_source/zm_parkour_nothing0.zone|csv
41,xmodelmesh,c_zom_der_zombie_body2_g_lowclean_lod69154bfa3,320,7664,|c_zom_der_zombie_body2_g_lowclean|xmodel|c_zom_der_zombie2_nohat|character|spawner_zm_factory_zombie|aitype|maps/zm/zm_parkour_nothing0.d3dbsp|col_map|zone_source/zm_parkour_nothing0.zone|csv
42,xmodelmesh,c_zom_der_zombie_body2_g_rlegoff_lod6760fa259,416,7808,|c_zom_der_zombie_body2_g_rlegoff|xmodel|c_zom_der_zombie2_nohat|character|spawner_zm_factory_zombie|aitype|maps/zm/zm_parkour_nothing0.d3dbsp|col_map|zone_source/zm_parkour_nothing0.zone|csv
43,xmodelmesh,c_zom_der_zombie_body2_g_llegoff_lod6a21441c3,416,7440,|c_zom_der_zombie_body2_g_llegoff|xmodel|c_zom_der_zombie2_nohat|character|spawner_zm_factory_zombie|aitype|maps/zm/zm_parkour_nothing0.d3dbsp|col_map|zone_source/zm_parkour_nothing0.zone|csv
44,xmodelmesh,c_zom_der_zombie_body2_g_blegsoff_lod6fec7049e,416,7552,|c_zom_der_zombie_body2_g_blegsoff|xmodel|c_zom_der_zombie2_nohat|character|spawner_zm_factory_zombie|aitype|maps/zm/zm_parkour_nothing0.d3dbsp|col_map|zone_source/zm_parkour_nothing0.zone|csv
45,xmodelmesh,p7_zm_der_magic_box_fake_trunk_lod03cd1fa2a,352,4480,|p7_zm_der_magic_box_fake_trunk|xmodel|p7_zm_der_magic_box_fake|xmodel|zmcore_magicbox|zbarrier|maps/zm/zm_parkour_nothing0.d3dbsp|col_map|zone_source/zm_parkour_nothing0.zone|csv
46,xmodelmesh,p7_zm_der_magic_box_fake_lod090d351d4,352,9776,|p7_zm_der_magic_box_fake|xmodel|zmcore_magicbox|zbarrier|maps/zm/zm_parkour_nothing0.d3dbsp|col_map|zone_source/zm_parkour_nothing0.zone|csv
47,xmodelmesh,p7_zm_der_pswitch_handle_lod0250846ac,1840,0,|p7_zm_der_pswitch_handle|xmodel|maps/zm/zm_parkour_nothing0.d3dbsp|col_map|zone_source/zm_parkour_nothing0.zone|csv
48,xmodelmesh,p7_zm_vending_packapunch_lod0154ac890,1376,19184,|p7_zm_vending_packapunch_on|xmodel|zmcore_packapunch|zbarrier|maps/zm/zm_parkour_nothing0.d3dbsp|col_map|zone_source/zm_parkour_nothing0.zone|csv
49,xmodelmesh,p7_zm_der_utility_pole_512_lod05b067a0e,4288,0,|p7_zm_der2_utility_pole_512|xmodel|maps/zm/zm_parkour_nothing0.d3dbsp|gfx_map|zone_source/zm_parkour_nothing0.zone|csv
50,xmodelmesh,p7_light_hurricane_lamp_lod1c12a7de5,352,29392,|p7_zm_der2_light_hurricane_lamp|xmodel|maps/zm/zm_parkour_nothing0.d3dbsp|gfx_map|zone_source/zm_parkour_nothing0.zone|csv
51,xmodelmesh,p7_zm_der_light_shade_lod06f265e04,3136,0,|p7_zm_der_light_shade|xmodel|maps/zm/zm_parkour_nothing0.d3dbsp|gfx_map|zone_source/zm_parkour_nothing0.zone|csv
52,xmodelmesh,p7_cinder_block_lod2c5f233b5,2624,0,|p7_cinder_block|xmodel|maps/zm/zm_parkour_nothing0.d3dbsp|gfx_map|zone_source/zm_parkour_nothing0.zone|csv
53,xmodelmesh,p7_zm_der_pswitch_body_lod03574d976,688,6800,|p7_zm_der_pswitch_body|xmodel|maps/zm/zm_parkour_nothing0.d3dbsp|gfx_map|zone_source/zm_parkour_nothing0.zone|csv
54,xmodelmesh,p7_electrical_box_set_box_4_lod0e4bf2f3d,3808,0,|p7_electrical_box_set_box_4|xmodel|maps/zm/zm_parkour_nothing0.d3dbsp|gfx_map|zone_source/zm_parkour_nothing0.zone|csv
55,xmodelmesh,c_zom_zod_zombie_fem_body1_g_rarmspawn_lod075527b40,2832,0,|c_zom_zod_zombie_fem_body1_g_rarmspawn|xmodel|c_zom_der_zombie_gib_def|scriptbundle|c_zom_der_zombie2_nohat|character|spawner_zm_factory_zombie|aitype|maps/zm/zm_parkour_nothing0.d3dbsp|col_map|zone_source/zm_parkour_nothing0.zone|csv
56,xmodelmesh,c_zom_zod_zombie_fem_body1_g_rlegspawn_lod0c5acd6f,2656,0,|c_zom_zod_zombie_fem_body1_g_rlegspawn|xmodel|c_zom_der_zombie_gib_def|scriptbundle|c_zom_der_zombie2_nohat|character|spawner_zm_factory_zombie|aitype|maps/zm/zm_parkour_nothing0.d3dbsp|col_map|zone_source/zm_parkour_nothing0.zone|csv
57,xmodelmesh,c_zom_zod_zombie_fem_body1_g_larmspawn_lod0567f2c88,3440,0,|c_zom_zod_zombie_fem_body1_g_larmspawn|xmodel|c_zom_der_zombie_gib_def|scriptbundle|c_zom_der_zombie2_nohat|character|spawner_zm_factory_zombie|aitype|maps/zm/zm_parkour_nothing0.d3dbsp|col_map|zone_source/zm_parkour_nothing0.zone|csv
58,xmodelmesh,c_zom_zod_zombie_fem_body1_g_llegspawn_lod041c78fa2,2672,0,|c_zom_zod_zombie_fem_body1_g_llegspawn|xmodel|c_zom_der_zombie_gib_def|scriptbundle|c_zom_der_zombie2_nohat|character|spawner_zm_factory_zombie|aitype|maps/zm/zm_parkour_nothing0.d3dbsp|col_map|zone_source/zm_parkour_nothing0.zone|csv
59,xmodelmesh,c_zom_der_helmet_1_lod55a672d53,3392,0,|c_zom_der_zombie_helmet1|xmodel|c_zom_der_zombie2|character|spawner_zm_factory_zombie|aitype|maps/zm/zm_parkour_nothing0.d3dbsp|col_map|zone_source/zm_parkour_nothing0.zone|csv
60,xmodelmesh,c_zom_der_head_1_lod5943b21d9,208,8816,|c_zom_der_zombie_head1|xmodel|c_zom_der_zombie_headalias|xmodelalias|c_zom_der_zombie2_nohat|character|spawner_zm_factory_zombie|aitype|maps/zm/zm_parkour_nothing0.d3dbsp|col_map|zone_source/zm_parkour_nothing0.zone|csv
61,xmodelmesh,c_zom_der_head_2_lod51fd00a8a,208,8016,|c_zom_der_zombie_head2|xmodel|c_zom_der_zombie_headalias|xmodelalias|c_zom_der_zombie2_nohat|character|spawner_zm_factory_zombie|aitype|maps/zm/zm_parkour_nothing0.d3dbsp|col_map|zone_source/zm_parkour_nothing0.zone|csv
62,xmodelmesh,c_zom_der_head_3_lod53d40255c,208,10416,|c_zom_der_zombie_head3|xmodel|c_zom_der_zombie_headalias|xmodelalias|c_zom_der_zombie2_nohat|character|spawner_zm_factory_zombie|aitype|maps/zm/zm_parkour_nothing0.d3dbsp|col_map|zone_source/zm_parkour_nothing0.zone|csv
63,xmodelmesh,c_zom_der_zombie_body1_g_behead_lod586d08846,2160,0,|c_zom_der_zombie_body1_g_behead|xmodel|c_zom_der_zombie1_nohat|character|spawner_zm_factory_zombie|aitype|maps/zm/zm_parkour_nothing0.d3dbsp|col_map|zone_source/zm_parkour_nothing0.zone|csv
64,xmodelmesh,c_zom_der_zombie_body1_g_lowclean_lod517213356,224,10128,|c_zom_der_zombie_body1_g_lowclean|xmodel|c_zom_der_zombie1_nohat|character|spawner_zm_factory_zombie|aitype|maps/zm/zm_parkour_nothing0.d3dbsp|col_map|zone_source/zm_parkour_nothing0.zone|csv
65,xmodelmesh,c_zom_der_zombie_body1_g_rlegoff_lod5cb3b0646,320,7584,|c_zom_der_zombie_body1_g_rlegoff|xmodel|c_zom_der_zombie1_nohat|character|spawner_zm_factory_zombie|aitype|maps/zm/zm_parkour_nothing0.d3dbsp|col_map|zone_source/zm_parkour_nothing0.zone|csv
66,xmodelmesh,c_zom_der_zombie_body1_g_llegoff_lod514b66699,320,8896,|c_zom_der_zombie_body1_g_llegoff|xmodel|c_zom_der_zombie1_nohat|character|spawner_zm_factory_zombie|aitype|maps/zm/zm_parkour_nothing0.d3dbsp|col_map|zone_source/zm_parkour_nothing0.zone|csv
67,xmodelmesh,c_zom_der_zombie_body1_g_blegsoff_lod52a8483e9,320,6560,|c_zom_der_zombie_body1_g_blegsoff|xmodel|c_zom_der_zombie1_nohat|character|spawner_zm_factory_zombie|aitype|maps/zm/zm_parkour_nothing0.d3dbsp|col_map|zone_source/zm_parkour_nothing0.zone|csv
68,xmodelmesh,c_zom_der_zombie_body2_lod5a94cdd4d,704,41360,|c_zom_der_zombie_body2|xmodel|c_zom_der_zombie2_nohat|character|spawner_zm_factory_zombie|aitype|maps/zm/zm_parkour_nothing0.d3dbsp|col_map|zone_source/zm_parkour_nothing0.zone|csv
69,xmodelmesh,c_zom_der_zombie_body2_g_upclean_lod55a397dd2,704,28240,|c_zom_der_zombie_body2_g_upclean|xmodel|c_zom_der_zombie2_nohat|character|spawner_zm_factory_zombie|aitype|maps/zm/zm_parkour_nothing0.d3dbsp|col_map|zone_source/zm_parkour_nothing0.zone|csv
70,xmodelmesh,c_zom_der_zombie_body2_g_rarmoff_lod51d65bb91,800,23376,|c_zom_der_zombie_body2_g_rarmoff|xmodel|c_zom_der_zombie2_nohat|character|spawner_zm_factory_zombie|aitype|maps/zm/zm_parkour_nothing0.d3dbsp|col_map|zone_source/zm_parkour_nothing0.zone|csv
71,xmodelmesh,c_zom_der_zombie_body2_g_larmoff_lod54bc08c33,800,25872,|c_zom_der_zombie_body2_g_larmoff|xmodel|c_zom_der_zombie2_nohat|character|spawner_zm_factory_zombie|aitype|maps/zm/zm_parkour_nothing0.d3dbsp|col_map|zone_source/zm_parkour_nothing0.zone|csv
72,xmodelmesh,c_zom_der_zombie_body2_g_behead_lod592058fd9,1920,0,|c_zom_der_zombie_body2_g_behead|xmodel|c_zom_der_zombie2_nohat|character|spawner_zm_factory_zombie|aitype|maps/zm/zm_parkour_nothing0.d3dbsp|col_map|zone_source/zm_parkour_nothing0.zone|csv
73,xmodelmesh,c_zom_der_zombie_body2_g_lowclean_lod5bcac4582,320,13488,|c_zom_der_zombie_body2_g_lowclean|xmodel|c_zom_der_zombie2_nohat|character|spawner_zm_factory_zombie|aitype|maps/zm/zm_parkour_nothing0.d3dbsp|col_map|zone_source/zm_parkour_nothing0.zone|csv
74,xmodelmesh,c_zom_der_zombie_body2_g_rlegoff_lod52ab33a06,416,11600,|c_zom_der_zombie_body2_g_rlegoff|xmodel|c_zom_der_zombie2_nohat|character|spawner_zm_factory_zombie|aitype|maps/zm/zm_parkour_nothing0.d3dbsp|col_map|zone_source/zm_parkour_nothing0.zone|csv
75,xmodelmesh,c_zom_der_zombie_body2_g_llegoff_lod51fe99774,416,11584,|c_zom_der_zombie_body2_g_llegoff|xmodel|c_zom_der_zombie2_nohat|character|spawner_zm_factory_zombie|aitype|maps/zm/zm_parkour_nothing0.d3dbsp|col_map|zone_source/zm_parkour_nothing0.zone|csv
76,xmodelmesh,c_zom_der_zombie_body2_g_blegsoff_lod5c35191e1,416,9824,|c_zom_der_zombie_body2_g_blegsoff|xmodel|c_zom_der_zombie2_nohat|character|spawner_zm_factory_zombie|aitype|maps/zm/zm_parkour_nothing0.d3dbsp|col_map|zone_source/zm_parkour_nothing0.zone|csv
77,xmodelmesh,p7_barrel_metal_55gal_lod1d072f6f7,3664,0,|p7_barrel_metal_55gal_blue|xmodel|maps/zm/zm_parkour_nothing0.d3dbsp|col_map|zone_source/zm_parkour_nothing0.zone|csv
78,xmodelmesh,p7_zm_der_magic_box_fake_trunk_lod0d243ccf1,352,8432,|p7_zm_der_magic_box_fake_trunk|xmodel|p7_zm_der_magic_box_fake|xmodel|zmcore_magicbox|zbarrier|maps/zm/zm_parkour_nothing0.d3dbsp|col_map|zone_source/zm_parkour_nothing0.zone|csv
79,xmodelmesh,p7_zm_der_magic_box_fake_lod0b7c08597,352,18816,|p7_zm_der_magic_box_fake|xmodel|zmcore_magicbox|zbarrier|maps/zm/zm_parkour_nothing0.d3dbsp|col_map|zone_source/zm_parkour_nothing0.zone|csv
80,xmodelmesh,p7_zm_der_magic_box_lod41c5f5361,928,68080,|p7_zm_der_magic_box|xmodel|zmcore_magicbox|zbarrier|maps/zm/zm_parkour_nothing0.d3dbsp|col_map|zone_source/zm_parkour_nothing0.zone|csv
81,xmodelmesh,p7_zm_der_pswitch_handle_lod066495e4b,2928,0,|p7_zm_der_pswitch_handle|xmodel|maps/zm/zm_parkour_nothing0.d3dbsp|col_map|zone_source/zm_parkour_nothing0.zone|csv
82,xmodelmesh,p7_zm_vending_packapunch_lod0c57e5236,1488,33168,|p7_zm_vending_packapunch_on|xmodel|zmcore_packapunch|zbarrier|maps/zm/zm_parkour_nothing0.d3dbsp|col_map|zone_source/zm_parkour_nothing0.zone|csv
83,xmodelmesh,p7_zm_der_utility_pole_512_lod074cdfbd2,464,7776,|p7_zm_der2_utility_pole_512|xmodel|maps/zm/zm_parkour_nothing0.d3dbsp|gfx_map|zone_source/zm_parkour_nothing0.zone|csv
84,xmodelmesh,p7_light_hurricane_lamp_lod17d7ebd89,352,37632,|p7_zm_der2_light_hurricane_lamp|xmodel|maps/zm/zm_parkour_nothing0.d3dbsp|gfx_map|zone_source/zm_parkour_nothing0.zone|csv
85,xmodelmesh,p7_zm_der_light_shade_lod0f21d8c5e,464,5120,|p7_zm_der_light_shade|xmodel|maps/zm/zm_parkour_nothing0.d3dbsp|gfx_map|zone_source/zm_parkour_nothing0.zone|csv
86,xmodelmesh,p7_zm_der_light_bulb_small_lod0117c6e1e,1792,0,|p7_zm_der_light_bulb_small|xmodel|maps/zm/zm_parkour_nothing0.d3dbsp|gfx_map|zone_source/zm_parkour_nothing0.zone|csv
87,xmodelmesh,p7_debris_wood_plywood_2x8_bowed_lod0e81730c,1696,0,|p7_debris_wood_plywood_2x8_bowed_dirty|xmodel|maps/zm/zm_parkour_nothing0.d3dbsp|gfx_map|zone_source/zm_parkour_nothing0.zone|csv
88,xmodelmesh,p7_cinder_block_lod26133b898,4128,0,|p7_cinder_block|xmodel|maps/zm/zm_parkour_nothing0.d3dbsp|gfx_map|zone_source/zm_parkour_nothing0.zone|csv
89,xmodelmesh,p7_zm_der_pswitch_body_lod0c02f5a4a,800,12352,|p7_zm_der_pswitch_body|xmodel|maps/zm/zm_parkour_nothing0.d3dbsp|gfx_map|zone_source/zm_parkour_nothing0.zone|csv
90,xmodelmesh,p7_electrical_box_set_box_4_lod09c39635c,240,6288,|p7_electrical_box_set_box_4|xmodel|maps/zm/zm_parkour_nothing0.d3dbsp|gfx_map|zone_source/zm_parkour_nothing0.zone|csv
91,xmodelmesh,c_zom_zod_zombie_fem_body1_g_rarmspawn_lod08155b704,368,5120,|c_zom_zod_zombie_fem_body1_g_rarmspawn|xmodel|c_zom_der_zombie_gib_def|scriptbundle|c_zom_der_zombie2_nohat|character|spawner_zm_factory_zombie|aitype|maps/zm/zm_parkour_nothing0.d3dbsp|col_map|zone_source/zm_parkour_nothing0.zone|csv
92,xmodelmesh,c_zom_zod_zombie_fem_body1_g_rlegspawn_lod053f29eef,4128,0,|c_zom_zod_zombie_fem_body1_g_rlegspawn|xmodel|c_zom_der_zombie_gib_def|scriptbundle|c_zom_der_zombie2_nohat|character|spawner_zm_factory_zombie|aitype|maps/zm/zm_parkour_nothing0.d3dbsp|col_map|zone_source/zm_parkour_nothing0.zone|csv
93,xmodelmesh,c_zom_zod_zombie_fem_body1_g_larmspawn_lod0539c617e,368,5088,|c_zom_zod_zombie_fem_body1_g_larmspawn|xmodel|c_zom_der_zombie_gib_def|scriptbundle|c_zom_der_zombie2_nohat|character|spawner_zm_factory_zombie|aitype|maps/zm/zm_parkour_nothing0.d3dbsp|col_map|zone_source/zm_parkour_nothing0.zone|csv
94,xmodelmesh,c_zom_zod_zombie_fem_body1_g_llegspawn_lod056fb478,4240,0,|c_zom_zod_zombie_fem_body1_g_llegspawn|xmodel|c_zom_der_zombie_gib_def|scriptbundle|c_zom_der_zombie2_nohat|character|spawner_zm_factory_zombie|aitype|maps/zm/zm_parkour_nothing0.d3dbsp|col_map|zone_source/zm_parkour_nothing0.zone|csv
95,xmodelmesh,c_zom_der_helmet_1_lod440e19ebe,224,4352,|c_zom_der_zombie_helmet1|xmodel|c_zom_der_zombie2|character|spawner_zm_factory_zombie|aitype|maps/zm/zm_parkour_nothing0.d3dbsp|col_map|zone_source/zm_parkour_nothing0.zone|csv
96,xmodelmesh,c_zom_der_head_1_lod4c1179c01,208,16304,|c_zom_der_zombie_head1|xmodel|c_zom_der_zombie_headalias|xmodelalias|c_zom_der_zombie2_nohat|character|spawner_zm_factory_zombie|aitype|maps/zm/zm_parkour_nothing0.d3dbsp|col_map|zone_source/zm_parkour_nothing0.zone|csv
97,xmodelmesh,c_zom_der_head_2_lod410b5a201,208,14720,|c_zom_der_zombie_head2|xmodel|c_zom_der_zombie_headalias|xmodelalias|c_zom_der_zombie2_nohat|character|spawner_zm_factory_zombie|aitype|maps/zm/zm_parkour_nothing0.d3dbsp|col_map|zone_source/zm_parkour_nothing0.zone|csv
98,xmodelmesh,c_zom_der_head_3_lod4e605e8d0,208,17952,|c_zom_der_zombie_head3|xmodel|c_zom_der_zombie_headalias|xmodelalias|c_zom_der_zombie2_nohat|character|spawner_zm_factory_zombie|aitype|maps/zm/zm_parkour_nothing0.d3dbsp|col_map|zone_source/zm_parkour_nothing0.zone|csv
99,xmodelmesh,c_zom_der_zombie_body1_g_behead_lod4e68ab97e,2800,0,|c_zom_der_zombie_body1_g_behead|xmodel|c_zom_der_zombie1_nohat|character|spawner_zm_factory_zombie|aitype|maps/zm/zm_parkour_nothing0.d3dbsp|col_map|zone_source/zm_parkour_nothing0.zone|csv
100,xmodelmesh,c_zom_der_zombie_body1_g_lowclean_lod41da35f97,320,23600,|c_zom_der_zombie_body1_g_lowclean|xmodel|c_zom_der_zombie1_nohat|character|spawner_zm_factory_zombie|aitype|maps/zm/zm_parkour_nothing0.d3dbsp|col_map|zone_source/zm_parkour_nothing0.zone|csv
101,xmodelmesh,c_zom_der_zombie_body1_g_rlegoff_lod4b95a1e19,416,16112,|c_zom_der_zombie_body1_g_rlegoff|xmodel|c_zom_der_zombie1_nohat|character|spawner_zm_factory_zombie|aitype|maps/zm/zm_parkour_nothing0.d3dbsp|col_map|zone_source/zm_parkour_nothing0.zone|csv
102,xmodelmesh,c_zom_der_zombie_body1_g_llegoff_lod472b7e0e,416,20544,|c_zom_der_zombie_body1_g_llegoff|xmodel|c_zom_der_zombie1_nohat|character|spawner_zm_factory_zombie|aitype|maps/zm/zm_parkour_nothing0.d3dbsp|col_map|zone_source/zm_parkour_nothing0.zone|csv
103,xmodelmesh,c_zom_der_zombie_body1_g_blegsoff_lod4e6f7b2a0,416,13024,|c_zom_der_zombie_body1_g_blegsoff|xmodel|c_zom_der_zombie1_nohat|character|spawner_zm_factory_zombie|aitype|maps/zm/zm_parkour_nothing0.d3dbsp|col_map|zone_source/zm_parkour_nothing0.zone|csv
104,xmodelmesh,c_zom_der_zombie_body2_lod4a9a1848d,608,71280,|c_zom_der_zombie_body2|xmodel|c_zom_der_zombie2_nohat|character|spawner_zm_factory_zombie|aitype|maps/zm/zm_parkour_nothing0.d3dbsp|col_map|zone_source/zm_parkour_nothing0.zone|csv
105,xmodelmesh,c_zom_der_zombie_body2_g_upclean_lod480e47024,608,51072,|c_zom_der_zombie_body2_g_upclean|xmodel|c_zom_der_zombie2_nohat|character|spawner_zm_factory_zombie|aitype|maps/zm/zm_parkour_nothing0.d3dbsp|col_map|zone_source/zm_parkour_nothing0.zone|csv
106,xmodelmesh,c_zom_der_zombie_body2_g_rarmoff_lod47cf4ad5c,704,42736,|c_zom_der_zombie_body2_g_rarmoff|xmodel|c_zom_der_zombie2_nohat|character|spawner_zm_factory_zombie|aitype|maps/zm/zm_parkour_nothing0.d3dbsp|col_map|zone_source/zm_parkour_nothing0.zone|csv
107,xmodelmesh,c_zom_der_zombie_body2_g_larmoff_lod4d021f8b9,704,47472,|c_zom_der_zombie_body2_g_larmoff|xmodel|c_zom_der_zombie2_nohat|character|spawner_zm_factory_zombie|aitype|maps/zm/zm_parkour_nothing0.d3dbsp|col_map|zone_source/zm_parkour_nothing0.zone|csv
108,xmodelmesh,c_zom_der_zombie_body2_g_behead_lod4adfd81c9,2288,0,|c_zom_der_zombie_body2_g_behead|xmodel|c_zom_der_zombie2_nohat|character|spawner_zm_factory_zombie|aitype|maps/zm/zm_parkour_nothing0.d3dbsp|col_map|zone_source/zm_parkour_nothing0.zone|csv
109,xmodelmesh,c_zom_der_zombie_body2_g_lowclean_lod42f32ddfb,320,20240,|c_zom_der_zombie_body2_g_lowclean|xmodel|c_zom_der_zombie2_nohat|character|spawner_zm_factory_zombie|aitype|maps/zm/zm_parkour_nothing0.d3dbsp|col_map|zone_source/zm_parkour_nothing0.zone|csv
110,xmodelmesh,c_zom_der_zombie_body2_g_rlegoff_lod4f6abfafb,416,15696,|c_zom_der_zombie_body2_g_rlegoff|xmodel|c_zom_der_zombie2_nohat|character|spawner_zm_factory_zombie|aitype|maps/zm/zm_parkour_nothing0.d3dbsp|col_map|zone_source/zm_parkour_nothing0.zone|csv
111,xmodelmesh,c_zom_der_zombie_body2_g_llegoff_lod4501501a8,416,16864,|c_zom_der_zombie_body2_g_llegoff|xmodel|c_zom_der_zombie2_nohat|character|spawner_zm_factory_zombie|aitype|maps/zm/zm_parkour_nothing0.d3dbsp|col_map|zone_source/zm_parkour_nothing0.zone|csv
112,xmodelmesh,c_zom_der_zombie_body2_g_blegsoff_lod4b5d88c29,416,12384,|c_zom_der_zombie_body2_g_blegsoff|xmodel|c_zom_der_zombie2_nohat|character|spawner_zm_factory_zombie|aitype|maps/zm/zm_parkour_nothing0.d3dbsp|col_map|zone_source/zm_parkour_nothing0.zone|csv
113,xmodelmesh,p7_barrel_metal_55gal_lod1fdbc47ce,240,5296,|p7_barrel_metal_55gal_blue|xmodel|maps/zm/zm_parkour_nothing0.d3dbsp|col_map|zone_source/zm_parkour_nothing0.zone|csv
114,xmodelmesh,p7_zm_der_magic_box_fake_trunk_lod0a953f994,352,13568,|p7_zm_der_magic_box_fake_trunk|xmodel|p7_zm_der_magic_box_fake|xmodel|zmcore_magicbox|zbarrier|maps/zm/zm_parkour_nothing0.d3dbsp|col_map|zone_source/zm_parkour_nothing0.zone|csv
115,xmodelmesh,p7_zm_der_magic_box_fake_lod0a7dbe4f2,352,33696,|p7_zm_der_magic_box_fake|xmodel|zmcore_magicbox|zbarrier|maps/zm/zm_parkour_nothing0.d3dbsp|col_map|zone_source/zm_parkour_nothing0.zone|csv
116,xmodelmesh,p7_zm_der_magic_box_lod45878ad2c,928,96560,|p7_zm_der_magic_box|xmodel|zmcore_magicbox|zbarrier|maps/zm/zm_parkour_nothing0.d3dbsp|col_map|zone_source/zm_parkour_nothing0.zone|csv
117,xmodelmesh,p7_zm_der_pswitch_handle_lod063410b3d,464,5200,|p7_zm_der_pswitch_handle|xmodel|maps/zm/zm_parkour_nothing0.d3dbsp|col_map|zone_source/zm_parkour_nothing0.zone|csv
118,xmodelmesh,p7_zm_vending_packapunch_lod053be907d,1600,63360,|p7_zm_vending_packapunch_on|xmodel|zmcore_packapunch|zbarrier|maps/zm/zm_parkour_nothing0.d3dbsp|col_map|zone_source/zm_parkour_nothing0.zone|csv
119,xmodelmesh,p7_zm_der_utility_pole_512_lod01c816f51,688,13872,|p7_zm_der2_utility_pole_512|xmodel|maps/zm/zm_parkour_nothing0.d3dbsp|gfx_map|zone_source/zm_parkour_nothing0.zone|csv
120,xmodelmesh,p7_light_hurricane_lamp_lod159f881f5,352,52896,|p7_zm_der2_light_hurricane_lamp|xmodel|maps/zm/zm_parkour_nothing0.d3dbsp|gfx_map|zone_source/zm_parkour_nothing0.zone|csv
121,xmodelmesh,p7_zm_der_light_shade_lod077d7b7ac,464,8624,|p7_zm_der_light_shade|xmodel|maps/zm/zm_parkour_nothing0.d3dbsp|gfx_map|zone_source/zm_parkour_nothing0.zone|csv
122,xmodelmesh,p7_zm_der_light_wall_mount_lod23203eb69,240,5888,|p7_zm_der_light_wall_mount|xmodel|maps/zm/zm_parkour_nothing0.d3dbsp|gfx_map|zone_source/zm_parkour_nothing0.zone|csv
123,xmodelmesh,p7_zm_der_light_bulb_small_lod0a1c58e8e,2560,0,|p7_zm_der_light_bulb_small|xmodel|maps/zm/zm_parkour_nothing0.d3dbsp|gfx_map|zone_source/zm_parkour_nothing0.zone|csv
124,xmodelmesh,p7_debris_wood_plywood_2x8_bowed_lod0b9234cca,2016,0,|p7_debris_wood_plywood_2x8_bowed_dirty|xmodel|maps/zm/zm_parkour_nothing0.d3dbsp|gfx_map|zone_source/zm_parkour_nothing0.zone|csv
125,xmodelmesh,p7_cinder_block_lod24d9945c2,224,5936,|p7_cinder_block|xmodel|maps/zm/zm_parkour_nothing0.d3dbsp|gfx_map|zone_source/zm_parkour_nothing0.zone|csv
126,xmodelmesh,p7_zm_der_pswitch_body_lod08f16cbc,912,23792,|p7_zm_der_pswitch_body|xmodel|maps/zm/zm_parkour_nothing0.d3dbsp|gfx_map|zone_source/zm_parkour_nothing0.zone|csv
127,xmodelmesh,p7_electrical_box_set_box_4_lod025ad2ce,240,10864,|p7_electrical_box_set_box_4|xmodel|maps/zm/zm_parkour_nothing0.d3dbsp|gfx_map|zone_source/zm_parkour_nothing0.zone|csv
128,xmodelmesh,p7_wires_electrical_rubber_04_lod2614e47e4,240,7136,|p7_wires_electrical_rubber_04|xmodel|maps/zm/zm_parkour_nothing0.d3dbsp|gfx_map|zone_source/zm_parkour_nothing0.zone|csv
129,xmodelmesh,c_zom_zod_zombie_fem_body1_g_rarmspawn_lod05223ef7a,368,9072,|c_zom_zod_zombie_fem_body1_g_rarmspawn|xmodel|c_zom_der_zombie_gib_def|scriptbundle|c_zom_der_zombie2_nohat|character|spawner_zm_factory_zombie|aitype|maps/zm/zm_parkour_nothing0.d3dbsp|col_map|zone_source/zm_parkour_nothing0.zone|csv
130,xmodelmesh,c_zom_zod_zombie_fem_body1_g_rlegspawn_lod0d0f95c7e,368,6080,|c_zom_zod_zombie_fem_body1_g_rlegspawn|xmodel|c_zom_der_zombie_gib_def|scriptbundle|c_zom_der_zombie2_nohat|character|spawner_zm_factory_zombie|aitype|maps/zm/zm_parkour_nothing0.d3dbsp|col_map|zone_source/zm_parkour_nothing0.zone|csv
131,xmodelmesh,c_zom_zod_zombie_fem_body1_g_larmspawn_lod06611811f,368,9088,|c_zom_zod_zombie_fem_body1_g_larmspawn|xmodel|c_zom_der_zombie_gib_def|scriptbundle|c_zom_der_zombie2_nohat|character|spawner_zm_factory_zombie|aitype|maps/zm/zm_parkour_nothing0.d3dbsp|col_map|zone_source/zm_parkour_nothing0.zone|csv
132,xmodelmesh,c_zom_zod_zombie_fem_body1_g_llegspawn_lod044d1d262,368,6608,|c_zom_zod_zombie_fem_body1_g_llegspawn|xmodel|c_zom_der_zombie_gib_def|scriptbundle|c_zom_der_zombie2_nohat|character|spawner_zm_factory_zombie|aitype|maps/zm/zm_parkour_nothing0.d3dbsp|col_map|zone_source/zm_parkour_nothing0.zone|csv
133,xmodelmesh,c_zom_der_helmet_1_lod3cd13d004,224,10128,|c_zom_der_zombie_helmet1|xmodel|c_zom_der_zombie2|character|spawner_zm_factory_zombie|aitype|maps/zm/zm_parkour_nothing0.d3dbsp|col_map|zone_source/zm_parkour_nothing0.zone|csv
134,xmodelmesh,c_zom_der_head_1_lod3e650584c,208,32336,|c_zom_der_zombie_head1|xmodel|c_zom_der_zombie_headalias|xmodelalias|c_zom_der_zombie2_nohat|character|spawner_zm_factory_zombie|aitype|maps/zm/zm_parkour_nothing0.d3dbsp|col_map|zone_source/zm_parkour_nothing0.zone|csv
135,xmodelmesh,c_zom_der_head_2_lod367983df6,208,25616,|c_zom_der_zombie_head2|xmodel|c_zom_der_zombie_headalias|xmodelalias|c_zom_der_zombie2_nohat|character|spawner_zm_factory_zombie|aitype|maps/zm/zm_parkour_nothing0.d3dbsp|col_map|zone_source/zm_parkour_nothing0.zone|csv
136,xmodelmesh,c_zom_der_head_3_lod3a9afee46,208,34016,|c_zom_der_zombie_head3|xmodel|c_zom_der_zombie_headalias|xmodelalias|c_zom_der_zombie2_nohat|character|spawner_zm_factory_zombie|aitype|maps/zm/zm_parkour_nothing0.d3dbsp|col_map|zone_source/zm_parkour_nothing0.zone|csv
137,xmodelmesh,c_zom_der_zombie_body1_g_behead_lod373e83067,320,5360,|c_zom_der_zombie_body1_g_behead|xmodel|c_zom_der_zombie1_nohat|character|spawner_zm_factory_zombie|aitype|maps/zm/zm_parkour_nothing0.d3dbsp|col_map|zone_source/zm_parkour_nothing0.zone|csv
138,xmodelmesh,c_zom_der_zombie_body1_g_lowclean_lod330d513fe,224,47184,|c_zom_der_zombie_body1_g_lowclean|xmodel|c_zom_der_zombie1_nohat|character|spawner_zm_factory_zombie|aitype|maps/zm/zm_parkour_nothing0.d3dbsp|col_map|zone_source/zm_parkour_nothing0.zone|csv
139,xmodelmesh,c_zom_der_zombie_body1_g_rlegoff_lod38bc72a63,320,35024,|c_zom_der_zombie_body1_g_rlegoff|xmodel|c_zom_der_zombie1_nohat|character|spawner_zm_factory_zombie|aitype|maps/zm/zm_parkour_nothing0.d3dbsp|col_map|zone_source/zm_parkour_nothing0.zone|csv
140,xmodelmesh,c_zom_der_zombie_body1_g_llegoff_lod32993a276,320,37712,|c_zom_der_zombie_body1_g_llegoff|xmodel|c_zom_der_zombie1_nohat|character|spawner_zm_factory_zombie|aitype|maps/zm/zm_parkour_nothing0.d3dbsp|col_map|zone_source/zm_parkour_nothing0.zone|csv
141,xmodelmesh,c_zom_der_zombie_body1_g_blegsoff_lod3776ad7c0,320,25536,|c_zom_der_zombie_body1_g_blegsoff|xmodel|c_zom_der_zombie1_nohat|character|spawner_zm_factory_zombie|aitype|maps/zm/zm_parkour_nothing0.d3dbsp|col_map|zone_source/zm_parkour_nothing0.zone|csv
142,xmodelmesh,c_zom_der_zombie_body2_lod344dafc87,608,130144,|c_zom_der_zombie_body2|xmodel|c_zom_der_zombie2_nohat|character|spawner_zm_factory_zombie|aitype|maps/zm/zm_parkour_nothing0.d3dbsp|col_map|zone_source/zm_parkour_nothing0.zone|csv
143,xmodelmesh,c_zom_der_zombie_body2_g_upclean_lod3393e0449,608,94112,|c_zom_der_zombie_body2_g_upclean|xmodel|c_zom_der_zombie2_nohat|character|spawner_zm_factory_zombie|aitype|maps/zm/zm_parkour_nothing0.d3dbsp|col_map|zone_source/zm_parkour_nothing0.zone|csv
144,xmodelmesh,c_zom_der_zombie_body2_g_rarmoff_lod3968192d5,704,80640,|c_zom_der_zombie_body2_g_rarmoff|xmodel|c_zom_der_zombie2_nohat|character|spawner_zm_factory_zombie|aitype|maps/zm/zm_parkour_nothing0.d3dbsp|col_map|zone_source/zm_parkour_nothing0.zone|csv
145,xmodelmesh,c_zom_der_zombie_body2_g_larmoff_lod3ae55bc96,704,88016,|c_zom_der_zombie_body2_g_larmoff|xmodel|c_zom_der_zombie2_nohat|character|spawner_zm_factory_zombie|aitype|maps/zm/zm_parkour_nothing0.d3dbsp|col_map|zone_source/zm_parkour_nothing0.zone|csv
146,xmodelmesh,c_zom_der_zombie_body2_g_behead_lod35d09dd7e,4272,0,|c_zom_der_zombie_body2_g_behead|xmodel|c_zom_der_zombie2_nohat|character|spawner_zm_factory_zombie|aitype|maps/zm/zm_parkour_nothing0.d3dbsp|col_map|zone_source/zm_parkour_nothing0.zone|csv
147,xmodelmesh,c_zom_der_zombie_body2_g_lowclean_lod364af3fa9,320,36272,|c_zom_der_zombie_body2_g_lowclean|xmodel|c_zom_der_zombie2_nohat|character|spawner_zm_factory_zombie|aitype|maps/zm/zm_parkour_nothing0.d3dbsp|col_map|zone_source/zm_parkour_nothing0.zone|csv
148,xmodelmesh,c_zom_der_zombie_body2_g_rlegoff_lod3e6d99ea9,416,27200,|c_zom_der_zombie_body2_g_rlegoff|xmodel|c_zom_der_zombie2_nohat|character|spawner_zm_factory_zombie|aitype|maps/zm/zm_parkour_nothing0.d3dbsp|col_map|zone_source/zm_parkour_nothing0.zone|csv
149,xmodelmesh,c_zom_der_zombie_body2_g_llegoff_lod3b27e2b15,416,30880,|c_zom_der_zombie_body2_g_llegoff|xmodel|c_zom_der_zombie2_nohat|character|spawner_zm_factory_zombie|aitype|maps/zm/zm_parkour_nothing0.d3dbsp|col_map|zone_source/zm_parkour_nothing0.zone|csv
150,xmodelmesh,c_zom_der_zombie_body2_g_blegsoff_lod3ddb198f9,416,21856,|c_zom_der_zombie_body2_g_blegsoff|xmodel|c_zom_der_zombie2_nohat|character|spawner_zm_factory_zombie|aitype|maps/zm/zm_parkour_nothing0.d3dbsp|col_map|zone_source/zm_parkour_nothing0.zone|csv
151,xmodelmesh,p7_barrel_metal_55gal_lod19782b90f,240,7664,|p7_barrel_metal_55gal_blue|xmodel|maps/zm/zm_parkour_nothing0.d3dbsp|col_map|zone_source/zm_parkour_nothing0.zone|csv
152,xmodelmesh,p7_zm_der_magic_box_fake_trunk_lod06382ff96,352,26032,|p7_zm_der_magic_box_fake_trunk|xmodel|p7_zm_der_magic_box_fake|xmodel|zmcore_magicbox|zbarrier|maps/zm/zm_parkour_nothing0.d3dbsp|col_map|zone_source/zm_parkour_nothing0.zone|csv
153,xmodelmesh,p7_zm_der_magic_box_fake_lod0c659ad5f,352,72272,|p7_zm_der_magic_box_fake|xmodel|zmcore_magicbox|zbarrier|maps/zm/zm_parkour_nothing0.d3dbsp|col_map|zone_source/zm_parkour_nothing0.zone|csv
154,xmodelmesh,p7_zm_der_magic_box_lod48dacef7c,928,116592,|p7_zm_der_magic_box|xmodel|zmcore_magicbox|zbarrier|maps/zm/zm_parkour_nothing0.d3dbsp|col_map|zone_source/zm_parkour_nothing0.zone|csv
155,xmodelmesh,p7_zm_der_pswitch_handle_lod0d75f8d9e,464,9664,|p7_zm_der_pswitch_handle|xmodel|maps/zm/zm_parkour_nothing0.d3dbsp|col_map|zone_source/zm_parkour_nothing0.zone|csv
156,xmodelmesh,p7_zm_vending_packapunch_lod0a8ad376e,1616,108304,|p7_zm_vending_packapunch_on|xmodel|zmcore_packapunch|zbarrier|maps/zm/zm_parkour_nothing0.d3dbsp|col_map|zone_source/zm_parkour_nothing0.zone|csv
157,xmodelmesh,p7_zm_der_utility_pole_512_lod0fe8cfff9,688,23808,|p7_zm_der2_utility_pole_512|xmodel|maps/zm/zm_parkour_nothing0.d3dbsp|gfx_map|zone_source/zm_parkour_nothing0.zone|csv
158,xmodelmesh,p7_light_hurricane_lamp_lod171771ed8,352,61072,|p7_zm_der2_light_hurricane_lamp|xmodel|maps/zm/zm_parkour_nothing0.d3dbsp|gfx_map|zone_source/zm_parkour_nothing0.zone|csv
159,xmodelmesh,p7_zm_der_light_shade_lod0c2bff678,464,14720,|p7_zm_der_light_shade|xmodel|maps/zm/zm_parkour_nothing0.d3dbsp|gfx_map|zone_source/zm_parkour_nothing0.zone|csv
160,xmodelmesh,p7_zm_der_light_wall_mount_lod2fcbc6707,240,5904,|p7_zm_der_light_wall_mount|xmodel|maps/zm/zm_parkour_nothing0.d3dbsp|gfx_map|zone_source/zm_parkour_nothing0.zone|csv
161,xmodelmesh,p7_zm_der_light_bulb_small_lod09704d7b5,240,4192,|p7_zm_der_light_bulb_small|xmodel|maps/zm/zm_parkour_nothing0.d3dbsp|gfx_map|zone_source/zm_parkour_nothing0.zone|csv
162,xmodelmesh,p7_debris_wood_plywood_2x8_bowed_lod06db09e43,3664,0,|p7_debris_wood_plywood_2x8_bowed_dirty|xmodel|maps/zm/zm_parkour_nothing0.d3dbsp|gfx_map|zone_source/zm_parkour_nothing0.zone|csv
163,xmodelmesh,p7_cinder_block_lod27dc31bbd,224,5792,|p7_cinder_block|xmodel|maps/zm/zm_parkour_nothing0.d3dbsp|gfx_map|zone_source/zm_parkour_nothing0.zone|csv
164,xmodelmesh,p7_zm_der_pswitch_body_lod07da53bd6,912,43312,|p7_zm_der_pswitch_body|xmodel|maps/zm/zm_parkour_nothing0.d3dbsp|gfx_map|zone_source/zm_parkour_nothing0.zone|csv
165,xmodelmesh,p7_electrical_box_set_box_4_lod0bcaa2422,240,18640,|p7_electrical_box_set_box_4|xmodel|maps/zm/zm_parkour_nothing0.d3dbsp|gfx_map|zone_source/zm_parkour_nothing0.zone|csv
166,xmodelmesh,p7_wires_electrical_rubber_04_lod219aee0f3,240,11216,|p7_wires_electrical_rubber_04|xmodel|maps/zm/zm_parkour_nothing0.d3dbsp|gfx_map|zone_source/zm_parkour_nothing0.zone|csv
167,xmodelmesh,c_zom_zod_zombie_fem_body1_g_rarmspawn_lod0be021e3f,368,15136,|c_zom_zod_zombie_fem_body1_g_rarmspawn|xmodel|c_zom_der_zombie_gib_def|scriptbundle|c_zom_der_zombie2_nohat|character|spawner_zm_factory_zombie|aitype|maps/zm/zm_parkour_nothing0.d3dbsp|col_map|zone_source/zm_parkour_nothing0.zone|csv
168,xmodelmesh,c_zom_zod_zombie_fem_body1_g_rlegspawn_lod019d1b9e0,368,10864,|c_zom_zod_zombie_fem_body1_g_rlegspawn|xmodel|c_zom_der_zombie_gib_def|scriptbundle|c_zom_der_zombie2_nohat|character|spawner_zm_factory_zombie|aitype|maps/zm/zm_parkour_nothing0.d3dbsp|col_map|zone_source/zm_parkour_nothing0.zone|csv
169,xmodelmesh,c_zom_zod_zombie_fem_body1_g_larmspawn_lod0504c0b52,368,15216,|c_zom_zod_zombie_fem_body1_g_larmspawn|xmodel|c_zom_der_zombie_gib_def|scriptbundle|c_zom_der_zombie2_nohat|character|spawner_zm_factory_zombie|aitype|maps/zm/zm_parkour_nothing0.d3dbsp|col_map|zone_source/zm_parkour_nothing0.zone|csv
170,xmodelmesh,c_zom_zod_zombie_fem_body1_g_llegspawn_lod0ed640c28,368,10928,|c_zom_zod_zombie_fem_body1_g_llegspawn|xmodel|c_zom_der_zombie_gib_def|scriptbundle|c_zom_der_zombie2_nohat|character|spawner_zm_factory_zombie|aitype|maps/zm/zm_parkour_nothing0.d3dbsp|col_map|zone_source/zm_parkour_nothing0.zone|csv
171,xmodelmesh,c_zom_der_helmet_1_lod275993693,224,17632,|c_zom_der_zombie_helmet1|xmodel|c_zom_der_zombie2|character|spawner_zm_factory_zombie|aitype|maps/zm/zm_parkour_nothing0.d3dbsp|col_map|zone_source/zm_parkour_nothing0.zone|csv
172,xmodelmesh,c_zom_der_head_1_lod22a74f240,208,59296,|c_zom_der_zombie_head1|xmodel|c_zom_der_zombie_headalias|xmodelalias|c_zom_der_zombie2_nohat|character|spawner_zm_factory_zombie|aitype|maps/zm/zm_parkour_nothing0.d3dbsp|col_map|zone_source/zm_parkour_nothing0.zone|csv
173,xmodelmesh,c_zom_der_head_2_lod2900ea178,208,54656,|c_zom_der_zombie_head2|xmodel|c_zom_der_zombie_headalias|xmodelalias|c_zom_der_zombie2_nohat|character|spawner_zm_factory_zombie|aitype|maps/zm/zm_parkour_nothing0.d3dbsp|col_map|zone_source/zm_parkour_nothing0.zone|csv
174,xmodelmesh,c_zom_der_head_3_lod22700a248,320,65392,|c_zom_der_zombie_head3|xmodel|c_zom_der_zombie_headalias|xmodelalias|c_zom_der_zombie2_nohat|character|spawner_zm_factory_zombie|aitype|maps/zm/zm_parkour_nothing0.d3dbsp|col_map|zone_source/zm_parkour_nothing0.zone|csv
175,xmodelmesh,c_zom_der_zombie_body1_g_behead_lod2e0f4e454,320,9552,|c_zom_der_zombie_body1_g_behead|xmodel|c_zom_der_zombie1_nohat|character|spawner_zm_factory_zombie|aitype|maps/zm/zm_parkour_nothing0.d3dbsp|col_map|zone_source/zm_parkour_nothing0.zone|csv
176,xmodelmesh,c_zom_der_zombie_body1_g_lowclean_lod2118693d3,224,75744,|c_zom_der_zombie_body1_g_lowclean|xmodel|c_zom_der_zombie1_nohat|character|spawner_zm_factory_zombie|aitype|maps/zm/zm_parkour_nothing0.d3dbsp|col_map|zone_source/zm_parkour_nothing0.zone|csv
177,xmodelmesh,c_zom_der_zombie_body1_g_rlegoff_lod27cd40052,320,51712,|c_zom_der_zombie_body1_g_rlegoff|xmodel|c_zom_der_zombie1_nohat|character|spawner_zm_factory_zombie|aitype|maps/zm/zm_parkour_nothing0.d3dbsp|col_map|zone_source/zm_parkour_nothing0.zone|csv
178,xmodelmesh,c_zom_der_zombie_body1_g_llegoff_lod2f7127018,320,57824,|c_zom_der_zombie_body1_g_llegoff|xmodel|c_zom_der_zombie1_nohat|character|spawner_zm_factory_zombie|aitype|maps/zm/zm_parkour_nothing0.d3dbsp|col_map|zone_source/zm_parkour_nothing0.zone|csv
179,xmodelmesh,c_zom_der_zombie_body1_g_blegsoff_lod26f0a12a7,320,33536,|c_zom_der_zombie_body1_g_blegsoff|xmodel|c_zom_der_zombie1_nohat|character|spawner_zm_factory_zombie|aitype|maps/zm/zm_parkour_nothing0.d3dbsp|col_map|zone_source/zm_parkour_nothing0.zone|csv
180,xmodelmesh,c_zom_der_zombie_body2_lod2be130d8a,608,240656,|c_zom_der_zombie_body2|xmodel|c_zom_der_zombie2_nohat|character|spawner_zm_factory_zombie|aitype|maps/zm/zm_parkour_nothing0.d3dbsp|col_map|zone_source/zm_parkour_nothing0.zone|csv
181,xmodelmesh,c_zom_der_zombie_body2_g_upclean_lod28bd32b62,608,171408,|c_zom_der_zombie_body2_g_upclean|xmodel|c_zom_der_zombie2_nohat|character|spawner_zm_factory_zombie|aitype|maps/zm/zm_parkour_nothing0.d3dbsp|col_map|zone_source/zm_parkour_nothing0.zone|csv
182,xmodelmesh,c_zom_der_zombie_body2_g_rarmoff_lod2bc7fae3e,704,151440,|c_zom_der_zombie_body2_g_rarmoff|xmodel|c_zom_der_zombie2_nohat|character|spawner_zm_factory_zombie|aitype|maps/zm/zm_parkour_nothing0.d3dbsp|col_map|zone_source/zm_parkour_nothing0.zone|csv
183,xmodelmesh,c_zom_der_zombie_body2_g_larmoff_lod25ae69e7,704,161664,|c_zom_der_zombie_body2_g_larmoff|xmodel|c_zom_der_zombie2_nohat|character|spawner_zm_factory_zombie|aitype|maps/zm/zm_parkour_nothing0.d3dbsp|col_map|zone_source/zm_parkour_nothing0.zone|csv
184,xmodelmesh,c_zom_der_zombie_body2_g_behead_lod229208994,352,7120,|c_zom_der_zombie_body2_g_behead|xmodel|c_zom_der_zombie2_nohat|character|spawner_zm_factory_zombie|aitype|maps/zm/zm_parkour_nothing0.d3dbsp|col_map|zone_source/zm_parkour_nothing0.zone|csv
185,xmodelmesh,c_zom_der_zombie_body2_g_lowclean_lod2fda2a6ea,320,69616,|c_zom_der_zombie_body2_g_lowclean|xmodel|c_zom_der_zombie2_nohat|character|spawner_zm_factory_zombie|aitype|maps/zm/zm_parkour_nothing0.d3dbsp|col_map|zone_source/zm_parkour_nothing0.zone|csv
186,xmodelmesh,c_zom_der_zombie_body2_g_rlegoff_lod27b186e2f,416,49200,|c_zom_der_zombie_body2_g_rlegoff|xmodel|c_zom_der_zombie2_nohat|character|spawner_zm_factory_zombie|aitype|maps/zm/zm_parkour_nothing0.d3dbsp|col_map|zone_source/zm_parkour_nothing0.zone|csv
187,xmodelmesh,c_zom_der_zombie_body2_g_llegoff_lod26f41bbce,416,54768,|c_zom_der_zombie_body2_g_llegoff|xmodel|c_zom_der_zombie2_nohat|character|spawner_zm_factory_zombie|aitype|maps/zm/zm_parkour_nothing0.d3dbsp|col_map|zone_source/zm_parkour_nothing0.zone|csv
188,xmodelmesh,c_zom_der_zombie_body2_g_blegsoff_lod27f4952d3,416,34352,|c_zom_der_zombie_body2_g_blegsoff|xmodel|c_zom_der_zombie2_nohat|character|spawner_zm_factory_zombie|aitype|maps/zm/zm_parkour_nothing0.d3dbsp|col_map|zone_source/zm_parkour_nothing0.zone|csv
189,xmodelmesh,p7_barrel_metal_55gal_lod16a6b55b0,240,13216,|p7_barrel_metal_55gal_blue|xmodel|maps/zm/zm_parkour_nothing0.d3dbsp|col_map|zone_source/zm_parkour_nothing0.zone|csv
190,xmodelmesh,p7_zm_der_magic_box_fake_trunk_lod0829bd900,352,43648,|p7_zm_der_magic_box_fake_trunk|xmodel|p7_zm_der_magic_box_fake|xmodel|zmcore_magicbox|zbarrier|maps/zm/zm_parkour_nothing0.d3dbsp|col_map|zone_source/zm_parkour_nothing0.zone|csv
191,xmodelmesh,p7_zm_der_magic_box_fake_lod06c6b96dd,352,136016,|p7_zm_der_magic_box_fake|xmodel|zmcore_magicbox|zbarrier|maps/zm/zm_parkour_nothing0.d3dbsp|col_map|zone_source/zm_parkour_nothing0.zone|csv
192,xmodelmesh,p7_zm_der_magic_box_lod2654276c9,928,191200,|p7_zm_der_magic_box|xmodel|zmcore_magicbox|zbarrier|maps/zm/zm_parkour_nothing0.d3dbsp|col_map|zone_source/zm_parkour_nothing0.zone|csv
193,xmodelmesh,p7_zm_der_pswitch_handle_lod0d4f6da1f,464,17776,|p7_zm_der_pswitch_handle|xmodel|maps/zm/zm_parkour_nothing0.d3dbsp|col_map|zone_source/zm_parkour_nothing0.zone|csv
194,xmodelmesh,p7_zm_vending_packapunch_lod0fe3f6618,1616,197680,|p7_zm_vending_packapunch_on|xmodel|zmcore_packapunch|zbarrier|maps/zm/zm_parkour_nothing0.d3dbsp|col_map|zone_source/zm_parkour_nothing0.zone|csv
195,material,gfx_decal_bullet_wood_01|dup,30,0,|zm_parkour_nothing0|texturecombo
196,material,vd/gfx_decal_bullet_wood_01|dup,33,0,|zm_parkour_nothing0|texturecombo
197,material,vdd/gfx_decal_bullet_wood_01|dup,34,0,|zm_parkour_nothing0|texturecombo
198,image,i_t7_decal_bullet_wood_01_c,29,0,|vdd/gfx_decal_bullet_wood_01|material|impacts/fx_bul_impact_wood_uw_lg|fx|impacts/fx_bul_impact_wood_lg|fx|surface_exit_bullet_small|surfacefxtable|bullet_small_exit|impactsfxtable|t6_xpr50_up|weapon|zone_source/zm_parkour_nothing0.zone|csv
199,image,i_t7_decal_bullet_wood_01_n,29,0,|vdd/gfx_decal_bullet_wood_01|material|impacts/fx_bul_impact_wood_uw_lg|fx|impacts/fx_bul_impact_wood_lg|fx|surface_exit_bullet_small|surfacefxtable|bullet_small_exit|impactsfxtable|t6_xpr50_up|weapon|zone_source/zm_parkour_nothing0.zone|csv
200,material,ei/gfx_gel_splat_string_lit|dup,33,0,|zm_parkour_nothing0|texturecombo
201,material,ei/gfx_gel_splat_string_spec|dup,34,0,|zm_parkour_nothing0|texturecombo
202,image,fxt_gel_splat_string,22,0,|ei/gfx_gel_splat_string_lit|material|impacts/fx_bul_impact_boss_body_fatal_exit|fx|entity_exit_bullet_small|entityfximpacts|bullet_small_exit|impactsfxtable|t6_xpr50_up|weapon|zone_source/zm_parkour_nothing0.zone|csv
203,image,fxt_gel_splat_string_n,24,0,|ei/gfx_gel_splat_string_spec|material|impacts/fx_bul_impact_blood_body_fatal_exit_uw|fx|impacts/fx_bul_impact_blood_body_fatal_exit|fx|entity_exit_bullet_small|entityfximpacts|bullet_small_exit|impactsfxtable|t6_xpr50_up|weapon|zone_source/zm_parkour_nothing0.zone|csv
204,techset,ei/effect_lit_specular_blend#2843f95a,39,0,|ei/gfx_water_bubbledeath_group2_anim_spec|material|weapon/fx_muz_sm_gas_flash_3p|fx|weapon/fx_muz_sm_pistol_3p|fx|t6_vector_k10|weapon|zone_source/zm_parkour_nothing0.zone|csv
205,material,ei/gfx_gel_drops_full_lite_spec|dup,2257,0,|zm_parkour_nothing0|texturecombo
206,material,ei/gfx_gel_drops_spec|dup,27,0,|zm_parkour_nothing0|texturecombo
207,material,ei/gfx_gel_drops_lit|dup,26,0,|zm_parkour_nothing0|texturecombo
208,image,fxt_gel_drops,15,0,|ei/gfx_gel_drops_lit|material|impacts/fx_bul_impact_boss_body_fatal_exit|fx|entity_exit_bullet_small|entityfximpacts|bullet_small_exit|impactsfxtable|t6_xpr50_up|weapon|zone_source/zm_parkour_nothing0.zone|csv
209,image,fxt_gel_drops_n,17,0,|ei/gfx_gel_drops_spec|material|impacts/fx_bul_impact_armor_body_fatal_exit|fx|entity_exit_bullet_small|entityfximpacts|bullet_small_exit|impactsfxtable|t6_xpr50_up|weapon|zone_source/zm_parkour_nothing0.zone|csv
210,material,ei/gfx_gel_splat_full_lit|dup,31,0,|zm_parkour_nothing0|texturecombo
211,image,fxt_gel_splat_full,20,0,|ei/gfx_gel_splat_full_lit|material|skye_efx/t6_efx/fx_t6_raygun_mark2_flesh_impact_up|fx|t6_raygun_mark2_up_entity_impactfx|entityfximpacts|t6_raygun_mark2_up_impactfx|impactsfxtable|t6_mauser_c96_up|weapon|zone_source/zm_parkour_nothing0.zone|csv
212,material,ei/gfx_gel_splat_wide_lit|dup,31,0,|zm_parkour_nothing0|texturecombo
213,image,fxt_gel_splat_wide,20,0,|ei/gfx_gel_splat_wide_lit|material|impacts/fx_bul_impact_boss_body_fatal_exit|fx|entity_exit_bullet_small|entityfximpacts|bullet_small_exit|impactsfxtable|t6_xpr50_up|weapon|zone_source/zm_parkour_nothing0.zone|csv
214,material,ei/gfx_gel_splat_spread_lit|dup,33,0,|zm_parkour_nothing0|texturecombo
215,image,fxt_gel_splat_spread,22,0,|ei/gfx_gel_splat_spread_lit|material|skye_efx/t6_efx/fx_t6_raygun_mark2_flesh_impact_up|fx|t6_raygun_mark2_up_entity_impactfx|entityfximpacts|t6_raygun_mark2_up_impactfx|impactsfxtable|t6_mauser_c96_up|weapon|zone_source/zm_parkour_nothing0.zone|csv
216,material,ei/gfx_gel_splat_radial_lit|dup,33,0,|zm_parkour_nothing0|texturecombo
217,image,fxt_gel_splat_radial,22,0,|ei/gfx_gel_splat_radial_lit|material|impacts/fx_bul_impact_blood_head_fatal_meat_trail|fx|impacts/fx_bul_impact_blood_head_fatal_exit|fx|entity_exit_bullet_small|entityfximpacts|bullet_small_exit|impactsfxtable|t6_xpr50_up|weapon|zone_source/zm_parkour_nothing0.zone|csv
218,material,ei/gfx_water_splash_side_bits|dup,35,0,|zm_parkour_nothing0|texturecombo
219,image,fxt_water_splash_side_bits,28,0,|ei/gfx_water_splash_side_bits_spec|material|impacts/fx_bul_impact_blood_body_fatal_exit_uw|fx|impacts/fx_bul_impact_blood_body_fatal_exit|fx|entity_exit_bullet_small|entityfximpacts|bullet_small_exit|impactsfxtable|t6_xpr50_up|weapon|zone_source/zm_parkour_nothing0.zone|csv
220,material,ei/gfx_gel_splat_side_spec|dup,32,0,|zm_parkour_nothing0|texturecombo
221,material,ei/gfx_gel_splat_side_lit|dup,31,0,|zm_parkour_nothing0|texturecombo
222,image,fxt_gel_splat_side,20,0,|ei/gfx_gel_splat_side_lit|material|impacts/fx_bul_impact_boss_body_fatal_exit|fx|entity_exit_bullet_small|entityfximpacts|bullet_small_exit|impactsfxtable|t6_xpr50_up|weapon|zone_source/zm_parkour_nothing0.zone|csv
223,image,fxt_gel_splat_side_n,22,0,|ei/gfx_gel_splat_side_spec|material|impacts/fx_bul_impact_blood_body_fatal_exit_uw|fx|impacts/fx_bul_impact_blood_body_fatal_exit|fx|entity_exit_bullet_small|entityfximpacts|bullet_small_exit|impactsfxtable|t6_xpr50_up|weapon|zone_source/zm_parkour_nothing0.zone|csv
224,material,ei/gfx_fog_slow_sm_anim_lit|dup,33,0,|zm_parkour_nothing0|texturecombo
225,material,ei/gfx_fog_slow_sm_anim_em|dup,32,0,|zm_parkour_nothing0|texturecombo
226,image,fxt_fog_slow_sm_anim,22,0,|ei/gfx_fog_slow_sm_anim_em|material|skye_efx/t6_efx/fx_t6_raygun_mark2_flesh_impact_up|fx|t6_raygun_mark2_up_entity_impactfx|entityfximpacts|t6_raygun_mark2_up_impactfx|impactsfxtable|t6_mauser_c96_up|weapon|zone_source/zm_parkour_nothing0.zone|csv
227,material,ei/gfx_debris_clump_lit|dup,29,0,|zm_parkour_nothing0|texturecombo
228,image,fxt_debris_clump,18,0,|ei/gfx_debris_clump_lit|material|impacts/fx_bul_impact_wood_lg|fx|surface_exit_bullet_small|surfacefxtable|bullet_small_exit|impactsfxtable|t6_xpr50_up|weapon|zone_source/zm_parkour_nothing0.zone|csv
229,material,ei/gfx_fire_flame_base_2_anim_em|dup,38,0,|zm_parkour_nothing0|texturecombo
230,image,fxt_fire_flame_base_2_anim,28,0,|ei/gfx_fire_flame_base_2_anim_em|material|blood/fx_blood_impact_exp_body_lg_zmb|fx|c_zom_der_zombie_gib_def|scriptbundle|c_zom_der_zombie2_nohat|character|spawner_zm_factory_zombie|aitype|maps/zm/zm_parkour_nothing0.d3dbsp|col_map|zone_source/zm_parkour_nothing0.zone|csv
231,material,ei/gfx_exp_billow_md_anim_em|dup,34,0,|zm_parkour_nothing0|texturecombo
232,image,fxt_exp_billow_md_anim,24,0,|ei/gfx_exp_billow_md_anim_em|material|blood/fx_blood_impact_exp_body_lg_zmb|fx|c_zom_der_zombie_gib_def|scriptbundle|c_zom_der_zombie2_nohat|character|spawner_zm_factory_zombie|aitype|maps/zm/zm_parkour_nothing0.d3dbsp|col_map|zone_source/zm_parkour_nothing0.zone|csv
233,image,fxt_exp_billow_md_anim_mask,29,0,|ei/gfx_exp_billow_md_anim_em|material|blood/fx_blood_impact_exp_body_lg_zmb|fx|c_zom_der_zombie_gib_def|scriptbundle|c_zom_der_zombie2_nohat|character|spawner_zm_factory_zombie|aitype|maps/zm/zm_parkour_nothing0.d3dbsp|col_map|zone_source/zm_parkour_nothing0.zone|csv
234,material,ei/gfx_blood_impact_drops|dup,31,0,|zm_parkour_nothing0|texturecombo
235,image,fxt_blood_impact_drops,24,0,|ei/gfx_blood_impact_drops|material|impacts/fx_bul_impact_armor_body_fatal_exit|fx|entity_exit_bullet_small|entityfximpacts|bullet_small_exit|impactsfxtable|t6_xpr50_up|weapon|zone_source/zm_parkour_nothing0.zone|csv
236,material,gfx_decal_blood_splatter_02|dup,33,0,|zm_parkour_nothing0|texturecombo
237,material,vd/gfx_decal_blood_splatter_02|dup,36,0,|zm_parkour_nothing0|texturecombo
238,material,vdd/gfx_decal_blood_splatter_02|dup,37,0,|zm_parkour_nothing0|texturecombo
239,image,i_t7_decal_blood_splatter_02_c,32,0,|vdd/gfx_decal_blood_splatter_02|material|impacts/fx_bul_impact_heavy_body_fatal_exit|fx|entity_exit_bullet_small|entityfximpacts|bullet_small_exit|impactsfxtable|t6_xpr50_up|weapon|zone_source/zm_parkour_nothing0.zone|csv
240,image,i_t7_decal_blood_splatter_02_n,32,0,|vdd/gfx_decal_blood_splatter_02|material|impacts/fx_bul_impact_heavy_body_fatal_exit|fx|entity_exit_bullet_small|entityfximpacts|bullet_small_exit|impactsfxtable|t6_xpr50_up|weapon|zone_source/zm_parkour_nothing0.zone|csv
241,material,gfx_decal_blood_splatter_03|dup,33,0,|zm_parkour_nothing0|texturecombo
242,material,vd/gfx_decal_blood_splatter_03|dup,36,0,|zm_parkour_nothing0|texturecombo
243,material,vdd/gfx_decal_blood_splatter_03|dup,37,0,|zm_parkour_nothing0|texturecombo
244,image,i_t7_decal_blood_splatter_03_c,32,0,|vdd/gfx_decal_blood_splatter_03|material|impacts/fx_bul_impact_heavy_body_fatal_exit|fx|entity_exit_bullet_small|entityfximpacts|bullet_small_exit|impactsfxtable|t6_xpr50_up|weapon|zone_source/zm_parkour_nothing0.zone|csv
245,image,i_t7_decal_blood_splatter_03_n,32,0,|vdd/gfx_decal_blood_splatter_03|material|impacts/fx_bul_impact_heavy_body_fatal_exit|fx|entity_exit_bullet_small|entityfximpacts|bullet_small_exit|impactsfxtable|t6_xpr50_up|weapon|zone_source/zm_parkour_nothing0.zone|csv
246,material,ei/gfx_smk_whisp_anim_02_lit|dup,34,0,|zm_parkour_nothing0|texturecombo
247,material,ei/gfx_smk_whisp_anim_02_high_gray_lit|dup,44,0,|zm_parkour_nothing0|texturecombo
248,image,fxt_smk_whisp_anim_2,22,0,|ei/gfx_smk_whisp_anim_02_high_gray_lit|material|weapon/fx_muz_md_smk_3p|fx|weapon/fx_muz_sm_pistol_3p|fx|t6_vector_k10|weapon|zone_source/zm_parkour_nothing0.zone|csv
249,material,ei/gfx_smk_billow_sm_anim_lit|dup,35,0,|zm_parkour_nothing0|texturecombo
250,image,fxt_smk_billow_sm_anim,24,0,|ei/gfx_smk_billow_sm_anim_lit|material|player/fx_plyr_jump_dust_dirt|fx|player_jump_start|surfacefxtable|c_54i_grunt_fx_table|scriptbundle|spawner_zm_factory_zombie|aitype|maps/zm/zm_parkour_nothing0.d3dbsp|col_map|zone_source/zm_parkour_nothing0.zone|csv
251,material,ei/gfx_fog_slow_lg_anim_lit|dup,33,0,|zm_parkour_nothing0|texturecombo
252,material,ei/gfx_fog_slow_lg_anim_em|dup,32,0,|zm_parkour_nothing0|texturecombo
253,image,fxt_fog_slow_lg_anim,22,0,|ei/gfx_fog_slow_lg_anim_em|material|electric/fx_elec_sparks_bounce_sm_blue|fx|electrical_spark_burst|fx|electrical_spark|fx|maps/zm/zm_parkour_nothing0.d3dbsp|col_map|zone_source/zm_parkour_nothing0.zone|csv
254,material,ei/gfx_smk_billow_thick_anim_lit_full_lite|dup,48,0,|zm_parkour_nothing0|texturecombo
255,image,fxt_smk_billow_thick_anim,27,0,|ei/gfx_smk_billow_thick_anim_lit_full_lite|material|player/fx_plyr_land_dust_dirt_xlg|fx|player_vtol_drop|surfacefxtable|c_54i_grunt_fx_table|scriptbundle|spawner_zm_factory_zombie|aitype|maps/zm/zm_parkour_nothing0.d3dbsp|col_map|zone_source/zm_parkour_nothing0.zone|csv
256,material,ei/gfx_fog_slow_md_anim_lit|dup,33,0,|zm_parkour_nothing0|texturecombo
257,material,ei/gfx_fog_slow_md_anim_em|dup,32,0,|zm_parkour_nothing0|texturecombo
258,image,fxt_fog_slow_md_anim,22,0,|ei/gfx_fog_slow_md_anim_em|material|electric/fx_elec_sparks_bounce_sm_blue|fx|electrical_spark_burst|fx|electrical_spark|fx|maps/zm/zm_parkour_nothing0.d3dbsp|col_map|zone_source/zm_parkour_nothing0.zone|csv
259,material,ei/gfx_light_phosphorous_em|dup,33,0,|zm_parkour_nothing0|texturecombo
260,image,fxt_light_phosphorous,23,0,|ei/gfx_light_phosphorous_em|material|electrical_spark_burst|fx|electrical_spark|fx|maps/zm/zm_parkour_nothing0.d3dbsp|col_map|zone_source/zm_parkour_nothing0.zone|csv
261,image,fxt_light_phosphorous_mask,28,0,|ei/gfx_light_phosphorous_em|material|electrical_spark_burst|fx|electrical_spark|fx|maps/zm/zm_parkour_nothing0.d3dbsp|col_map|zone_source/zm_parkour_nothing0.zone|csv
262,material,ei/gfx_spark_single_em|dup,28,0,|zm_parkour_nothing0|texturecombo
263,image,fxt_spark_single,18,0,|ei/gfx_spark_single_em|material|impacts/fx_bul_impact_boss_body_fatal_exit|fx|entity_exit_bullet_small|entityfximpacts|bullet_small_exit|impactsfxtable|t6_xpr50_up|weapon|zone_source/zm_parkour_nothing0.zone|csv
264,image,fxt_spark_single_mask,23,0,|ei/gfx_spark_single_em|material|impacts/fx_bul_impact_boss_body_fatal_exit|fx|entity_exit_bullet_small|entityfximpacts|bullet_small_exit|impactsfxtable|t6_xpr50_up|weapon|zone_source/zm_parkour_nothing0.zone|csv
265,material,ei/gfx_spark_rndhit_core_em|dup,33,0,|zm_parkour_nothing0|texturecombo
266,image,fxt_sparks_rndhit_core,24,0,|ei/gfx_spark_rndhit_core_em|material|skye_efx/t6_efx/fx_t6_raygun_mark2_flesh_impact_up|fx|t6_raygun_mark2_up_entity_impactfx|entityfximpacts|t6_raygun_mark2_up_impactfx|impactsfxtable|t6_mauser_c96_up|weapon|zone_source/zm_parkour_nothing0.zone|csv
267,image,fxt_sparks_rndhit_core_mask,29,0,|ei/gfx_spark_rndhit_core_em|material|skye_efx/t6_efx/fx_t6_raygun_mark2_flesh_impact_up|fx|t6_raygun_mark2_up_entity_impactfx|entityfximpacts|t6_raygun_mark2_up_impactfx|impactsfxtable|t6_mauser_c96_up|weapon|zone_source/zm_parkour_nothing0.zone|csv
268,material,ei/gfx_spark_blink_anim_em|dup,32,0,|zm_parkour_nothing0|texturecombo
269,material,ei/gfx_spark_blink_anim_em_i12000|dup,39,0,|zm_parkour_nothing0|texturecombo
270,image,fxt_spark_blink_anim,22,0,|ei/gfx_spark_blink_anim_em_i12000|material|impacts/fx_bul_impact_thin_metal_lg|fx|surface_exit_bullet_small|surfacefxtable|bullet_small_exit|impactsfxtable|t6_xpr50_up|weapon|zone_source/zm_parkour_nothing0.zone|csv
271,image,fxt_spark_blink_anim_mask,27,0,|ei/gfx_spark_blink_anim_em_i12000|material|impacts/fx_bul_impact_thin_metal_lg|fx|surface_exit_bullet_small|surfacefxtable|bullet_small_exit|impactsfxtable|t6_xpr50_up|weapon|zone_source/zm_parkour_nothing0.zone|csv
272,material,ei/gfx_spark_rndhit_em|dup,28,0,|zm_parkour_nothing0|texturecombo
273,image,fxt_sparks_rndhit,19,0,|ei/gfx_spark_rndhit_em|material|electrical_spark_burst|fx|electrical_spark|fx|maps/zm/zm_parkour_nothing0.d3dbsp|col_map|zone_source/zm_parkour_nothing0.zone|csv
274,image,fxt_sparks_rndhit_mask,24,0,|ei/gfx_spark_rndhit_em|material|electrical_spark_burst|fx|electrical_spark|fx|maps/zm/zm_parkour_nothing0.d3dbsp|col_map|zone_source/zm_parkour_nothing0.zone|csv
275,material,ei/gfx_light_incandescent_hot_em|dup,38,0,|zm_parkour_nothing0|texturecombo
276,image,fxt_light_incandescent_hot,28,0,|ei/gfx_light_incandescent_hot_em|material|electric/fx_elec_sparks_bounce_sm_blue|fx|electrical_spark_burst|fx|electrical_spark|fx|maps/zm/zm_parkour_nothing0.d3dbsp|col_map|zone_source/zm_parkour_nothing0.zone|csv
277,image,fxt_light_incandescent_hot_mask,33,0,|ei/gfx_light_incandescent_hot_em|material|electric/fx_elec_sparks_bounce_sm_blue|fx|electrical_spark_burst|fx|electrical_spark|fx|maps/zm/zm_parkour_nothing0.d3dbsp|col_map|zone_source/zm_parkour_nothing0.zone|csv
278,techset,ei/effect_lit_emissive_blend#2843f95a,39,0,|ei/gfx_smk_whisp_anim_em|material|skye_efx/t6_efx/fx_t6_raygun_mark2_flesh_impact_up|fx|t6_raygun_mark2_up_entity_impactfx|entityfximpacts|t6_raygun_mark2_up_impactfx|impactsfxtable|t6_mauser_c96_up|weapon|zone_source/zm_parkour_nothing0.zone|csv
279,image,$white_reveal,15,0,|mc/mtl_t6_wpn_sniper_xpr50_scope_reticle|material|vm_t6_xpr50_ads_scope|xmodel|t6_xpr50|weapon|zone_source/zm_parkour_nothing0.zone|csv
280,material,ei/gfx_light_ray_spread_streaks_em|dup,2226,0,|zm_parkour_nothing0|texturecombo
281,image,fxt_light_ray_spread_streaks,699133,0,|zm_parkour_nothing0|texturecombo
282,material,ei/gfx_fxt_light_glow_square_em|dup,37,0,|zm_parkour_nothing0|texturecombo
283,image,fxt_light_glow_square,23,0,|ei/gfx_fxt_light_glow_square_em|material|zombie/fx_packapunch_zmb|fx|o_zombie_base_packapunch_working_take_gun|xanim|zmcore_packapunch|zbarrier|maps/zm/zm_parkour_nothing0.d3dbsp|col_map|zone_source/zm_parkour_nothing0.zone|csv
284,material,ei/gfx_elec_arc_bolt_em|dup,29,0,|zm_parkour_nothing0|texturecombo
285,image,fxt_electric_arc1,19,0,|ei/gfx_elec_arc_bolt_em|material|zombie/fx_packapunch_zmb|fx|o_zombie_base_packapunch_working_take_gun|xanim|zmcore_packapunch|zbarrier|maps/zm/zm_parkour_nothing0.d3dbsp|col_map|zone_source/zm_parkour_nothing0.zone|csv
286,material,ei/gfx_elec_arc_omni_em|dup,29,0,|zm_parkour_nothing0|texturecombo
287,image,fxt_electric_arc2,19,0,|ei/gfx_elec_arc_omni_em|material|zombie/fx_packapunch_zmb|fx|o_zombie_base_packapunch_working_take_gun|xanim|zmcore_packapunch|zbarrier|maps/zm/zm_parkour_nothing0.d3dbsp|col_map|zone_source/zm_parkour_nothing0.zone|csv
288,material,ei/gfx_elec_arc_shock_em|dup,30,0,|zm_parkour_nothing0|texturecombo
289,image,fxt_electric_arc3,19,0,|ei/gfx_elec_arc_shock_em|material|zombie/fx_packapunch_zmb|fx|o_zombie_base_packapunch_working_take_gun|xanim|zmcore_packapunch|zbarrier|maps/zm/zm_parkour_nothing0.d3dbsp|col_map|zone_source/zm_parkour_nothing0.zone|csv
290,material,ei/gfx_smk_whisp_anim_lit|dup,31,0,|zm_parkour_nothing0|texturecombo
291,material,ei/gfx_smk_whisp_anim_em|dup,30,0,|zm_parkour_nothing0|texturecombo
292,image,fxt_smk_whisp_anim,20,0,|ei/gfx_smk_whisp_anim_em|material|skye_efx/t6_efx/fx_t6_raygun_mark2_flesh_impact_up|fx|t6_raygun_mark2_up_entity_impactfx|entityfximpacts|t6_raygun_mark2_up_impactfx|impactsfxtable|t6_mauser_c96_up|weapon|zone_source/zm_parkour_nothing0.zone|csv
293,material,ei/gfx_debris_clumps_lit|dup,30,0,|zm_parkour_nothing0|texturecombo
294,image,fxt_debris_clumps,19,0,|ei/gfx_debris_clumps_lit|material|impacts/fx_bul_impact_sand_lg|fx|surface_exit_bullet_small|surfacefxtable|bullet_small_exit|impactsfxtable|t6_xpr50_up|weapon|zone_source/zm_parkour_nothing0.zone|csv
295,material,ei/gfx_gib_concrete_02_lit|dup,32,0,|zm_parkour_nothing0|texturecombo
296,material,ei/gfx_gib_concrete_02_em|dup,31,0,|zm_parkour_nothing0|texturecombo
297,image,fxt_gib_concrete_02,21,0,|ei/gfx_gib_concrete_02_em|material|impacts/fx_bul_impact_sand_lg|fx|surface_exit_bullet_small|surfacefxtable|bullet_small_exit|impactsfxtable|t6_xpr50_up|weapon|zone_source/zm_parkour_nothing0.zone|csv
298,material,ei/gfx_gib_concrete_01_lit|dup,32,0,|zm_parkour_nothing0|texturecombo
299,material,ei/gfx_gib_concrete_01_em|dup,31,0,|zm_parkour_nothing0|texturecombo
300,image,fxt_gib_concrete_01,21,0,|ei/gfx_gib_concrete_01_em|material|impacts/fx_bul_impact_sand_lg|fx|surface_exit_bullet_small|surfacefxtable|bullet_small_exit|impactsfxtable|t6_xpr50_up|weapon|zone_source/zm_parkour_nothing0.zone|csv
301,material,ei/gfx_smk_billow_whisp_anim_lit|dup,38,0,|zm_parkour_nothing0|texturecombo
302,image,fxt_smk_billow_whisp_anim,27,0,|ei/gfx_smk_billow_whisp_anim_distort|material|impacts/fx_bul_impact_pwr_armor_lg|fx|entity_enter_bullet_small|entityfximpacts|bullet_small_enter|impactsfxtable|t6_xpr50_up|weapon|zone_source/zm_parkour_nothing0.zone|csv
303,material,ei/gfx_smk_tendril_1_lit|dup,30,0,|zm_parkour_nothing0|texturecombo
304,image,fxt_smk_tendril_1,19,0,|ei/gfx_smk_tendril_1_distort|material|impacts/fx_bul_impact_pwr_armor_lg|fx|entity_enter_bullet_small|entityfximpacts|bullet_small_enter|impactsfxtable|t6_xpr50_up|weapon|zone_source/zm_parkour_nothing0.zone|csv
305,material,ei/gfx_gas_blur_core_thick_em|dup,35,0,|zm_parkour_nothing0|texturecombo
306,image,fxt_gas_blur_core_thick,25,0,|ei/gfx_gas_blur_core_thick_em|material|weapon/fx_muz_md_4arc_mb|fx|weapon/fx_muz_sm_pistol_3p|fx|t6_vector_k10|weapon|zone_source/zm_parkour_nothing0.zone|csv
307,image,fxt_gas_blur_core_thick_mask,30,0,|ei/gfx_gas_blur_core_thick_em|material|weapon/fx_muz_md_4arc_mb|fx|weapon/fx_muz_sm_pistol_3p|fx|t6_vector_k10|weapon|zone_source/zm_parkour_nothing0.zone|csv
308,material,gfx_decal_bullet_wood_02|dup,30,0,|zm_parkour_nothing0|texturecombo
309,material,vd/gfx_decal_bullet_wood_02|dup,33,0,|zm_parkour_nothing0|texturecombo
310,material,vdd/gfx_decal_bullet_wood_02|dup,34,0,|zm_parkour_nothing0|texturecombo
311,image,i_t7_decal_bullet_wood_02_c,29,0,|vdd/gfx_decal_bullet_wood_02|material|impacts/fx_bul_impact_wood_uw_lg|fx|impacts/fx_bul_impact_wood_lg|fx|surface_exit_bullet_small|surfacefxtable|bullet_small_exit|impactsfxtable|t6_xpr50_up|weapon|zone_source/zm_parkour_nothing0.zone|csv
312,image,i_t7_decal_bullet_wood_02_n,29,0,|vdd/gfx_decal_bullet_wood_02|material|impacts/fx_bul_impact_wood_uw_lg|fx|impacts/fx_bul_impact_wood_lg|fx|surface_exit_bullet_small|surfacefxtable|bullet_small_exit|impactsfxtable|t6_xpr50_up|weapon|zone_source/zm_parkour_nothing0.zone|csv
313,material,gfx_decal_bullet_wood_03|dup,30,0,|zm_parkour_nothing0|texturecombo
314,material,vd/gfx_decal_bullet_wood_03|dup,33,0,|zm_parkour_nothing0|texturecombo
315,material,vdd/gfx_decal_bullet_wood_03|dup,34,0,|zm_parkour_nothing0|texturecombo
316,image,i_t7_decal_bullet_wood_03_c,29,0,|vdd/gfx_decal_bullet_wood_03|material|impacts/fx_bul_impact_wood_uw_lg|fx|impacts/fx_bul_impact_wood_lg|fx|surface_exit_bullet_small|surfacefxtable|bullet_small_exit|impactsfxtable|t6_xpr50_up|weapon|zone_source/zm_parkour_nothing0.zone|csv
317,image,i_t7_decal_bullet_wood_03_n,29,0,|vdd/gfx_decal_bullet_wood_03|material|impacts/fx_bul_impact_wood_uw_lg|fx|impacts/fx_bul_impact_wood_lg|fx|surface_exit_bullet_small|surfacefxtable|bullet_small_exit|impactsfxtable|t6_xpr50_up|weapon|zone_source/zm_parkour_nothing0.zone|csv
318,material,ei/gfx_debris_embers_em_i128|dup,34,0,|zm_parkour_nothing0|texturecombo
319,image,fxt_debris_embers,19,0,|ei/gfx_debris_embers_em_i128|material|impacts/fx_bul_impact_wood_lg|fx|surface_exit_bullet_small|surfacefxtable|bullet_small_exit|impactsfxtable|t6_xpr50_up|weapon|zone_source/zm_parkour_nothing0.zone|csv
320,image,fxt_debris_embers_mask,24,0,|ei/gfx_debris_embers_em_i128|material|impacts/fx_bul_impact_wood_lg|fx|surface_exit_bullet_small|surfacefxtable|bullet_small_exit|impactsfxtable|t6_xpr50_up|weapon|zone_source/zm_parkour_nothing0.zone|csv
321,material,ei/gfx_fire_flame_base_1_anim_em|dup,38,0,|zm_parkour_nothing0|texturecombo
322,image,fxt_fire_flame_base_1_anim,28,0,|ei/gfx_fire_flame_base_1_anim_em|material|impacts/fx_bul_impact_concrete_lg|fx|surface_exit_bullet_small|surfacefxtable|bullet_small_exit|impactsfxtable|t6_xpr50_up|weapon|zone_source/zm_parkour_nothing0.zone|csv
323,material,ei/gfx_gib_wood_01_lit|dup,28,0,|zm_parkour_nothing0|texturecombo
324,image,fxt_gib_wood_01,17,0,|ei/gfx_gib_wood_01_lit|material|impacts/fx_bul_impact_wood_uw_lg|fx|impacts/fx_bul_impact_wood_lg|fx|surface_exit_bullet_small|surfacefxtable|bullet_small_exit|impactsfxtable|t6_xpr50_up|weapon|zone_source/zm_parkour_nothing0.zone|csv
325,material,ei/gfx_water_splash_low_anim_lit|dup,38,0,|zm_parkour_nothing0|texturecombo
326,image,fxt_water_splash_low_anim,27,0,|ei/gfx_water_splash_low_anim_lit|material|impacts/fx_bul_impact_gravel_uw_lg|fx|impacts/fx_bul_impact_gravel_lg|fx|surface_exit_bullet_small|surfacefxtable|bullet_small_exit|impactsfxtable|t6_xpr50_up|weapon|zone_source/zm_parkour_nothing0.zone|csv
327,material,ei/gfx_water_stream_anim_lit|dup,34,0,|zm_parkour_nothing0|texturecombo
328,image,fxt_water_stream_anim,23,0,|ei/gfx_water_stream_anim_lit|material|impacts/fx_bul_impact_gravel_uw_lg|fx|impacts/fx_bul_impact_gravel_lg|fx|surface_exit_bullet_small|surfacefxtable|bullet_small_exit|impactsfxtable|t6_xpr50_up|weapon|zone_source/zm_parkour_nothing0.zone|csv
329,material,gfx_decal_bullet_concrete_01|dup,34,0,|zm_parkour_nothing0|texturecombo
330,material,vd/gfx_decal_bullet_concrete_01|dup,37,0,|zm_parkour_nothing0|texturecombo
331,material,vdd/gfx_decal_bullet_concrete_01|dup,38,0,|zm_parkour_nothing0|texturecombo
332,image,i_t7_decal_bullet_concrete_01_c,33,0,|vdd/gfx_decal_bullet_concrete_01|material|impacts/fx_bul_impact_concrete_uw_lg|fx|impacts/fx_bul_impact_concrete_lg|fx|surface_exit_bullet_small|surfacefxtable|bullet_small_exit|impactsfxtable|t6_xpr50_up|weapon|zone_source/zm_parkour_nothing0.zone|csv
333,image,i_t7_decal_bullet_concrete_01_n,33,0,|vdd/gfx_decal_bullet_concrete_01|material|impacts/fx_bul_impact_concrete_uw_lg|fx|impacts/fx_bul_impact_concrete_lg|fx|surface_exit_bullet_small|surfacefxtable|bullet_small_exit|impactsfxtable|t6_xpr50_up|weapon|zone_source/zm_parkour_nothing0.zone|csv
334,material,gfx_decal_bullet_concrete_02|dup,34,0,|zm_parkour_nothing0|texturecombo
335,material,vd/gfx_decal_bullet_concrete_02|dup,37,0,|zm_parkour_nothing0|texturecombo
336,material,vdd/gfx_decal_bullet_concrete_02|dup,38,0,|zm_parkour_nothing0|texturecombo
337,image,i_t7_decal_bullet_concrete_02_c,33,0,|vdd/gfx_decal_bullet_concrete_02|material|impacts/fx_bul_impact_concrete_uw_lg|fx|impacts/fx_bul_impact_concrete_lg|fx|surface_exit_bullet_small|surfacefxtable|bullet_small_exit|impactsfxtable|t6_xpr50_up|weapon|zone_source/zm_parkour_nothing0.zone|csv
338,material,gfx_decal_bullet_concrete_03|dup,34,0,|zm_parkour_nothing0|texturecombo
339,material,vd/gfx_decal_bullet_concrete_03|dup,37,0,|zm_parkour_nothing0|texturecombo
340,material,vdd/gfx_decal_bullet_concrete_03|dup,38,0,|zm_parkour_nothing0|texturecombo
341,image,i_t7_decal_bullet_concrete_03_c,33,0,|vdd/gfx_decal_bullet_concrete_03|material|impacts/fx_bul_impact_concrete_uw_lg|fx|impacts/fx_bul_impact_concrete_lg|fx|surface_exit_bullet_small|surfacefxtable|bullet_small_exit|impactsfxtable|t6_xpr50_up|weapon|zone_source/zm_parkour_nothing0.zone|csv
342,image,i_t7_decal_bullet_concrete_03_n,33,0,|vdd/gfx_decal_bullet_concrete_03|material|impacts/fx_bul_impact_concrete_uw_lg|fx|impacts/fx_bul_impact_concrete_lg|fx|surface_exit_bullet_small|surfacefxtable|bullet_small_exit|impactsfxtable|t6_xpr50_up|weapon|zone_source/zm_parkour_nothing0.zone|csv
343,material,gfx_decal_bullet_dirt_01|dup,30,0,|zm_parkour_nothing0|texturecombo
344,material,vd/gfx_decal_bullet_dirt_01|dup,33,0,|zm_parkour_nothing0|texturecombo
345,material,vdd/gfx_decal_bullet_dirt_01|dup,34,0,|zm_parkour_nothing0|texturecombo
346,image,i_t7_decal_bullet_dirt_c,26,0,|vdd/gfx_decal_bullet_dirt_01|material|impacts/fx_bul_impact_dirt_lg|fx|surface_exit_bullet_small|surfacefxtable|bullet_small_exit|impactsfxtable|t6_xpr50_up|weapon|zone_source/zm_parkour_nothing0.zone|csv
347,image,i_t7_decal_bullet_dirt_n,26,0,|vdd/gfx_decal_bullet_dirt_01|material|impacts/fx_bul_impact_dirt_lg|fx|surface_exit_bullet_small|surfacefxtable|bullet_small_exit|impactsfxtable|t6_xpr50_up|weapon|zone_source/zm_parkour_nothing0.zone|csv
348,material,gfx_decal_default_01|dup,26,0,|zm_parkour_nothing0|texturecombo
349,material,vd/gfx_decal_default_01|dup,29,0,|zm_parkour_nothing0|texturecombo
350,material,vdd/gfx_decal_default_01|dup,30,0,|zm_parkour_nothing0|texturecombo
351,image,fxt_decal_default_01,22,0,|vdd/gfx_decal_default_01|material|impacts/fx_bul_impact_sand_lg|fx|surface_exit_bullet_small|surfacefxtable|bullet_small_exit|impactsfxtable|t6_xpr50_up|weapon|zone_source/zm_parkour_nothing0.zone|csv
352,image,fxt_decal_default_01_n,24,0,|vdd/gfx_decal_default_01|material|impacts/fx_bul_impact_sand_lg|fx|surface_exit_bullet_small|surfacefxtable|bullet_small_exit|impactsfxtable|t6_xpr50_up|weapon|zone_source/zm_parkour_nothing0.zone|csv
353,material,ei/gfx_smk_tendril_2_lit|dup,30,0,|zm_parkour_nothing0|texturecombo
354,image,fxt_smk_tendril_2,19,0,|ei/gfx_smk_tendril_2_lit|material|impacts/fx_bul_impact_water_lg|fx|surface_exit_bullet_small|surfacefxtable|bullet_small_exit|impactsfxtable|t6_xpr50_up|weapon|zone_source/zm_parkour_nothing0.zone|csv
355,material,ei/gfx_gib_glass_01_lit|dup,29,0,|zm_parkour_nothing0|texturecombo
356,image,fxt_gib_glass_01,18,0,|ei/gfx_gib_glass_01_lit|material|impacts/fx_bul_impact_glass_uw_lg|fx|impacts/fx_bul_impact_glass_lg|fx|surface_exit_bullet_small|surfacefxtable|bullet_small_exit|impactsfxtable|t6_xpr50_up|weapon|zone_source/zm_parkour_nothing0.zone|csv
357,material,ei/gfx_gib_glass_02_lit|dup,29,0,|zm_parkour_nothing0|texturecombo
358,material,ei/gfx_gib_glass_02_em|dup,28,0,|zm_parkour_nothing0|texturecombo
359,image,fxt_gib_glass_02,18,0,|ei/gfx_gib_glass_02_em|material|impacts/fx_bul_impact_glass_uw_lg|fx|impacts/fx_bul_impact_glass_lg|fx|surface_exit_bullet_small|surfacefxtable|bullet_small_exit|impactsfxtable|t6_xpr50_up|weapon|zone_source/zm_parkour_nothing0.zone|csv
360,material,gfx_decal_bullet_metal_01|dup,31,0,|zm_parkour_nothing0|texturecombo
361,material,vd/gfx_decal_bullet_metal_01|dup,34,0,|zm_parkour_nothing0|texturecombo
362,material,vdd/gfx_decal_bullet_metal_01|dup,35,0,|zm_parkour_nothing0|texturecombo
363,image,i_t7_decal_bullet_metal_impact_01_c,37,0,|vdd/gfx_decal_bullet_metal_01|material|impacts/fx_bul_impact_metal_uw_lg|fx|impacts/fx_bul_impact_thin_metal_lg|fx|surface_exit_bullet_small|surfacefxtable|bullet_small_exit|impactsfxtable|t6_xpr50_up|weapon|zone_source/zm_parkour_nothing0.zone|csv
364,image,i_t7_decal_bullet_metal_impact_01_n,37,0,|vdd/gfx_decal_bullet_metal_01|material|impacts/fx_bul_impact_metal_uw_lg|fx|impacts/fx_bul_impact_thin_metal_lg|fx|surface_exit_bullet_small|surfacefxtable|bullet_small_exit|impactsfxtable|t6_xpr50_up|weapon|zone_source/zm_parkour_nothing0.zone|csv
365,material,gfx_decal_bullet_metal_02|dup,31,0,|zm_parkour_nothing0|texturecombo
366,material,vd/gfx_decal_bullet_metal_02|dup,34,0,|zm_parkour_nothing0|texturecombo
367,material,vdd/gfx_decal_bullet_metal_02|dup,35,0,|zm_parkour_nothing0|texturecombo
368,image,i_t7_decal_bullet_metal_impact_02_c,37,0,|vdd/gfx_decal_bullet_metal_02|material|impacts/fx_bul_impact_metal_uw_lg|fx|impacts/fx_bul_impact_thin_metal_lg|fx|surface_exit_bullet_small|surfacefxtable|bullet_small_exit|impactsfxtable|t6_xpr50_up|weapon|zone_source/zm_parkour_nothing0.zone|csv
369,image,i_t7_decal_bullet_metal_impact_02_n,37,0,|vdd/gfx_decal_bullet_metal_02|material|impacts/fx_bul_impact_metal_uw_lg|fx|impacts/fx_bul_impact_thin_metal_lg|fx|surface_exit_bullet_small|surfacefxtable|bullet_small_exit|impactsfxtable|t6_xpr50_up|weapon|zone_source/zm_parkour_nothing0.zone|csv
370,material,gfx_decal_bullet_metal_03|dup,31,0,|zm_parkour_nothing0|texturecombo
371,material,vd/gfx_decal_bullet_metal_03|dup,34,0,|zm_parkour_nothing0|texturecombo
372,material,vdd/gfx_decal_bullet_metal_03|dup,35,0,|zm_parkour_nothing0|texturecombo
373,image,i_t7_decal_bullet_metal_impact_03_c,37,0,|vdd/gfx_decal_bullet_metal_03|material|impacts/fx_bul_impact_metal_uw_lg|fx|impacts/fx_bul_impact_thin_metal_lg|fx|surface_exit_bullet_small|surfacefxtable|bullet_small_exit|impactsfxtable|t6_xpr50_up|weapon|zone_source/zm_parkour_nothing0.zone|csv
374,image,i_t7_decal_bullet_metal_impact_03_n,37,0,|vdd/gfx_decal_bullet_metal_03|material|impacts/fx_bul_impact_metal_uw_lg|fx|impacts/fx_bul_impact_thin_metal_lg|fx|surface_exit_bullet_small|surfacefxtable|bullet_small_exit|impactsfxtable|t6_xpr50_up|weapon|zone_source/zm_parkour_nothing0.zone|csv
375,material,ei/gfx_spark_grind_anim_em|dup,32,0,|zm_parkour_nothing0|texturecombo
376,image,fxt_spark_grind_anim,22,0,|ei/gfx_spark_grind_anim_em|material|skye_efx/t6_efx/fx_t6_raygun_mark2_impact_up|fx|t6_raygun_mark2_up_surface_impactfx|surfacefxtable|t6_raygun_mark2_up_impactfx|impactsfxtable|t6_mauser_c96_up|weapon|zone_source/zm_parkour_nothing0.zone|csv
377,image,fxt_spark_grind_anim_mask,27,0,|ei/gfx_spark_grind_anim_em|material|skye_efx/t6_efx/fx_t6_raygun_mark2_impact_up|fx|t6_raygun_mark2_up_surface_impactfx|surfacefxtable|t6_raygun_mark2_up_impactfx|impactsfxtable|t6_mauser_c96_up|weapon|zone_source/zm_parkour_nothing0.zone|csv
378,material,ei/gfx_gel_splat_lit|dup,26,0,|zm_parkour_nothing0|texturecombo
379,image,fxt_gel_splat,15,0,|ei/gfx_gel_splat_lit|material|impacts/fx_bul_impact_mud_sm|fx|surface_enter_bullet_small|surfacefxtable|bullet_small_enter|impactsfxtable|t6_xpr50_up|weapon|zone_source/zm_parkour_nothing0.zone|csv
380,material,ei/gfx_water_drip_lit|dup,27,0,|zm_parkour_nothing0|texturecombo
381,image,fxt_water_drip,16,0,|ei/gfx_water_drip_lit|material|impacts/fx_bul_impact_sand_lg|fx|surface_exit_bullet_small|surfacefxtable|bullet_small_exit|impactsfxtable|t6_xpr50_up|weapon|zone_source/zm_parkour_nothing0.zone|csv
382,material,gfx_decal_foam|dup,20,0,|zm_parkour_nothing0|texturecombo
383,material,vd/gfx_decal_foam|dup,23,0,|zm_parkour_nothing0|texturecombo
384,material,vdd/gfx_decal_foam|dup,24,0,|zm_parkour_nothing0|texturecombo
385,image,fxt_decal_foam,16,0,|vdd/gfx_decal_foam|material|impacts/fx_bul_impact_water_lg|fx|surface_exit_bullet_small|surfacefxtable|bullet_small_exit|impactsfxtable|t6_xpr50_up|weapon|zone_source/zm_parkour_nothing0.zone|csv
386,image,fxt_decal_foam_n,18,0,|vdd/gfx_decal_foam|material|impacts/fx_bul_impact_water_lg|fx|surface_exit_bullet_small|surfacefxtable|bullet_small_exit|impactsfxtable|t6_xpr50_up|weapon|zone_source/zm_parkour_nothing0.zone|csv
387,material,ei/gfx_water_ripple_anim_lit_nocull|dup,41,0,|zm_parkour_nothing0|texturecombo
388,image,fxt_water_ripple_anim,23,0,|ei/gfx_water_ripple_anim_distort|material|impacts/fx_bul_impact_pwr_armor_lg|fx|entity_enter_bullet_small|entityfximpacts|bullet_small_enter|impactsfxtable|t6_xpr50_up|weapon|zone_source/zm_parkour_nothing0.zone|csv
389,material,ei/gfx_water_splash_spread_anim_lit|dup,41,0,|zm_parkour_nothing0|texturecombo
390,image,fxt_water_splash_spread_anim,30,0,|ei/gfx_water_splash_spread_anim_lit|material|impacts/fx_bul_impact_water_lg|fx|surface_exit_bullet_small|surfacefxtable|bullet_small_exit|impactsfxtable|t6_xpr50_up|weapon|zone_source/zm_parkour_nothing0.zone|csv
391,material,gfx_decal_bullet_thin_metal_01|dup,36,0,|zm_parkour_nothing0|texturecombo
392,material,vd/gfx_decal_bullet_thin_metal_01|dup,39,0,|zm_parkour_nothing0|texturecombo
393,material,vdd/gfx_decal_bullet_thin_metal_01|dup,40,0,|zm_parkour_nothing0|texturecombo
394,image,i_t7_decal_bullet_metalcar_impact01_c,39,0,|vdd/gfx_decal_bullet_thin_metal_01|material|impacts/fx_bul_impact_thin_metal_lg|fx|surface_exit_bullet_small|surfacefxtable|bullet_small_exit|impactsfxtable|t6_xpr50_up|weapon|zone_source/zm_parkour_nothing0.zone|csv
395,image,i_t7_decal_bullet_metalcar_impact01_n,39,0,|vdd/gfx_decal_bullet_thin_metal_01|material|impacts/fx_bul_impact_thin_metal_lg|fx|surface_exit_bullet_small|surfacefxtable|bullet_small_exit|impactsfxtable|t6_xpr50_up|weapon|zone_source/zm_parkour_nothing0.zone|csv
396,image,i_t7_decal_bullet_metalcar_impact01_g,39,0,|vdd/gfx_decal_bullet_thin_metal_01|material|impacts/fx_bul_impact_thin_metal_lg|fx|surface_exit_bullet_small|surfacefxtable|bullet_small_exit|impactsfxtable|t6_xpr50_up|weapon|zone_source/zm_parkour_nothing0.zone|csv
397,image,i_t7_decal_bullet_metalcar_impact01_s,39,0,|vdd/gfx_decal_bullet_thin_metal_01|material|impacts/fx_bul_impact_thin_metal_lg|fx|surface_exit_bullet_small|surfacefxtable|bullet_small_exit|impactsfxtable|t6_xpr50_up|weapon|zone_source/zm_parkour_nothing0.zone|csv
398,material,ei/gfx_shockwave_anim_em|dup,30,0,|zm_parkour_nothing0|texturecombo
399,image,fxt_shockwave_anim_1,22,0,|ei/gfx_shockwave_anim_em|material|impacts/fx_bul_impact_pwr_armor_lg|fx|entity_enter_bullet_small|entityfximpacts|bullet_small_enter|impactsfxtable|t6_xpr50_up|weapon|zone_source/zm_parkour_nothing0.zone|csv
400,material,ei/gfx_shockwave_elec_anim_em_i2048|dup,41,0,|zm_parkour_nothing0|texturecombo
401,image,fxt_shockwave_elec_anim,25,0,|ei/gfx_shockwave_elec_anim_em_i2048|material|impacts/fx_bul_impact_pwr_armor_lg|fx|entity_enter_bullet_small|entityfximpacts|bullet_small_enter|impactsfxtable|t6_xpr50_up|weapon|zone_source/zm_parkour_nothing0.zone|csv
402,image,fxt_shockwave_elec_anim_mask,30,0,|ei/gfx_shockwave_elec_anim_em_i2048|material|impacts/fx_bul_impact_pwr_armor_lg|fx|entity_enter_bullet_small|entityfximpacts|bullet_small_enter|impactsfxtable|t6_xpr50_up|weapon|zone_source/zm_parkour_nothing0.zone|csv
403,material,ei/gfx_water_bubbledeath_group2_anim_spec|dup,47,0,|zm_parkour_nothing0|texturecombo
404,image,fxt_water_bubbledeath_group2_anim,35,0,|ei/gfx_water_bubbledeath_group2_anim_spec|material|weapon/fx_muz_sm_gas_flash_3p|fx|weapon/fx_muz_sm_pistol_3p|fx|t6_vector_k10|weapon|zone_source/zm_parkour_nothing0.zone|csv
405,image,fxt_water_bubbledeath_group2_anim_n,37,0,|ei/gfx_water_bubbledeath_group2_anim_spec|material|weapon/fx_muz_sm_gas_flash_3p|fx|weapon/fx_muz_sm_pistol_3p|fx|t6_vector_k10|weapon|zone_source/zm_parkour_nothing0.zone|csv
406,material,ei/gfx_water_bubble_int1_anim_lit|dup,39,0,|zm_parkour_nothing0|texturecombo
407,image,fxt_water_bubble_int1_anim,28,0,|ei/gfx_water_bubble_int1_anim_lit|material|weapon/fx_muz_sm_gas_flash_3p|fx|weapon/fx_muz_sm_pistol_3p|fx|t6_vector_k10|weapon|zone_source/zm_parkour_nothing0.zone|csv
408,material,ei/gfx_light_core_hot_em|dup,30,0,|zm_parkour_nothing0|texturecombo
409,image,fxt_light_core_hot,20,0,|ei/gfx_light_core_hot_em|material|skye_efx/t6_efx/fx_t6_raygun_mark2_tracer_up|fx|t6_mauser_c96_up|weapon|zone_source/zm_parkour_nothing0.zone|csv
410,image,fxt_light_core_hot_mask,25,0,|ei/gfx_light_core_hot_em|material|skye_efx/t6_efx/fx_t6_raygun_mark2_tracer_up|fx|t6_mauser_c96_up|weapon|zone_source/zm_parkour_nothing0.zone|csv
411,image,zm_parkour_nothing0_BC3_SRGB_combo,195,0,|zm_parkour_nothing0|texturecombo
412,image,zm_parkour_nothing0_BC7_SRGB_combo,291,0,|zm_parkour_nothing0|texturecombo
413,image,zm_parkour_nothing0_BC7_combo,286,0,|zm_parkour_nothing0|texturecombo
414,image,zm_parkour_nothing0_BC4_combo,230,0,|zm_parkour_nothing0|texturecombo
415,texturecombo,zm_parkour_nothing0,8142,0,||assetlist
416,techset,mc/sky_latlong_hdr#e6142445,165498,0,|mc/pbr_evening_2_sky_mtl_override|material|pbr_evening_2_skybox_override|xmodel|maps/zm/zm_parkour_nothing0.d3dbsp|gfx_map|zone_source/zm_parkour_nothing0.zone|csv
417,image,skybox_default_day_ft,33554534,0,|mc/mtl_skybox_default_day|material|skybox_default_day|xmodel|zone_source/zm_parkour_nothing0.zone|csv
418,material,mc/mtl_skybox_default_day,610,0,|skybox_default_day|xmodel|zone_source/zm_parkour_nothing0.zone|csv
419,xmodelmesh,t6_skyboxfb7b39d6,224,11616,|pbr_evening_2_skybox_override|xmodel|maps/zm/zm_parkour_nothing0.d3dbsp|gfx_map|zone_source/zm_parkour_nothing0.zone|csv
420,xmodel,skybox_default_day,152,0,|zone_source/zm_parkour_nothing0.zone|csv
421,techset,create_lut2dv#da7372ff,24,0,|luts_t7_default|material|maps/zm/zm_parkour_nothing0.d3dbsp|col_map|zone_source/zm_parkour_nothing0.zone|csv
422,image,img_luts_curve_blend,4194325,0,|luts_t7_default|material|maps/zm/zm_parkour_nothing0.d3dbsp|col_map|zone_source/zm_parkour_nothing0.zone|csv
423,material,luts_t7_default,48,0,|maps/zm/zm_parkour_nothing0.d3dbsp|col_map|zone_source/zm_parkour_nothing0.zone|csv
424,map_ents,maps/zm/zm_parkour_nothing0.d3dbsp,64699,0,|maps/zm/zm_parkour_nothing0.d3dbsp|col_map|zone_source/zm_parkour_nothing0.zone|csv
425,techset,mc/lit#e6142445,17,0,|mc/lambert1|material|tag_flash|xmodel|t6_mauser_c96_up|weapon|zone_source/zm_parkour_nothing0.zone|csv
426,image,$gray_32_one_channel,22,0,|mc/mtl_t6_wpn_sniper_xpr50_scope_reticle|material|vm_t6_xpr50_ads_scope|xmodel|t6_xpr50|weapon|zone_source/zm_parkour_nothing0.zone|csv
427,image,i_mtl_p7_zm_der_utility_pole_wood_n,132,751040,|mc/mtl_p7_zm_der2_utility_pole_wood|material|p7_zm_der2_utility_pole_512|xmodel|maps/zm/zm_parkour_nothing0.d3dbsp|gfx_map|zone_source/zm_parkour_nothing0.zone|csv
428,image,i_mtl_p7_zm_der_utility_pole_wood_c,276,371352,|mc/mtl_p7_zm_der2_utility_pole_wood|material|p7_zm_der2_utility_pole_512|xmodel|maps/zm/zm_parkour_nothing0.d3dbsp|gfx_map|zone_source/zm_parkour_nothing0.zone|csv
429,material,mc/mtl_p7_zm_der2_utility_pole_wood,1529,0,|p7_zm_der2_utility_pole_512|xmodel|maps/zm/zm_parkour_nothing0.d3dbsp|gfx_map|zone_source/zm_parkour_nothing0.zone|csv
430,techset,mc/lit_decal_reveal#e6142445,476048,0,|mc/t7_decal_grunge_burnt_stain_03|material|p7_zm_der2_utility_pole_512|xmodel|maps/zm/zm_parkour_nothing0.d3dbsp|gfx_map|zone_source/zm_parkour_nothing0.zone|csv
431,image,i_t7_decal_grunge_burnt_stain_03_r,107,742736,|mc/t7_decal_grunge_burnt_stain_03|material|p7_zm_der2_utility_pole_512|xmodel|maps/zm/zm_parkour_nothing0.d3dbsp|gfx_map|zone_source/zm_parkour_nothing0.zone|csv
432,image,i_t7_decal_grunge_burnt_stain_03_n,299,1419960,|mc/t7_decal_grunge_burnt_stain_03|material|p7_zm_der2_utility_pole_512|xmodel|maps/zm/zm_parkour_nothing0.d3dbsp|gfx_map|zone_source/zm_parkour_nothing0.zone|csv
433,image,i_t7_decal_grunge_burnt_stain_03_c,283,742728,|mc/t7_decal_grunge_burnt_stain_03|material|p7_zm_der2_utility_pole_512|xmodel|maps/zm/zm_parkour_nothing0.d3dbsp|gfx_map|zone_source/zm_parkour_nothing0.zone|csv
434,material,mc/t7_decal_grunge_burnt_stain_03,1439,0,|p7_zm_der2_utility_pole_512|xmodel|maps/zm/zm_parkour_nothing0.d3dbsp|gfx_map|zone_source/zm_parkour_nothing0.zone|csv
435,techset,mc/lit_advanced#e6142445,26,0,|mc/mtl_wpn_t7_smg_standard_bullet|material|wpn_t7_smg_ap9_mag_view|xmodel|acv_fastreload_smg_standard|attachmentcosmeticvariant|t6_xpr50_up|weapon|zone_source/zm_parkour_nothing0.zone|csv
436,image,i_mtl_p7_zm_der_utility_pole_acc_o,123,65536,|mc/mtl_p7_zm_der_utility_pole_acc|material|p7_zm_der2_utility_pole_512|xmodel|maps/zm/zm_parkour_nothing0.d3dbsp|gfx_map|zone_source/zm_parkour_nothing0.zone|csv
437,image,i_mtl_p7_zm_der_utility_pole_acc_n,299,1419960,|mc/mtl_p7_zm_der_utility_pole_acc|material|p7_zm_der2_utility_pole_512|xmodel|maps/zm/zm_parkour_nothing0.d3dbsp|gfx_map|zone_source/zm_parkour_nothing0.zone|csv
438,image,i_mtl_p7_zm_der_utility_pole_acc_g,283,742728,|mc/mtl_p7_zm_der_utility_pole_acc|material|p7_zm_der2_utility_pole_512|xmodel|maps/zm/zm_parkour_nothing0.d3dbsp|gfx_map|zone_source/zm_parkour_nothing0.zone|csv
439,image,i_mtl_p7_zm_der_utility_pole_acc_c,291,720896,|mc/mtl_p7_zm_der_utility_pole_acc|material|p7_zm_der2_utility_pole_512|xmodel|maps/zm/zm_parkour_nothing0.d3dbsp|gfx_map|zone_source/zm_parkour_nothing0.zone|csv
440,image,i_mtl_p7_zm_der_utility_pole_acc_s,291,196608,|mc/mtl_p7_zm_der_utility_pole_acc|material|p7_zm_der2_utility_pole_512|xmodel|maps/zm/zm_parkour_nothing0.d3dbsp|gfx_map|zone_source/zm_parkour_nothing0.zone|csv
441,material,mc/mtl_p7_zm_der_utility_pole_acc,1623,0,|p7_zm_der2_utility_pole_512|xmodel|maps/zm/zm_parkour_nothing0.d3dbsp|gfx_map|zone_source/zm_parkour_nothing0.zone|csv
442,techset,mc/lit_decal#e6142445,23,0,|mc/mtl_attach_t7_smg_ap9_handgrd_02_decal|material|attach_t7_smg_ap9_handguard_02_world|xmodel|acv_fmj_smg_standard|attachmentcosmeticvariant|t6_xpr50_up|weapon|zone_source/zm_parkour_nothing0.zone|csv
443,material,mc/t7_decal_bullet_wood_01,1137,0,|p7_zm_der2_utility_pole_512|xmodel|maps/zm/zm_parkour_nothing0.d3dbsp|gfx_map|zone_source/zm_parkour_nothing0.zone|csv
444,techset,mc/lit_detail_plus#e6142445,29,0,|mc/t7_snow_powder_01|material|p7_zm_der2_utility_pole_512|xmodel|maps/zm/zm_parkour_nothing0.d3dbsp|gfx_map|zone_source/zm_parkour_nothing0.zone|csv
445,image,$white_ao,11,0,|mc/mtl_t6_attach_optic_acog_lens|material|vm_t6_acog|xmodel|t6_xpr50_up|weapon|zone_source/zm_parkour_nothing0.zone|csv
446,image,i_t7_snow_powder_01_n,102,371384,|mc/t7_snow_powder_01|material|p7_zm_der2_utility_pole_512|xmodel|maps/zm/zm_parkour_nothing0.d3dbsp|gfx_map|zone_source/zm_parkour_nothing0.zone|csv
447,image,i_t7_sand_smooth_01_g,270,2839880,|mc/t7_snow_powder_03_blend|material|p7_zm_der2_utility_pole_512|xmodel|maps/zm/zm_parkour_nothing0.d3dbsp|gfx_map|zone_source/zm_parkour_nothing0.zone|csv
448,image,i_t7_snow_powder_01_c,278,196608,|mc/t7_snow_powder_01|material|p7_zm_der2_utility_pole_512|xmodel|maps/zm/zm_parkour_nothing0.d3dbsp|gfx_map|zone_source/zm_parkour_nothing0.zone|csv
449,image,i_t7_micro_snow_sand_n,287,371384,|mc/t7_snow_powder_03_blend|material|p7_zm_der2_utility_pole_512|xmodel|maps/zm/zm_parkour_nothing0.d3dbsp|gfx_map|zone_source/zm_parkour_nothing0.zone|csv
450,material,mc/t7_snow_powder_01,1439,0,|p7_zm_der2_utility_pole_512|xmodel|maps/zm/zm_parkour_nothing0.d3dbsp|gfx_map|zone_source/zm_parkour_nothing0.zone|csv
451,techset,mc/lit_detail_decal_reveal_plus#e6142445,105121,0,|mc/t7_snow_powder_03_blend|material|p7_zm_der2_utility_pole_512|xmodel|maps/zm/zm_parkour_nothing0.d3dbsp|gfx_map|zone_source/zm_parkour_nothing0.zone|csv
452,image,i_t7_snow_powder_03_r,94,742728,|mc/t7_snow_powder_03_blend|material|p7_zm_der2_utility_pole_512|xmodel|maps/zm/zm_parkour_nothing0.d3dbsp|gfx_map|zone_source/zm_parkour_nothing0.zone|csv
453,image,i_t7_snow_powder_02_n,286,371384,|mc/t7_snow_powder_03_blend|material|p7_zm_der2_utility_pole_512|xmodel|maps/zm/zm_parkour_nothing0.d3dbsp|gfx_map|zone_source/zm_parkour_nothing0.zone|csv
454,image,i_t7_snow_powder_02_c,270,218440,|mc/t7_snow_powder_03_blend|material|p7_zm_der2_utility_pole_512|xmodel|maps/zm/zm_parkour_nothing0.d3dbsp|gfx_map|zone_source/zm_parkour_nothing0.zone|csv
455,material,mc/t7_snow_powder_03_blend,1525,0,|p7_zm_der2_utility_pole_512|xmodel|maps/zm/zm_parkour_nothing0.d3dbsp|gfx_map|zone_source/zm_parkour_nothing0.zone|csv
456,xmodelmesh,p7_zm_der_utility_pole_512_lod0eef4c150,792,37432,|p7_zm_der2_utility_pole_512|xmodel|maps/zm/zm_parkour_nothing0.d3dbsp|gfx_map|zone_source/zm_parkour_nothing0.zone|csv
457,xmodelmesh,p7_zm_der_utility_pole_512_lod06d3f3f3e,792,59984,|p7_zm_der2_utility_pole_512|xmodel|maps/zm/zm_parkour_nothing0.d3dbsp|gfx_map|zone_source/zm_parkour_nothing0.zone|csv
458,xmodelmesh,p7_zm_der_utility_pole_512_colaff3bad0,2088,0,|p7_zm_der2_utility_pole_512|xmodel|maps/zm/zm_parkour_nothing0.d3dbsp|gfx_map|zone_source/zm_parkour_nothing0.zone|csv
459,xmodel,p7_zm_der2_utility_pole_512,2280,0,|maps/zm/zm_parkour_nothing0.d3dbsp|gfx_map|zone_source/zm_parkour_nothing0.zone|csv
460,material,mc/bullet_collision_metal,27,0,|p7_zm_der_light_wall_mount|xmodel|maps/zm/zm_parkour_nothing0.d3dbsp|gfx_map|zone_source/zm_parkour_nothing0.zone|csv
461,image,$identitynormalmap,20,0,|mc/mtl_t6_wpn_sniper_xpr50_scope_camo2|material|t6_camo_xpr50_table|weaponcamo|t6_xpr50_up|weapon|zone_source/zm_parkour_nothing0.zone|csv
462,image,$white_diffuse,16,0,|mc/lambert1|material|tag_flash|xmodel|t6_mauser_c96_up|weapon|zone_source/zm_parkour_nothing0.zone|csv
463,material,mc/bullet_collision_glass,1441,0,|p7_zm_der_light_bulb_small|xmodel|maps/zm/zm_parkour_nothing0.d3dbsp|gfx_map|zone_source/zm_parkour_nothing0.zone|csv
464,techset,mc/lit_advanced_fullspec#e6142445,35,0,|mc/mtl_p7_zm_vending_packapunch_sign_wait|material|p7_zm_der2_vending_packapunch_sign_wait|xmodel|zmcore_packapunch|zbarrier|maps/zm/zm_parkour_nothing0.d3dbsp|col_map|zone_source/zm_parkour_nothing0.zone|csv
465,image,i_mtl_p7_light_hurricane_lamp_o,88,99192,|mc/mtl_p7_light_hurricane_lamp|material|p7_zm_der2_light_hurricane_lamp|xmodel|maps/zm/zm_parkour_nothing0.d3dbsp|gfx_map|zone_source/zm_parkour_nothing0.zone|csv
466,image,i_mtl_p7_light_hurricane_lamp_n,296,371384,|mc/mtl_p7_light_hurricane_lamp|material|p7_zm_der2_light_hurricane_lamp|xmodel|maps/zm/zm_parkour_nothing0.d3dbsp|gfx_map|zone_source/zm_parkour_nothing0.zone|csv
467,image,i_mtl_p7_light_hurricane_lamp_g,280,218440,|mc/mtl_p7_light_hurricane_lamp|material|p7_zm_der2_light_hurricane_lamp|xmodel|maps/zm/zm_parkour_nothing0.d3dbsp|gfx_map|zone_source/zm_parkour_nothing0.zone|csv
468,image,$black_color,14,0,|mc/mtl_t6_attach_optic_scope_inside|material|vm_t6_acog|xmodel|t6_xpr50_up|weapon|zone_source/zm_parkour_nothing0.zone|csv
469,image,i_mtl_p7_light_hurricane_lamp_s,288,196608,|mc/mtl_p7_light_hurricane_lamp|material|p7_zm_der2_light_hurricane_lamp|xmodel|maps/zm/zm_parkour_nothing0.d3dbsp|gfx_map|zone_source/zm_parkour_nothing0.zone|csv
470,material,mc/mtl_p7_light_hurricane_lamp,1231,0,|p7_zm_der2_light_hurricane_lamp|xmodel|maps/zm/zm_parkour_nothing0.d3dbsp|gfx_map|zone_source/zm_parkour_nothing0.zone|csv
471,techset,mc/lit_backlit_plus#e6142445,350717,0,|mc/t7_glass_streaks_wet_backlit|material|p7_zm_der2_light_hurricane_lamp|xmodel|maps/zm/zm_parkour_nothing0.d3dbsp|gfx_map|zone_source/zm_parkour_nothing0.zone|csv
472,image,i_t7_glass_frosted_condensation_t,90,65536,|mc/t7_glass_streaks_wet_backlit|material|p7_zm_der2_light_hurricane_lamp|xmodel|maps/zm/zm_parkour_nothing0.d3dbsp|gfx_map|zone_source/zm_parkour_nothing0.zone|csv
473,image,i_t7_glass_dirty_streaks_02_n,294,1419960,|mc/t7_glass_streaks_wet_backlit|material|p7_zm_der2_light_hurricane_lamp|xmodel|maps/zm/zm_parkour_nothing0.d3dbsp|gfx_map|zone_source/zm_parkour_nothing0.zone|csv
474,image,i_t7_glass_dirty_streaks_g,275,742728,|mc/t7_glass_streaks_wet_backlit|material|p7_zm_der2_light_hurricane_lamp|xmodel|maps/zm/zm_parkour_nothing0.d3dbsp|gfx_map|zone_source/zm_parkour_nothing0.zone|csv
475,image,i_t7_glass_dirty_streaks_c,291,1419960,|mc/t7_glass_streaks_wet_backlit|material|p7_zm_der2_light_hurricane_lamp|xmodel|maps/zm/zm_parkour_nothing0.d3dbsp|gfx_map|zone_source/zm_parkour_nothing0.zone|csv
476,material,mc/t7_glass_streaks_wet_backlit,1381,0,|p7_zm_der2_light_hurricane_lamp|xmodel|maps/zm/zm_parkour_nothing0.d3dbsp|gfx_map|zone_source/zm_parkour_nothing0.zone|csv
477,xmodelmesh,p7_light_hurricane_lamp_lod1de3fd994,352,65360,|p7_zm_der2_light_hurricane_lamp|xmodel|maps/zm/zm_parkour_nothing0.d3dbsp|gfx_map|zone_source/zm_parkour_nothing0.zone|csv
478,xmodelmesh,p7_light_hurricane_lamp_lod1d3d020b9,344,85296,|p7_zm_der2_light_hurricane_lamp|xmodel|maps/zm/zm_parkour_nothing0.d3dbsp|gfx_map|zone_source/zm_parkour_nothing0.zone|csv
479,xmodelmesh,p7_light_hurricane_lamp_cola0820665,4088,0,|p7_zm_der2_light_hurricane_lamp|xmodel|maps/zm/zm_parkour_nothing0.d3dbsp|gfx_map|zone_source/zm_parkour_nothing0.zone|csv
480,xmodel,p7_zm_der2_light_hurricane_lamp,3488,0,|maps/zm/zm_parkour_nothing0.d3dbsp|gfx_map|zone_source/zm_parkour_nothing0.zone|csv
481,techset,mc/lit_micro_tile_blend_advanced#e6142445,384258,0,|mc/mtl_p7_zm_der_pswitch_handle|material|p7_zm_der_pswitch_handle|xmodel|maps/zm/zm_parkour_nothing0.d3dbsp|col_map|zone_source/zm_parkour_nothing0.zone|csv
482,image,i_mtl_p7_zm_der_light_set_m,116,723144,|mc/mtl_p7_zm_der_light_set_metal_aluminum|material|p7_zm_der_light_shade|xmodel|maps/zm/zm_parkour_nothing0.d3dbsp|gfx_map|zone_source/zm_parkour_nothing0.zone|csv
483,image,$spec_simple,14,0,|wc/testmap_white_240|material|maps/zm/zm_parkour_nothing0.d3dbsp|gfx_map|zone_source/zm_parkour_nothing0.zone|csv
484,image,i_t7_micro_metal_grunge_scratch_03_n,301,371384,|mc/mtl_p7_zm_der_light_set_metal_aluminum|material|p7_zm_der_light_shade|xmodel|maps/zm/zm_parkour_nothing0.d3dbsp|gfx_map|zone_source/zm_parkour_nothing0.zone|csv
485,image,i_t7_micro_metal_bare_worn_01_g,280,218440,|mc/mtl_p7_zm_der_light_set_metal_aluminum|material|p7_zm_der_light_shade|xmodel|maps/zm/zm_parkour_nothing0.d3dbsp|gfx_map|zone_source/zm_parkour_nothing0.zone|csv
486,image,i_mtl_p7_zm_der_light_set_n,292,1419960,|mc/mtl_p7_zm_der_light_set_metal_aluminum|material|p7_zm_der_light_shade|xmodel|maps/zm/zm_parkour_nothing0.d3dbsp|gfx_map|zone_source/zm_parkour_nothing0.zone|csv
487,image,i_t7_micro_metal_painted_02_c,278,218440,|mc/mtl_p7_zm_der_light_set_paint_green_drk|material|p7_zm_der_light_shade|xmodel|maps/zm/zm_parkour_nothing0.d3dbsp|gfx_map|zone_source/zm_parkour_nothing0.zone|csv
488,image,$white_specular,17,0,|mc/mtl_wpn_t7_smg_standard_bullet|material|wpn_t7_smg_ap9_mag_view|xmodel|acv_fastreload_smg_standard|attachmentcosmeticvariant|t6_xpr50_up|weapon|zone_source/zm_parkour_nothing0.zone|csv
489,material,mc/mtl_p7_zm_der_light_set_metal_worn,1916,0,|p7_zm_der_light_wall_mount|xmodel|maps/zm/zm_parkour_nothing0.d3dbsp|gfx_map|zone_source/zm_parkour_nothing0.zone|csv
490,techset,mc/lit_micro_tile_blend_plus#e6142445,272750,0,|mc/mtl_p7_zm_der_light_set_paint_green_drk|material|p7_zm_der_light_shade|xmodel|maps/zm/zm_parkour_nothing0.d3dbsp|gfx_map|zone_source/zm_parkour_nothing0.zone|csv
491,material,mc/mtl_p7_zm_der_light_set_paint_green_drk,1770,0,|p7_zm_der_light_shade|xmodel|maps/zm/zm_parkour_nothing0.d3dbsp|gfx_map|zone_source/zm_parkour_nothing0.zone|csv
492,image,i_t7_micro_metal_grunge_scratch_fine_01_s,130,196608,|mc/mtl_p7_zm_der_light_set_metal_aluminum|material|p7_zm_der_light_shade|xmodel|maps/zm/zm_parkour_nothing0.d3dbsp|gfx_map|zone_source/zm_parkour_nothing0.zone|csv
493,material,mc/mtl_p7_zm_der_light_set_metal_aluminum,1926,0,|p7_zm_der_light_shade|xmodel|maps/zm/zm_parkour_nothing0.d3dbsp|gfx_map|zone_source/zm_parkour_nothing0.zone|csv
494,xmodelmesh,p7_zm_der_light_shade_lod0b2e1bb86,456,23912,|p7_zm_der_light_shade|xmodel|maps/zm/zm_parkour_nothing0.d3dbsp|gfx_map|zone_source/zm_parkour_nothing0.zone|csv
495,xmodelmesh,p7_zm_der_light_shade_lod01e39219a,456,41104,|p7_zm_der_light_shade|xmodel|maps/zm/zm_parkour_nothing0.d3dbsp|gfx_map|zone_source/zm_parkour_nothing0.zone|csv
496,xmodelmesh,p7_zm_der_light_shade_col8c71906,6952,0,|p7_zm_der_light_shade|xmodel|maps/zm/zm_parkour_nothing0.d3dbsp|gfx_map|zone_source/zm_parkour_nothing0.zone|csv
497,xmodel,p7_zm_der_light_shade,7768,0,|maps/zm/zm_parkour_nothing0.d3dbsp|gfx_map|zone_source/zm_parkour_nothing0.zone|csv
498,xmodelmesh,p7_zm_der_light_wall_mount_lod1444742db,240,17408,|p7_zm_der_light_wall_mount|xmodel|maps/zm/zm_parkour_nothing0.d3dbsp|gfx_map|zone_source/zm_parkour_nothing0.zone|csv
499,xmodelmesh,p7_zm_der_light_wall_mount_lod0ecf4333,232,43536,|p7_zm_der_light_wall_mount|xmodel|maps/zm/zm_parkour_nothing0.d3dbsp|gfx_map|zone_source/zm_parkour_nothing0.zone|csv
500,xmodelmesh,p7_zm_der_light_wall_mount_col1cf39910,4808,0,|p7_zm_der_light_wall_mount|xmodel|maps/zm/zm_parkour_nothing0.d3dbsp|gfx_map|zone_source/zm_parkour_nothing0.zone|csv
501,xmodel,p7_zm_der_light_wall_mount,3984,0,|maps/zm/zm_parkour_nothing0.d3dbsp|gfx_map|zone_source/zm_parkour_nothing0.zone|csv
502,techset,mc/lit_backlit_advanced#e6142445,265097,0,|mc/mtl_p7_zm_der_light_set_bulb_small|material|p7_zm_der_light_bulb_small|xmodel|maps/zm/zm_parkour_nothing0.d3dbsp|gfx_map|zone_source/zm_parkour_nothing0.zone|csv
503,image,i_mtl_p7_zm_der_light_set_bulb_small_m,79,70648,|mc/mtl_p7_zm_der_light_set_bulb_small|material|p7_zm_der_light_bulb_small|xmodel|maps/zm/zm_parkour_nothing0.d3dbsp|gfx_map|zone_source/zm_parkour_nothing0.zone|csv
504,image,i_mtl_p7_zm_der_light_set_bulb_small_n,303,109240,|mc/mtl_p7_zm_der_light_set_bulb_small|material|p7_zm_der_light_bulb_small|xmodel|maps/zm/zm_parkour_nothing0.d3dbsp|gfx_map|zone_source/zm_parkour_nothing0.zone|csv
505,image,i_mtl_p7_zm_der_light_set_bulb_small_g,287,87368,|mc/mtl_p7_zm_der_light_set_bulb_small|material|p7_zm_der_light_bulb_small|xmodel|maps/zm/zm_parkour_nothing0.d3dbsp|gfx_map|zone_source/zm_parkour_nothing0.zone|csv
506,image,i_mtl_p7_zm_der_light_set_bulb_small_c,303,109240,|mc/mtl_p7_zm_der_light_set_bulb_small|material|p7_zm_der_light_bulb_small|xmodel|maps/zm/zm_parkour_nothing0.d3dbsp|gfx_map|zone_source/zm_parkour_nothing0.zone|csv
507,image,i_mtl_p7_zm_der_light_set_bulb_small_s,287,87368,|mc/mtl_p7_zm_der_light_set_bulb_small|material|p7_zm_der_light_bulb_small|xmodel|maps/zm/zm_parkour_nothing0.d3dbsp|gfx_map|zone_source/zm_parkour_nothing0.zone|csv
508,material,mc/mtl_p7_zm_der_light_set_bulb_small,1412,0,|p7_zm_der_light_bulb_small|xmodel|maps/zm/zm_parkour_nothing0.d3dbsp|gfx_map|zone_source/zm_parkour_nothing0.zone|csv
509,xmodelmesh,p7_zm_der_light_bulb_small_lod04a3e558a,240,6152,|p7_zm_der_light_bulb_small|xmodel|maps/zm/zm_parkour_nothing0.d3dbsp|gfx_map|zone_source/zm_parkour_nothing0.zone|csv
510,xmodelmesh,p7_zm_der_light_bulb_small_lod0cd55184d,232,10080,|p7_zm_der_light_bulb_small|xmodel|maps/zm/zm_parkour_nothing0.d3dbsp|gfx_map|zone_source/zm_parkour_nothing0.zone|csv
511,xmodelmesh,p7_zm_der_light_bulb_small_col68d55357,1232,0,|p7_zm_der_light_bulb_small|xmodel|maps/zm/zm_parkour_nothing0.d3dbsp|gfx_map|zone_source/zm_parkour_nothing0.zone|csv
512,xmodel,p7_zm_der_light_bulb_small,1072,0,|maps/zm/zm_parkour_nothing0.d3dbsp|gfx_map|zone_source/zm_parkour_nothing0.zone|csv
513,material,mc/bullet_collision_wood,1264,0,|p7_debris_wood_plywood_2x8_bowed_dirty|xmodel|maps/zm/zm_parkour_nothing0.d3dbsp|gfx_map|zone_source/zm_parkour_nothing0.zone|csv
514,image,i_t7_wood_plywood_trim_n,361,93168,|mc/t7_wood_plywood_trim_dirty|material|p7_debris_wood_plywood_2x8_bowed_dirty|xmodel|maps/zm/zm_parkour_nothing0.d3dbsp|gfx_map|zone_source/zm_parkour_nothing0.zone|csv
515,image,i_t7_wood_plywood_trim_dirty_c,159,87288,|mc/t7_wood_plywood_trim_dirty|material|p7_debris_wood_plywood_2x8_bowed_dirty|xmodel|maps/zm/zm_parkour_nothing0.d3dbsp|gfx_map|zone_source/zm_parkour_nothing0.zone|csv
516,material,mc/t7_wood_plywood_trim_dirty,808,0,|p7_debris_wood_plywood_2x8_bowed_dirty|xmodel|maps/zm/zm_parkour_nothing0.d3dbsp|gfx_map|zone_source/zm_parkour_nothing0.zone|csv
517,techset,mc/lit_detail#e6142445,24,0,|mc/t7_rope_nylon_02|material|p7_zm_der_magic_box|xmodel|zmcore_magicbox|zbarrier|maps/zm/zm_parkour_nothing0.d3dbsp|col_map|zone_source/zm_parkour_nothing0.zone|csv
518,image,i_t7_wood_plywood_bare_n,105,1419880,|mc/t7_wood_plywood_dirty|material|p7_debris_wood_plywood_2x8_bowed_dirty|xmodel|maps/zm/zm_parkour_nothing0.d3dbsp|gfx_map|zone_source/zm_parkour_nothing0.zone|csv
519,image,i_t7_wood_plywood_dirty_c,274,218440,|mc/t7_wood_plywood_dirty|material|p7_debris_wood_plywood_2x8_bowed_dirty|xmodel|maps/zm/zm_parkour_nothing0.d3dbsp|gfx_map|zone_source/zm_parkour_nothing0.zone|csv
520,image,i_t7_detail_wood_01,284,109240,|mc/t7_wood_plywood_dirty|material|p7_debris_wood_plywood_2x8_bowed_dirty|xmodel|maps/zm/zm_parkour_nothing0.d3dbsp|gfx_map|zone_source/zm_parkour_nothing0.zone|csv
521,material,mc/t7_wood_plywood_dirty,1425,0,|p7_debris_wood_plywood_2x8_bowed_dirty|xmodel|maps/zm/zm_parkour_nothing0.d3dbsp|gfx_map|zone_source/zm_parkour_nothing0.zone|csv
522,image,i_t7_decal_damage_plywood_edge_n,609,87712,|mc/t7_decal_damage_plywood_edge_dirty|material|p7_debris_wood_plywood_2x8_bowed_dirty|xmodel|maps/zm/zm_parkour_nothing0.d3dbsp|gfx_map|zone_source/zm_parkour_nothing0.zone|csv
523,image,i_t7_decal_damage_plywood_edge_dirty_c,551,65536,|mc/t7_decal_damage_plywood_edge_dirty|material|p7_debris_wood_plywood_2x8_bowed_dirty|xmodel|maps/zm/zm_parkour_nothing0.d3dbsp|gfx_map|zone_source/zm_parkour_nothing0.zone|csv
524,material,mc/t7_decal_damage_plywood_edge_dirty,1384,0,|p7_debris_wood_plywood_2x8_bowed_dirty|xmodel|maps/zm/zm_parkour_nothing0.d3dbsp|gfx_map|zone_source/zm_parkour_nothing0.zone|csv
525,xmodelmesh,p7_debris_wood_plywood_2x8_bowed_lod076d15461,464,5488,|p7_debris_wood_plywood_2x8_bowed_dirty|xmodel|maps/zm/zm_parkour_nothing0.d3dbsp|gfx_map|zone_source/zm_parkour_nothing0.zone|csv
526,xmodelmesh,p7_debris_wood_plywood_2x8_bowed_lod07ee304d3,472,8656,|p7_debris_wood_plywood_2x8_bowed_dirty|xmodel|maps/zm/zm_parkour_nothing0.d3dbsp|gfx_map|zone_source/zm_parkour_nothing0.zone|csv
527,xmodelmesh,p7_debris_wood_plywood_2x8_cracked_cole57f0b78,504,0,|p7_debris_wood_plywood_2x8_bowed_dirty|xmodel|maps/zm/zm_parkour_nothing0.d3dbsp|gfx_map|zone_source/zm_parkour_nothing0.zone|csv
528,xmodel,p7_debris_wood_plywood_2x8_bowed_dirty,896,0,|maps/zm/zm_parkour_nothing0.d3dbsp|gfx_map|zone_source/zm_parkour_nothing0.zone|csv
529,image,i_mtl_p7_cinder_block_n,104,1405472,|mc/mtl_p7_cinder_block|material|p7_cinder_block|xmodel|maps/zm/zm_parkour_nothing0.d3dbsp|gfx_map|zone_source/zm_parkour_nothing0.zone|csv
530,image,i_mtl_p7_cinder_block_c,272,742728,|mc/mtl_p7_cinder_block|material|p7_cinder_block|xmodel|maps/zm/zm_parkour_nothing0.d3dbsp|gfx_map|zone_source/zm_parkour_nothing0.zone|csv
531,image,i_mtl_p7_cinder_block_detail_n,295,371384,|mc/mtl_p7_cinder_block|material|p7_cinder_block|xmodel|maps/zm/zm_parkour_nothing0.d3dbsp|gfx_map|zone_source/zm_parkour_nothing0.zone|csv
532,material,mc/mtl_p7_cinder_block,1041,0,|p7_cinder_block|xmodel|maps/zm/zm_parkour_nothing0.d3dbsp|gfx_map|zone_source/zm_parkour_nothing0.zone|csv
533,physpreset,p7_cinder_block,16,0,|p7_cinder_block|xmodel|maps/zm/zm_parkour_nothing0.d3dbsp|gfx_map|zone_source/zm_parkour_nothing0.zone|csv
534,xmodelmesh,p7_cinder_block_lod1b38eb3c5,224,18816,|p7_cinder_block|xmodel|maps/zm/zm_parkour_nothing0.d3dbsp|gfx_map|zone_source/zm_parkour_nothing0.zone|csv
535,xmodelmesh,p7_cinder_block_lod0b4418509,224,30544,|p7_cinder_block|xmodel|maps/zm/zm_parkour_nothing0.d3dbsp|gfx_map|zone_source/zm_parkour_nothing0.zone|csv
536,xmodel,p7_cinder_block,7484,0,|maps/zm/zm_parkour_nothing0.d3dbsp|gfx_map|zone_source/zm_parkour_nothing0.zone|csv
537,image,i_mtl_p7_zm_pswitch_m,110,758904,|mc/mtl_p7_zm_der_pswitch_body_plastic|material|p7_zm_der_pswitch_body|xmodel|maps/zm/zm_parkour_nothing0.d3dbsp|gfx_map|zone_source/zm_parkour_nothing0.zone|csv
538,image,i_mtl_p7_zm_pswitch_o,278,65536,|mc/mtl_p7_zm_der_pswitch_body_brass|material|p7_zm_der_pswitch_body|xmodel|maps/zm/zm_parkour_nothing0.d3dbsp|gfx_map|zone_source/zm_parkour_nothing0.zone|csv
539,image,i_t7_micro_metal_grunge_pockmarks_01_s,295,196608,|mc/mtl_p7_zm_der_pswitch_handle|material|p7_zm_der_pswitch_handle|xmodel|maps/zm/zm_parkour_nothing0.d3dbsp|col_map|zone_source/zm_parkour_nothing0.zone|csv
540,image,i_t7_micro_metal_rust_01_n,291,371384,|mc/mtl_p7_zm_der_pswitch_handle_blk|material|p7_zm_der_pswitch_handle|xmodel|maps/zm/zm_parkour_nothing0.d3dbsp|col_map|zone_source/zm_parkour_nothing0.zone|csv
541,image,i_t7_micro_metal_grunge_pockmarks_01_n,295,393216,|mc/mtl_p7_zm_der_pswitch_handle|material|p7_zm_der_pswitch_handle|xmodel|maps/zm/zm_parkour_nothing0.d3dbsp|col_map|zone_source/zm_parkour_nothing0.zone|csv
542,image,i_t7_micro_metal_grunge_pockmarks_01_g,287,218440,|mc/mtl_p7_zm_der_pswitch_handle|material|p7_zm_der_pswitch_handle|xmodel|maps/zm/zm_parkour_nothing0.d3dbsp|col_map|zone_source/zm_parkour_nothing0.zone|csv
543,image,i_mtl_p7_zm_pswitch_n,286,1419960,|mc/mtl_p7_zm_der_pswitch_body_plastic_red|material|p7_zm_der_pswitch_body|xmodel|maps/zm/zm_parkour_nothing0.d3dbsp|gfx_map|zone_source/zm_parkour_nothing0.zone|csv
544,image,$black_gloss,14,0,|vdd/gfx_decal_default_01|material|impacts/fx_bul_impact_sand_lg|fx|surface_exit_bullet_small|surfacefxtable|bullet_small_exit|impactsfxtable|t6_xpr50_up|weapon|zone_source/zm_parkour_nothing0.zone|csv
545,image,i_t7_micro_metal_grunge_pockmarks_01_c,287,218440,|mc/mtl_p7_zm_der_pswitch_handle|material|p7_zm_der_pswitch_handle|xmodel|maps/zm/zm_parkour_nothing0.d3dbsp|col_map|zone_source/zm_parkour_nothing0.zone|csv
546,image,i_t7_micro_metal_rust_01_c,283,196608,|mc/mtl_p7_zm_der_pswitch_handle_red|material|p7_zm_der_pswitch_handle|xmodel|maps/zm/zm_parkour_nothing0.d3dbsp|col_map|zone_source/zm_parkour_nothing0.zone|csv
547,material,mc/mtl_p7_zm_der_pswitch_body,2058,0,|p7_zm_der_pswitch_body|xmodel|maps/zm/zm_parkour_nothing0.d3dbsp|gfx_map|zone_source/zm_parkour_nothing0.zone|csv
548,image,i_t7_micro_metal_grunge_scratch_fine_01_n,138,371384,|mc/mtl_p7_zm_der_pswitch_body_brass|material|p7_zm_der_pswitch_body|xmodel|maps/zm/zm_parkour_nothing0.d3dbsp|gfx_map|zone_source/zm_parkour_nothing0.zone|csv
549,image,i_t7_micro_metal_grunge_scratch_fine_01_g,290,218440,|mc/mtl_p7_zm_der_pswitch_body_brass|material|p7_zm_der_pswitch_body|xmodel|maps/zm/zm_parkour_nothing0.d3dbsp|gfx_map|zone_source/zm_parkour_nothing0.zone|csv
550,image,$white_gloss,14,0,|mc/mtl_t6_attach_optic_scope_inside|material|vm_t6_acog|xmodel|t6_xpr50_up|weapon|zone_source/zm_parkour_nothing0.zone|csv
551,image,i_t7_micro_metal_grunge_scratch_fine_01_c,298,196608,|mc/mtl_p7_zm_der_pswitch_body_brass|material|p7_zm_der_pswitch_body|xmodel|maps/zm/zm_parkour_nothing0.d3dbsp|gfx_map|zone_source/zm_parkour_nothing0.zone|csv
552,material,mc/mtl_p7_zm_der_pswitch_body_brass,2076,0,|p7_zm_der_pswitch_body|xmodel|maps/zm/zm_parkour_nothing0.d3dbsp|gfx_map|zone_source/zm_parkour_nothing0.zone|csv
553,techset,mc/lit_micro_tile_blend#e6142445,34,0,|mc/mtl_p7_zm_der_magic_box_fake_leather|material|p7_zm_der_magic_box_fake_trunk|xmodel|p7_zm_der_magic_box_fake|xmodel|zmcore_magicbox|zbarrier|maps/zm/zm_parkour_nothing0.d3dbsp|col_map|zone_source/zm_parkour_nothing0.zone|csv
554,image,i_t7_micro_dusty_01_c,110,196608,|mc/mtl_p7_zm_der_pswitch_body_plastic|material|p7_zm_der_pswitch_body|xmodel|maps/zm/zm_parkour_nothing0.d3dbsp|gfx_map|zone_source/zm_parkour_nothing0.zone|csv
555,material,mc/mtl_p7_zm_der_pswitch_body_plastic,1632,0,|p7_zm_der_pswitch_body|xmodel|maps/zm/zm_parkour_nothing0.d3dbsp|gfx_map|zone_source/zm_parkour_nothing0.zone|csv
556,image,i_mtl_p7_zm_der_teleporter_control_gauge_c,123,109240,|mc/mtl_p7_zm_der_teleporter_control_gauge|material|p7_zm_der_pswitch_body|xmodel|maps/zm/zm_parkour_nothing0.d3dbsp|gfx_map|zone_source/zm_parkour_nothing0.zone|csv
557,material,mc/mtl_p7_zm_der_teleporter_control_gauge,1157,0,|p7_zm_der_pswitch_body|xmodel|maps/zm/zm_parkour_nothing0.d3dbsp|gfx_map|zone_source/zm_parkour_nothing0.zone|csv
558,techset,mc/lit_transparent#e6142445,29,0,|mc/mtl_t6_wpn_sniper_xpr50_scope_reticle|material|vm_t6_xpr50_ads_scope|xmodel|t6_xpr50|weapon|zone_source/zm_parkour_nothing0.zone|csv
559,image,i_mtl_p7_zm_pswitch_glass_c,108,131072,|mc/mtl_p7_zm_der_pswitch_glass|material|p7_zm_der_pswitch_body|xmodel|maps/zm/zm_parkour_nothing0.d3dbsp|gfx_map|zone_source/zm_parkour_nothing0.zone|csv
560,material,mc/mtl_p7_zm_der_pswitch_glass,1287,0,|p7_zm_der_pswitch_body|xmodel|maps/zm/zm_parkour_nothing0.d3dbsp|gfx_map|zone_source/zm_parkour_nothing0.zone|csv
561,techset,mc/lit_micro_tiled#e6142445,244260,0,|mc/mtl_p7_zm_der_pswitch_handle_red|material|p7_zm_der_pswitch_handle|xmodel|maps/zm/zm_parkour_nothing0.d3dbsp|col_map|zone_source/zm_parkour_nothing0.zone|csv
562,material,mc/mtl_p7_zm_der_pswitch_body_plastic_red,1532,0,|p7_zm_der_pswitch_body|xmodel|maps/zm/zm_parkour_nothing0.d3dbsp|gfx_map|zone_source/zm_parkour_nothing0.zone|csv
563,techset,mc/lit_backlit#e6142445,240640,0,|mc/mtl_p7_zm_vending_packapunch_sign|material|p7_zm_vending_packapunch_on|xmodel|zmcore_packapunch|zbarrier|maps/zm/zm_parkour_nothing0.d3dbsp|col_map|zone_source/zm_parkour_nothing0.zone|csv
564,image,i_mtl_p7_zm_pswitch_bulb_t,83,87368,|mc/mtl_p7_zm_der_pswitch_bulb|material|p7_zm_der_pswitch_body|xmodel|maps/zm/zm_parkour_nothing0.d3dbsp|gfx_map|zone_source/zm_parkour_nothing0.zone|csv
565,image,i_mtl_p7_zm_pswitch_bulb_c,283,65536,|mc/mtl_p7_zm_der_pswitch_bulb|material|p7_zm_der_pswitch_body|xmodel|maps/zm/zm_parkour_nothing0.d3dbsp|gfx_map|zone_source/zm_parkour_nothing0.zone|csv
566,material,mc/mtl_p7_zm_der_pswitch_bulb,1130,0,|p7_zm_der_pswitch_body|xmodel|maps/zm/zm_parkour_nothing0.d3dbsp|gfx_map|zone_source/zm_parkour_nothing0.zone|csv
567,xmodelmesh,p7_zm_der_pswitch_body_lod01d89a5ff,912,64472,|p7_zm_der_pswitch_body|xmodel|maps/zm/zm_parkour_nothing0.d3dbsp|gfx_map|zone_source/zm_parkour_nothing0.zone|csv
568,xmodelmesh,p7_zm_der_pswitch_body_lod05e5bfa9f,912,102544,|p7_zm_der_pswitch_body|xmodel|maps/zm/zm_parkour_nothing0.d3dbsp|gfx_map|zone_source/zm_parkour_nothing0.zone|csv
569,xmodel,p7_zm_der_pswitch_body,7860,0,|maps/zm/zm_parkour_nothing0.d3dbsp|gfx_map|zone_source/zm_parkour_nothing0.zone|csv
570,image,i_mtl_p7_electrical_box_set_box_1_n,300,400976,|mc/mtl_p7_electrical_box_1|material|p7_electrical_box_set_box_4|xmodel|maps/zm/zm_parkour_nothing0.d3dbsp|gfx_map|zone_source/zm_parkour_nothing0.zone|csv
571,image,i_mtl_p7_electrical_box_set_box_1_c,284,218440,|mc/mtl_p7_electrical_box_1|material|p7_electrical_box_set_box_4|xmodel|maps/zm/zm_parkour_nothing0.d3dbsp|gfx_map|zone_source/zm_parkour_nothing0.zone|csv
572,material,mc/mtl_p7_electrical_box_1,804,0,|p7_electrical_box_set_box_4|xmodel|maps/zm/zm_parkour_nothing0.d3dbsp|gfx_map|zone_source/zm_parkour_nothing0.zone|csv
573,xmodelmesh,p7_electrical_box_set_box_4_lod0ce5f4775,240,27416,|p7_electrical_box_set_box_4|xmodel|maps/zm/zm_parkour_nothing0.d3dbsp|gfx_map|zone_source/zm_parkour_nothing0.zone|csv
574,xmodelmesh,p7_electrical_box_set_box_4_lod09a39e40b,248,44624,|p7_electrical_box_set_box_4|xmodel|maps/zm/zm_parkour_nothing0.d3dbsp|gfx_map|zone_source/zm_parkour_nothing0.zone|csv
575,xmodelmesh,p7_electrical_box_set_box_4_colfeb2e195,1232,0,|p7_electrical_box_set_box_4|xmodel|maps/zm/zm_parkour_nothing0.d3dbsp|gfx_map|zone_source/zm_parkour_nothing0.zone|csv
576,xmodel,p7_electrical_box_set_box_4,1072,0,|maps/zm/zm_parkour_nothing0.d3dbsp|gfx_map|zone_source/zm_parkour_nothing0.zone|csv
577,image,i_mtl_p7_wires_electrical_rubber_n,115,102736,|mc/mtl_p7_wires_electrical_rubber|material|p7_wires_electrical_rubber_04|xmodel|maps/zm/zm_parkour_nothing0.d3dbsp|gfx_map|zone_source/zm_parkour_nothing0.zone|csv
578,image,i_mtl_p7_wires_electrical_rubber_c,291,131072,|mc/mtl_p7_wires_electrical_rubber|material|p7_wires_electrical_rubber_04|xmodel|maps/zm/zm_parkour_nothing0.d3dbsp|gfx_map|zone_source/zm_parkour_nothing0.zone|csv
579,material,mc/mtl_p7_wires_electrical_rubber,1034,0,|p7_wires_electrical_rubber_04|xmodel|maps/zm/zm_parkour_nothing0.d3dbsp|gfx_map|zone_source/zm_parkour_nothing0.zone|csv
580,xmodelmesh,p7_wires_electrical_rubber_04_lod1857c5564,240,21008,|p7_wires_electrical_rubber_04|xmodel|maps/zm/zm_parkour_nothing0.d3dbsp|gfx_map|zone_source/zm_parkour_nothing0.zone|csv
581,xmodelmesh,p7_wires_electrical_rubber_04_lod043a862c4,240,37040,|p7_wires_electrical_rubber_04|xmodel|maps/zm/zm_parkour_nothing0.d3dbsp|gfx_map|zone_source/zm_parkour_nothing0.zone|csv
582,xmodel,p7_wires_electrical_rubber_04,280,0,|maps/zm/zm_parkour_nothing0.d3dbsp|gfx_map|zone_source/zm_parkour_nothing0.zone|csv
583,surfacesounddef,zombfootstep_prone_zomb,24,0,|zombfootstep|footsteptable|spawner_zm_factory_zombie|aitype|maps/zm/zm_parkour_nothing0.d3dbsp|col_map|zone_source/zm_parkour_nothing0.zone|csv
584,surfacesounddef,zombfootstep_crouch_walk_zomb,30,0,|zombfootstep|footsteptable|spawner_zm_factory_zombie|aitype|maps/zm/zm_parkour_nothing0.d3dbsp|col_map|zone_source/zm_parkour_nothing0.zone|csv
585,surfacesounddef,zombfootstep_crouch_run_zomb,29,0,|zombfootstep|footsteptable|spawner_zm_factory_zombie|aitype|maps/zm/zm_parkour_nothing0.d3dbsp|col_map|zone_source/zm_parkour_nothing0.zone|csv
586,surfacesounddef,zombfootstep_walk_zomb,23,0,|zombfootstep|footsteptable|spawner_zm_factory_zombie|aitype|maps/zm/zm_parkour_nothing0.d3dbsp|col_map|zone_source/zm_parkour_nothing0.zone|csv
587,surfacesounddef,zombfootstep_run_zomb,22,0,|zombfootstep|footsteptable|spawner_zm_factory_zombie|aitype|maps/zm/zm_parkour_nothing0.d3dbsp|col_map|zone_source/zm_parkour_nothing0.zone|csv
588,surfacesounddef,zombfootstep_sprint_zomb,25,0,|zombfootstep|footsteptable|spawner_zm_factory_zombie|aitype|maps/zm/zm_parkour_nothing0.d3dbsp|col_map|zone_source/zm_parkour_nothing0.zone|csv
589,surfacesounddef,zombfootstep_ladder_hand_zomb,30,0,|zombfootstep|footsteptable|spawner_zm_factory_zombie|aitype|maps/zm/zm_parkour_nothing0.d3dbsp|col_map|zone_source/zm_parkour_nothing0.zone|csv
590,footsteptable,zombfootstep,13,0,|spawner_zm_factory_zombie|aitype|maps/zm/zm_parkour_nothing0.d3dbsp|col_map|zone_source/zm_parkour_nothing0.zone|csv
591,techset,mc/lit_transition#e6142445,28,0,|mc/mtl_c_zom_der_zombie_body2_skin|material|c_zom_der_zombie_body2_g_blegsoff|xmodel|c_zom_der_zombie2_nohat|character|spawner_zm_factory_zombie|aitype|maps/zm/zm_parkour_nothing0.d3dbsp|col_map|zone_source/zm_parkour_nothing0.zone|csv
592,image,i_c_gen_char_g,16,0,|mc/mtl_c_zom_der_zombie_gear_knife|material|c_zom_der_zombie_body2_g_larmoff|xmodel|c_zom_der_zombie2_nohat|character|spawner_zm_factory_zombie|aitype|maps/zm/zm_parkour_nothing0.d3dbsp|col_map|zone_source/zm_parkour_nothing0.zone|csv
593,image,$occlusion,12,0,|mc/mtl_t6_attach_optic_m32_lens|material|vm_t6_war_machine_ads_scope|xmodel|t6_war_machine_up|weapon|zone_source/zm_parkour_nothing0.zone|csv
594,image,i_c_gen_char_c,16,0,|mc/mtl_c_zom_der_zombie_gear_knife|material|c_zom_der_zombie_body2_g_larmoff|xmodel|c_zom_der_zombie2_nohat|character|spawner_zm_factory_zombie|aitype|maps/zm/zm_parkour_nothing0.d3dbsp|col_map|zone_source/zm_parkour_nothing0.zone|csv
595,image,i_c_zom_zod_zombie_fem_body_1_skin_n,69,2847392,|mc/mtl_c_zom_zod_zombie_fem_body_1_skin|material|c_zom_zod_zombie_fem_body1_g_llegspawn|xmodel|c_zom_der_zombie_gib_def|scriptbundle|c_zom_der_zombie2_nohat|character|spawner_zm_factory_zombie|aitype|maps/zm/zm_parkour_nothing0.d3dbsp|col_map|zone_source/zm_parkour_nothing0.zone|csv
596,image,i_c_zom_zod_zombie_fem_body_1_skin_g,277,1419928,|mc/mtl_c_zom_zod_zombie_fem_body_1_skin|material|c_zom_zod_zombie_fem_body1_g_llegspawn|xmodel|c_zom_der_zombie_gib_def|scriptbundle|c_zom_der_zombie2_nohat|character|spawner_zm_factory_zombie|aitype|maps/zm/zm_parkour_nothing0.d3dbsp|col_map|zone_source/zm_parkour_nothing0.zone|csv
597,image,i_c_gen_reveal_1k_rec_horiz_r,31,0,|mc/mtl_c_zom_der_zombie_body2_skin|material|c_zom_der_zombie_body2_g_blegsoff|xmodel|c_zom_der_zombie2_nohat|character|spawner_zm_factory_zombie|aitype|maps/zm/zm_parkour_nothing0.d3dbsp|col_map|zone_source/zm_parkour_nothing0.zone|csv
598,image,i_c_zom_zod_zombie_fem_body_1_skin_c,293,393216,|mc/mtl_c_zom_zod_zombie_fem_body_1_skin|material|c_zom_zod_zombie_fem_body1_g_llegspawn|xmodel|c_zom_der_zombie_gib_def|scriptbundle|c_zom_der_zombie2_nohat|character|spawner_zm_factory_zombie|aitype|maps/zm/zm_parkour_nothing0.d3dbsp|col_map|zone_source/zm_parkour_nothing0.zone|csv
599,image,i_c_gen_char_n,16,0,|mc/mtl_c_zom_der_zombie_gear_knife|material|c_zom_der_zombie_body2_g_larmoff|xmodel|c_zom_der_zombie2_nohat|character|spawner_zm_factory_zombie|aitype|maps/zm/zm_parkour_nothing0.d3dbsp|col_map|zone_source/zm_parkour_nothing0.zone|csv
600,material,mc/mtl_c_zom_zod_zombie_fem_body_1_skin,1542,0,|c_zom_zod_zombie_fem_body1_g_llegspawn|xmodel|c_zom_der_zombie_gib_def|scriptbundle|c_zom_der_zombie2_nohat|character|spawner_zm_factory_zombie|aitype|maps/zm/zm_parkour_nothing0.d3dbsp|col_map|zone_source/zm_parkour_nothing0.zone|csv
601,techset,mc/lit_decal_diffuse_spec_gloss#e6142445,42,0,|mc/mtl_c_gen_gib_alpha|material|c_zom_der_zombie_body2_g_blegsoff|xmodel|c_zom_der_zombie2_nohat|character|spawner_zm_factory_zombie|aitype|maps/zm/zm_parkour_nothing0.d3dbsp|col_map|zone_source/zm_parkour_nothing0.zone|csv
602,material,mc/mtl_c_gen_gib_gore_arm_right_a,35,0,|c_zom_zod_zombie_fem_body1_g_larmspawn|xmodel|c_zom_der_zombie_gib_def|scriptbundle|c_zom_der_zombie2_nohat|character|spawner_zm_factory_zombie|aitype|maps/zm/zm_parkour_nothing0.d3dbsp|col_map|zone_source/zm_parkour_nothing0.zone|csv
603,physpreset,gib,5,0,|c_zom_der_zombie_helmet1|xmodel|c_zom_der_zombie2|character|spawner_zm_factory_zombie|aitype|maps/zm/zm_parkour_nothing0.d3dbsp|col_map|zone_source/zm_parkour_nothing0.zone|csv
604,xmodelmesh,c_zom_zod_zombie_fem_body1_g_rarmspawn_lod0cc3184d5,358,21480,|c_zom_zod_zombie_fem_body1_g_rarmspawn|xmodel|c_zom_der_zombie_gib_def|scriptbundle|c_zom_der_zombie2_nohat|character|spawner_zm_factory_zombie|aitype|maps/zm/zm_parkour_nothing0.d3dbsp|col_map|zone_source/zm_parkour_nothing0.zone|csv
605,xmodelmesh,c_zom_zod_zombie_fem_body1_g_rarmspawn_lod02f5eed13,360,36352,|c_zom_zod_zombie_fem_body1_g_rarmspawn|xmodel|c_zom_der_zombie_gib_def|scriptbundle|c_zom_der_zombie2_nohat|character|spawner_zm_factory_zombie|aitype|maps/zm/zm_parkour_nothing0.d3dbsp|col_map|zone_source/zm_parkour_nothing0.zone|csv
606,xmodel,c_zom_zod_zombie_fem_body1_g_rarmspawn,4048,0,|c_zom_der_zombie_gib_def|scriptbundle|c_zom_der_zombie2_nohat|character|spawner_zm_factory_zombie|aitype|maps/zm/zm_parkour_nothing0.d3dbsp|col_map|zone_source/zm_parkour_nothing0.zone|csv
607,material,ei/gfx_gel_splat_string_spec,30,0,|impacts/fx_bul_impact_blood_body_fatal_exit_uw|fx|impacts/fx_bul_impact_blood_body_fatal_exit|fx|entity_exit_bullet_small|entityfximpacts|bullet_small_exit|impactsfxtable|t6_xpr50_up|weapon|zone_source/zm_parkour_nothing0.zone|csv
608,material,ei/gfx_gel_drops_full_lite_spec,33,0,|impacts/fx_bul_impact_water_lg|fx|surface_exit_bullet_small|surfacefxtable|bullet_small_exit|impactsfxtable|t6_xpr50_up|weapon|zone_source/zm_parkour_nothing0.zone|csv
609,material,ei/gfx_gel_splat_full_spec,28,0,|blood/fx_blood_decal_impact_ground_zmb|fx|impacts/fx_bul_impact_blood_body_fatal_exit_zmb|fx|entity_exit_bullet_small|entityfximpacts|bullet_small_exit|impactsfxtable|t6_xpr50_up|weapon|zone_source/zm_parkour_nothing0.zone|csv
610,techset,el/effect_lit_blend#3236dcd6,30,0,|el/gfx_trail_laser_lit|material|weapon/fx_trail_fake_bullet|fx|impacts/fx_bul_impact_pwr_armor_lg|fx|entity_enter_bullet_small|entityfximpacts|bullet_small_enter|impactsfxtable|t6_xpr50_up|weapon|zone_source/zm_parkour_nothing0.zone|csv
611,material,el/gfx_gel_trail_lit,22,0,|blood/fx_blood_gib_limb_trail|fx|impacts/fx_bul_impact_blood_head_fatal_exit_zmb|fx|entity_exit_bullet_small|entityfximpacts|bullet_small_exit|impactsfxtable|t6_xpr50_up|weapon|zone_source/zm_parkour_nothing0.zone|csv
612,techset,lit_weapon_impact#da7372ff,28,0,|gfx_decal_foam|material|impacts/fx_bul_impact_water_lg|fx|surface_exit_bullet_small|surfacefxtable|bullet_small_exit|impactsfxtable|t6_xpr50_up|weapon|zone_source/zm_parkour_nothing0.zone|csv
613,material,gfx_decal_blood_nonfatal_01,29,0,|blood/fx_blood_decal_impact_ground_sm|fx|impacts/fx_bul_impact_armor_body_fatal_exit|fx|entity_exit_bullet_small|entityfximpacts|bullet_small_exit|impactsfxtable|t6_xpr50_up|weapon|zone_source/zm_parkour_nothing0.zone|csv
614,techset,vd/lit_weapon_impact#36ede2cf,31,0,|vd/gfx_decal_foam|material|impacts/fx_bul_impact_water_lg|fx|surface_exit_bullet_small|surfacefxtable|bullet_small_exit|impactsfxtable|t6_xpr50_up|weapon|zone_source/zm_parkour_nothing0.zone|csv
615,material,vd/gfx_decal_blood_nonfatal_01,32,0,|blood/fx_blood_decal_impact_ground_sm|fx|impacts/fx_bul_impact_armor_body_fatal_exit|fx|entity_exit_bullet_small|entityfximpacts|bullet_small_exit|impactsfxtable|t6_xpr50_up|weapon|zone_source/zm_parkour_nothing0.zone|csv
616,techset,vdd/lit_weapon_impact#ec9dbdd0,32,0,|vdd/gfx_decal_foam|material|impacts/fx_bul_impact_water_lg|fx|surface_exit_bullet_small|surfacefxtable|bullet_small_exit|impactsfxtable|t6_xpr50_up|weapon|zone_source/zm_parkour_nothing0.zone|csv
617,material,vdd/gfx_decal_blood_nonfatal_01,33,0,|blood/fx_blood_decal_impact_ground_sm|fx|impacts/fx_bul_impact_armor_body_fatal_exit|fx|entity_exit_bullet_small|entityfximpacts|bullet_small_exit|impactsfxtable|t6_xpr50_up|weapon|zone_source/zm_parkour_nothing0.zone|csv
618,material,gfx_decal_blood_nonfatal_02,29,0,|blood/fx_blood_decal_impact_ground_sm|fx|impacts/fx_bul_impact_armor_body_fatal_exit|fx|entity_exit_bullet_small|entityfximpacts|bullet_small_exit|impactsfxtable|t6_xpr50_up|weapon|zone_source/zm_parkour_nothing0.zone|csv
619,material,vd/gfx_decal_blood_nonfatal_02,32,0,|blood/fx_blood_decal_impact_ground_sm|fx|impacts/fx_bul_impact_armor_body_fatal_exit|fx|entity_exit_bullet_small|entityfximpacts|bullet_small_exit|impactsfxtable|t6_xpr50_up|weapon|zone_source/zm_parkour_nothing0.zone|csv
620,material,vdd/gfx_decal_blood_nonfatal_02,33,0,|blood/fx_blood_decal_impact_ground_sm|fx|impacts/fx_bul_impact_armor_body_fatal_exit|fx|entity_exit_bullet_small|entityfximpacts|bullet_small_exit|impactsfxtable|t6_xpr50_up|weapon|zone_source/zm_parkour_nothing0.zone|csv
621,material,ei/gfx_gel_splat_wide_spec,28,0,|impacts/fx_bul_impact_blood_body_fatal_exit_uw|fx|impacts/fx_bul_impact_blood_body_fatal_exit|fx|entity_exit_bullet_small|entityfximpacts|bullet_small_exit|impactsfxtable|t6_xpr50_up|weapon|zone_source/zm_parkour_nothing0.zone|csv
622,fx,blood/fx_blood_sword_decal_impact_ground_zod_zmb,50,0,|impacts/fx_bul_impact_blood_body_fatal_exit_zmb|fx|entity_exit_bullet_small|entityfximpacts|bullet_small_exit|impactsfxtable|t6_xpr50_up|weapon|zone_source/zm_parkour_nothing0.zone|csv
623,fx,blood/fx_blood_trail_zmb,4924,0,|c_zom_der_zombie_gib_def|scriptbundle|c_zom_der_zombie2_nohat|character|spawner_zm_factory_zombie|aitype|maps/zm/zm_parkour_nothing0.d3dbsp|col_map|zone_source/zm_parkour_nothing0.zone|csv
624,material,ei/gfx_gel_splat_spread_spec,30,0,|impacts/fx_bul_impact_blood_body_nonfatal_exit_uw|fx|impacts/fx_bul_impact_blood_body_nonfatal_exit|fx|entity_exit_bullet_small|entityfximpacts|bullet_small_exit|impactsfxtable|t6_xpr50_up|weapon|zone_source/zm_parkour_nothing0.zone|csv
625,material,ei/gfx_gel_splat_radial_spec,30,0,|blood/fx_blood_decal_impact_ground_zmb|fx|impacts/fx_bul_impact_blood_body_fatal_exit_zmb|fx|entity_exit_bullet_small|entityfximpacts|bullet_small_exit|impactsfxtable|t6_xpr50_up|weapon|zone_source/zm_parkour_nothing0.zone|csv
626,techset,mc/vegetation#e6142445,24,0,|mc/mtl_gib_chunk_set|material|p7_gib_chunk_bone_03|xmodel|blood/fx_blood_gib_leg_sever_burst|fx|c_zom_der_zombie_gib_def|scriptbundle|c_zom_der_zombie2_nohat|character|spawner_zm_factory_zombie|aitype|maps/zm/zm_parkour_nothing0.d3dbsp|col_map|zone_source/zm_parkour_nothing0.zone|csv
627,material,mc/mtl_gib_chunk_set,22,0,|p7_gib_chunk_bone_03|xmodel|blood/fx_blood_gib_leg_sever_burst|fx|c_zom_der_zombie_gib_def|scriptbundle|c_zom_der_zombie2_nohat|character|spawner_zm_factory_zombie|aitype|maps/zm/zm_parkour_nothing0.d3dbsp|col_map|zone_source/zm_parkour_nothing0.zone|csv
628,xmodel,p7_gib_chunk_meat_01,22,0,|impacts/fx_bul_impact_blood_head_fatal|fx|entity_enter_bullet_small|entityfximpacts|bullet_small_enter|impactsfxtable|t6_xpr50_up|weapon|zone_source/zm_parkour_nothing0.zone|csv
629,xmodel,p7_gib_chunk_meat_02,22,0,|impacts/fx_bul_impact_blood_head_fatal|fx|entity_enter_bullet_small|entityfximpacts|bullet_small_enter|impactsfxtable|t6_xpr50_up|weapon|zone_source/zm_parkour_nothing0.zone|csv
630,xmodel,p7_gib_chunk_meat_03,22,0,|impacts/fx_bul_impact_blood_head_fatal|fx|entity_enter_bullet_small|entityfximpacts|bullet_small_enter|impactsfxtable|t6_xpr50_up|weapon|zone_source/zm_parkour_nothing0.zone|csv
631,xmodel,p7_gib_chunk_flesh_01,23,0,|blood/fx_blood_gib_leg_sever_burst|fx|c_zom_der_zombie_gib_def|scriptbundle|c_zom_der_zombie2_nohat|character|spawner_zm_factory_zombie|aitype|maps/zm/zm_parkour_nothing0.d3dbsp|col_map|zone_source/zm_parkour_nothing0.zone|csv
632,xmodel,p7_gib_chunk_flesh_02,23,0,|blood/fx_blood_gib_leg_sever_burst|fx|c_zom_der_zombie_gib_def|scriptbundle|c_zom_der_zombie2_nohat|character|spawner_zm_factory_zombie|aitype|maps/zm/zm_parkour_nothing0.d3dbsp|col_map|zone_source/zm_parkour_nothing0.zone|csv
633,xmodel,p7_gib_chunk_flesh_03,23,0,|blood/fx_blood_gib_leg_sever_burst|fx|c_zom_der_zombie_gib_def|scriptbundle|c_zom_der_zombie2_nohat|character|spawner_zm_factory_zombie|aitype|maps/zm/zm_parkour_nothing0.d3dbsp|col_map|zone_source/zm_parkour_nothing0.zone|csv
634,xmodel,p7_gib_chunk_bone_01,22,0,|blood/fx_blood_gib_leg_sever_burst|fx|c_zom_der_zombie_gib_def|scriptbundle|c_zom_der_zombie2_nohat|character|spawner_zm_factory_zombie|aitype|maps/zm/zm_parkour_nothing0.d3dbsp|col_map|zone_source/zm_parkour_nothing0.zone|csv
635,xmodel,p7_gib_chunk_bone_02,22,0,|blood/fx_blood_gib_leg_sever_burst|fx|c_zom_der_zombie_gib_def|scriptbundle|c_zom_der_zombie2_nohat|character|spawner_zm_factory_zombie|aitype|maps/zm/zm_parkour_nothing0.d3dbsp|col_map|zone_source/zm_parkour_nothing0.zone|csv
636,xmodel,p7_gib_chunk_bone_03,22,0,|blood/fx_blood_gib_leg_sever_burst|fx|c_zom_der_zombie_gib_def|scriptbundle|c_zom_der_zombie2_nohat|character|spawner_zm_factory_zombie|aitype|maps/zm/zm_parkour_nothing0.d3dbsp|col_map|zone_source/zm_parkour_nothing0.zone|csv
637,material,ei/gfx_gel_drops_spec,23,0,|impacts/fx_bul_impact_armor_body_fatal_exit|fx|entity_exit_bullet_small|entityfximpacts|bullet_small_exit|impactsfxtable|t6_xpr50_up|weapon|zone_source/zm_parkour_nothing0.zone|csv
638,techset,ei/effect_lit_blend#2843f95a,30,0,|ei/gfx_water_bubble_int1_anim_lit|material|weapon/fx_muz_sm_gas_flash_3p|fx|weapon/fx_muz_sm_pistol_3p|fx|t6_vector_k10|weapon|zone_source/zm_parkour_nothing0.zone|csv
639,material,ei/gfx_water_splash_side_bits,31,0,|impacts/fx_bul_impact_blood_body_fatal_exit_zmb|fx|entity_exit_bullet_small|entityfximpacts|bullet_small_exit|impactsfxtable|t6_xpr50_up|weapon|zone_source/zm_parkour_nothing0.zone|csv
640,material,ei/gfx_gel_splat_side_spec,28,0,|impacts/fx_bul_impact_blood_body_fatal_exit_uw|fx|impacts/fx_bul_impact_blood_body_fatal_exit|fx|entity_exit_bullet_small|entityfximpacts|bullet_small_exit|impactsfxtable|t6_xpr50_up|weapon|zone_source/zm_parkour_nothing0.zone|csv
641,fx,blood/fx_blood_decal_impact_ground_sm,39,0,|impacts/fx_bul_impact_armor_body_fatal_exit|fx|entity_exit_bullet_small|entityfximpacts|bullet_small_exit|impactsfxtable|t6_xpr50_up|weapon|zone_source/zm_parkour_nothing0.zone|csv
642,fx,blood/fx_blood_gib_arm_sever_burst,31838,0,|c_zom_der_zombie_gib_def|scriptbundle|c_zom_der_zombie2_nohat|character|spawner_zm_factory_zombie|aitype|maps/zm/zm_parkour_nothing0.d3dbsp|col_map|zone_source/zm_parkour_nothing0.zone|csv
643,image,i_c_zom_zod_zombie_fem_boots_n,47,400928,|mc/mtl_c_zom_zod_zombie_fem_boots|material|c_zom_zod_zombie_fem_body1_g_llegspawn|xmodel|c_zom_der_zombie_gib_def|scriptbundle|c_zom_der_zombie2_nohat|character|spawner_zm_factory_zombie|aitype|maps/zm/zm_parkour_nothing0.d3dbsp|col_map|zone_source/zm_parkour_nothing0.zone|csv
644,image,i_c_zom_zod_zombie_fem_boots_g,279,218440,|mc/mtl_c_zom_zod_zombie_fem_boots|material|c_zom_zod_zombie_fem_body1_g_llegspawn|xmodel|c_zom_der_zombie_gib_def|scriptbundle|c_zom_der_zombie2_nohat|character|spawner_zm_factory_zombie|aitype|maps/zm/zm_parkour_nothing0.d3dbsp|col_map|zone_source/zm_parkour_nothing0.zone|csv
645,image,i_c_gen_reveal_512_sq_r,25,0,|mc/mtl_c_zom_der_zombie_gear_g43pouch|material|c_zom_der_zombie_body2_g_larmoff|xmodel|c_zom_der_zombie2_nohat|character|spawner_zm_factory_zombie|aitype|maps/zm/zm_parkour_nothing0.d3dbsp|col_map|zone_source/zm_parkour_nothing0.zone|csv
646,image,i_c_zom_zod_zombie_fem_boots_c,287,196608,|mc/mtl_c_zom_zod_zombie_fem_boots|material|c_zom_zod_zombie_fem_body1_g_llegspawn|xmodel|c_zom_der_zombie_gib_def|scriptbundle|c_zom_der_zombie2_nohat|character|spawner_zm_factory_zombie|aitype|maps/zm/zm_parkour_nothing0.d3dbsp|col_map|zone_source/zm_parkour_nothing0.zone|csv
647,material,mc/mtl_c_zom_zod_zombie_fem_boots,1538,0,|c_zom_zod_zombie_fem_body1_g_llegspawn|xmodel|c_zom_der_zombie_gib_def|scriptbundle|c_zom_der_zombie2_nohat|character|spawner_zm_factory_zombie|aitype|maps/zm/zm_parkour_nothing0.d3dbsp|col_map|zone_source/zm_parkour_nothing0.zone|csv
648,xmodelmesh,c_zom_zod_zombie_fem_body1_g_rlegspawn_lod0e81c06d8,360,15304,|c_zom_zod_zombie_fem_body1_g_rlegspawn|xmodel|c_zom_der_zombie_gib_def|scriptbundle|c_zom_der_zombie2_nohat|character|spawner_zm_factory_zombie|aitype|maps/zm/zm_parkour_nothing0.d3dbsp|col_map|zone_source/zm_parkour_nothing0.zone|csv
649,xmodelmesh,c_zom_zod_zombie_fem_body1_g_rlegspawn_lod01414fc82,360,28672,|c_zom_zod_zombie_fem_body1_g_rlegspawn|xmodel|c_zom_der_zombie_gib_def|scriptbundle|c_zom_der_zombie2_nohat|character|spawner_zm_factory_zombie|aitype|maps/zm/zm_parkour_nothing0.d3dbsp|col_map|zone_source/zm_parkour_nothing0.zone|csv
650,xmodel,c_zom_zod_zombie_fem_body1_g_rlegspawn,3612,0,|c_zom_der_zombie_gib_def|scriptbundle|c_zom_der_zombie2_nohat|character|spawner_zm_factory_zombie|aitype|maps/zm/zm_parkour_nothing0.d3dbsp|col_map|zone_source/zm_parkour_nothing0.zone|csv
651,material,ei/gfx_fog_slow_sm_anim_lit,29,0,|electrical_spark_burst|fx|electrical_spark|fx|maps/zm/zm_parkour_nothing0.d3dbsp|col_map|zone_source/zm_parkour_nothing0.zone|csv
652,material,ei/gfx_gel_splat_spread_lit,29,0,|skye_efx/t6_efx/fx_t6_raygun_mark2_flesh_impact_up|fx|t6_raygun_mark2_up_entity_impactfx|entityfximpacts|t6_raygun_mark2_up_impactfx|impactsfxtable|t6_mauser_c96_up|weapon|zone_source/zm_parkour_nothing0.zone|csv
653,material,ei/gfx_gel_splat_radial_lit,29,0,|impacts/fx_bul_impact_blood_head_fatal_meat_trail|fx|impacts/fx_bul_impact_blood_head_fatal_exit|fx|entity_exit_bullet_small|entityfximpacts|bullet_small_exit|impactsfxtable|t6_xpr50_up|weapon|zone_source/zm_parkour_nothing0.zone|csv
654,material,ei/gfx_gel_splat_full_lit,27,0,|skye_efx/t6_efx/fx_t6_raygun_mark2_flesh_impact_up|fx|t6_raygun_mark2_up_entity_impactfx|entityfximpacts|t6_raygun_mark2_up_impactfx|impactsfxtable|t6_mauser_c96_up|weapon|zone_source/zm_parkour_nothing0.zone|csv
655,material,ei/gfx_gel_splat_string_lit,29,0,|impacts/fx_bul_impact_boss_body_fatal_exit|fx|entity_exit_bullet_small|entityfximpacts|bullet_small_exit|impactsfxtable|t6_xpr50_up|weapon|zone_source/zm_parkour_nothing0.zone|csv
656,material,ei/gfx_debris_clump_lit,25,0,|impacts/fx_bul_impact_wood_lg|fx|surface_exit_bullet_small|surfacefxtable|bullet_small_exit|impactsfxtable|t6_xpr50_up|weapon|zone_source/zm_parkour_nothing0.zone|csv
657,material,ei/gfx_fire_flame_base_2_anim_em,34,0,|blood/fx_blood_impact_exp_body_lg_zmb|fx|c_zom_der_zombie_gib_def|scriptbundle|c_zom_der_zombie2_nohat|character|spawner_zm_factory_zombie|aitype|maps/zm/zm_parkour_nothing0.d3dbsp|col_map|zone_source/zm_parkour_nothing0.zone|csv
658,material,ei/gfx_exp_billow_md_anim_em,30,0,|blood/fx_blood_impact_exp_body_lg_zmb|fx|c_zom_der_zombie_gib_def|scriptbundle|c_zom_der_zombie2_nohat|character|spawner_zm_factory_zombie|aitype|maps/zm/zm_parkour_nothing0.d3dbsp|col_map|zone_source/zm_parkour_nothing0.zone|csv
659,fx,blood/fx_blood_sword_trail_emitter_zod_zmb,2716,0,|blood/fx_blood_impact_exp_body_lg_zmb|fx|c_zom_der_zombie_gib_def|scriptbundle|c_zom_der_zombie2_nohat|character|spawner_zm_factory_zombie|aitype|maps/zm/zm_parkour_nothing0.d3dbsp|col_map|zone_source/zm_parkour_nothing0.zone|csv
660,fx,blood/fx_blood_impact_exp_body_lg_zmb,13565,0,|c_zom_der_zombie_gib_def|scriptbundle|c_zom_der_zombie2_nohat|character|spawner_zm_factory_zombie|aitype|maps/zm/zm_parkour_nothing0.d3dbsp|col_map|zone_source/zm_parkour_nothing0.zone|csv
661,material,ei/gfx_blood_impact_drops,27,0,|impacts/fx_bul_impact_armor_body_fatal_exit|fx|entity_exit_bullet_small|entityfximpacts|bullet_small_exit|impactsfxtable|t6_xpr50_up|weapon|zone_source/zm_parkour_nothing0.zone|csv
662,material,gfx_decal_blood_splatter_02,29,0,|impacts/fx_bul_impact_heavy_body_fatal_exit|fx|entity_exit_bullet_small|entityfximpacts|bullet_small_exit|impactsfxtable|t6_xpr50_up|weapon|zone_source/zm_parkour_nothing0.zone|csv
663,material,vd/gfx_decal_blood_splatter_02,32,0,|impacts/fx_bul_impact_heavy_body_fatal_exit|fx|entity_exit_bullet_small|entityfximpacts|bullet_small_exit|impactsfxtable|t6_xpr50_up|weapon|zone_source/zm_parkour_nothing0.zone|csv
664,material,vdd/gfx_decal_blood_splatter_02,33,0,|impacts/fx_bul_impact_heavy_body_fatal_exit|fx|entity_exit_bullet_small|entityfximpacts|bullet_small_exit|impactsfxtable|t6_xpr50_up|weapon|zone_source/zm_parkour_nothing0.zone|csv
665,material,gfx_decal_blood_splatter_03,29,0,|impacts/fx_bul_impact_heavy_body_fatal_exit|fx|entity_exit_bullet_small|entityfximpacts|bullet_small_exit|impactsfxtable|t6_xpr50_up|weapon|zone_source/zm_parkour_nothing0.zone|csv
666,material,vd/gfx_decal_blood_splatter_03,32,0,|impacts/fx_bul_impact_heavy_body_fatal_exit|fx|entity_exit_bullet_small|entityfximpacts|bullet_small_exit|impactsfxtable|t6_xpr50_up|weapon|zone_source/zm_parkour_nothing0.zone|csv
667,material,vdd/gfx_decal_blood_splatter_03,33,0,|impacts/fx_bul_impact_heavy_body_fatal_exit|fx|entity_exit_bullet_small|entityfximpacts|bullet_small_exit|impactsfxtable|t6_xpr50_up|weapon|zone_source/zm_parkour_nothing0.zone|csv
668,material,gfx_decal_blood_fatal_01,26,0,|blood/fx_blood_decal_impact_ground_zmb|fx|impacts/fx_bul_impact_blood_body_fatal_exit_zmb|fx|entity_exit_bullet_small|entityfximpacts|bullet_small_exit|impactsfxtable|t6_xpr50_up|weapon|zone_source/zm_parkour_nothing0.zone|csv
669,material,vd/gfx_decal_blood_fatal_01,29,0,|blood/fx_blood_decal_impact_ground_zmb|fx|impacts/fx_bul_impact_blood_body_fatal_exit_zmb|fx|entity_exit_bullet_small|entityfximpacts|bullet_small_exit|impactsfxtable|t6_xpr50_up|weapon|zone_source/zm_parkour_nothing0.zone|csv
670,material,vdd/gfx_decal_blood_fatal_01,30,0,|blood/fx_blood_decal_impact_ground_zmb|fx|impacts/fx_bul_impact_blood_body_fatal_exit_zmb|fx|entity_exit_bullet_small|entityfximpacts|bullet_small_exit|impactsfxtable|t6_xpr50_up|weapon|zone_source/zm_parkour_nothing0.zone|csv
671,material,gfx_decal_blood_fatal_02,26,0,|blood/fx_blood_decal_impact_ground_zmb|fx|impacts/fx_bul_impact_blood_body_fatal_exit_zmb|fx|entity_exit_bullet_small|entityfximpacts|bullet_small_exit|impactsfxtable|t6_xpr50_up|weapon|zone_source/zm_parkour_nothing0.zone|csv
672,material,vd/gfx_decal_blood_fatal_02,29,0,|blood/fx_blood_decal_impact_ground_zmb|fx|impacts/fx_bul_impact_blood_body_fatal_exit_zmb|fx|entity_exit_bullet_small|entityfximpacts|bullet_small_exit|impactsfxtable|t6_xpr50_up|weapon|zone_source/zm_parkour_nothing0.zone|csv
673,material,vdd/gfx_decal_blood_fatal_02,30,0,|blood/fx_blood_decal_impact_ground_zmb|fx|impacts/fx_bul_impact_blood_body_fatal_exit_zmb|fx|entity_exit_bullet_small|entityfximpacts|bullet_small_exit|impactsfxtable|t6_xpr50_up|weapon|zone_source/zm_parkour_nothing0.zone|csv
674,fx,blood/fx_blood_decal_impact_ground,36,0,|impacts/fx_bul_impact_armor_body_fatal_exit|fx|entity_exit_bullet_small|entityfximpacts|bullet_small_exit|impactsfxtable|t6_xpr50_up|weapon|zone_source/zm_parkour_nothing0.zone|csv
675,material,ei/gfx_smk_whisp_anim_02_lit,30,0,|impacts/fx_bul_impact_blood_body_fatal_exit_uw|fx|impacts/fx_bul_impact_blood_body_fatal_exit|fx|entity_exit_bullet_small|entityfximpacts|bullet_small_exit|impactsfxtable|t6_xpr50_up|weapon|zone_source/zm_parkour_nothing0.zone|csv
676,fx,impacts/fx_bul_impact_blood_head_fatal_exit_uw,48,0,|impacts/fx_bul_impact_blood_head_fatal_exit|fx|entity_exit_bullet_small|entityfximpacts|bullet_small_exit|impactsfxtable|t6_xpr50_up|weapon|zone_source/zm_parkour_nothing0.zone|csv
677,fx,impacts/fx_bul_impact_blood_head_fatal_meat_trail,51,0,|impacts/fx_bul_impact_blood_head_fatal_exit|fx|entity_exit_bullet_small|entityfximpacts|bullet_small_exit|impactsfxtable|t6_xpr50_up|weapon|zone_source/zm_parkour_nothing0.zone|csv
678,fx,impacts/fx_bul_impact_blood_head_fatal_exit,45,0,|entity_exit_bullet_small|entityfximpacts|bullet_small_exit|impactsfxtable|t6_xpr50_up|weapon|zone_source/zm_parkour_nothing0.zone|csv
679,xmodelmesh,c_zom_zod_zombie_fem_body1_g_larmspawn_lod0b5e99667,360,21424,|c_zom_zod_zombie_fem_body1_g_larmspawn|xmodel|c_zom_der_zombie_gib_def|scriptbundle|c_zom_der_zombie2_nohat|character|spawner_zm_factory_zombie|aitype|maps/zm/zm_parkour_nothing0.d3dbsp|col_map|zone_source/zm_parkour_nothing0.zone|csv
680,xmodelmesh,c_zom_zod_zombie_fem_body1_g_larmspawn_lod071ee3647,360,36384,|c_zom_zod_zombie_fem_body1_g_larmspawn|xmodel|c_zom_der_zombie_gib_def|scriptbundle|c_zom_der_zombie2_nohat|character|spawner_zm_factory_zombie|aitype|maps/zm/zm_parkour_nothing0.d3dbsp|col_map|zone_source/zm_parkour_nothing0.zone|csv
681,xmodel,c_zom_zod_zombie_fem_body1_g_larmspawn,4600,0,|c_zom_der_zombie_gib_def|scriptbundle|c_zom_der_zombie2_nohat|character|spawner_zm_factory_zombie|aitype|maps/zm/zm_parkour_nothing0.d3dbsp|col_map|zone_source/zm_parkour_nothing0.zone|csv
682,material,ei/gfx_water_splash_spec,26,0,|blood/fx_blood_gib_leg_sever_burst|fx|c_zom_der_zombie_gib_def|scriptbundle|c_zom_der_zombie2_nohat|character|spawner_zm_factory_zombie|aitype|maps/zm/zm_parkour_nothing0.d3dbsp|col_map|zone_source/zm_parkour_nothing0.zone|csv
683,fx,blood/fx_blood_gib_leg_sever_burst,15526,0,|c_zom_der_zombie_gib_def|scriptbundle|c_zom_der_zombie2_nohat|character|spawner_zm_factory_zombie|aitype|maps/zm/zm_parkour_nothing0.d3dbsp|col_map|zone_source/zm_parkour_nothing0.zone|csv
684,xmodelmesh,c_zom_zod_zombie_fem_body1_g_llegspawn_lod0cb3aa1bd,368,15744,|c_zom_zod_zombie_fem_body1_g_llegspawn|xmodel|c_zom_der_zombie_gib_def|scriptbundle|c_zom_der_zombie2_nohat|character|spawner_zm_factory_zombie|aitype|maps/zm/zm_parkour_nothing0.d3dbsp|col_map|zone_source/zm_parkour_nothing0.zone|csv
685,xmodelmesh,c_zom_zod_zombie_fem_body1_g_llegspawn_lod02a259e13,360,28560,|c_zom_zod_zombie_fem_body1_g_llegspawn|xmodel|c_zom_der_zombie_gib_def|scriptbundle|c_zom_der_zombie2_nohat|character|spawner_zm_factory_zombie|aitype|maps/zm/zm_parkour_nothing0.d3dbsp|col_map|zone_source/zm_parkour_nothing0.zone|csv
686,xmodel,c_zom_zod_zombie_fem_body1_g_llegspawn,3564,0,|c_zom_der_zombie_gib_def|scriptbundle|c_zom_der_zombie2_nohat|character|spawner_zm_factory_zombie|aitype|maps/zm/zm_parkour_nothing0.d3dbsp|col_map|zone_source/zm_parkour_nothing0.zone|csv
687,image,i_c_zom_der_zombie_helmet1_o,37,50520,|mc/mtl_c_zom_der_zombie_helmet1|material|c_zom_der_zombie_helmet1|xmodel|c_zom_der_zombie2|character|spawner_zm_factory_zombie|aitype|maps/zm/zm_parkour_nothing0.d3dbsp|col_map|zone_source/zm_parkour_nothing0.zone|csv
688,image,i_c_zom_der_zombie_helmet1_n,293,1419960,|mc/mtl_c_zom_der_zombie_helmet1|material|c_zom_der_zombie_helmet1|xmodel|c_zom_der_zombie2|character|spawner_zm_factory_zombie|aitype|maps/zm/zm_parkour_nothing0.d3dbsp|col_map|zone_source/zm_parkour_nothing0.zone|csv
689,image,i_c_zom_der_zombie_helmet1_g,277,218440,|mc/mtl_c_zom_der_zombie_helmet1|material|c_zom_der_zombie_helmet1|xmodel|c_zom_der_zombie2|character|spawner_zm_factory_zombie|aitype|maps/zm/zm_parkour_nothing0.d3dbsp|col_map|zone_source/zm_parkour_nothing0.zone|csv
690,image,i_c_zom_der_zombie_helmet1_c,285,196608,|mc/mtl_c_zom_der_zombie_helmet1|material|c_zom_der_zombie_helmet1|xmodel|c_zom_der_zombie2|character|spawner_zm_factory_zombie|aitype|maps/zm/zm_parkour_nothing0.d3dbsp|col_map|zone_source/zm_parkour_nothing0.zone|csv
691,material,mc/mtl_c_zom_der_zombie_helmet1,1544,0,|c_zom_der_zombie_helmet1|xmodel|c_zom_der_zombie2|character|spawner_zm_factory_zombie|aitype|maps/zm/zm_parkour_nothing0.d3dbsp|col_map|zone_source/zm_parkour_nothing0.zone|csv
692,xmodelmesh,c_zom_der_helmet_1_lod1cc9d111,232,28024,|c_zom_der_zombie_helmet1|xmodel|c_zom_der_zombie2|character|spawner_zm_factory_zombie|aitype|maps/zm/zm_parkour_nothing0.d3dbsp|col_map|zone_source/zm_parkour_nothing0.zone|csv
693,xmodelmesh,c_zom_der_helmet_1_lod0c32b1d6c,224,46848,|c_zom_der_zombie_helmet1|xmodel|c_zom_der_zombie2|character|spawner_zm_factory_zombie|aitype|maps/zm/zm_parkour_nothing0.d3dbsp|col_map|zone_source/zm_parkour_nothing0.zone|csv
694,xmodel,c_zom_der_zombie_helmet1,1988,0,|c_zom_der_zombie2|character|spawner_zm_factory_zombie|aitype|maps/zm/zm_parkour_nothing0.d3dbsp|col_map|zone_source/zm_parkour_nothing0.zone|csv
695,scriptbundle,c_zom_der_zombie_hat_gib_def,780,0,|c_zom_der_zombie2|character|spawner_zm_factory_zombie|aitype|maps/zm/zm_parkour_nothing0.d3dbsp|col_map|zone_source/zm_parkour_nothing0.zone|csv
696,techset,mc/lit_transition_advanced#e6142445,37,0,|mc/mtl_c_zom_der_zombie_gear_knife|material|c_zom_der_zombie_body2_g_larmoff|xmodel|c_zom_der_zombie2_nohat|character|spawner_zm_factory_zombie|aitype|maps/zm/zm_parkour_nothing0.d3dbsp|col_map|zone_source/zm_parkour_nothing0.zone|csv
697,xmodel,c_zom_der_zombie_body1,24,0,|c_zom_der_zombie1_nohat|character|spawner_zm_factory_zombie|aitype|maps/zm/zm_parkour_nothing0.d3dbsp|col_map|zone_source/zm_parkour_nothing0.zone|csv
698,image,i_c_zom_der_zombie_head1_ao,44,34360,|mc/mtl_c_zom_der_zombie_head1|material|c_zom_der_zombie_body2_g_behead|xmodel|c_zom_der_zombie2_nohat|character|spawner_zm_factory_zombie|aitype|maps/zm/zm_parkour_nothing0.d3dbsp|col_map|zone_source/zm_parkour_nothing0.zone|csv
699,image,i_c_zom_der_zombie_head1_n,299,2839912,|mc/mtl_c_zom_der_zombie_head1|material|c_zom_der_zombie_body2_g_behead|xmodel|c_zom_der_zombie2_nohat|character|spawner_zm_factory_zombie|aitype|maps/zm/zm_parkour_nothing0.d3dbsp|col_map|zone_source/zm_parkour_nothing0.zone|csv
700,image,i_c_zom_der_zombie_head1_g,267,371352,|mc/mtl_c_zom_der_zombie_head1|material|c_zom_der_zombie_body2_g_behead|xmodel|c_zom_der_zombie2_nohat|character|spawner_zm_factory_zombie|aitype|maps/zm/zm_parkour_nothing0.d3dbsp|col_map|zone_source/zm_parkour_nothing0.zone|csv
701,image,i_c_gen_reveal_1k_rec_vert_r,30,0,|mc/mtl_c_zom_der_zombie_head3|material|c_zom_der_zombie_head3|xmodel|c_zom_der_zombie_headalias|xmodelalias|c_zom_der_zombie2_nohat|character|spawner_zm_factory_zombie|aitype|maps/zm/zm_parkour_nothing0.d3dbsp|col_map|zone_source/zm_parkour_nothing0.zone|csv
702,image,i_c_zom_der_zombie_head1_c,283,1441792,|mc/mtl_c_zom_der_zombie_head1u|material|c_zom_der_zombie_head1|xmodel|c_zom_der_zombie_headalias|xmodelalias|c_zom_der_zombie2_nohat|character|spawner_zm_factory_zombie|aitype|maps/zm/zm_parkour_nothing0.d3dbsp|col_map|zone_source/zm_parkour_nothing0.zone|csv
703,material,mc/mtl_c_zom_der_zombie_head1,1544,0,|c_zom_der_zombie_body2_g_behead|xmodel|c_zom_der_zombie2_nohat|character|spawner_zm_factory_zombie|aitype|maps/zm/zm_parkour_nothing0.d3dbsp|col_map|zone_source/zm_parkour_nothing0.zone|csv
704,techset,mc/emissive_add#e6142445,67773,0,|mc/mtl_c_zom_der_zombie_head1u|material|c_zom_der_zombie_head1|xmodel|c_zom_der_zombie_headalias|xmodelalias|c_zom_der_zombie2_nohat|character|spawner_zm_factory_zombie|aitype|maps/zm/zm_parkour_nothing0.d3dbsp|col_map|zone_source/zm_parkour_nothing0.zone|csv
705,material,mc/mtl_c_zom_der_zombie_head1u,387,0,|c_zom_der_zombie_head1|xmodel|c_zom_der_zombie_headalias|xmodelalias|c_zom_der_zombie2_nohat|character|spawner_zm_factory_zombie|aitype|maps/zm/zm_parkour_nothing0.d3dbsp|col_map|zone_source/zm_parkour_nothing0.zone|csv
706,xmodelmesh,c_zom_der_head_1_lod17b771400,328,107672,|c_zom_der_zombie_head1|xmodel|c_zom_der_zombie_headalias|xmodelalias|c_zom_der_zombie2_nohat|character|spawner_zm_factory_zombie|aitype|maps/zm/zm_parkour_nothing0.d3dbsp|col_map|zone_source/zm_parkour_nothing0.zone|csv
707,xmodelmesh,c_zom_der_head_1_lod07552e3d7,320,205664,|c_zom_der_zombie_head1|xmodel|c_zom_der_zombie_headalias|xmodelalias|c_zom_der_zombie2_nohat|character|spawner_zm_factory_zombie|aitype|maps/zm/zm_parkour_nothing0.d3dbsp|col_map|zone_source/zm_parkour_nothing0.zone|csv
708,xmodel,c_zom_der_zombie_head1,2788,0,|c_zom_der_zombie_headalias|xmodelalias|c_zom_der_zombie2_nohat|character|spawner_zm_factory_zombie|aitype|maps/zm/zm_parkour_nothing0.d3dbsp|col_map|zone_source/zm_parkour_nothing0.zone|csv
709,image,i_c_zom_der_zombie_head2_ao,284,79880,|mc/mtl_c_zom_der_zombie_head2|material|c_zom_der_zombie_head2|xmodel|c_zom_der_zombie_headalias|xmodelalias|c_zom_der_zombie2_nohat|character|spawner_zm_factory_zombie|aitype|maps/zm/zm_parkour_nothing0.d3dbsp|col_map|zone_source/zm_parkour_nothing0.zone|csv
710,image,i_c_zom_der_zombie_head2_n,299,2839912,|mc/mtl_c_zom_der_zombie_head2|material|c_zom_der_zombie_head2|xmodel|c_zom_der_zombie_headalias|xmodelalias|c_zom_der_zombie2_nohat|character|spawner_zm_factory_zombie|aitype|maps/zm/zm_parkour_nothing0.d3dbsp|col_map|zone_source/zm_parkour_nothing0.zone|csv
711,image,i_c_zom_der_zombie_head2_g,267,371352,|mc/mtl_c_zom_der_zombie_head2|material|c_zom_der_zombie_head2|xmodel|c_zom_der_zombie_headalias|xmodelalias|c_zom_der_zombie2_nohat|character|spawner_zm_factory_zombie|aitype|maps/zm/zm_parkour_nothing0.d3dbsp|col_map|zone_source/zm_parkour_nothing0.zone|csv
712,image,i_c_zom_der_zombie_head2_c,283,1441792,|mc/mtl_c_zom_der_zombie_head2|material|c_zom_der_zombie_head2|xmodel|c_zom_der_zombie_headalias|xmodelalias|c_zom_der_zombie2_nohat|character|spawner_zm_factory_zombie|aitype|maps/zm/zm_parkour_nothing0.d3dbsp|col_map|zone_source/zm_parkour_nothing0.zone|csv
713,material,mc/mtl_c_zom_der_zombie_head2,1047,0,|c_zom_der_zombie_head2|xmodel|c_zom_der_zombie_headalias|xmodelalias|c_zom_der_zombie2_nohat|character|spawner_zm_factory_zombie|aitype|maps/zm/zm_parkour_nothing0.d3dbsp|col_map|zone_source/zm_parkour_nothing0.zone|csv
714,techset,mc/lit_emissive_script#e6142445,33,0,|mc/mtl_char_ger_zombie_eyes|material|c_zom_der_zombie_head3|xmodel|c_zom_der_zombie_headalias|xmodelalias|c_zom_der_zombie2_nohat|character|spawner_zm_factory_zombie|aitype|maps/zm/zm_parkour_nothing0.d3dbsp|col_map|zone_source/zm_parkour_nothing0.zone|csv
715,material,mc/mtl_char_ger_zombie_eyes,29,0,|c_zom_der_zombie_head3|xmodel|c_zom_der_zombie_headalias|xmodelalias|c_zom_der_zombie2_nohat|character|spawner_zm_factory_zombie|aitype|maps/zm/zm_parkour_nothing0.d3dbsp|col_map|zone_source/zm_parkour_nothing0.zone|csv
716,xmodelmesh,c_zom_der_head_2_lod1177e7cdd,330,105640,|c_zom_der_zombie_head2|xmodel|c_zom_der_zombie_headalias|xmodelalias|c_zom_der_zombie2_nohat|character|spawner_zm_factory_zombie|aitype|maps/zm/zm_parkour_nothing0.d3dbsp|col_map|zone_source/zm_parkour_nothing0.zone|csv
717,xmodelmesh,c_zom_der_head_2_lod0c8b48a35,432,204912,|c_zom_der_zombie_head2|xmodel|c_zom_der_zombie_headalias|xmodelalias|c_zom_der_zombie2_nohat|character|spawner_zm_factory_zombie|aitype|maps/zm/zm_parkour_nothing0.d3dbsp|col_map|zone_source/zm_parkour_nothing0.zone|csv
718,xmodel,c_zom_der_zombie_head2,1668,0,|c_zom_der_zombie_headalias|xmodelalias|c_zom_der_zombie2_nohat|character|spawner_zm_factory_zombie|aitype|maps/zm/zm_parkour_nothing0.d3dbsp|col_map|zone_source/zm_parkour_nothing0.zone|csv
719,image,i_c_zom_der_zombie_head3_ao,284,82664,|mc/mtl_c_zom_der_zombie_head3|material|c_zom_der_zombie_head3|xmodel|c_zom_der_zombie_headalias|xmodelalias|c_zom_der_zombie2_nohat|character|spawner_zm_factory_zombie|aitype|maps/zm/zm_parkour_nothing0.d3dbsp|col_map|zone_source/zm_parkour_nothing0.zone|csv
720,image,i_c_zom_der_zombie_head3_n,299,2839912,|mc/mtl_c_zom_der_zombie_head3|material|c_zom_der_zombie_head3|xmodel|c_zom_der_zombie_headalias|xmodelalias|c_zom_der_zombie2_nohat|character|spawner_zm_factory_zombie|aitype|maps/zm/zm_parkour_nothing0.d3dbsp|col_map|zone_source/zm_parkour_nothing0.zone|csv
721,image,i_c_zom_der_zombie_head3_g,267,371352,|mc/mtl_c_zom_der_zombie_head3|material|c_zom_der_zombie_head3|xmodel|c_zom_der_zombie_headalias|xmodelalias|c_zom_der_zombie2_nohat|character|spawner_zm_factory_zombie|aitype|maps/zm/zm_parkour_nothing0.d3dbsp|col_map|zone_source/zm_parkour_nothing0.zone|csv
722,image,i_c_zom_der_zombie_head3_c,283,1441792,|mc/mtl_c_zom_der_zombie_head3|material|c_zom_der_zombie_head3|xmodel|c_zom_der_zombie_headalias|xmodelalias|c_zom_der_zombie2_nohat|character|spawner_zm_factory_zombie|aitype|maps/zm/zm_parkour_nothing0.d3dbsp|col_map|zone_source/zm_parkour_nothing0.zone|csv
723,material,mc/mtl_c_zom_der_zombie_head3,1047,0,|c_zom_der_zombie_head3|xmodel|c_zom_der_zombie_headalias|xmodelalias|c_zom_der_zombie2_nohat|character|spawner_zm_factory_zombie|aitype|maps/zm/zm_parkour_nothing0.d3dbsp|col_map|zone_source/zm_parkour_nothing0.zone|csv
724,xmodelmesh,c_zom_der_head_3_lod14fa358f7,328,129064,|c_zom_der_zombie_head3|xmodel|c_zom_der_zombie_headalias|xmodelalias|c_zom_der_zombie2_nohat|character|spawner_zm_factory_zombie|aitype|maps/zm/zm_parkour_nothing0.d3dbsp|col_map|zone_source/zm_parkour_nothing0.zone|csv
725,xmodelmesh,c_zom_der_head_3_lod054897ad0,432,241360,|c_zom_der_zombie_head3|xmodel|c_zom_der_zombie_headalias|xmodelalias|c_zom_der_zombie2_nohat|character|spawner_zm_factory_zombie|aitype|maps/zm/zm_parkour_nothing0.d3dbsp|col_map|zone_source/zm_parkour_nothing0.zone|csv
726,xmodel,c_zom_der_zombie_head3,1676,0,|c_zom_der_zombie_headalias|xmodelalias|c_zom_der_zombie2_nohat|character|spawner_zm_factory_zombie|aitype|maps/zm/zm_parkour_nothing0.d3dbsp|col_map|zone_source/zm_parkour_nothing0.zone|csv
727,xmodelalias,c_zom_der_zombie_headalias,27,0,|c_zom_der_zombie2_nohat|character|spawner_zm_factory_zombie|aitype|maps/zm/zm_parkour_nothing0.d3dbsp|col_map|zone_source/zm_parkour_nothing0.zone|csv
728,xmodel,c_zom_der_zombie_body1_g_upclean,34,0,|c_zom_der_zombie1_nohat|character|spawner_zm_factory_zombie|aitype|maps/zm/zm_parkour_nothing0.d3dbsp|col_map|zone_source/zm_parkour_nothing0.zone|csv
729,material,mc/mtl_c_gen_gib_alpha,24,0,|c_zom_der_zombie_body2_g_blegsoff|xmodel|c_zom_der_zombie2_nohat|character|spawner_zm_factory_zombie|aitype|maps/zm/zm_parkour_nothing0.d3dbsp|col_map|zone_source/zm_parkour_nothing0.zone|csv
730,material,mc/mtl_c_gen_gib_stump,24,0,|c_zom_der_zombie_body2_g_blegsoff|xmodel|c_zom_der_zombie2_nohat|character|spawner_zm_factory_zombie|aitype|maps/zm/zm_parkour_nothing0.d3dbsp|col_map|zone_source/zm_parkour_nothing0.zone|csv
731,xmodel,c_zom_der_zombie_body1_g_rarmoff,34,0,|c_zom_der_zombie1_nohat|character|spawner_zm_factory_zombie|aitype|maps/zm/zm_parkour_nothing0.d3dbsp|col_map|zone_source/zm_parkour_nothing0.zone|csv
732,xmodel,c_zom_der_zombie_body1_g_larmoff,34,0,|c_zom_der_zombie1_nohat|character|spawner_zm_factory_zombie|aitype|maps/zm/zm_parkour_nothing0.d3dbsp|col_map|zone_source/zm_parkour_nothing0.zone|csv
733,xmodelmesh,c_zom_der_zombie_body1_g_behead_lod173bede7d,323,21664,|c_zom_der_zombie_body1_g_behead|xmodel|c_zom_der_zombie1_nohat|character|spawner_zm_factory_zombie|aitype|maps/zm/zm_parkour_nothing0.d3dbsp|col_map|zone_source/zm_parkour_nothing0.zone|csv
734,xmodelmesh,c_zom_der_zombie_body1_g_behead_lod0d7f0846c,544,48992,|c_zom_der_zombie_body1_g_behead|xmodel|c_zom_der_zombie1_nohat|character|spawner_zm_factory_zombie|aitype|maps/zm/zm_parkour_nothing0.d3dbsp|col_map|zone_source/zm_parkour_nothing0.zone|csv
735,xmodel,c_zom_der_zombie_body1_g_behead,1224,0,|c_zom_der_zombie1_nohat|character|spawner_zm_factory_zombie|aitype|maps/zm/zm_parkour_nothing0.d3dbsp|col_map|zone_source/zm_parkour_nothing0.zone|csv
736,xmodelmesh,c_zom_der_zombie_body1_g_lowclean_lod1d5459dbe,232,126656,|c_zom_der_zombie_body1_g_lowclean|xmodel|c_zom_der_zombie1_nohat|character|spawner_zm_factory_zombie|aitype|maps/zm/zm_parkour_nothing0.d3dbsp|col_map|zone_source/zm_parkour_nothing0.zone|csv
737,xmodelmesh,c_zom_der_zombie_body1_g_lowclean_lod05d3964f8,224,208592,|c_zom_der_zombie_body1_g_lowclean|xmodel|c_zom_der_zombie1_nohat|character|spawner_zm_factory_zombie|aitype|maps/zm/zm_parkour_nothing0.d3dbsp|col_map|zone_source/zm_parkour_nothing0.zone|csv
738,image,i_c_zom_der_zombie_body1_ao,36,97480,|mc/mtl_c_zom_der_zombie_body1|material|c_zom_der_zombie_body1_g_blegsoff|xmodel|c_zom_der_zombie1_nohat|character|spawner_zm_factory_zombie|aitype|maps/zm/zm_parkour_nothing0.d3dbsp|col_map|zone_source/zm_parkour_nothing0.zone|csv
739,image,i_c_zom_der_zombie_body1_n,291,1419960,|mc/mtl_c_zom_der_zombie_body1|material|c_zom_der_zombie_body1_g_blegsoff|xmodel|c_zom_der_zombie1_nohat|character|spawner_zm_factory_zombie|aitype|maps/zm/zm_parkour_nothing0.d3dbsp|col_map|zone_source/zm_parkour_nothing0.zone|csv
740,image,i_c_zom_der_zombie_body1_g,275,218440,|mc/mtl_c_zom_der_zombie_body1|material|c_zom_der_zombie_body1_g_blegsoff|xmodel|c_zom_der_zombie1_nohat|character|spawner_zm_factory_zombie|aitype|maps/zm/zm_parkour_nothing0.d3dbsp|col_map|zone_source/zm_parkour_nothing0.zone|csv
741,image,i_c_gen_reveal_2k_sq_r,279,2818048,|mc/mtl_c_zom_der_zombie_body2|material|c_zom_der_zombie_body2_g_blegsoff|xmodel|c_zom_der_zombie2_nohat|character|spawner_zm_factory_zombie|aitype|maps/zm/zm_parkour_nothing0.d3dbsp|col_map|zone_source/zm_parkour_nothing0.zone|csv
742,image,i_c_zom_der_zombie_body1_c,283,2818048,|mc/mtl_c_zom_der_zombie_body1|material|c_zom_der_zombie_body1_g_blegsoff|xmodel|c_zom_der_zombie1_nohat|character|spawner_zm_factory_zombie|aitype|maps/zm/zm_parkour_nothing0.d3dbsp|col_map|zone_source/zm_parkour_nothing0.zone|csv
743,material,mc/mtl_c_zom_der_zombie_body1,1524,0,|c_zom_der_zombie_body1_g_blegsoff|xmodel|c_zom_der_zombie1_nohat|character|spawner_zm_factory_zombie|aitype|maps/zm/zm_parkour_nothing0.d3dbsp|col_map|zone_source/zm_parkour_nothing0.zone|csv
744,image,i_c_zom_der_zombie_body1_chest_ao,50,43696,|mc/mtl_c_zom_der_zombie_body1_chest|material|c_zom_der_zombie_body1_g_blegsoff|xmodel|c_zom_der_zombie1_nohat|character|spawner_zm_factory_zombie|aitype|maps/zm/zm_parkour_nothing0.d3dbsp|col_map|zone_source/zm_parkour_nothing0.zone|csv
745,image,i_c_zom_der_zombie_body1_chest_n,305,742760,|mc/mtl_c_zom_der_zombie_body1_chest|material|c_zom_der_zombie_body1_g_blegsoff|xmodel|c_zom_der_zombie1_nohat|character|spawner_zm_factory_zombie|aitype|maps/zm/zm_parkour_nothing0.d3dbsp|col_map|zone_source/zm_parkour_nothing0.zone|csv
746,image,i_c_zom_der_zombie_body1_chest_g,273,109208,|mc/mtl_c_zom_der_zombie_body1_chest|material|c_zom_der_zombie_body1_g_blegsoff|xmodel|c_zom_der_zombie1_nohat|character|spawner_zm_factory_zombie|aitype|maps/zm/zm_parkour_nothing0.d3dbsp|col_map|zone_source/zm_parkour_nothing0.zone|csv
747,image,i_c_zom_der_zombie_body1_chest_c,289,393216,|mc/mtl_c_zom_der_zombie_body1_chest|material|c_zom_der_zombie_body1_g_blegsoff|xmodel|c_zom_der_zombie1_nohat|character|spawner_zm_factory_zombie|aitype|maps/zm/zm_parkour_nothing0.d3dbsp|col_map|zone_source/zm_parkour_nothing0.zone|csv
748,material,mc/mtl_c_zom_der_zombie_body1_chest,1547,0,|c_zom_der_zombie_body1_g_blegsoff|xmodel|c_zom_der_zombie1_nohat|character|spawner_zm_factory_zombie|aitype|maps/zm/zm_parkour_nothing0.d3dbsp|col_map|zone_source/zm_parkour_nothing0.zone|csv
749,xmodel,c_zom_der_zombie_body1_g_lowclean,2536,0,|c_zom_der_zombie1_nohat|character|spawner_zm_factory_zombie|aitype|maps/zm/zm_parkour_nothing0.d3dbsp|col_map|zone_source/zm_parkour_nothing0.zone|csv
750,xmodelmesh,c_zom_der_zombie_body1_g_rlegoff_lod1c39344cc,328,91864,|c_zom_der_zombie_body1_g_rlegoff|xmodel|c_zom_der_zombie1_nohat|character|spawner_zm_factory_zombie|aitype|maps/zm/zm_parkour_nothing0.d3dbsp|col_map|zone_source/zm_parkour_nothing0.zone|csv
751,xmodelmesh,c_zom_der_zombie_body1_g_rlegoff_lod0db873496,416,162736,|c_zom_der_zombie_body1_g_rlegoff|xmodel|c_zom_der_zombie1_nohat|character|spawner_zm_factory_zombie|aitype|maps/zm/zm_parkour_nothing0.d3dbsp|col_map|zone_source/zm_parkour_nothing0.zone|csv
752,xmodel,c_zom_der_zombie_body1_g_rlegoff,1084,0,|c_zom_der_zombie1_nohat|character|spawner_zm_factory_zombie|aitype|maps/zm/zm_parkour_nothing0.d3dbsp|col_map|zone_source/zm_parkour_nothing0.zone|csv
753,xmodelmesh,c_zom_der_zombie_body1_g_llegoff_lod1692bb2a1,324,99776,|c_zom_der_zombie_body1_g_llegoff|xmodel|c_zom_der_zombie1_nohat|character|spawner_zm_factory_zombie|aitype|maps/zm/zm_parkour_nothing0.d3dbsp|col_map|zone_source/zm_parkour_nothing0.zone|csv
754,xmodelmesh,c_zom_der_zombie_body1_g_llegoff_lod09befef1e,416,178848,|c_zom_der_zombie_body1_g_llegoff|xmodel|c_zom_der_zombie1_nohat|character|spawner_zm_factory_zombie|aitype|maps/zm/zm_parkour_nothing0.d3dbsp|col_map|zone_source/zm_parkour_nothing0.zone|csv
755,xmodel,c_zom_der_zombie_body1_g_llegoff,1084,0,|c_zom_der_zombie1_nohat|character|spawner_zm_factory_zombie|aitype|maps/zm/zm_parkour_nothing0.d3dbsp|col_map|zone_source/zm_parkour_nothing0.zone|csv
756,xmodelmesh,c_zom_der_zombie_body1_g_blegsoff_lod19524f698,324,65152,|c_zom_der_zombie_body1_g_blegsoff|xmodel|c_zom_der_zombie1_nohat|character|spawner_zm_factory_zombie|aitype|maps/zm/zm_parkour_nothing0.d3dbsp|col_map|zone_source/zm_parkour_nothing0.zone|csv
757,xmodelmesh,c_zom_der_zombie_body1_g_blegsoff_lod028e897ab,416,133744,|c_zom_der_zombie_body1_g_blegsoff|xmodel|c_zom_der_zombie1_nohat|character|spawner_zm_factory_zombie|aitype|maps/zm/zm_parkour_nothing0.d3dbsp|col_map|zone_source/zm_parkour_nothing0.zone|csv
758,xmodel,c_zom_der_zombie_body1_g_blegsoff,1084,0,|c_zom_der_zombie1_nohat|character|spawner_zm_factory_zombie|aitype|maps/zm/zm_parkour_nothing0.d3dbsp|col_map|zone_source/zm_parkour_nothing0.zone|csv
759,character,c_zom_der_zombie1,18,0,|spawner_zm_factory_zombie|aitype|maps/zm/zm_parkour_nothing0.d3dbsp|col_map|zone_source/zm_parkour_nothing0.zone|csv
760,image,i_c_zom_der_zombie_body2_ao,276,76152,|mc/mtl_c_zom_der_zombie_body2|material|c_zom_der_zombie_body2_g_blegsoff|xmodel|c_zom_der_zombie2_nohat|character|spawner_zm_factory_zombie|aitype|maps/zm/zm_parkour_nothing0.d3dbsp|col_map|zone_source/zm_parkour_nothing0.zone|csv
761,image,i_c_zom_der_zombie_body2_n,291,5614264,|mc/mtl_c_zom_der_zombie_body2|material|c_zom_der_zombie_body2_g_blegsoff|xmodel|c_zom_der_zombie2_nohat|character|spawner_zm_factory_zombie|aitype|maps/zm/zm_parkour_nothing0.d3dbsp|col_map|zone_source/zm_parkour_nothing0.zone|csv
762,image,i_c_zom_der_zombie_body2_g,275,742728,|mc/mtl_c_zom_der_zombie_body2|material|c_zom_der_zombie_body2_g_blegsoff|xmodel|c_zom_der_zombie2_nohat|character|spawner_zm_factory_zombie|aitype|maps/zm/zm_parkour_nothing0.d3dbsp|col_map|zone_source/zm_parkour_nothing0.zone|csv
763,image,i_c_zom_der_zombie_body2_c,283,2818048,|mc/mtl_c_zom_der_zombie_body2|material|c_zom_der_zombie_body2_g_blegsoff|xmodel|c_zom_der_zombie2_nohat|character|spawner_zm_factory_zombie|aitype|maps/zm/zm_parkour_nothing0.d3dbsp|col_map|zone_source/zm_parkour_nothing0.zone|csv
764,image,i_c_zom_der_zombie_body2_s,283,196608,|mc/mtl_c_zom_der_zombie_body2|material|c_zom_der_zombie_body2_g_blegsoff|xmodel|c_zom_der_zombie2_nohat|character|spawner_zm_factory_zombie|aitype|maps/zm/zm_parkour_nothing0.d3dbsp|col_map|zone_source/zm_parkour_nothing0.zone|csv
765,material,mc/mtl_c_zom_der_zombie_body2,1570,0,|c_zom_der_zombie_body2_g_blegsoff|xmodel|c_zom_der_zombie2_nohat|character|spawner_zm_factory_zombie|aitype|maps/zm/zm_parkour_nothing0.d3dbsp|col_map|zone_source/zm_parkour_nothing0.zone|csv
766,image,i_c_zom_der_zombie_body2_skin_ao,49,43696,|mc/mtl_c_zom_der_zombie_body2_skin|material|c_zom_der_zombie_body2_g_blegsoff|xmodel|c_zom_der_zombie2_nohat|character|spawner_zm_factory_zombie|aitype|maps/zm/zm_parkour_nothing0.d3dbsp|col_map|zone_source/zm_parkour_nothing0.zone|csv
767,image,i_c_zom_der_zombie_body2_skin_n,304,2839912,|mc/mtl_c_zom_der_zombie_body2_skin|material|c_zom_der_zombie_body2_g_blegsoff|xmodel|c_zom_der_zombie2_nohat|character|spawner_zm_factory_zombie|aitype|maps/zm/zm_parkour_nothing0.d3dbsp|col_map|zone_source/zm_parkour_nothing0.zone|csv
768,image,i_c_zom_der_zombie_body2_skin_g,272,371352,|mc/mtl_c_zom_der_zombie_body2_skin|material|c_zom_der_zombie_body2_g_blegsoff|xmodel|c_zom_der_zombie2_nohat|character|spawner_zm_factory_zombie|aitype|maps/zm/zm_parkour_nothing0.d3dbsp|col_map|zone_source/zm_parkour_nothing0.zone|csv
769,image,i_c_zom_der_zombie_body2_skin_c,288,1441792,|mc/mtl_c_zom_der_zombie_body2_skin|material|c_zom_der_zombie_body2_g_blegsoff|xmodel|c_zom_der_zombie2_nohat|character|spawner_zm_factory_zombie|aitype|maps/zm/zm_parkour_nothing0.d3dbsp|col_map|zone_source/zm_parkour_nothing0.zone|csv
770,material,mc/mtl_c_zom_der_zombie_body2_skin,1543,0,|c_zom_der_zombie_body2_g_blegsoff|xmodel|c_zom_der_zombie2_nohat|character|spawner_zm_factory_zombie|aitype|maps/zm/zm_parkour_nothing0.d3dbsp|col_map|zone_source/zm_parkour_nothing0.zone|csv
771,image,i_c_zom_der_zombie_k98pouch_ao,11207,0,|mc/mtl_c_zom_der_zombie_gear_k98pouch|material|c_zom_der_zombie_body2_g_larmoff|xmodel|c_zom_der_zombie2_nohat|character|spawner_zm_factory_zombie|aitype|maps/zm/zm_parkour_nothing0.d3dbsp|col_map|zone_source/zm_parkour_nothing0.zone|csv
772,image,i_c_zom_der_zombie_k98pouch_n,118,393224,|mc/mtl_c_zom_der_zombie_gear_k98pouch|material|c_zom_der_zombie_body2_g_larmoff|xmodel|c_zom_der_zombie2_nohat|character|spawner_zm_factory_zombie|aitype|maps/zm/zm_parkour_nothing0.d3dbsp|col_map|zone_source/zm_parkour_nothing0.zone|csv
773,image,i_c_zom_der_zombie_k98pouch_g,278,218440,|mc/mtl_c_zom_der_zombie_gear_k98pouch|material|c_zom_der_zombie_body2_g_larmoff|xmodel|c_zom_der_zombie2_nohat|character|spawner_zm_factory_zombie|aitype|maps/zm/zm_parkour_nothing0.d3dbsp|col_map|zone_source/zm_parkour_nothing0.zone|csv
774,image,i_c_zom_der_zombie_k98pouch_c,286,196608,|mc/mtl_c_zom_der_zombie_gear_k98pouch|material|c_zom_der_zombie_body2_g_larmoff|xmodel|c_zom_der_zombie2_nohat|character|spawner_zm_factory_zombie|aitype|maps/zm/zm_parkour_nothing0.d3dbsp|col_map|zone_source/zm_parkour_nothing0.zone|csv
775,image,i_c_zom_der_zombie_k98pouch_s,11214,0,|mc/mtl_c_zom_der_zombie_gear_k98pouch|material|c_zom_der_zombie_body2_g_larmoff|xmodel|c_zom_der_zombie2_nohat|character|spawner_zm_factory_zombie|aitype|maps/zm/zm_parkour_nothing0.d3dbsp|col_map|zone_source/zm_parkour_nothing0.zone|csv
776,material,mc/mtl_c_zom_der_zombie_gear_k98pouch,1577,0,|c_zom_der_zombie_body2_g_larmoff|xmodel|c_zom_der_zombie2_nohat|character|spawner_zm_factory_zombie|aitype|maps/zm/zm_parkour_nothing0.d3dbsp|col_map|zone_source/zm_parkour_nothing0.zone|csv
777,image,i_c_zom_der_zombie_g43pouch_ao,11207,0,|mc/mtl_c_zom_der_zombie_gear_g43pouch|material|c_zom_der_zombie_body2_g_larmoff|xmodel|c_zom_der_zombie2_nohat|character|spawner_zm_factory_zombie|aitype|maps/zm/zm_parkour_nothing0.d3dbsp|col_map|zone_source/zm_parkour_nothing0.zone|csv
778,image,i_c_zom_der_zombie_g43pouch_n,118,371384,|mc/mtl_c_zom_der_zombie_gear_g43pouch|material|c_zom_der_zombie_body2_g_larmoff|xmodel|c_zom_der_zombie2_nohat|character|spawner_zm_factory_zombie|aitype|maps/zm/zm_parkour_nothing0.d3dbsp|col_map|zone_source/zm_parkour_nothing0.zone|csv
779,image,i_c_zom_der_zombie_g43pouch_g,278,218440,|mc/mtl_c_zom_der_zombie_gear_g43pouch|material|c_zom_der_zombie_body2_g_larmoff|xmodel|c_zom_der_zombie2_nohat|character|spawner_zm_factory_zombie|aitype|maps/zm/zm_parkour_nothing0.d3dbsp|col_map|zone_source/zm_parkour_nothing0.zone|csv
780,image,i_c_zom_der_zombie_g43pouch_c,286,196608,|mc/mtl_c_zom_der_zombie_gear_g43pouch|material|c_zom_der_zombie_body2_g_larmoff|xmodel|c_zom_der_zombie2_nohat|character|spawner_zm_factory_zombie|aitype|maps/zm/zm_parkour_nothing0.d3dbsp|col_map|zone_source/zm_parkour_nothing0.zone|csv
781,image,i_c_zom_der_zombie_g43pouch_s,286,65536,|mc/mtl_c_zom_der_zombie_gear_g43pouch|material|c_zom_der_zombie_body2_g_larmoff|xmodel|c_zom_der_zombie2_nohat|character|spawner_zm_factory_zombie|aitype|maps/zm/zm_parkour_nothing0.d3dbsp|col_map|zone_source/zm_parkour_nothing0.zone|csv
782,material,mc/mtl_c_zom_der_zombie_gear_g43pouch,1409,0,|c_zom_der_zombie_body2_g_larmoff|xmodel|c_zom_der_zombie2_nohat|character|spawner_zm_factory_zombie|aitype|maps/zm/zm_parkour_nothing0.d3dbsp|col_map|zone_source/zm_parkour_nothing0.zone|csv
783,image,i_c_zom_der_zombie_knife_ao,11204,0,|mc/mtl_c_zom_der_zombie_gear_knife|material|c_zom_der_zombie_body2_g_larmoff|xmodel|c_zom_der_zombie2_nohat|character|spawner_zm_factory_zombie|aitype|maps/zm/zm_parkour_nothing0.d3dbsp|col_map|zone_source/zm_parkour_nothing0.zone|csv
784,image,i_c_zom_der_zombie_knife_n,115,371384,|mc/mtl_c_zom_der_zombie_gear_knife|material|c_zom_der_zombie_body2_g_larmoff|xmodel|c_zom_der_zombie2_nohat|character|spawner_zm_factory_zombie|aitype|maps/zm/zm_parkour_nothing0.d3dbsp|col_map|zone_source/zm_parkour_nothing0.zone|csv
785,image,i_c_zom_der_zombie_knife_g,275,87368,|mc/mtl_c_zom_der_zombie_gear_knife|material|c_zom_der_zombie_body2_g_larmoff|xmodel|c_zom_der_zombie2_nohat|character|spawner_zm_factory_zombie|aitype|maps/zm/zm_parkour_nothing0.d3dbsp|col_map|zone_source/zm_parkour_nothing0.zone|csv
786,image,i_c_gen_reveal_256_sq_r,25,0,|mc/mtl_c_zom_der_zombie_gear_knife|material|c_zom_der_zombie_body2_g_larmoff|xmodel|c_zom_der_zombie2_nohat|character|spawner_zm_factory_zombie|aitype|maps/zm/zm_parkour_nothing0.d3dbsp|col_map|zone_source/zm_parkour_nothing0.zone|csv
787,image,i_c_zom_der_zombie_knife_c,283,65536,|mc/mtl_c_zom_der_zombie_gear_knife|material|c_zom_der_zombie_body2_g_larmoff|xmodel|c_zom_der_zombie2_nohat|character|spawner_zm_factory_zombie|aitype|maps/zm/zm_parkour_nothing0.d3dbsp|col_map|zone_source/zm_parkour_nothing0.zone|csv
788,image,i_c_zom_der_zombie_knife_s,283,65536,|mc/mtl_c_zom_der_zombie_gear_knife|material|c_zom_der_zombie_body2_g_larmoff|xmodel|c_zom_der_zombie2_nohat|character|spawner_zm_factory_zombie|aitype|maps/zm/zm_parkour_nothing0.d3dbsp|col_map|zone_source/zm_parkour_nothing0.zone|csv
789,material,mc/mtl_c_zom_der_zombie_gear_knife,1591,0,|c_zom_der_zombie_body2_g_larmoff|xmodel|c_zom_der_zombie2_nohat|character|spawner_zm_factory_zombie|aitype|maps/zm/zm_parkour_nothing0.d3dbsp|col_map|zone_source/zm_parkour_nothing0.zone|csv
790,xmodelmesh,c_zom_der_zombie_body2_lod1e0ffb6c2,600,430856,|c_zom_der_zombie_body2|xmodel|c_zom_der_zombie2_nohat|character|spawner_zm_factory_zombie|aitype|maps/zm/zm_parkour_nothing0.d3dbsp|col_map|zone_source/zm_parkour_nothing0.zone|csv
791,xmodelmesh,c_zom_der_zombie_body2_lod0625bcf45,600,716944,|c_zom_der_zombie_body2|xmodel|c_zom_der_zombie2_nohat|character|spawner_zm_factory_zombie|aitype|maps/zm/zm_parkour_nothing0.d3dbsp|col_map|zone_source/zm_parkour_nothing0.zone|csv
792,image,i_c_zom_der_zombie_mp40pouch_ao,11216,0,|mc/mtl_c_zom_der_zombie_gear_mp40pouch|material|c_zom_der_zombie_body2_g_larmoff|xmodel|c_zom_der_zombie2_nohat|character|spawner_zm_factory_zombie|aitype|maps/zm/zm_parkour_nothing0.d3dbsp|col_map|zone_source/zm_parkour_nothing0.zone|csv
793,image,i_c_zom_der_zombie_mp40pouch_n,119,403232,|mc/mtl_c_zom_der_zombie_gear_mp40pouch|material|c_zom_der_zombie_body2_g_larmoff|xmodel|c_zom_der_zombie2_nohat|character|spawner_zm_factory_zombie|aitype|maps/zm/zm_parkour_nothing0.d3dbsp|col_map|zone_source/zm_parkour_nothing0.zone|csv
794,image,i_c_zom_der_zombie_mp40pouch_g,279,87368,|mc/mtl_c_zom_der_zombie_gear_mp40pouch|material|c_zom_der_zombie_body2_g_larmoff|xmodel|c_zom_der_zombie2_nohat|character|spawner_zm_factory_zombie|aitype|maps/zm/zm_parkour_nothing0.d3dbsp|col_map|zone_source/zm_parkour_nothing0.zone|csv
795,image,i_c_zom_der_zombie_mp40pouch_c,287,65536,|mc/mtl_c_zom_der_zombie_gear_mp40pouch|material|c_zom_der_zombie_body2_g_larmoff|xmodel|c_zom_der_zombie2_nohat|character|spawner_zm_factory_zombie|aitype|maps/zm/zm_parkour_nothing0.d3dbsp|col_map|zone_source/zm_parkour_nothing0.zone|csv
796,image,i_c_zom_der_zombie_mp40pouch_s,287,65536,|mc/mtl_c_zom_der_zombie_gear_mp40pouch|material|c_zom_der_zombie_body2_g_larmoff|xmodel|c_zom_der_zombie2_nohat|character|spawner_zm_factory_zombie|aitype|maps/zm/zm_parkour_nothing0.d3dbsp|col_map|zone_source/zm_parkour_nothing0.zone|csv
797,material,mc/mtl_c_zom_der_zombie_gear_mp40pouch,1076,0,|c_zom_der_zombie_body2_g_larmoff|xmodel|c_zom_der_zombie2_nohat|character|spawner_zm_factory_zombie|aitype|maps/zm/zm_parkour_nothing0.d3dbsp|col_map|zone_source/zm_parkour_nothing0.zone|csv
798,xmodel,c_zom_der_zombie_body2,11760,0,|c_zom_der_zombie2_nohat|character|spawner_zm_factory_zombie|aitype|maps/zm/zm_parkour_nothing0.d3dbsp|col_map|zone_source/zm_parkour_nothing0.zone|csv
799,xmodelmesh,c_zom_der_zombie_body2_g_upclean_lod15dd11b40,616,319240,|c_zom_der_zombie_body2_g_upclean|xmodel|c_zom_der_zombie2_nohat|character|spawner_zm_factory_zombie|aitype|maps/zm/zm_parkour_nothing0.d3dbsp|col_map|zone_source/zm_parkour_nothing0.zone|csv
800,xmodelmesh,c_zom_der_zombie_body2_g_upclean_lod0ae31c5f0,608,508240,|c_zom_der_zombie_body2_g_upclean|xmodel|c_zom_der_zombie2_nohat|character|spawner_zm_factory_zombie|aitype|maps/zm/zm_parkour_nothing0.d3dbsp|col_map|zone_source/zm_parkour_nothing0.zone|csv
801,xmodel,c_zom_der_zombie_body2_g_upclean,4028,0,|c_zom_der_zombie2_nohat|character|spawner_zm_factory_zombie|aitype|maps/zm/zm_parkour_nothing0.d3dbsp|col_map|zone_source/zm_parkour_nothing0.zone|csv
802,xmodelmesh,c_zom_der_zombie_body2_g_rarmoff_lod1b213be08,708,293792,|c_zom_der_zombie_body2_g_rarmoff|xmodel|c_zom_der_zombie2_nohat|character|spawner_zm_factory_zombie|aitype|maps/zm/zm_parkour_nothing0.d3dbsp|col_map|zone_source/zm_parkour_nothing0.zone|csv
803,xmodelmesh,c_zom_der_zombie_body2_g_rarmoff_lod0eb7c587f,800,489616,|c_zom_der_zombie_body2_g_rarmoff|xmodel|c_zom_der_zombie2_nohat|character|spawner_zm_factory_zombie|aitype|maps/zm/zm_parkour_nothing0.d3dbsp|col_map|zone_source/zm_parkour_nothing0.zone|csv
804,xmodel,c_zom_der_zombie_body2_g_rarmoff,4108,0,|c_zom_der_zombie2_nohat|character|spawner_zm_factory_zombie|aitype|maps/zm/zm_parkour_nothing0.d3dbsp|col_map|zone_source/zm_parkour_nothing0.zone|csv
805,xmodelmesh,c_zom_der_zombie_body2_g_larmoff_lod1c3f3b9ed,708,311488,|c_zom_der_zombie_body2_g_larmoff|xmodel|c_zom_der_zombie2_nohat|character|spawner_zm_factory_zombie|aitype|maps/zm/zm_parkour_nothing0.d3dbsp|col_map|zone_source/zm_parkour_nothing0.zone|csv
806,xmodelmesh,c_zom_der_zombie_body2_g_larmoff_lod081b28073,800,510512,|c_zom_der_zombie_body2_g_larmoff|xmodel|c_zom_der_zombie2_nohat|character|spawner_zm_factory_zombie|aitype|maps/zm/zm_parkour_nothing0.d3dbsp|col_map|zone_source/zm_parkour_nothing0.zone|csv
807,xmodel,c_zom_der_zombie_body2_g_larmoff,4108,0,|c_zom_der_zombie2_nohat|character|spawner_zm_factory_zombie|aitype|maps/zm/zm_parkour_nothing0.d3dbsp|col_map|zone_source/zm_parkour_nothing0.zone|csv
808,xmodelmesh,c_zom_der_zombie_body2_g_behead_lod1f439b647,356,16160,|c_zom_der_zombie_body2_g_behead|xmodel|c_zom_der_zombie2_nohat|character|spawner_zm_factory_zombie|aitype|maps/zm/zm_parkour_nothing0.d3dbsp|col_map|zone_source/zm_parkour_nothing0.zone|csv
809,xmodelmesh,c_zom_der_zombie_body2_g_behead_lod010ea455a,464,42576,|c_zom_der_zombie_body2_g_behead|xmodel|c_zom_der_zombie2_nohat|character|spawner_zm_factory_zombie|aitype|maps/zm/zm_parkour_nothing0.d3dbsp|col_map|zone_source/zm_parkour_nothing0.zone|csv
810,xmodel,c_zom_der_zombie_body2_g_behead,472,0,|c_zom_der_zombie2_nohat|character|spawner_zm_factory_zombie|aitype|maps/zm/zm_parkour_nothing0.d3dbsp|col_map|zone_source/zm_parkour_nothing0.zone|csv
811,xmodelmesh,c_zom_der_zombie_body2_g_lowclean_lod1c0634905,328,111760,|c_zom_der_zombie_body2_g_lowclean|xmodel|c_zom_der_zombie2_nohat|character|spawner_zm_factory_zombie|aitype|maps/zm/zm_parkour_nothing0.d3dbsp|col_map|zone_source/zm_parkour_nothing0.zone|csv
812,xmodelmesh,c_zom_der_zombie_body2_g_lowclean_lod0cd620c1c,320,208912,|c_zom_der_zombie_body2_g_lowclean|xmodel|c_zom_der_zombie2_nohat|character|spawner_zm_factory_zombie|aitype|maps/zm/zm_parkour_nothing0.d3dbsp|col_map|zone_source/zm_parkour_nothing0.zone|csv
813,xmodel,c_zom_der_zombie_body2_g_lowclean,1848,0,|c_zom_der_zombie2_nohat|character|spawner_zm_factory_zombie|aitype|maps/zm/zm_parkour_nothing0.d3dbsp|col_map|zone_source/zm_parkour_nothing0.zone|csv
814,xmodelmesh,c_zom_der_zombie_body2_g_rlegoff_lod19214c0d0,424,80928,|c_zom_der_zombie_body2_g_rlegoff|xmodel|c_zom_der_zombie2_nohat|character|spawner_zm_factory_zombie|aitype|maps/zm/zm_parkour_nothing0.d3dbsp|col_map|zone_source/zm_parkour_nothing0.zone|csv
815,xmodelmesh,c_zom_der_zombie_body2_g_rlegoff_lod0ff39e779,512,163552,|c_zom_der_zombie_body2_g_rlegoff|xmodel|c_zom_der_zombie2_nohat|character|spawner_zm_factory_zombie|aitype|maps/zm/zm_parkour_nothing0.d3dbsp|col_map|zone_source/zm_parkour_nothing0.zone|csv
816,xmodel,c_zom_der_zombie_body2_g_rlegoff,952,0,|c_zom_der_zombie2_nohat|character|spawner_zm_factory_zombie|aitype|maps/zm/zm_parkour_nothing0.d3dbsp|col_map|zone_source/zm_parkour_nothing0.zone|csv
817,xmodelmesh,c_zom_der_zombie_body2_g_llegoff_lod16b31acae,424,91392,|c_zom_der_zombie_body2_g_llegoff|xmodel|c_zom_der_zombie2_nohat|character|spawner_zm_factory_zombie|aitype|maps/zm/zm_parkour_nothing0.d3dbsp|col_map|zone_source/zm_parkour_nothing0.zone|csv
818,xmodelmesh,c_zom_der_zombie_body2_g_llegoff_lod081901a33,512,191120,|c_zom_der_zombie_body2_g_llegoff|xmodel|c_zom_der_zombie2_nohat|character|spawner_zm_factory_zombie|aitype|maps/zm/zm_parkour_nothing0.d3dbsp|col_map|zone_source/zm_parkour_nothing0.zone|csv
819,xmodel,c_zom_der_zombie_body2_g_llegoff,952,0,|c_zom_der_zombie2_nohat|character|spawner_zm_factory_zombie|aitype|maps/zm/zm_parkour_nothing0.d3dbsp|col_map|zone_source/zm_parkour_nothing0.zone|csv
820,xmodelmesh,c_zom_der_zombie_body2_g_blegsoff_lod1365920cf,424,60320,|c_zom_der_zombie_body2_g_blegsoff|xmodel|c_zom_der_zombie2_nohat|character|spawner_zm_factory_zombie|aitype|maps/zm/zm_parkour_nothing0.d3dbsp|col_map|zone_source/zm_parkour_nothing0.zone|csv
821,xmodelmesh,c_zom_der_zombie_body2_g_blegsoff_lod01ffc0dd6,512,145856,|c_zom_der_zombie_body2_g_blegsoff|xmodel|c_zom_der_zombie2_nohat|character|spawner_zm_factory_zombie|aitype|maps/zm/zm_parkour_nothing0.d3dbsp|col_map|zone_source/zm_parkour_nothing0.zone|csv
822,xmodel,c_zom_der_zombie_body2_g_blegsoff,952,0,|c_zom_der_zombie2_nohat|character|spawner_zm_factory_zombie|aitype|maps/zm/zm_parkour_nothing0.d3dbsp|col_map|zone_source/zm_parkour_nothing0.zone|csv
823,character,c_zom_der_zombie2,18,0,|spawner_zm_factory_zombie|aitype|maps/zm/zm_parkour_nothing0.d3dbsp|col_map|zone_source/zm_parkour_nothing0.zone|csv
824,scriptbundle,c_zom_der_zombie_gib_def,726,0,|c_zom_der_zombie2_nohat|character|spawner_zm_factory_zombie|aitype|maps/zm/zm_parkour_nothing0.d3dbsp|col_map|zone_source/zm_parkour_nothing0.zone|csv
825,character,c_zom_der_zombie1_nohat,24,0,|spawner_zm_factory_zombie|aitype|maps/zm/zm_parkour_nothing0.d3dbsp|col_map|zone_source/zm_parkour_nothing0.zone|csv
826,character,c_zom_der_zombie2_nohat,24,0,|spawner_zm_factory_zombie|aitype|maps/zm/zm_parkour_nothing0.d3dbsp|col_map|zone_source/zm_parkour_nothing0.zone|csv
827,behaviortree,zm_zombie.ai_bt,9224,0,|spawner_zm_factory_zombie|aitype|maps/zm/zm_parkour_nothing0.d3dbsp|col_map|zone_source/zm_parkour_nothing0.zone|csv
828,animstatemachine,zm_zombie.ai_asm,1296,0,|spawner_zm_factory_zombie|aitype|maps/zm/zm_parkour_nothing0.d3dbsp|col_map|zone_source/zm_parkour_nothing0.zone|csv
829,animselectortable,zm_factory_zombie.ai_ast,31648,0,|spawner_zm_factory_zombie|aitype|maps/zm/zm_parkour_nothing0.d3dbsp|col_map|zone_source/zm_parkour_nothing0.zone|csv
830,xanim,ai_zombie_base_walk_ad_win_trav_l_v1,34452,0,|zm_factory_zombie.ai_am|animmappingtable|spawner_zm_factory_zombie|aitype|maps/zm/zm_parkour_nothing0.d3dbsp|col_map|zone_source/zm_parkour_nothing0.zone|csv
831,xanim,ai_zombie_base_walk_ad_win_trav_m_v1,38274,0,|zm_factory_zombie.ai_am|animmappingtable|spawner_zm_factory_zombie|aitype|maps/zm/zm_parkour_nothing0.d3dbsp|col_map|zone_source/zm_parkour_nothing0.zone|csv
832,xanim,ai_zombie_base_walk_ad_win_trav_m_v2,31323,0,|zm_factory_zombie.ai_am|animmappingtable|spawner_zm_factory_zombie|aitype|maps/zm/zm_parkour_nothing0.d3dbsp|col_map|zone_source/zm_parkour_nothing0.zone|csv
833,xanim,ai_zombie_base_walk_ad_win_trav_m_v3,72088,0,|zm_factory_zombie.ai_am|animmappingtable|spawner_zm_factory_zombie|aitype|maps/zm/zm_parkour_nothing0.d3dbsp|col_map|zone_source/zm_parkour_nothing0.zone|csv
834,xanim,ai_zombie_base_walk_ad_win_trav_r_v1,32694,0,|zm_factory_zombie.ai_am|animmappingtable|spawner_zm_factory_zombie|aitype|maps/zm/zm_parkour_nothing0.d3dbsp|col_map|zone_source/zm_parkour_nothing0.zone|csv
835,xanim,ai_zombie_base_walk_au_win_trav_l_v1,34037,0,|zm_factory_zombie.ai_am|animmappingtable|spawner_zm_factory_zombie|aitype|maps/zm/zm_parkour_nothing0.d3dbsp|col_map|zone_source/zm_parkour_nothing0.zone|csv
836,xanim,ai_zombie_base_walk_au_win_trav_m_v1,37858,0,|zm_factory_zombie.ai_am|animmappingtable|spawner_zm_factory_zombie|aitype|maps/zm/zm_parkour_nothing0.d3dbsp|col_map|zone_source/zm_parkour_nothing0.zone|csv
837,xanim,ai_zombie_base_walk_au_win_trav_m_v2,30907,0,|zm_factory_zombie.ai_am|animmappingtable|spawner_zm_factory_zombie|aitype|maps/zm/zm_parkour_nothing0.d3dbsp|col_map|zone_source/zm_parkour_nothing0.zone|csv
838,xanim,ai_zombie_base_walk_au_win_trav_m_v3,72088,0,|zm_factory_zombie.ai_am|animmappingtable|spawner_zm_factory_zombie|aitype|maps/zm/zm_parkour_nothing0.d3dbsp|col_map|zone_source/zm_parkour_nothing0.zone|csv
839,xanim,ai_zombie_base_walk_au_win_trav_r_v1,32694,0,|zm_factory_zombie.ai_am|animmappingtable|spawner_zm_factory_zombie|aitype|maps/zm/zm_parkour_nothing0.d3dbsp|col_map|zone_source/zm_parkour_nothing0.zone|csv
840,xanim,ai_zombie_base_run_ad_win_trav_l_v1,47482,0,|zm_factory_zombie.ai_am|animmappingtable|spawner_zm_factory_zombie|aitype|maps/zm/zm_parkour_nothing0.d3dbsp|col_map|zone_source/zm_parkour_nothing0.zone|csv
841,xanim,ai_zombie_base_run_ad_win_trav_m_v1,27320,0,|zm_factory_zombie.ai_am|animmappingtable|spawner_zm_factory_zombie|aitype|maps/zm/zm_parkour_nothing0.d3dbsp|col_map|zone_source/zm_parkour_nothing0.zone|csv
842,xanim,ai_zombie_base_run_ad_win_trav_r_v1,30475,0,|zm_factory_zombie.ai_am|animmappingtable|spawner_zm_factory_zombie|aitype|maps/zm/zm_parkour_nothing0.d3dbsp|col_map|zone_source/zm_parkour_nothing0.zone|csv
843,xanim,ai_zombie_base_run_au_win_trav_l_v1,46857,0,|zm_factory_zombie.ai_am|animmappingtable|spawner_zm_factory_zombie|aitype|maps/zm/zm_parkour_nothing0.d3dbsp|col_map|zone_source/zm_parkour_nothing0.zone|csv
844,xanim,ai_zombie_base_run_au_win_trav_m_v1,27134,0,|zm_factory_zombie.ai_am|animmappingtable|spawner_zm_factory_zombie|aitype|maps/zm/zm_parkour_nothing0.d3dbsp|col_map|zone_source/zm_parkour_nothing0.zone|csv
845,xanim,ai_zombie_base_run_au_win_trav_r_v1,30786,0,|zm_factory_zombie.ai_am|animmappingtable|spawner_zm_factory_zombie|aitype|maps/zm/zm_parkour_nothing0.d3dbsp|col_map|zone_source/zm_parkour_nothing0.zone|csv
846,xanim,ai_zombie_base_sprint_ad_win_trav_l_v1,24138,0,|zm_factory_zombie.ai_am|animmappingtable|spawner_zm_factory_zombie|aitype|maps/zm/zm_parkour_nothing0.d3dbsp|col_map|zone_source/zm_parkour_nothing0.zone|csv
847,xanim,ai_zombie_base_sprint_ad_win_trav_m_v1,21779,0,|zm_factory_zombie.ai_am|animmappingtable|spawner_zm_factory_zombie|aitype|maps/zm/zm_parkour_nothing0.d3dbsp|col_map|zone_source/zm_parkour_nothing0.zone|csv
848,xanim,ai_zombie_base_sprint_ad_win_trav_m_v2,22676,0,|zm_factory_zombie.ai_am|animmappingtable|spawner_zm_factory_zombie|aitype|maps/zm/zm_parkour_nothing0.d3dbsp|col_map|zone_source/zm_parkour_nothing0.zone|csv
849,xanim,ai_zombie_base_sprint_ad_win_trav_r_v1,23256,0,|zm_factory_zombie.ai_am|animmappingtable|spawner_zm_factory_zombie|aitype|maps/zm/zm_parkour_nothing0.d3dbsp|col_map|zone_source/zm_parkour_nothing0.zone|csv
850,xanim,ai_zombie_base_sprint_au_win_trav_l_v1,24121,0,|zm_factory_zombie.ai_am|animmappingtable|spawner_zm_factory_zombie|aitype|maps/zm/zm_parkour_nothing0.d3dbsp|col_map|zone_source/zm_parkour_nothing0.zone|csv
851,xanim,ai_zombie_base_sprint_au_win_trav_m_v1,21550,0,|zm_factory_zombie.ai_am|animmappingtable|spawner_zm_factory_zombie|aitype|maps/zm/zm_parkour_nothing0.d3dbsp|col_map|zone_source/zm_parkour_nothing0.zone|csv
852,xanim,ai_zombie_base_sprint_au_win_trav_m_v2,21937,0,|zm_factory_zombie.ai_am|animmappingtable|spawner_zm_factory_zombie|aitype|maps/zm/zm_parkour_nothing0.d3dbsp|col_map|zone_source/zm_parkour_nothing0.zone|csv
853,xanim,ai_zombie_base_sprint_au_win_trav_r_v1,23206,0,|zm_factory_zombie.ai_am|animmappingtable|spawner_zm_factory_zombie|aitype|maps/zm/zm_parkour_nothing0.d3dbsp|col_map|zone_source/zm_parkour_nothing0.zone|csv
854,xanim,ai_zombie_base_win_attack_arm_l_out,37997,0,|zm_factory_zombie.ai_am|animmappingtable|spawner_zm_factory_zombie|aitype|maps/zm/zm_parkour_nothing0.d3dbsp|col_map|zone_source/zm_parkour_nothing0.zone|csv
855,xanim,ai_zombie_base_win_attack_arm_r_out,38012,0,|zm_factory_zombie.ai_am|animmappingtable|spawner_zm_factory_zombie|aitype|maps/zm/zm_parkour_nothing0.d3dbsp|col_map|zone_source/zm_parkour_nothing0.zone|csv
856,xanim,ai_zombie_base_death_v1,31614,0,|zm_factory_zombie.ai_am|animmappingtable|spawner_zm_factory_zombie|aitype|maps/zm/zm_parkour_nothing0.d3dbsp|col_map|zone_source/zm_parkour_nothing0.zone|csv
857,xanim,ai_zombie_base_death_v2,25597,0,|zm_factory_zombie.ai_am|animmappingtable|spawner_zm_factory_zombie|aitype|maps/zm/zm_parkour_nothing0.d3dbsp|col_map|zone_source/zm_parkour_nothing0.zone|csv
858,xanim,ai_zombie_base_death_v3,55086,0,|zm_factory_zombie.ai_am|animmappingtable|spawner_zm_factory_zombie|aitype|maps/zm/zm_parkour_nothing0.d3dbsp|col_map|zone_source/zm_parkour_nothing0.zone|csv
859,xanim,ai_zombie_base_crawl_death_v1,18404,0,|zm_factory_zombie.ai_am|animmappingtable|spawner_zm_factory_zombie|aitype|maps/zm/zm_parkour_nothing0.d3dbsp|col_map|zone_source/zm_parkour_nothing0.zone|csv
860,xanim,ai_zombie_base_crawl_death_v2,16967,0,|zm_factory_zombie.ai_am|animmappingtable|spawner_zm_factory_zombie|aitype|maps/zm/zm_parkour_nothing0.d3dbsp|col_map|zone_source/zm_parkour_nothing0.zone|csv
861,xanim,ai_zombie_base_dth_tesla_a,58110,0,|zm_factory_zombie.ai_am|animmappingtable|spawner_zm_factory_zombie|aitype|maps/zm/zm_parkour_nothing0.d3dbsp|col_map|zone_source/zm_parkour_nothing0.zone|csv
862,xanim,ai_zombie_base_dth_tesla_b,52236,0,|zm_factory_zombie.ai_am|animmappingtable|spawner_zm_factory_zombie|aitype|maps/zm/zm_parkour_nothing0.d3dbsp|col_map|zone_source/zm_parkour_nothing0.zone|csv
863,xanim,ai_zombie_base_dth_tesla_c,56765,0,|zm_factory_zombie.ai_am|animmappingtable|spawner_zm_factory_zombie|aitype|maps/zm/zm_parkour_nothing0.d3dbsp|col_map|zone_source/zm_parkour_nothing0.zone|csv
864,xanim,ai_zombie_base_dth_tesla_d,54479,0,|zm_factory_zombie.ai_am|animmappingtable|spawner_zm_factory_zombie|aitype|maps/zm/zm_parkour_nothing0.d3dbsp|col_map|zone_source/zm_parkour_nothing0.zone|csv
865,xanim,ai_zombie_zod_crawl_stunned_electrobolt_a,10539,0,|zm_factory_zombie.ai_am|animmappingtable|spawner_zm_factory_zombie|aitype|maps/zm/zm_parkour_nothing0.d3dbsp|col_map|zone_source/zm_parkour_nothing0.zone|csv
866,xanim,ai_zombie_zod_crawl_stunned_electrobolt_b,12593,0,|zm_factory_zombie.ai_am|animmappingtable|spawner_zm_factory_zombie|aitype|maps/zm/zm_parkour_nothing0.d3dbsp|col_map|zone_source/zm_parkour_nothing0.zone|csv
867,xanim,ai_zombie_zod_crawl_stunned_electrobolt_c,13876,0,|zm_factory_zombie.ai_am|animmappingtable|spawner_zm_factory_zombie|aitype|maps/zm/zm_parkour_nothing0.d3dbsp|col_map|zone_source/zm_parkour_nothing0.zone|csv
868,xanim,ai_zombie_zod_crawl_stunned_electrobolt_d,17374,0,|zm_factory_zombie.ai_am|animmappingtable|spawner_zm_factory_zombie|aitype|maps/zm/zm_parkour_nothing0.d3dbsp|col_map|zone_source/zm_parkour_nothing0.zone|csv
869,xanim,ai_zombie_zod_crawl_stunned_electrobolt_e,16558,0,|zm_factory_zombie.ai_am|animmappingtable|spawner_zm_factory_zombie|aitype|maps/zm/zm_parkour_nothing0.d3dbsp|col_map|zone_source/zm_parkour_nothing0.zone|csv
870,xanim,ai_zombie_zod_stunned_electrobolt_a,13135,0,|zm_factory_zombie.ai_am|animmappingtable|spawner_zm_factory_zombie|aitype|maps/zm/zm_parkour_nothing0.d3dbsp|col_map|zone_source/zm_parkour_nothing0.zone|csv
871,xanim,ai_zombie_zod_stunned_electrobolt_b,18425,0,|zm_factory_zombie.ai_am|animmappingtable|spawner_zm_factory_zombie|aitype|maps/zm/zm_parkour_nothing0.d3dbsp|col_map|zone_source/zm_parkour_nothing0.zone|csv
872,xanim,ai_zombie_zod_stunned_electrobolt_c,10553,0,|zm_factory_zombie.ai_am|animmappingtable|spawner_zm_factory_zombie|aitype|maps/zm/zm_parkour_nothing0.d3dbsp|col_map|zone_source/zm_parkour_nothing0.zone|csv
873,xanim,ai_zombie_zod_stunned_electrobolt_d,18360,0,|zm_factory_zombie.ai_am|animmappingtable|spawner_zm_factory_zombie|aitype|maps/zm/zm_parkour_nothing0.d3dbsp|col_map|zone_source/zm_parkour_nothing0.zone|csv
874,xanim,ai_zombie_zod_stunned_electrobolt_e,16801,0,|zm_factory_zombie.ai_am|animmappingtable|spawner_zm_factory_zombie|aitype|maps/zm/zm_parkour_nothing0.d3dbsp|col_map|zone_source/zm_parkour_nothing0.zone|csv
875,xanim,ai_zombie_base_boardtear_aligned_l_1_grab,15976,0,|zm_factory_zombie.ai_am|animmappingtable|spawner_zm_factory_zombie|aitype|maps/zm/zm_parkour_nothing0.d3dbsp|col_map|zone_source/zm_parkour_nothing0.zone|csv
876,xanim,ai_zombie_base_boardtear_aligned_l_2_grab,15975,0,|zm_factory_zombie.ai_am|animmappingtable|spawner_zm_factory_zombie|aitype|maps/zm/zm_parkour_nothing0.d3dbsp|col_map|zone_source/zm_parkour_nothing0.zone|csv
877,xanim,ai_zombie_base_boardtear_aligned_l_3_grab,17835,0,|zm_factory_zombie.ai_am|animmappingtable|spawner_zm_factory_zombie|aitype|maps/zm/zm_parkour_nothing0.d3dbsp|col_map|zone_source/zm_parkour_nothing0.zone|csv
878,xanim,ai_zombie_base_boardtear_aligned_l_4_grab,18077,0,|zm_factory_zombie.ai_am|animmappingtable|spawner_zm_factory_zombie|aitype|maps/zm/zm_parkour_nothing0.d3dbsp|col_map|zone_source/zm_parkour_nothing0.zone|csv
879,xanim,ai_zombie_base_boardtear_aligned_l_5_grab,19764,0,|zm_factory_zombie.ai_am|animmappingtable|spawner_zm_factory_zombie|aitype|maps/zm/zm_parkour_nothing0.d3dbsp|col_map|zone_source/zm_parkour_nothing0.zone|csv
880,xanim,ai_zombie_base_boardtear_aligned_l_6_grab,18063,0,|zm_factory_zombie.ai_am|animmappingtable|spawner_zm_factory_zombie|aitype|maps/zm/zm_parkour_nothing0.d3dbsp|col_map|zone_source/zm_parkour_nothing0.zone|csv
881,xanim,ai_zombie_base_boardtear_aligned_m_1_grab,13645,0,|zm_factory_zombie.ai_am|animmappingtable|spawner_zm_factory_zombie|aitype|maps/zm/zm_parkour_nothing0.d3dbsp|col_map|zone_source/zm_parkour_nothing0.zone|csv
882,xanim,ai_zombie_base_boardtear_aligned_m_2_grab,14339,0,|zm_factory_zombie.ai_am|animmappingtable|spawner_zm_factory_zombie|aitype|maps/zm/zm_parkour_nothing0.d3dbsp|col_map|zone_source/zm_parkour_nothing0.zone|csv
883,xanim,ai_zombie_base_boardtear_aligned_m_3_grab,16715,0,|zm_factory_zombie.ai_am|animmappingtable|spawner_zm_factory_zombie|aitype|maps/zm/zm_parkour_nothing0.d3dbsp|col_map|zone_source/zm_parkour_nothing0.zone|csv
884,xanim,ai_zombie_base_boardtear_aligned_m_4_grab,15268,0,|zm_factory_zombie.ai_am|animmappingtable|spawner_zm_factory_zombie|aitype|maps/zm/zm_parkour_nothing0.d3dbsp|col_map|zone_source/zm_parkour_nothing0.zone|csv
885,xanim,ai_zombie_base_boardtear_aligned_m_5_grab,19121,0,|zm_factory_zombie.ai_am|animmappingtable|spawner_zm_factory_zombie|aitype|maps/zm/zm_parkour_nothing0.d3dbsp|col_map|zone_source/zm_parkour_nothing0.zone|csv
886,xanim,ai_zombie_base_boardtear_aligned_m_6_grab,15489,0,|zm_factory_zombie.ai_am|animmappingtable|spawner_zm_factory_zombie|aitype|maps/zm/zm_parkour_nothing0.d3dbsp|col_map|zone_source/zm_parkour_nothing0.zone|csv
887,xanim,ai_zombie_base_boardtear_aligned_r_1_grab,14647,0,|zm_factory_zombie.ai_am|animmappingtable|spawner_zm_factory_zombie|aitype|maps/zm/zm_parkour_nothing0.d3dbsp|col_map|zone_source/zm_parkour_nothing0.zone|csv
888,xanim,ai_zombie_base_boardtear_aligned_r_2_grab,14368,0,|zm_factory_zombie.ai_am|animmappingtable|spawner_zm_factory_zombie|aitype|maps/zm/zm_parkour_nothing0.d3dbsp|col_map|zone_source/zm_parkour_nothing0.zone|csv
889,xanim,ai_zombie_base_boardtear_aligned_r_3_grab,14859,0,|zm_factory_zombie.ai_am|animmappingtable|spawner_zm_factory_zombie|aitype|maps/zm/zm_parkour_nothing0.d3dbsp|col_map|zone_source/zm_parkour_nothing0.zone|csv
890,xanim,ai_zombie_base_boardtear_aligned_r_4_grab,14273,0,|zm_factory_zombie.ai_am|animmappingtable|spawner_zm_factory_zombie|aitype|maps/zm/zm_parkour_nothing0.d3dbsp|col_map|zone_source/zm_parkour_nothing0.zone|csv
891,xanim,ai_zombie_base_boardtear_aligned_r_5_grab,15531,0,|zm_factory_zombie.ai_am|animmappingtable|spawner_zm_factory_zombie|aitype|maps/zm/zm_parkour_nothing0.d3dbsp|col_map|zone_source/zm_parkour_nothing0.zone|csv
892,xanim,ai_zombie_base_boardtear_aligned_r_6_grab,15252,0,|zm_factory_zombie.ai_am|animmappingtable|spawner_zm_factory_zombie|aitype|maps/zm/zm_parkour_nothing0.d3dbsp|col_map|zone_source/zm_parkour_nothing0.zone|csv
893,xanim,ai_zombie_base_boardtear_aligned_l_1_hold,8263,0,|zm_factory_zombie.ai_am|animmappingtable|spawner_zm_factory_zombie|aitype|maps/zm/zm_parkour_nothing0.d3dbsp|col_map|zone_source/zm_parkour_nothing0.zone|csv
894,xanim,ai_zombie_base_boardtear_aligned_l_2_hold,8672,0,|zm_factory_zombie.ai_am|animmappingtable|spawner_zm_factory_zombie|aitype|maps/zm/zm_parkour_nothing0.d3dbsp|col_map|zone_source/zm_parkour_nothing0.zone|csv
895,xanim,ai_zombie_base_boardtear_aligned_l_3_hold,7295,0,|zm_factory_zombie.ai_am|animmappingtable|spawner_zm_factory_zombie|aitype|maps/zm/zm_parkour_nothing0.d3dbsp|col_map|zone_source/zm_parkour_nothing0.zone|csv
896,xanim,ai_zombie_base_boardtear_aligned_l_4_hold,9453,0,|zm_factory_zombie.ai_am|animmappingtable|spawner_zm_factory_zombie|aitype|maps/zm/zm_parkour_nothing0.d3dbsp|col_map|zone_source/zm_parkour_nothing0.zone|csv
897,xanim,ai_zombie_base_boardtear_aligned_l_5_hold,6005,0,|zm_factory_zombie.ai_am|animmappingtable|spawner_zm_factory_zombie|aitype|maps/zm/zm_parkour_nothing0.d3dbsp|col_map|zone_source/zm_parkour_nothing0.zone|csv
898,xanim,ai_zombie_base_boardtear_aligned_l_6_hold,7952,0,|zm_factory_zombie.ai_am|animmappingtable|spawner_zm_factory_zombie|aitype|maps/zm/zm_parkour_nothing0.d3dbsp|col_map|zone_source/zm_parkour_nothing0.zone|csv
899,xanim,ai_zombie_base_boardtear_aligned_m_1_hold,9505,0,|zm_factory_zombie.ai_am|animmappingtable|spawner_zm_factory_zombie|aitype|maps/zm/zm_parkour_nothing0.d3dbsp|col_map|zone_source/zm_parkour_nothing0.zone|csv
900,xanim,ai_zombie_base_boardtear_aligned_m_2_hold,8233,0,|zm_factory_zombie.ai_am|animmappingtable|spawner_zm_factory_zombie|aitype|maps/zm/zm_parkour_nothing0.d3dbsp|col_map|zone_source/zm_parkour_nothing0.zone|csv
901,xanim,ai_zombie_base_boardtear_aligned_m_3_hold,7133,0,|zm_factory_zombie.ai_am|animmappingtable|spawner_zm_factory_zombie|aitype|maps/zm/zm_parkour_nothing0.d3dbsp|col_map|zone_source/zm_parkour_nothing0.zone|csv
902,xanim,ai_zombie_base_boardtear_aligned_m_4_hold,10017,0,|zm_factory_zombie.ai_am|animmappingtable|spawner_zm_factory_zombie|aitype|maps/zm/zm_parkour_nothing0.d3dbsp|col_map|zone_source/zm_parkour_nothing0.zone|csv
903,xanim,ai_zombie_base_boardtear_aligned_m_5_hold,4974,0,|zm_factory_zombie.ai_am|animmappingtable|spawner_zm_factory_zombie|aitype|maps/zm/zm_parkour_nothing0.d3dbsp|col_map|zone_source/zm_parkour_nothing0.zone|csv
904,xanim,ai_zombie_base_boardtear_aligned_m_6_hold,7898,0,|zm_factory_zombie.ai_am|animmappingtable|spawner_zm_factory_zombie|aitype|maps/zm/zm_parkour_nothing0.d3dbsp|col_map|zone_source/zm_parkour_nothing0.zone|csv
905,xanim,ai_zombie_base_boardtear_aligned_r_1_hold,10742,0,|zm_factory_zombie.ai_am|animmappingtable|spawner_zm_factory_zombie|aitype|maps/zm/zm_parkour_nothing0.d3dbsp|col_map|zone_source/zm_parkour_nothing0.zone|csv
906,xanim,ai_zombie_base_boardtear_aligned_r_2_hold,7253,0,|zm_factory_zombie.ai_am|animmappingtable|spawner_zm_factory_zombie|aitype|maps/zm/zm_parkour_nothing0.d3dbsp|col_map|zone_source/zm_parkour_nothing0.zone|csv
907,xanim,ai_zombie_base_boardtear_aligned_r_3_hold,6663,0,|zm_factory_zombie.ai_am|animmappingtable|spawner_zm_factory_zombie|aitype|maps/zm/zm_parkour_nothing0.d3dbsp|col_map|zone_source/zm_parkour_nothing0.zone|csv
908,xanim,ai_zombie_base_boardtear_aligned_r_4_hold,6653,0,|zm_factory_zombie.ai_am|animmappingtable|spawner_zm_factory_zombie|aitype|maps/zm/zm_parkour_nothing0.d3dbsp|col_map|zone_source/zm_parkour_nothing0.zone|csv
909,xanim,ai_zombie_base_boardtear_aligned_r_5_hold,6037,0,|zm_factory_zombie.ai_am|animmappingtable|spawner_zm_factory_zombie|aitype|maps/zm/zm_parkour_nothing0.d3dbsp|col_map|zone_source/zm_parkour_nothing0.zone|csv
910,xanim,ai_zombie_base_boardtear_aligned_r_6_hold,5130,0,|zm_factory_zombie.ai_am|animmappingtable|spawner_zm_factory_zombie|aitype|maps/zm/zm_parkour_nothing0.d3dbsp|col_map|zone_source/zm_parkour_nothing0.zone|csv
911,xanim,ai_zombie_base_idle_ad_v1,24658,0,|zm_factory_zombie.ai_am|animmappingtable|spawner_zm_factory_zombie|aitype|maps/zm/zm_parkour_nothing0.d3dbsp|col_map|zone_source/zm_parkour_nothing0.zone|csv
912,xanim,ai_zombie_base_idle_au_v1,25444,0,|zm_factory_zombie.ai_am|animmappingtable|spawner_zm_factory_zombie|aitype|maps/zm/zm_parkour_nothing0.d3dbsp|col_map|zone_source/zm_parkour_nothing0.zone|csv
913,xanim,ai_zombie_dr_jump_down_127,18242,0,|zm_factory_zombie.ai_am|animmappingtable|spawner_zm_factory_zombie|aitype|maps/zm/zm_parkour_nothing0.d3dbsp|col_map|zone_source/zm_parkour_nothing0.zone|csv
914,xanim,ai_zombie_dr_crawl_jump_down_127,24831,0,|zm_factory_zombie.ai_am|animmappingtable|spawner_zm_factory_zombie|aitype|maps/zm/zm_parkour_nothing0.d3dbsp|col_map|zone_source/zm_parkour_nothing0.zone|csv
915,xanim,ai_zombie_dr_jump_down_184,18108,0,|zm_factory_zombie.ai_am|animmappingtable|spawner_zm_factory_zombie|aitype|maps/zm/zm_parkour_nothing0.d3dbsp|col_map|zone_source/zm_parkour_nothing0.zone|csv
916,xanim,ai_zombie_dr_crawl_jump_down_184,24729,0,|zm_factory_zombie.ai_am|animmappingtable|spawner_zm_factory_zombie|aitype|maps/zm/zm_parkour_nothing0.d3dbsp|col_map|zone_source/zm_parkour_nothing0.zone|csv
917,xanim,ai_zombie_dr_jump_down_190,18189,0,|zm_factory_zombie.ai_am|animmappingtable|spawner_zm_factory_zombie|aitype|maps/zm/zm_parkour_nothing0.d3dbsp|col_map|zone_source/zm_parkour_nothing0.zone|csv
918,xanim,ai_zombie_dr_crawl_jump_down_190,24383,0,|zm_factory_zombie.ai_am|animmappingtable|spawner_zm_factory_zombie|aitype|maps/zm/zm_parkour_nothing0.d3dbsp|col_map|zone_source/zm_parkour_nothing0.zone|csv
919,xanim,ai_zombie_dr_jump_down_72,15787,0,|zm_factory_zombie.ai_am|animmappingtable|spawner_zm_factory_zombie|aitype|maps/zm/zm_parkour_nothing0.d3dbsp|col_map|zone_source/zm_parkour_nothing0.zone|csv
920,xanim,ai_zombie_crawl_dr_jump_down_72,21347,0,|zm_factory_zombie.ai_am|animmappingtable|spawner_zm_factory_zombie|aitype|maps/zm/zm_parkour_nothing0.d3dbsp|col_map|zone_source/zm_parkour_nothing0.zone|csv
921,xanim,ai_zombie_dr_jump_down_96,15382,0,|zm_factory_zombie.ai_am|animmappingtable|spawner_zm_factory_zombie|aitype|maps/zm/zm_parkour_nothing0.d3dbsp|col_map|zone_source/zm_parkour_nothing0.zone|csv
922,xanim,ai_zombie_crawl_dr_jump_down_96,21253,0,|zm_factory_zombie.ai_am|animmappingtable|spawner_zm_factory_zombie|aitype|maps/zm/zm_parkour_nothing0.d3dbsp|col_map|zone_source/zm_parkour_nothing0.zone|csv
923,xanim,ai_zombie_dr_jump_up_2_climb,51866,0,|zm_factory_zombie.ai_am|animmappingtable|spawner_zm_factory_zombie|aitype|maps/zm/zm_parkour_nothing0.d3dbsp|col_map|zone_source/zm_parkour_nothing0.zone|csv
924,xanim,ai_zombie_dr_crawl_jump_up_2_climb,82474,0,|zm_factory_zombie.ai_am|animmappingtable|spawner_zm_factory_zombie|aitype|maps/zm/zm_parkour_nothing0.d3dbsp|col_map|zone_source/zm_parkour_nothing0.zone|csv
925,xanim,ai_zombie_base_ad_attack_v1,24837,0,|zm_factory_zombie.ai_am|animmappingtable|spawner_zm_factory_zombie|aitype|maps/zm/zm_parkour_nothing0.d3dbsp|col_map|zone_source/zm_parkour_nothing0.zone|csv
926,xanim,ai_zombie_base_ad_attack_v2,86292,0,|zm_factory_zombie.ai_am|animmappingtable|spawner_zm_factory_zombie|aitype|maps/zm/zm_parkour_nothing0.d3dbsp|col_map|zone_source/zm_parkour_nothing0.zone|csv
927,xanim,ai_zombie_base_ad_attack_v3,85880,0,|zm_factory_zombie.ai_am|animmappingtable|spawner_zm_factory_zombie|aitype|maps/zm/zm_parkour_nothing0.d3dbsp|col_map|zone_source/zm_parkour_nothing0.zone|csv
928,xanim,ai_zombie_base_ad_attack_v4,85880,0,|zm_factory_zombie.ai_am|animmappingtable|spawner_zm_factory_zombie|aitype|maps/zm/zm_parkour_nothing0.d3dbsp|col_map|zone_source/zm_parkour_nothing0.zone|csv
929,xanim,ai_zombie_base_au_attack_v1,24556,0,|zm_factory_zombie.ai_am|animmappingtable|spawner_zm_factory_zombie|aitype|maps/zm/zm_parkour_nothing0.d3dbsp|col_map|zone_source/zm_parkour_nothing0.zone|csv
930,xanim,ai_zombie_base_au_attack_v2,86402,0,|zm_factory_zombie.ai_am|animmappingtable|spawner_zm_factory_zombie|aitype|maps/zm/zm_parkour_nothing0.d3dbsp|col_map|zone_source/zm_parkour_nothing0.zone|csv
931,xanim,ai_zombie_base_au_attack_v3,85952,0,|zm_factory_zombie.ai_am|animmappingtable|spawner_zm_factory_zombie|aitype|maps/zm/zm_parkour_nothing0.d3dbsp|col_map|zone_source/zm_parkour_nothing0.zone|csv
932,xanim,ai_zombie_base_au_attack_v4,85984,0,|zm_factory_zombie.ai_am|animmappingtable|spawner_zm_factory_zombie|aitype|maps/zm/zm_parkour_nothing0.d3dbsp|col_map|zone_source/zm_parkour_nothing0.zone|csv
933,xanim,ai_zombie_base_run_ad_attack_v1,13916,0,|zm_factory_zombie.ai_am|animmappingtable|spawner_zm_factory_zombie|aitype|maps/zm/zm_parkour_nothing0.d3dbsp|col_map|zone_source/zm_parkour_nothing0.zone|csv
934,xanim,ai_zombie_base_run_ad_attack_v2,13410,0,|zm_factory_zombie.ai_am|animmappingtable|spawner_zm_factory_zombie|aitype|maps/zm/zm_parkour_nothing0.d3dbsp|col_map|zone_source/zm_parkour_nothing0.zone|csv
935,xanim,ai_zombie_base_run_ad_attack_v3,10499,0,|zm_factory_zombie.ai_am|animmappingtable|spawner_zm_factory_zombie|aitype|maps/zm/zm_parkour_nothing0.d3dbsp|col_map|zone_source/zm_parkour_nothing0.zone|csv
936,xanim,ai_zombie_base_run_ad_attack_v4,12751,0,|zm_factory_zombie.ai_am|animmappingtable|spawner_zm_factory_zombie|aitype|maps/zm/zm_parkour_nothing0.d3dbsp|col_map|zone_source/zm_parkour_nothing0.zone|csv
937,xanim,ai_zombie_base_run_au_attack_v1,13880,0,|zm_factory_zombie.ai_am|animmappingtable|spawner_zm_factory_zombie|aitype|maps/zm/zm_parkour_nothing0.d3dbsp|col_map|zone_source/zm_parkour_nothing0.zone|csv
938,xanim,ai_zombie_base_run_au_attack_v2,13113,0,|zm_factory_zombie.ai_am|animmappingtable|spawner_zm_factory_zombie|aitype|maps/zm/zm_parkour_nothing0.d3dbsp|col_map|zone_source/zm_parkour_nothing0.zone|csv
939,xanim,ai_zombie_base_run_au_attack_v3,10198,0,|zm_factory_zombie.ai_am|animmappingtable|spawner_zm_factory_zombie|aitype|maps/zm/zm_parkour_nothing0.d3dbsp|col_map|zone_source/zm_parkour_nothing0.zone|csv
940,xanim,ai_zombie_base_run_au_attack_v4,12655,0,|zm_factory_zombie.ai_am|animmappingtable|spawner_zm_factory_zombie|aitype|maps/zm/zm_parkour_nothing0.d3dbsp|col_map|zone_source/zm_parkour_nothing0.zone|csv
941,xanim,ai_zombie_base_fwd_ad_attack_v1,29460,0,|zm_factory_zombie.ai_am|animmappingtable|spawner_zm_factory_zombie|aitype|maps/zm/zm_parkour_nothing0.d3dbsp|col_map|zone_source/zm_parkour_nothing0.zone|csv
942,xanim,ai_zombie_base_fwd_ad_attack_v2,42462,0,|zm_factory_zombie.ai_am|animmappingtable|spawner_zm_factory_zombie|aitype|maps/zm/zm_parkour_nothing0.d3dbsp|col_map|zone_source/zm_parkour_nothing0.zone|csv
943,xanim,ai_zombie_base_walk_ad_attack_v1,24045,0,|zm_factory_zombie.ai_am|animmappingtable|spawner_zm_factory_zombie|aitype|maps/zm/zm_parkour_nothing0.d3dbsp|col_map|zone_source/zm_parkour_nothing0.zone|csv
944,xanim,ai_zombie_base_walk_ad_attack_v2,24928,0,|zm_factory_zombie.ai_am|animmappingtable|spawner_zm_factory_zombie|aitype|maps/zm/zm_parkour_nothing0.d3dbsp|col_map|zone_source/zm_parkour_nothing0.zone|csv
945,xanim,ai_zombie_base_walk_ad_attack_v3,26778,0,|zm_factory_zombie.ai_am|animmappingtable|spawner_zm_factory_zombie|aitype|maps/zm/zm_parkour_nothing0.d3dbsp|col_map|zone_source/zm_parkour_nothing0.zone|csv
946,xanim,ai_zombie_base_walk_ad_attack_v4,30816,0,|zm_factory_zombie.ai_am|animmappingtable|spawner_zm_factory_zombie|aitype|maps/zm/zm_parkour_nothing0.d3dbsp|col_map|zone_source/zm_parkour_nothing0.zone|csv
947,xanim,ai_zombie_base_walk_au_attack_v1,24248,0,|zm_factory_zombie.ai_am|animmappingtable|spawner_zm_factory_zombie|aitype|maps/zm/zm_parkour_nothing0.d3dbsp|col_map|zone_source/zm_parkour_nothing0.zone|csv
948,xanim,ai_zombie_base_walk_au_attack_v2,24882,0,|zm_factory_zombie.ai_am|animmappingtable|spawner_zm_factory_zombie|aitype|maps/zm/zm_parkour_nothing0.d3dbsp|col_map|zone_source/zm_parkour_nothing0.zone|csv
949,xanim,ai_zombie_base_walk_au_attack_v3,26854,0,|zm_factory_zombie.ai_am|animmappingtable|spawner_zm_factory_zombie|aitype|maps/zm/zm_parkour_nothing0.d3dbsp|col_map|zone_source/zm_parkour_nothing0.zone|csv
950,xanim,ai_zombie_base_walk_au_attack_v4,30853,0,|zm_factory_zombie.ai_am|animmappingtable|spawner_zm_factory_zombie|aitype|maps/zm/zm_parkour_nothing0.d3dbsp|col_map|zone_source/zm_parkour_nothing0.zone|csv
951,xanim,ai_zombie_base_crawl_win_trav_l_v1,61524,0,|zm_factory_zombie.ai_am|animmappingtable|spawner_zm_factory_zombie|aitype|maps/zm/zm_parkour_nothing0.d3dbsp|col_map|zone_source/zm_parkour_nothing0.zone|csv
952,xanim,ai_zombie_base_crawl_win_trav_m_v1,58571,0,|zm_factory_zombie.ai_am|animmappingtable|spawner_zm_factory_zombie|aitype|maps/zm/zm_parkour_nothing0.d3dbsp|col_map|zone_source/zm_parkour_nothing0.zone|csv
953,xanim,ai_zombie_base_crawl_win_trav_m_v2,59257,0,|zm_factory_zombie.ai_am|animmappingtable|spawner_zm_factory_zombie|aitype|maps/zm/zm_parkour_nothing0.d3dbsp|col_map|zone_source/zm_parkour_nothing0.zone|csv
954,xanim,ai_zombie_base_crawl_win_trav_r_v1,59056,0,|zm_factory_zombie.ai_am|animmappingtable|spawner_zm_factory_zombie|aitype|maps/zm/zm_parkour_nothing0.d3dbsp|col_map|zone_source/zm_parkour_nothing0.zone|csv
955,xanim,ai_zombie_base_crawl_run_win_trav_l_v1,39203,0,|zm_factory_zombie.ai_am|animmappingtable|spawner_zm_factory_zombie|aitype|maps/zm/zm_parkour_nothing0.d3dbsp|col_map|zone_source/zm_parkour_nothing0.zone|csv
956,xanim,ai_zombie_base_crawl_run_win_trav_r_v1,44645,0,|zm_factory_zombie.ai_am|animmappingtable|spawner_zm_factory_zombie|aitype|maps/zm/zm_parkour_nothing0.d3dbsp|col_map|zone_source/zm_parkour_nothing0.zone|csv
957,xanim,ai_zombie_base_crawl_sprint_win_trav_l_v1,28284,0,|zm_factory_zombie.ai_am|animmappingtable|spawner_zm_factory_zombie|aitype|maps/zm/zm_parkour_nothing0.d3dbsp|col_map|zone_source/zm_parkour_nothing0.zone|csv
958,xanim,ai_zombie_base_crawl_sprint_win_trav_r_v1,27702,0,|zm_factory_zombie.ai_am|animmappingtable|spawner_zm_factory_zombie|aitype|maps/zm/zm_parkour_nothing0.d3dbsp|col_map|zone_source/zm_parkour_nothing0.zone|csv
959,xanim,ai_zombie_base_crawl_dth_tesla_a,28762,0,|zm_factory_zombie.ai_am|animmappingtable|spawner_zm_factory_zombie|aitype|maps/zm/zm_parkour_nothing0.d3dbsp|col_map|zone_source/zm_parkour_nothing0.zone|csv
960,xanim,ai_zombie_base_crawl_dth_tesla_b,28316,0,|zm_factory_zombie.ai_am|animmappingtable|spawner_zm_factory_zombie|aitype|maps/zm/zm_parkour_nothing0.d3dbsp|col_map|zone_source/zm_parkour_nothing0.zone|csv
961,xanim,ai_zombie_base_crawl_boardtear_aligned_l_1_grab,4967,0,|zm_factory_zombie.ai_am|animmappingtable|spawner_zm_factory_zombie|aitype|maps/zm/zm_parkour_nothing0.d3dbsp|col_map|zone_source/zm_parkour_nothing0.zone|csv
962,xanim,ai_zombie_base_crawl_boardtear_aligned_l_2_grab,25129,0,|zm_factory_zombie.ai_am|animmappingtable|spawner_zm_factory_zombie|aitype|maps/zm/zm_parkour_nothing0.d3dbsp|col_map|zone_source/zm_parkour_nothing0.zone|csv
963,xanim,ai_zombie_base_crawl_boardtear_aligned_l_3_grab,22569,0,|zm_factory_zombie.ai_am|animmappingtable|spawner_zm_factory_zombie|aitype|maps/zm/zm_parkour_nothing0.d3dbsp|col_map|zone_source/zm_parkour_nothing0.zone|csv
964,xanim,ai_zombie_base_crawl_boardtear_aligned_l_4_grab,39727,0,|zm_factory_zombie.ai_am|animmappingtable|spawner_zm_factory_zombie|aitype|maps/zm/zm_parkour_nothing0.d3dbsp|col_map|zone_source/zm_parkour_nothing0.zone|csv
965,xanim,ai_zombie_base_crawl_boardtear_aligned_l_5_grab,23501,0,|zm_factory_zombie.ai_am|animmappingtable|spawner_zm_factory_zombie|aitype|maps/zm/zm_parkour_nothing0.d3dbsp|col_map|zone_source/zm_parkour_nothing0.zone|csv
966,xanim,ai_zombie_base_crawl_boardtear_aligned_l_6_grab,13461,0,|zm_factory_zombie.ai_am|animmappingtable|spawner_zm_factory_zombie|aitype|maps/zm/zm_parkour_nothing0.d3dbsp|col_map|zone_source/zm_parkour_nothing0.zone|csv
967,xanim,ai_zombie_base_crawl_boardtear_aligned_m_1_grab,19987,0,|zm_factory_zombie.ai_am|animmappingtable|spawner_zm_factory_zombie|aitype|maps/zm/zm_parkour_nothing0.d3dbsp|col_map|zone_source/zm_parkour_nothing0.zone|csv
968,xanim,ai_zombie_base_crawl_boardtear_aligned_m_2_grab,35728,0,|zm_factory_zombie.ai_am|animmappingtable|spawner_zm_factory_zombie|aitype|maps/zm/zm_parkour_nothing0.d3dbsp|col_map|zone_source/zm_parkour_nothing0.zone|csv
969,xanim,ai_zombie_base_crawl_boardtear_aligned_m_3_grab,46706,0,|zm_factory_zombie.ai_am|animmappingtable|spawner_zm_factory_zombie|aitype|maps/zm/zm_parkour_nothing0.d3dbsp|col_map|zone_source/zm_parkour_nothing0.zone|csv
970,xanim,ai_zombie_base_crawl_boardtear_aligned_m_4_grab,52987,0,|zm_factory_zombie.ai_am|animmappingtable|spawner_zm_factory_zombie|aitype|maps/zm/zm_parkour_nothing0.d3dbsp|col_map|zone_source/zm_parkour_nothing0.zone|csv
971,xanim,ai_zombie_base_crawl_boardtear_aligned_m_5_grab,38435,0,|zm_factory_zombie.ai_am|animmappingtable|spawner_zm_factory_zombie|aitype|maps/zm/zm_parkour_nothing0.d3dbsp|col_map|zone_source/zm_parkour_nothing0.zone|csv
972,xanim,ai_zombie_base_crawl_boardtear_aligned_m_6_grab,15328,0,|zm_factory_zombie.ai_am|animmappingtable|spawner_zm_factory_zombie|aitype|maps/zm/zm_parkour_nothing0.d3dbsp|col_map|zone_source/zm_parkour_nothing0.zone|csv
973,xanim,ai_zombie_base_crawl_boardtear_aligned_r_1_grab,39300,0,|zm_factory_zombie.ai_am|animmappingtable|spawner_zm_factory_zombie|aitype|maps/zm/zm_parkour_nothing0.d3dbsp|col_map|zone_source/zm_parkour_nothing0.zone|csv
974,xanim,ai_zombie_base_crawl_boardtear_aligned_r_2_grab,32945,0,|zm_factory_zombie.ai_am|animmappingtable|spawner_zm_factory_zombie|aitype|maps/zm/zm_parkour_nothing0.d3dbsp|col_map|zone_source/zm_parkour_nothing0.zone|csv
975,xanim,ai_zombie_base_crawl_boardtear_aligned_r_3_grab,41837,0,|zm_factory_zombie.ai_am|animmappingtable|spawner_zm_factory_zombie|aitype|maps/zm/zm_parkour_nothing0.d3dbsp|col_map|zone_source/zm_parkour_nothing0.zone|csv
976,xanim,ai_zombie_base_crawl_boardtear_aligned_r_4_grab,47309,0,|zm_factory_zombie.ai_am|animmappingtable|spawner_zm_factory_zombie|aitype|maps/zm/zm_parkour_nothing0.d3dbsp|col_map|zone_source/zm_parkour_nothing0.zone|csv
977,xanim,ai_zombie_base_crawl_boardtear_aligned_r_5_grab,28748,0,|zm_factory_zombie.ai_am|animmappingtable|spawner_zm_factory_zombie|aitype|maps/zm/zm_parkour_nothing0.d3dbsp|col_map|zone_source/zm_parkour_nothing0.zone|csv
978,xanim,ai_zombie_base_crawl_boardtear_aligned_r_6_grab,23015,0,|zm_factory_zombie.ai_am|animmappingtable|spawner_zm_factory_zombie|aitype|maps/zm/zm_parkour_nothing0.d3dbsp|col_map|zone_source/zm_parkour_nothing0.zone|csv
979,xanim,ai_zombie_base_crawl_boardtear_aligned_l_1_hold,25376,0,|zm_factory_zombie.ai_am|animmappingtable|spawner_zm_factory_zombie|aitype|maps/zm/zm_parkour_nothing0.d3dbsp|col_map|zone_source/zm_parkour_nothing0.zone|csv
980,xanim,ai_zombie_base_crawl_boardtear_aligned_l_2_hold,8162,0,|zm_factory_zombie.ai_am|animmappingtable|spawner_zm_factory_zombie|aitype|maps/zm/zm_parkour_nothing0.d3dbsp|col_map|zone_source/zm_parkour_nothing0.zone|csv
981,xanim,ai_zombie_base_crawl_boardtear_aligned_l_3_hold,6414,0,|zm_factory_zombie.ai_am|animmappingtable|spawner_zm_factory_zombie|aitype|maps/zm/zm_parkour_nothing0.d3dbsp|col_map|zone_source/zm_parkour_nothing0.zone|csv
982,xanim,ai_zombie_base_crawl_boardtear_aligned_l_4_hold,7337,0,|zm_factory_zombie.ai_am|animmappingtable|spawner_zm_factory_zombie|aitype|maps/zm/zm_parkour_nothing0.d3dbsp|col_map|zone_source/zm_parkour_nothing0.zone|csv
983,xanim,ai_zombie_base_crawl_boardtear_aligned_l_5_hold,6935,0,|zm_factory_zombie.ai_am|animmappingtable|spawner_zm_factory_zombie|aitype|maps/zm/zm_parkour_nothing0.d3dbsp|col_map|zone_source/zm_parkour_nothing0.zone|csv
984,xanim,ai_zombie_base_crawl_boardtear_aligned_l_6_hold,5400,0,|zm_factory_zombie.ai_am|animmappingtable|spawner_zm_factory_zombie|aitype|maps/zm/zm_parkour_nothing0.d3dbsp|col_map|zone_source/zm_parkour_nothing0.zone|csv
985,xanim,ai_zombie_base_crawl_boardtear_aligned_m_1_hold,8345,0,|zm_factory_zombie.ai_am|animmappingtable|spawner_zm_factory_zombie|aitype|maps/zm/zm_parkour_nothing0.d3dbsp|col_map|zone_source/zm_parkour_nothing0.zone|csv
986,xanim,ai_zombie_base_crawl_boardtear_aligned_m_2_hold,5935,0,|zm_factory_zombie.ai_am|animmappingtable|spawner_zm_factory_zombie|aitype|maps/zm/zm_parkour_nothing0.d3dbsp|col_map|zone_source/zm_parkour_nothing0.zone|csv
987,xanim,ai_zombie_base_crawl_boardtear_aligned_m_3_hold,8005,0,|zm_factory_zombie.ai_am|animmappingtable|spawner_zm_factory_zombie|aitype|maps/zm/zm_parkour_nothing0.d3dbsp|col_map|zone_source/zm_parkour_nothing0.zone|csv
988,xanim,ai_zombie_base_crawl_boardtear_aligned_m_4_hold,7688,0,|zm_factory_zombie.ai_am|animmappingtable|spawner_zm_factory_zombie|aitype|maps/zm/zm_parkour_nothing0.d3dbsp|col_map|zone_source/zm_parkour_nothing0.zone|csv
989,xanim,ai_zombie_base_crawl_boardtear_aligned_m_5_hold,5651,0,|zm_factory_zombie.ai_am|animmappingtable|spawner_zm_factory_zombie|aitype|maps/zm/zm_parkour_nothing0.d3dbsp|col_map|zone_source/zm_parkour_nothing0.zone|csv
990,xanim,ai_zombie_base_crawl_boardtear_aligned_m_6_hold,5088,0,|zm_factory_zombie.ai_am|animmappingtable|spawner_zm_factory_zombie|aitype|maps/zm/zm_parkour_nothing0.d3dbsp|col_map|zone_source/zm_parkour_nothing0.zone|csv
991,xanim,ai_zombie_base_crawl_boardtear_aligned_r_1_hold,5020,0,|zm_factory_zombie.ai_am|animmappingtable|spawner_zm_factory_zombie|aitype|maps/zm/zm_parkour_nothing0.d3dbsp|col_map|zone_source/zm_parkour_nothing0.zone|csv
992,xanim,ai_zombie_base_crawl_boardtear_aligned_r_2_hold,6407,0,|zm_factory_zombie.ai_am|animmappingtable|spawner_zm_factory_zombie|aitype|maps/zm/zm_parkour_nothing0.d3dbsp|col_map|zone_source/zm_parkour_nothing0.zone|csv
993,xanim,ai_zombie_base_crawl_boardtear_aligned_r_3_hold,6007,0,|zm_factory_zombie.ai_am|animmappingtable|spawner_zm_factory_zombie|aitype|maps/zm/zm_parkour_nothing0.d3dbsp|col_map|zone_source/zm_parkour_nothing0.zone|csv
994,xanim,ai_zombie_base_crawl_boardtear_aligned_r_4_hold,5555,0,|zm_factory_zombie.ai_am|animmappingtable|spawner_zm_factory_zombie|aitype|maps/zm/zm_parkour_nothing0.d3dbsp|col_map|zone_source/zm_parkour_nothing0.zone|csv
995,xanim,ai_zombie_base_crawl_boardtear_aligned_r_5_hold,4274,0,|zm_factory_zombie.ai_am|animmappingtable|spawner_zm_factory_zombie|aitype|maps/zm/zm_parkour_nothing0.d3dbsp|col_map|zone_source/zm_parkour_nothing0.zone|csv
996,xanim,ai_zombie_base_crawl_boardtear_aligned_r_6_hold,9984,0,|zm_factory_zombie.ai_am|animmappingtable|spawner_zm_factory_zombie|aitype|maps/zm/zm_parkour_nothing0.d3dbsp|col_map|zone_source/zm_parkour_nothing0.zone|csv
997,xanim,ai_zombie_base_crawl_idle_v1,29697,0,|zm_factory_zombie.ai_am|animmappingtable|spawner_zm_factory_zombie|aitype|maps/zm/zm_parkour_nothing0.d3dbsp|col_map|zone_source/zm_parkour_nothing0.zone|csv
998,xanim,ai_zombie_base_crawl_attack_v1,32500,0,|zm_factory_zombie.ai_am|animmappingtable|spawner_zm_factory_zombie|aitype|maps/zm/zm_parkour_nothing0.d3dbsp|col_map|zone_source/zm_parkour_nothing0.zone|csv
999,xanim,ai_zombie_base_crawl_attack_v2,23124,0,|zm_factory_zombie.ai_am|animmappingtable|spawner_zm_factory_zombie|aitype|maps/zm/zm_parkour_nothing0.d3dbsp|col_map|zone_source/zm_parkour_nothing0.zone|csv
1000,xanim,ai_zombie_base_crawl_boardtear_aligned_l_1_pull,21339,0,|zm_factory_zombie.ai_am|animmappingtable|spawner_zm_factory_zombie|aitype|maps/zm/zm_parkour_nothing0.d3dbsp|col_map|zone_source/zm_parkour_nothing0.zone|csv
1001,xanim,ai_zombie_base_crawl_boardtear_aligned_l_2_pull,18167,0,|zm_factory_zombie.ai_am|animmappingtable|spawner_zm_factory_zombie|aitype|maps/zm/zm_parkour_nothing0.d3dbsp|col_map|zone_source/zm_parkour_nothing0.zone|csv
1002,xanim,ai_zombie_base_crawl_boardtear_aligned_l_3_pull,26392,0,|zm_factory_zombie.ai_am|animmappingtable|spawner_zm_factory_zombie|aitype|maps/zm/zm_parkour_nothing0.d3dbsp|col_map|zone_source/zm_parkour_nothing0.zone|csv
1003,xanim,ai_zombie_base_crawl_boardtear_aligned_l_4_pull,41542,0,|zm_factory_zombie.ai_am|animmappingtable|spawner_zm_factory_zombie|aitype|maps/zm/zm_parkour_nothing0.d3dbsp|col_map|zone_source/zm_parkour_nothing0.zone|csv
1004,xanim,ai_zombie_base_crawl_boardtear_aligned_l_5_pull,21735,0,|zm_factory_zombie.ai_am|animmappingtable|spawner_zm_factory_zombie|aitype|maps/zm/zm_parkour_nothing0.d3dbsp|col_map|zone_source/zm_parkour_nothing0.zone|csv
1005,xanim,ai_zombie_base_crawl_boardtear_aligned_l_6_pull,23253,0,|zm_factory_zombie.ai_am|animmappingtable|spawner_zm_factory_zombie|aitype|maps/zm/zm_parkour_nothing0.d3dbsp|col_map|zone_source/zm_parkour_nothing0.zone|csv
1006,xanim,ai_zombie_base_crawl_boardtear_aligned_m_1_pull,25039,0,|zm_factory_zombie.ai_am|animmappingtable|spawner_zm_factory_zombie|aitype|maps/zm/zm_parkour_nothing0.d3dbsp|col_map|zone_source/zm_parkour_nothing0.zone|csv
1007,xanim,ai_zombie_base_crawl_boardtear_aligned_m_2_pull,20065,0,|zm_factory_zombie.ai_am|animmappingtable|spawner_zm_factory_zombie|aitype|maps/zm/zm_parkour_nothing0.d3dbsp|col_map|zone_source/zm_parkour_nothing0.zone|csv
1008,xanim,ai_zombie_base_crawl_boardtear_aligned_m_3_pull,20420,0,|zm_factory_zombie.ai_am|animmappingtable|spawner_zm_factory_zombie|aitype|maps/zm/zm_parkour_nothing0.d3dbsp|col_map|zone_source/zm_parkour_nothing0.zone|csv
1009,xanim,ai_zombie_base_crawl_boardtear_aligned_m_4_pull,25243,0,|zm_factory_zombie.ai_am|animmappingtable|spawner_zm_factory_zombie|aitype|maps/zm/zm_parkour_nothing0.d3dbsp|col_map|zone_source/zm_parkour_nothing0.zone|csv
1010,xanim,ai_zombie_base_crawl_boardtear_aligned_m_5_pull,23376,0,|zm_factory_zombie.ai_am|animmappingtable|spawner_zm_factory_zombie|aitype|maps/zm/zm_parkour_nothing0.d3dbsp|col_map|zone_source/zm_parkour_nothing0.zone|csv
1011,xanim,ai_zombie_base_crawl_boardtear_aligned_m_6_pull,27997,0,|zm_factory_zombie.ai_am|animmappingtable|spawner_zm_factory_zombie|aitype|maps/zm/zm_parkour_nothing0.d3dbsp|col_map|zone_source/zm_parkour_nothing0.zone|csv
1012,xanim,ai_zombie_base_crawl_boardtear_aligned_r_1_pull,24245,0,|zm_factory_zombie.ai_am|animmappingtable|spawner_zm_factory_zombie|aitype|maps/zm/zm_parkour_nothing0.d3dbsp|col_map|zone_source/zm_parkour_nothing0.zone|csv
1013,xanim,ai_zombie_base_crawl_boardtear_aligned_r_2_pull,25117,0,|zm_factory_zombie.ai_am|animmappingtable|spawner_zm_factory_zombie|aitype|maps/zm/zm_parkour_nothing0.d3dbsp|col_map|zone_source/zm_parkour_nothing0.zone|csv
1014,xanim,ai_zombie_base_crawl_boardtear_aligned_r_3_pull,21169,0,|zm_factory_zombie.ai_am|animmappingtable|spawner_zm_factory_zombie|aitype|maps/zm/zm_parkour_nothing0.d3dbsp|col_map|zone_source/zm_parkour_nothing0.zone|csv
1015,xanim,ai_zombie_base_crawl_boardtear_aligned_r_4_pull,20337,0,|zm_factory_zombie.ai_am|animmappingtable|spawner_zm_factory_zombie|aitype|maps/zm/zm_parkour_nothing0.d3dbsp|col_map|zone_source/zm_parkour_nothing0.zone|csv
1016,xanim,ai_zombie_base_crawl_boardtear_aligned_r_5_pull,20844,0,|zm_factory_zombie.ai_am|animmappingtable|spawner_zm_factory_zombie|aitype|maps/zm/zm_parkour_nothing0.d3dbsp|col_map|zone_source/zm_parkour_nothing0.zone|csv
1017,xanim,ai_zombie_base_crawl_boardtear_aligned_r_6_pull,30132,0,|zm_factory_zombie.ai_am|animmappingtable|spawner_zm_factory_zombie|aitype|maps/zm/zm_parkour_nothing0.d3dbsp|col_map|zone_source/zm_parkour_nothing0.zone|csv
1018,xanim,ai_zombie_base_crawl_v1,56997,0,|zm_factory_zombie.ai_am|animmappingtable|spawner_zm_factory_zombie|aitype|maps/zm/zm_parkour_nothing0.d3dbsp|col_map|zone_source/zm_parkour_nothing0.zone|csv
1019,xanim,ai_zombie_base_crawl_v2,33319,0,|zm_factory_zombie.ai_am|animmappingtable|spawner_zm_factory_zombie|aitype|maps/zm/zm_parkour_nothing0.d3dbsp|col_map|zone_source/zm_parkour_nothing0.zone|csv
1020,xanim,ai_zombie_base_crawl_v3,26735,0,|zm_factory_zombie.ai_am|animmappingtable|spawner_zm_factory_zombie|aitype|maps/zm/zm_parkour_nothing0.d3dbsp|col_map|zone_source/zm_parkour_nothing0.zone|csv
1021,xanim,ai_zombie_base_crawl_v4,42169,0,|zm_factory_zombie.ai_am|animmappingtable|spawner_zm_factory_zombie|aitype|maps/zm/zm_parkour_nothing0.d3dbsp|col_map|zone_source/zm_parkour_nothing0.zone|csv
1022,xanim,ai_zombie_base_crawl_v5,80681,0,|zm_factory_zombie.ai_am|animmappingtable|spawner_zm_factory_zombie|aitype|maps/zm/zm_parkour_nothing0.d3dbsp|col_map|zone_source/zm_parkour_nothing0.zone|csv
1023,xanim,ai_zombie_base_crawl_sprint_v1,40533,0,|zm_factory_zombie.ai_am|animmappingtable|spawner_zm_factory_zombie|aitype|maps/zm/zm_parkour_nothing0.d3dbsp|col_map|zone_source/zm_parkour_nothing0.zone|csv
1024,xanim,ai_zombie_base_crawl_sprint_v2,213868,0,|zm_factory_zombie.ai_am|animmappingtable|spawner_zm_factory_zombie|aitype|maps/zm/zm_parkour_nothing0.d3dbsp|col_map|zone_source/zm_parkour_nothing0.zone|csv
1025,xanim,ai_zombie_base_crawl_sprint_v3,100127,0,|zm_factory_zombie.ai_am|animmappingtable|spawner_zm_factory_zombie|aitype|maps/zm/zm_parkour_nothing0.d3dbsp|col_map|zone_source/zm_parkour_nothing0.zone|csv
1026,xanim,ai_zombie_base_walk_au_pain_head_v1,57096,0,|zm_factory_zombie.ai_am|animmappingtable|spawner_zm_factory_zombie|aitype|maps/zm/zm_parkour_nothing0.d3dbsp|col_map|zone_source/zm_parkour_nothing0.zone|csv
1027,xanim,ai_zombie_base_walk_au_pain_legs_v1,57005,0,|zm_factory_zombie.ai_am|animmappingtable|spawner_zm_factory_zombie|aitype|maps/zm/zm_parkour_nothing0.d3dbsp|col_map|zone_source/zm_parkour_nothing0.zone|csv
1028,xanim,ai_zombie_base_walk_au_pain_torso_v1,57237,0,|zm_factory_zombie.ai_am|animmappingtable|spawner_zm_factory_zombie|aitype|maps/zm/zm_parkour_nothing0.d3dbsp|col_map|zone_source/zm_parkour_nothing0.zone|csv
1029,xanim,ai_zombie_base_boardtear_aligned_l_1_pull,20280,0,|zm_factory_zombie.ai_am|animmappingtable|spawner_zm_factory_zombie|aitype|maps/zm/zm_parkour_nothing0.d3dbsp|col_map|zone_source/zm_parkour_nothing0.zone|csv
1030,xanim,ai_zombie_base_boardtear_aligned_l_2_pull,26743,0,|zm_factory_zombie.ai_am|animmappingtable|spawner_zm_factory_zombie|aitype|maps/zm/zm_parkour_nothing0.d3dbsp|col_map|zone_source/zm_parkour_nothing0.zone|csv
1031,xanim,ai_zombie_base_boardtear_aligned_l_3_pull,29892,0,|zm_factory_zombie.ai_am|animmappingtable|spawner_zm_factory_zombie|aitype|maps/zm/zm_parkour_nothing0.d3dbsp|col_map|zone_source/zm_parkour_nothing0.zone|csv
1032,xanim,ai_zombie_base_boardtear_aligned_l_4_pull,27603,0,|zm_factory_zombie.ai_am|animmappingtable|spawner_zm_factory_zombie|aitype|maps/zm/zm_parkour_nothing0.d3dbsp|col_map|zone_source/zm_parkour_nothing0.zone|csv
1033,xanim,ai_zombie_base_boardtear_aligned_l_5_pull,31985,0,|zm_factory_zombie.ai_am|animmappingtable|spawner_zm_factory_zombie|aitype|maps/zm/zm_parkour_nothing0.d3dbsp|col_map|zone_source/zm_parkour_nothing0.zone|csv
1034,xanim,ai_zombie_base_boardtear_aligned_l_6_pull,23706,0,|zm_factory_zombie.ai_am|animmappingtable|spawner_zm_factory_zombie|aitype|maps/zm/zm_parkour_nothing0.d3dbsp|col_map|zone_source/zm_parkour_nothing0.zone|csv
1035,xanim,ai_zombie_base_boardtear_aligned_m_1_pull,24723,0,|zm_factory_zombie.ai_am|animmappingtable|spawner_zm_factory_zombie|aitype|maps/zm/zm_parkour_nothing0.d3dbsp|col_map|zone_source/zm_parkour_nothing0.zone|csv
1036,xanim,ai_zombie_base_boardtear_aligned_m_2_pull,26807,0,|zm_factory_zombie.ai_am|animmappingtable|spawner_zm_factory_zombie|aitype|maps/zm/zm_parkour_nothing0.d3dbsp|col_map|zone_source/zm_parkour_nothing0.zone|csv
1037,xanim,ai_zombie_base_boardtear_aligned_m_3_pull,31186,0,|zm_factory_zombie.ai_am|animmappingtable|spawner_zm_factory_zombie|aitype|maps/zm/zm_parkour_nothing0.d3dbsp|col_map|zone_source/zm_parkour_nothing0.zone|csv
1038,xanim,ai_zombie_base_boardtear_aligned_m_4_pull,31494,0,|zm_factory_zombie.ai_am|animmappingtable|spawner_zm_factory_zombie|aitype|maps/zm/zm_parkour_nothing0.d3dbsp|col_map|zone_source/zm_parkour_nothing0.zone|csv
1039,xanim,ai_zombie_base_boardtear_aligned_m_5_pull,29322,0,|zm_factory_zombie.ai_am|animmappingtable|spawner_zm_factory_zombie|aitype|maps/zm/zm_parkour_nothing0.d3dbsp|col_map|zone_source/zm_parkour_nothing0.zone|csv
1040,xanim,ai_zombie_base_boardtear_aligned_m_6_pull,24637,0,|zm_factory_zombie.ai_am|animmappingtable|spawner_zm_factory_zombie|aitype|maps/zm/zm_parkour_nothing0.d3dbsp|col_map|zone_source/zm_parkour_nothing0.zone|csv
1041,xanim,ai_zombie_base_boardtear_aligned_r_1_pull,23176,0,|zm_factory_zombie.ai_am|animmappingtable|spawner_zm_factory_zombie|aitype|maps/zm/zm_parkour_nothing0.d3dbsp|col_map|zone_source/zm_parkour_nothing0.zone|csv
1042,xanim,ai_zombie_base_boardtear_aligned_r_2_pull,21904,0,|zm_factory_zombie.ai_am|animmappingtable|spawner_zm_factory_zombie|aitype|maps/zm/zm_parkour_nothing0.d3dbsp|col_map|zone_source/zm_parkour_nothing0.zone|csv
1043,xanim,ai_zombie_base_boardtear_aligned_r_3_pull,27088,0,|zm_factory_zombie.ai_am|animmappingtable|spawner_zm_factory_zombie|aitype|maps/zm/zm_parkour_nothing0.d3dbsp|col_map|zone_source/zm_parkour_nothing0.zone|csv
1044,xanim,ai_zombie_base_boardtear_aligned_r_4_pull,29987,0,|zm_factory_zombie.ai_am|animmappingtable|spawner_zm_factory_zombie|aitype|maps/zm/zm_parkour_nothing0.d3dbsp|col_map|zone_source/zm_parkour_nothing0.zone|csv
1045,xanim,ai_zombie_base_boardtear_aligned_r_5_pull,23654,0,|zm_factory_zombie.ai_am|animmappingtable|spawner_zm_factory_zombie|aitype|maps/zm/zm_parkour_nothing0.d3dbsp|col_map|zone_source/zm_parkour_nothing0.zone|csv
1046,xanim,ai_zombie_base_boardtear_aligned_r_6_pull,22049,0,|zm_factory_zombie.ai_am|animmappingtable|spawner_zm_factory_zombie|aitype|maps/zm/zm_parkour_nothing0.d3dbsp|col_map|zone_source/zm_parkour_nothing0.zone|csv
1047,xanim,ai_zombie_base_run_ad_sidestep_left_long_a,20702,0,|zm_factory_zombie.ai_am|animmappingtable|spawner_zm_factory_zombie|aitype|maps/zm/zm_parkour_nothing0.d3dbsp|col_map|zone_source/zm_parkour_nothing0.zone|csv
1048,xanim,ai_zombie_base_run_ad_sidestep_left_long_b,29191,0,|zm_factory_zombie.ai_am|animmappingtable|spawner_zm_factory_zombie|aitype|maps/zm/zm_parkour_nothing0.d3dbsp|col_map|zone_source/zm_parkour_nothing0.zone|csv
1049,xanim,ai_zombie_base_run_ad_sidestep_left_short_a,27075,0,|zm_factory_zombie.ai_am|animmappingtable|spawner_zm_factory_zombie|aitype|maps/zm/zm_parkour_nothing0.d3dbsp|col_map|zone_source/zm_parkour_nothing0.zone|csv
1050,xanim,ai_zombie_base_run_ad_sidestep_right_long,20997,0,|zm_factory_zombie.ai_am|animmappingtable|spawner_zm_factory_zombie|aitype|maps/zm/zm_parkour_nothing0.d3dbsp|col_map|zone_source/zm_parkour_nothing0.zone|csv
1051,xanim,ai_zombie_base_run_ad_sidestep_right_long_a,31658,0,|zm_factory_zombie.ai_am|animmappingtable|spawner_zm_factory_zombie|aitype|maps/zm/zm_parkour_nothing0.d3dbsp|col_map|zone_source/zm_parkour_nothing0.zone|csv
1052,xanim,ai_zombie_base_run_ad_sidestep_right_short,16608,0,|zm_factory_zombie.ai_am|animmappingtable|spawner_zm_factory_zombie|aitype|maps/zm/zm_parkour_nothing0.d3dbsp|col_map|zone_source/zm_parkour_nothing0.zone|csv
1053,xanim,ai_zombie_base_run_ad_v1,61789,0,|zm_factory_zombie.ai_am|animmappingtable|spawner_zm_factory_zombie|aitype|maps/zm/zm_parkour_nothing0.d3dbsp|col_map|zone_source/zm_parkour_nothing0.zone|csv
1054,xanim,ai_zombie_base_run_ad_v1_pain_chest_f,61470,0,|zm_factory_zombie.ai_am|animmappingtable|spawner_zm_factory_zombie|aitype|maps/zm/zm_parkour_nothing0.d3dbsp|col_map|zone_source/zm_parkour_nothing0.zone|csv
1055,xanim,ai_zombie_base_run_ad_v1_pain_chest_f_alt,61474,0,|zm_factory_zombie.ai_am|animmappingtable|spawner_zm_factory_zombie|aitype|maps/zm/zm_parkour_nothing0.d3dbsp|col_map|zone_source/zm_parkour_nothing0.zone|csv
1056,xanim,ai_zombie_base_run_ad_v2,42556,0,|zm_factory_zombie.ai_am|animmappingtable|spawner_zm_factory_zombie|aitype|maps/zm/zm_parkour_nothing0.d3dbsp|col_map|zone_source/zm_parkour_nothing0.zone|csv
1057,xanim,ai_zombie_base_run_ad_v12,44052,0,|zm_factory_zombie.ai_am|animmappingtable|spawner_zm_factory_zombie|aitype|maps/zm/zm_parkour_nothing0.d3dbsp|col_map|zone_source/zm_parkour_nothing0.zone|csv
1058,xanim,ai_zombie_base_run_ad_v12_pain_chest_f,43984,0,|zm_factory_zombie.ai_am|animmappingtable|spawner_zm_factory_zombie|aitype|maps/zm/zm_parkour_nothing0.d3dbsp|col_map|zone_source/zm_parkour_nothing0.zone|csv
1059,xanim,ai_zombie_base_run_ad_v12_pain_chest_f_alt,44001,0,|zm_factory_zombie.ai_am|animmappingtable|spawner_zm_factory_zombie|aitype|maps/zm/zm_parkour_nothing0.d3dbsp|col_map|zone_source/zm_parkour_nothing0.zone|csv
1060,xanim,ai_zombie_base_run_ad_v11,56545,0,|zm_factory_zombie.ai_am|animmappingtable|spawner_zm_factory_zombie|aitype|maps/zm/zm_parkour_nothing0.d3dbsp|col_map|zone_source/zm_parkour_nothing0.zone|csv
1061,xanim,ai_zombie_base_run_ad_v11_pain_chest_f,55973,0,|zm_factory_zombie.ai_am|animmappingtable|spawner_zm_factory_zombie|aitype|maps/zm/zm_parkour_nothing0.d3dbsp|col_map|zone_source/zm_parkour_nothing0.zone|csv
1062,xanim,ai_zombie_base_run_ad_v11_pain_chest_f_alt,56059,0,|zm_factory_zombie.ai_am|animmappingtable|spawner_zm_factory_zombie|aitype|maps/zm/zm_parkour_nothing0.d3dbsp|col_map|zone_source/zm_parkour_nothing0.zone|csv
1063,xanim,ai_zombie_base_run_ad_v14,59442,0,|zm_factory_zombie.ai_am|animmappingtable|spawner_zm_factory_zombie|aitype|maps/zm/zm_parkour_nothing0.d3dbsp|col_map|zone_source/zm_parkour_nothing0.zone|csv
1064,xanim,ai_zombie_base_run_ad_v14_pain_chest_f,59023,0,|zm_factory_zombie.ai_am|animmappingtable|spawner_zm_factory_zombie|aitype|maps/zm/zm_parkour_nothing0.d3dbsp|col_map|zone_source/zm_parkour_nothing0.zone|csv
1065,xanim,ai_zombie_base_run_ad_v14_pain_chest_f_alt,59040,0,|zm_factory_zombie.ai_am|animmappingtable|spawner_zm_factory_zombie|aitype|maps/zm/zm_parkour_nothing0.d3dbsp|col_map|zone_source/zm_parkour_nothing0.zone|csv
1066,xanim,ai_zombie_base_run_ad_v2_pain_chest_f,42200,0,|zm_factory_zombie.ai_am|animmappingtable|spawner_zm_factory_zombie|aitype|maps/zm/zm_parkour_nothing0.d3dbsp|col_map|zone_source/zm_parkour_nothing0.zone|csv
1067,xanim,ai_zombie_base_run_ad_v2_pain_chest_f_alt,42157,0,|zm_factory_zombie.ai_am|animmappingtable|spawner_zm_factory_zombie|aitype|maps/zm/zm_parkour_nothing0.d3dbsp|col_map|zone_source/zm_parkour_nothing0.zone|csv
1068,xanim,ai_zombie_base_run_ad_v4,42695,0,|zm_factory_zombie.ai_am|animmappingtable|spawner_zm_factory_zombie|aitype|maps/zm/zm_parkour_nothing0.d3dbsp|col_map|zone_source/zm_parkour_nothing0.zone|csv
1069,xanim,ai_zombie_base_run_ad_v4_pain_chest_f,43701,0,|zm_factory_zombie.ai_am|animmappingtable|spawner_zm_factory_zombie|aitype|maps/zm/zm_parkour_nothing0.d3dbsp|col_map|zone_source/zm_parkour_nothing0.zone|csv
1070,xanim,ai_zombie_base_run_ad_v4_pain_chest_f_alt,43328,0,|zm_factory_zombie.ai_am|animmappingtable|spawner_zm_factory_zombie|aitype|maps/zm/zm_parkour_nothing0.d3dbsp|col_map|zone_source/zm_parkour_nothing0.zone|csv
1071,xanim,ai_zombie_base_run_ad_v8,54900,0,|zm_factory_zombie.ai_am|animmappingtable|spawner_zm_factory_zombie|aitype|maps/zm/zm_parkour_nothing0.d3dbsp|col_map|zone_source/zm_parkour_nothing0.zone|csv
1072,xanim,ai_zombie_base_run_ad_v8_pain_chest_f,54476,0,|zm_factory_zombie.ai_am|animmappingtable|spawner_zm_factory_zombie|aitype|maps/zm/zm_parkour_nothing0.d3dbsp|col_map|zone_source/zm_parkour_nothing0.zone|csv
1073,xanim,ai_zombie_base_run_ad_v8_pain_chest_f_alt,54475,0,|zm_factory_zombie.ai_am|animmappingtable|spawner_zm_factory_zombie|aitype|maps/zm/zm_parkour_nothing0.d3dbsp|col_map|zone_source/zm_parkour_nothing0.zone|csv
1074,xanim,ai_zombie_base_run_ad_v23,100764,0,|zm_factory_zombie.ai_am|animmappingtable|spawner_zm_factory_zombie|aitype|maps/zm/zm_parkour_nothing0.d3dbsp|col_map|zone_source/zm_parkour_nothing0.zone|csv
1075,xanim,ai_zombie_base_run_ad_v23_pain_chest_f,97075,0,|zm_factory_zombie.ai_am|animmappingtable|spawner_zm_factory_zombie|aitype|maps/zm/zm_parkour_nothing0.d3dbsp|col_map|zone_source/zm_parkour_nothing0.zone|csv
1076,xanim,ai_zombie_base_run_ad_v23_pain_chest_f_alt,96513,0,|zm_factory_zombie.ai_am|animmappingtable|spawner_zm_factory_zombie|aitype|maps/zm/zm_parkour_nothing0.d3dbsp|col_map|zone_source/zm_parkour_nothing0.zone|csv
1077,xanim,ai_zombie_base_run_ad_v24,51015,0,|zm_factory_zombie.ai_am|animmappingtable|spawner_zm_factory_zombie|aitype|maps/zm/zm_parkour_nothing0.d3dbsp|col_map|zone_source/zm_parkour_nothing0.zone|csv
1078,xanim,ai_zombie_base_run_ad_v24_pain_chest_f,48060,0,|zm_factory_zombie.ai_am|animmappingtable|spawner_zm_factory_zombie|aitype|maps/zm/zm_parkour_nothing0.d3dbsp|col_map|zone_source/zm_parkour_nothing0.zone|csv
1079,xanim,ai_zombie_base_run_ad_v24_pain_chest_f_alt,48052,0,|zm_factory_zombie.ai_am|animmappingtable|spawner_zm_factory_zombie|aitype|maps/zm/zm_parkour_nothing0.d3dbsp|col_map|zone_source/zm_parkour_nothing0.zone|csv
1080,xanim,ai_zombie_base_run_ad_v7,47443,0,|zm_factory_zombie.ai_am|animmappingtable|spawner_zm_factory_zombie|aitype|maps/zm/zm_parkour_nothing0.d3dbsp|col_map|zone_source/zm_parkour_nothing0.zone|csv
1081,xanim,ai_zombie_base_run_ad_v7_pain_chest_f,50487,0,|zm_factory_zombie.ai_am|animmappingtable|spawner_zm_factory_zombie|aitype|maps/zm/zm_parkour_nothing0.d3dbsp|col_map|zone_source/zm_parkour_nothing0.zone|csv
1082,xanim,ai_zombie_base_run_ad_v7_pain_chest_f_alt,50563,0,|zm_factory_zombie.ai_am|animmappingtable|spawner_zm_factory_zombie|aitype|maps/zm/zm_parkour_nothing0.d3dbsp|col_map|zone_source/zm_parkour_nothing0.zone|csv
1083,xanim,ai_zombie_base_run_ad_v22,62725,0,|zm_factory_zombie.ai_am|animmappingtable|spawner_zm_factory_zombie|aitype|maps/zm/zm_parkour_nothing0.d3dbsp|col_map|zone_source/zm_parkour_nothing0.zone|csv
1084,xanim,ai_zombie_base_run_ad_v22_pain_chest_f,62662,0,|zm_factory_zombie.ai_am|animmappingtable|spawner_zm_factory_zombie|aitype|maps/zm/zm_parkour_nothing0.d3dbsp|col_map|zone_source/zm_parkour_nothing0.zone|csv
1085,xanim,ai_zombie_base_run_ad_v22_pain_chest_f_alt,61304,0,|zm_factory_zombie.ai_am|animmappingtable|spawner_zm_factory_zombie|aitype|maps/zm/zm_parkour_nothing0.d3dbsp|col_map|zone_source/zm_parkour_nothing0.zone|csv
1086,xanim,ai_zombie_base_run_ad_v21,108864,0,|zm_factory_zombie.ai_am|animmappingtable|spawner_zm_factory_zombie|aitype|maps/zm/zm_parkour_nothing0.d3dbsp|col_map|zone_source/zm_parkour_nothing0.zone|csv
1087,xanim,ai_zombie_base_run_ad_v21_pain_chest_f,108687,0,|zm_factory_zombie.ai_am|animmappingtable|spawner_zm_factory_zombie|aitype|maps/zm/zm_parkour_nothing0.d3dbsp|col_map|zone_source/zm_parkour_nothing0.zone|csv
1088,xanim,ai_zombie_base_run_ad_v21_pain_chest_f_alt,108719,0,|zm_factory_zombie.ai_am|animmappingtable|spawner_zm_factory_zombie|aitype|maps/zm/zm_parkour_nothing0.d3dbsp|col_map|zone_source/zm_parkour_nothing0.zone|csv
1089,xanim,ai_zombie_base_run_ad_v20,88484,0,|zm_factory_zombie.ai_am|animmappingtable|spawner_zm_factory_zombie|aitype|maps/zm/zm_parkour_nothing0.d3dbsp|col_map|zone_source/zm_parkour_nothing0.zone|csv
1090,xanim,ai_zombie_base_run_ad_v20_pain_chest_f,85338,0,|zm_factory_zombie.ai_am|animmappingtable|spawner_zm_factory_zombie|aitype|maps/zm/zm_parkour_nothing0.d3dbsp|col_map|zone_source/zm_parkour_nothing0.zone|csv
1091,xanim,ai_zombie_base_run_ad_v20_pain_chest_f_alt,84003,0,|zm_factory_zombie.ai_am|animmappingtable|spawner_zm_factory_zombie|aitype|maps/zm/zm_parkour_nothing0.d3dbsp|col_map|zone_source/zm_parkour_nothing0.zone|csv
1092,xanim,ai_zombie_base_run_au_sidestep_left_long_a,36763,0,|zm_factory_zombie.ai_am|animmappingtable|spawner_zm_factory_zombie|aitype|maps/zm/zm_parkour_nothing0.d3dbsp|col_map|zone_source/zm_parkour_nothing0.zone|csv
1093,xanim,ai_zombie_base_run_au_sidestep_left_long_b,40030,0,|zm_factory_zombie.ai_am|animmappingtable|spawner_zm_factory_zombie|aitype|maps/zm/zm_parkour_nothing0.d3dbsp|col_map|zone_source/zm_parkour_nothing0.zone|csv
1094,xanim,ai_zombie_base_run_au_sidestep_left_long_c,27659,0,|zm_factory_zombie.ai_am|animmappingtable|spawner_zm_factory_zombie|aitype|maps/zm/zm_parkour_nothing0.d3dbsp|col_map|zone_source/zm_parkour_nothing0.zone|csv
1095,xanim,ai_zombie_base_run_au_sidestep_left_short,23394,0,|zm_factory_zombie.ai_am|animmappingtable|spawner_zm_factory_zombie|aitype|maps/zm/zm_parkour_nothing0.d3dbsp|col_map|zone_source/zm_parkour_nothing0.zone|csv
1096,xanim,ai_zombie_base_run_au_sidestep_left_short_a,30814,0,|zm_factory_zombie.ai_am|animmappingtable|spawner_zm_factory_zombie|aitype|maps/zm/zm_parkour_nothing0.d3dbsp|col_map|zone_source/zm_parkour_nothing0.zone|csv
1097,xanim,ai_zombie_base_run_au_sidestep_left_short_b,30688,0,|zm_factory_zombie.ai_am|animmappingtable|spawner_zm_factory_zombie|aitype|maps/zm/zm_parkour_nothing0.d3dbsp|col_map|zone_source/zm_parkour_nothing0.zone|csv
1098,xanim,ai_zombie_base_run_au_sidestep_right_long_a,30252,0,|zm_factory_zombie.ai_am|animmappingtable|spawner_zm_factory_zombie|aitype|maps/zm/zm_parkour_nothing0.d3dbsp|col_map|zone_source/zm_parkour_nothing0.zone|csv
1099,xanim,ai_zombie_base_run_au_sidestep_right_long_b,27476,0,|zm_factory_zombie.ai_am|animmappingtable|spawner_zm_factory_zombie|aitype|maps/zm/zm_parkour_nothing0.d3dbsp|col_map|zone_source/zm_parkour_nothing0.zone|csv
1100,xanim,ai_zombie_base_run_au_sidestep_right_long_c,34392,0,|zm_factory_zombie.ai_am|animmappingtable|spawner_zm_factory_zombie|aitype|maps/zm/zm_parkour_nothing0.d3dbsp|col_map|zone_source/zm_parkour_nothing0.zone|csv
1101,xanim,ai_zombie_base_run_au_sidestep_right_short_a,26722,0,|zm_factory_zombie.ai_am|animmappingtable|spawner_zm_factory_zombie|aitype|maps/zm/zm_parkour_nothing0.d3dbsp|col_map|zone_source/zm_parkour_nothing0.zone|csv
1102,xanim,ai_zombie_base_run_au_sidestep_right_short_b,29102,0,|zm_factory_zombie.ai_am|animmappingtable|spawner_zm_factory_zombie|aitype|maps/zm/zm_parkour_nothing0.d3dbsp|col_map|zone_source/zm_parkour_nothing0.zone|csv
1103,xanim,ai_zombie_base_run_au_sidestep_right_short_c,29710,0,|zm_factory_zombie.ai_am|animmappingtable|spawner_zm_factory_zombie|aitype|maps/zm/zm_parkour_nothing0.d3dbsp|col_map|zone_source/zm_parkour_nothing0.zone|csv
1104,xanim,ai_zombie_base_run_au_sidestep_right_short_d,29747,0,|zm_factory_zombie.ai_am|animmappingtable|spawner_zm_factory_zombie|aitype|maps/zm/zm_parkour_nothing0.d3dbsp|col_map|zone_source/zm_parkour_nothing0.zone|csv
1105,xanim,ai_zombie_base_run_au_v1,27370,0,|zm_factory_zombie.ai_am|animmappingtable|spawner_zm_factory_zombie|aitype|maps/zm/zm_parkour_nothing0.d3dbsp|col_map|zone_source/zm_parkour_nothing0.zone|csv
1106,xanim,ai_zombie_base_run_au_v1_pain_chest_f,41330,0,|zm_factory_zombie.ai_am|animmappingtable|spawner_zm_factory_zombie|aitype|maps/zm/zm_parkour_nothing0.d3dbsp|col_map|zone_source/zm_parkour_nothing0.zone|csv
1107,xanim,ai_zombie_base_run_au_v1_pain_chest_f_alt,41353,0,|zm_factory_zombie.ai_am|animmappingtable|spawner_zm_factory_zombie|aitype|maps/zm/zm_parkour_nothing0.d3dbsp|col_map|zone_source/zm_parkour_nothing0.zone|csv
1108,xanim,ai_zombie_base_run_au_v2,41383,0,|zm_factory_zombie.ai_am|animmappingtable|spawner_zm_factory_zombie|aitype|maps/zm/zm_parkour_nothing0.d3dbsp|col_map|zone_source/zm_parkour_nothing0.zone|csv
1109,xanim,ai_zombie_base_run_au_v5,73670,0,|zm_factory_zombie.ai_am|animmappingtable|spawner_zm_factory_zombie|aitype|maps/zm/zm_parkour_nothing0.d3dbsp|col_map|zone_source/zm_parkour_nothing0.zone|csv
1110,xanim,ai_zombie_base_run_au_v5_pain_chest_f,73816,0,|zm_factory_zombie.ai_am|animmappingtable|spawner_zm_factory_zombie|aitype|maps/zm/zm_parkour_nothing0.d3dbsp|col_map|zone_source/zm_parkour_nothing0.zone|csv
1111,xanim,ai_zombie_base_run_au_v5_pain_chest_f_alt,74075,0,|zm_factory_zombie.ai_am|animmappingtable|spawner_zm_factory_zombie|aitype|maps/zm/zm_parkour_nothing0.d3dbsp|col_map|zone_source/zm_parkour_nothing0.zone|csv
1112,xanim,ai_zombie_base_run_au_v13,43169,0,|zm_factory_zombie.ai_am|animmappingtable|spawner_zm_factory_zombie|aitype|maps/zm/zm_parkour_nothing0.d3dbsp|col_map|zone_source/zm_parkour_nothing0.zone|csv
1113,xanim,ai_zombie_base_run_au_v13_pain_chest_f,43233,0,|zm_factory_zombie.ai_am|animmappingtable|spawner_zm_factory_zombie|aitype|maps/zm/zm_parkour_nothing0.d3dbsp|col_map|zone_source/zm_parkour_nothing0.zone|csv
1114,xanim,ai_zombie_base_run_au_v2_pain_chest_f,42353,0,|zm_factory_zombie.ai_am|animmappingtable|spawner_zm_factory_zombie|aitype|maps/zm/zm_parkour_nothing0.d3dbsp|col_map|zone_source/zm_parkour_nothing0.zone|csv
1115,xanim,ai_zombie_base_run_au_v2_pain_chest_f_alt,42339,0,|zm_factory_zombie.ai_am|animmappingtable|spawner_zm_factory_zombie|aitype|maps/zm/zm_parkour_nothing0.d3dbsp|col_map|zone_source/zm_parkour_nothing0.zone|csv
1116,xanim,ai_zombie_base_run_au_v20,116536,0,|zm_factory_zombie.ai_am|animmappingtable|spawner_zm_factory_zombie|aitype|maps/zm/zm_parkour_nothing0.d3dbsp|col_map|zone_source/zm_parkour_nothing0.zone|csv
1117,xanim,ai_zombie_base_run_au_v20_pain_chest_f,108607,0,|zm_factory_zombie.ai_am|animmappingtable|spawner_zm_factory_zombie|aitype|maps/zm/zm_parkour_nothing0.d3dbsp|col_map|zone_source/zm_parkour_nothing0.zone|csv
1118,xanim,ai_zombie_base_run_au_v20_pain_chest_f_alt,109611,0,|zm_factory_zombie.ai_am|animmappingtable|spawner_zm_factory_zombie|aitype|maps/zm/zm_parkour_nothing0.d3dbsp|col_map|zone_source/zm_parkour_nothing0.zone|csv
1119,xanim,ai_zombie_base_run_au_v21,81504,0,|zm_factory_zombie.ai_am|animmappingtable|spawner_zm_factory_zombie|aitype|maps/zm/zm_parkour_nothing0.d3dbsp|col_map|zone_source/zm_parkour_nothing0.zone|csv
1120,xanim,ai_zombie_base_run_au_v21_pain_chest_f,78997,0,|zm_factory_zombie.ai_am|animmappingtable|spawner_zm_factory_zombie|aitype|maps/zm/zm_parkour_nothing0.d3dbsp|col_map|zone_source/zm_parkour_nothing0.zone|csv
1121,xanim,ai_zombie_base_run_au_v21_pain_chest_f_alt,78485,0,|zm_factory_zombie.ai_am|animmappingtable|spawner_zm_factory_zombie|aitype|maps/zm/zm_parkour_nothing0.d3dbsp|col_map|zone_source/zm_parkour_nothing0.zone|csv
1122,xanim,ai_zombie_base_run_au_v22,51521,0,|zm_factory_zombie.ai_am|animmappingtable|spawner_zm_factory_zombie|aitype|maps/zm/zm_parkour_nothing0.d3dbsp|col_map|zone_source/zm_parkour_nothing0.zone|csv
1123,xanim,ai_zombie_base_run_au_v22_pain_chest_f,49325,0,|zm_factory_zombie.ai_am|animmappingtable|spawner_zm_factory_zombie|aitype|maps/zm/zm_parkour_nothing0.d3dbsp|col_map|zone_source/zm_parkour_nothing0.zone|csv
1124,xanim,ai_zombie_base_run_au_v22_pain_chest_f_alt,48785,0,|zm_factory_zombie.ai_am|animmappingtable|spawner_zm_factory_zombie|aitype|maps/zm/zm_parkour_nothing0.d3dbsp|col_map|zone_source/zm_parkour_nothing0.zone|csv
1125,xanim,ai_zombie_base_run_au_v23,81336,0,|zm_factory_zombie.ai_am|animmappingtable|spawner_zm_factory_zombie|aitype|maps/zm/zm_parkour_nothing0.d3dbsp|col_map|zone_source/zm_parkour_nothing0.zone|csv
1126,xanim,ai_zombie_base_run_au_v23_pain_chest_f,77126,0,|zm_factory_zombie.ai_am|animmappingtable|spawner_zm_factory_zombie|aitype|maps/zm/zm_parkour_nothing0.d3dbsp|col_map|zone_source/zm_parkour_nothing0.zone|csv
1127,xanim,ai_zombie_base_run_au_v23_pain_chest_f_alt,77593,0,|zm_factory_zombie.ai_am|animmappingtable|spawner_zm_factory_zombie|aitype|maps/zm/zm_parkour_nothing0.d3dbsp|col_map|zone_source/zm_parkour_nothing0.zone|csv
1128,xanim,ai_zombie_base_run_au_v24,71860,0,|zm_factory_zombie.ai_am|animmappingtable|spawner_zm_factory_zombie|aitype|maps/zm/zm_parkour_nothing0.d3dbsp|col_map|zone_source/zm_parkour_nothing0.zone|csv
1129,xanim,ai_zombie_base_run_au_v24_pain_chest_f,68932,0,|zm_factory_zombie.ai_am|animmappingtable|spawner_zm_factory_zombie|aitype|maps/zm/zm_parkour_nothing0.d3dbsp|col_map|zone_source/zm_parkour_nothing0.zone|csv
1130,xanim,ai_zombie_base_run_au_v24_pain_chest_f_alt,68674,0,|zm_factory_zombie.ai_am|animmappingtable|spawner_zm_factory_zombie|aitype|maps/zm/zm_parkour_nothing0.d3dbsp|col_map|zone_source/zm_parkour_nothing0.zone|csv
1131,xanim,ai_zombie_base_run_au_v9,63424,0,|zm_factory_zombie.ai_am|animmappingtable|spawner_zm_factory_zombie|aitype|maps/zm/zm_parkour_nothing0.d3dbsp|col_map|zone_source/zm_parkour_nothing0.zone|csv
1132,xanim,ai_zombie_base_run_au_v9_pain_chest_f,63382,0,|zm_factory_zombie.ai_am|animmappingtable|spawner_zm_factory_zombie|aitype|maps/zm/zm_parkour_nothing0.d3dbsp|col_map|zone_source/zm_parkour_nothing0.zone|csv
1133,xanim,ai_zombie_base_run_au_v9_pain_chest_f_alt,63389,0,|zm_factory_zombie.ai_am|animmappingtable|spawner_zm_factory_zombie|aitype|maps/zm/zm_parkour_nothing0.d3dbsp|col_map|zone_source/zm_parkour_nothing0.zone|csv
1134,xanim,ai_zombie_base_run_au_v4,42129,0,|zm_factory_zombie.ai_am|animmappingtable|spawner_zm_factory_zombie|aitype|maps/zm/zm_parkour_nothing0.d3dbsp|col_map|zone_source/zm_parkour_nothing0.zone|csv
1135,xanim,ai_zombie_base_run_au_v4_pain_chest_f,43733,0,|zm_factory_zombie.ai_am|animmappingtable|spawner_zm_factory_zombie|aitype|maps/zm/zm_parkour_nothing0.d3dbsp|col_map|zone_source/zm_parkour_nothing0.zone|csv
1136,xanim,ai_zombie_base_run_au_v4_pain_chest_f_alt,43737,0,|zm_factory_zombie.ai_am|animmappingtable|spawner_zm_factory_zombie|aitype|maps/zm/zm_parkour_nothing0.d3dbsp|col_map|zone_source/zm_parkour_nothing0.zone|csv
1137,xanim,ai_zombie_base_run_au_v11,43754,0,|zm_factory_zombie.ai_am|animmappingtable|spawner_zm_factory_zombie|aitype|maps/zm/zm_parkour_nothing0.d3dbsp|col_map|zone_source/zm_parkour_nothing0.zone|csv
1138,xanim,ai_zombie_base_run_au_v11_pain_chest_f,43837,0,|zm_factory_zombie.ai_am|animmappingtable|spawner_zm_factory_zombie|aitype|maps/zm/zm_parkour_nothing0.d3dbsp|col_map|zone_source/zm_parkour_nothing0.zone|csv
1139,xanim,ai_zombie_base_run_au_v11_pain_chest_f_alt,43908,0,|zm_factory_zombie.ai_am|animmappingtable|spawner_zm_factory_zombie|aitype|maps/zm/zm_parkour_nothing0.d3dbsp|col_map|zone_source/zm_parkour_nothing0.zone|csv
1140,xanim,ai_zombie_base_run_jump_down_36,17787,0,|zm_factory_zombie.ai_am|animmappingtable|spawner_zm_factory_zombie|aitype|maps/zm/zm_parkour_nothing0.d3dbsp|col_map|zone_source/zm_parkour_nothing0.zone|csv
1141,xanim,ai_zombie_base_run_jump_down_48,19388,0,|zm_factory_zombie.ai_am|animmappingtable|spawner_zm_factory_zombie|aitype|maps/zm/zm_parkour_nothing0.d3dbsp|col_map|zone_source/zm_parkour_nothing0.zone|csv
1142,xanim,ai_zombie_base_run_jump_down_72,43702,0,|zm_factory_zombie.ai_am|animmappingtable|spawner_zm_factory_zombie|aitype|maps/zm/zm_parkour_nothing0.d3dbsp|col_map|zone_source/zm_parkour_nothing0.zone|csv
1143,xanim,ai_zombie_base_run_jump_down_96,43804,0,|zm_factory_zombie.ai_am|animmappingtable|spawner_zm_factory_zombie|aitype|maps/zm/zm_parkour_nothing0.d3dbsp|col_map|zone_source/zm_parkour_nothing0.zone|csv
1144,xanim,ai_zombie_base_run_jump_up_36,37023,0,|zm_factory_zombie.ai_am|animmappingtable|spawner_zm_factory_zombie|aitype|maps/zm/zm_parkour_nothing0.d3dbsp|col_map|zone_source/zm_parkour_nothing0.zone|csv
1145,xanim,ai_zombie_base_run_jump_up_48,26133,0,|zm_factory_zombie.ai_am|animmappingtable|spawner_zm_factory_zombie|aitype|maps/zm/zm_parkour_nothing0.d3dbsp|col_map|zone_source/zm_parkour_nothing0.zone|csv
1146,xanim,ai_zombie_base_run_jump_up_72,78201,0,|zm_factory_zombie.ai_am|animmappingtable|spawner_zm_factory_zombie|aitype|maps/zm/zm_parkour_nothing0.d3dbsp|col_map|zone_source/zm_parkour_nothing0.zone|csv
1147,xanim,ai_zombie_base_run_jump_up_96,92506,0,|zm_factory_zombie.ai_am|animmappingtable|spawner_zm_factory_zombie|aitype|maps/zm/zm_parkour_nothing0.d3dbsp|col_map|zone_source/zm_parkour_nothing0.zone|csv
1148,xanim,rtrg_ai_zm_dlc1_zombie_run_lowg_v1,23489,0,|zm_factory_zombie.ai_am|animmappingtable|spawner_zm_factory_zombie|aitype|maps/zm/zm_parkour_nothing0.d3dbsp|col_map|zone_source/zm_parkour_nothing0.zone|csv
1149,xanim,rtrg_ai_zm_dlc1_zombie_run_lowg_v2,47078,0,|zm_factory_zombie.ai_am|animmappingtable|spawner_zm_factory_zombie|aitype|maps/zm/zm_parkour_nothing0.d3dbsp|col_map|zone_source/zm_parkour_nothing0.zone|csv
1150,xanim,rtrg_ai_zm_dlc1_zombie_run_lowg_v3,43370,0,|zm_factory_zombie.ai_am|animmappingtable|spawner_zm_factory_zombie|aitype|maps/zm/zm_parkour_nothing0.d3dbsp|col_map|zone_source/zm_parkour_nothing0.zone|csv
1151,xanim,rtrg_ai_zm_dlc1_zombie_run_lowg_v4,23665,0,|zm_factory_zombie.ai_am|animmappingtable|spawner_zm_factory_zombie|aitype|maps/zm/zm_parkour_nothing0.d3dbsp|col_map|zone_source/zm_parkour_nothing0.zone|csv
1152,xanim,ai_zombie_base_run_mantle_over_36,23127,0,|zm_factory_zombie.ai_am|animmappingtable|spawner_zm_factory_zombie|aitype|maps/zm/zm_parkour_nothing0.d3dbsp|col_map|zone_source/zm_parkour_nothing0.zone|csv
1153,xanim,ai_zombie_base_run_mantle_over_48,37505,0,|zm_factory_zombie.ai_am|animmappingtable|spawner_zm_factory_zombie|aitype|maps/zm/zm_parkour_nothing0.d3dbsp|col_map|zone_source/zm_parkour_nothing0.zone|csv
1154,xanim,ai_zombie_base_run_mantle_over_72,42137,0,|zm_factory_zombie.ai_am|animmappingtable|spawner_zm_factory_zombie|aitype|maps/zm/zm_parkour_nothing0.d3dbsp|col_map|zone_source/zm_parkour_nothing0.zone|csv
1155,xanim,ai_zombie_base_run_mantle_over_96,42081,0,|zm_factory_zombie.ai_am|animmappingtable|spawner_zm_factory_zombie|aitype|maps/zm/zm_parkour_nothing0.d3dbsp|col_map|zone_source/zm_parkour_nothing0.zone|csv
1156,xanim,ai_zombie_base_run_turn_135_l_v2,31224,0,|zm_factory_zombie.ai_am|animmappingtable|spawner_zm_factory_zombie|aitype|maps/zm/zm_parkour_nothing0.d3dbsp|col_map|zone_source/zm_parkour_nothing0.zone|csv
1157,xanim,ai_zombie_base_run_turn_135_r_v2,34597,0,|zm_factory_zombie.ai_am|animmappingtable|spawner_zm_factory_zombie|aitype|maps/zm/zm_parkour_nothing0.d3dbsp|col_map|zone_source/zm_parkour_nothing0.zone|csv
1158,xanim,ai_zombie_base_run_turn_180_l_v2,40719,0,|zm_factory_zombie.ai_am|animmappingtable|spawner_zm_factory_zombie|aitype|maps/zm/zm_parkour_nothing0.d3dbsp|col_map|zone_source/zm_parkour_nothing0.zone|csv
1159,xanim,ai_zombie_base_run_turn_180_r_v2,45780,0,|zm_factory_zombie.ai_am|animmappingtable|spawner_zm_factory_zombie|aitype|maps/zm/zm_parkour_nothing0.d3dbsp|col_map|zone_source/zm_parkour_nothing0.zone|csv
1160,xanim,ai_zombie_base_run_turn_45_l_v2,21296,0,|zm_factory_zombie.ai_am|animmappingtable|spawner_zm_factory_zombie|aitype|maps/zm/zm_parkour_nothing0.d3dbsp|col_map|zone_source/zm_parkour_nothing0.zone|csv
1161,xanim,ai_zombie_base_run_turn_45_r_v2,36721,0,|zm_factory_zombie.ai_am|animmappingtable|spawner_zm_factory_zombie|aitype|maps/zm/zm_parkour_nothing0.d3dbsp|col_map|zone_source/zm_parkour_nothing0.zone|csv
1162,xanim,ai_zombie_base_run_turn_90_l_v3,21863,0,|zm_factory_zombie.ai_am|animmappingtable|spawner_zm_factory_zombie|aitype|maps/zm/zm_parkour_nothing0.d3dbsp|col_map|zone_source/zm_parkour_nothing0.zone|csv
1163,xanim,ai_zombie_base_run_turn_90_r_v2,30203,0,|zm_factory_zombie.ai_am|animmappingtable|spawner_zm_factory_zombie|aitype|maps/zm/zm_parkour_nothing0.d3dbsp|col_map|zone_source/zm_parkour_nothing0.zone|csv
1164,xanim,ai_zombie_base_sprint_ad_sidestep_left_long_a,29357,0,|zm_factory_zombie.ai_am|animmappingtable|spawner_zm_factory_zombie|aitype|maps/zm/zm_parkour_nothing0.d3dbsp|col_map|zone_source/zm_parkour_nothing0.zone|csv
1165,xanim,ai_zombie_base_sprint_ad_sidestep_left_long_b,28373,0,|zm_factory_zombie.ai_am|animmappingtable|spawner_zm_factory_zombie|aitype|maps/zm/zm_parkour_nothing0.d3dbsp|col_map|zone_source/zm_parkour_nothing0.zone|csv
1166,xanim,ai_zombie_base_sprint_ad_sidestep_left_short_a,29011,0,|zm_factory_zombie.ai_am|animmappingtable|spawner_zm_factory_zombie|aitype|maps/zm/zm_parkour_nothing0.d3dbsp|col_map|zone_source/zm_parkour_nothing0.zone|csv
1167,xanim,ai_zombie_base_sprint_ad_sidestep_right_long,14617,0,|zm_factory_zombie.ai_am|animmappingtable|spawner_zm_factory_zombie|aitype|maps/zm/zm_parkour_nothing0.d3dbsp|col_map|zone_source/zm_parkour_nothing0.zone|csv
1168,xanim,ai_zombie_base_sprint_ad_sidestep_right_long_a,28793,0,|zm_factory_zombie.ai_am|animmappingtable|spawner_zm_factory_zombie|aitype|maps/zm/zm_parkour_nothing0.d3dbsp|col_map|zone_source/zm_parkour_nothing0.zone|csv
1169,xanim,ai_zombie_base_sprint_ad_sidestep_right_long_b,29505,0,|zm_factory_zombie.ai_am|animmappingtable|spawner_zm_factory_zombie|aitype|maps/zm/zm_parkour_nothing0.d3dbsp|col_map|zone_source/zm_parkour_nothing0.zone|csv
1170,xanim,ai_zombie_base_sprint_ad_sidestep_right_short_a,15137,0,|zm_factory_zombie.ai_am|animmappingtable|spawner_zm_factory_zombie|aitype|maps/zm/zm_parkour_nothing0.d3dbsp|col_map|zone_source/zm_parkour_nothing0.zone|csv
1171,xanim,ai_zombie_base_sprint_ad_v1,33441,0,|zm_factory_zombie.ai_am|animmappingtable|spawner_zm_factory_zombie|aitype|maps/zm/zm_parkour_nothing0.d3dbsp|col_map|zone_source/zm_parkour_nothing0.zone|csv
1172,xanim,ai_zombie_base_sprint_ad_v1_pain_chest_f,33490,0,|zm_factory_zombie.ai_am|animmappingtable|spawner_zm_factory_zombie|aitype|maps/zm/zm_parkour_nothing0.d3dbsp|col_map|zone_source/zm_parkour_nothing0.zone|csv
1173,xanim,ai_zombie_base_sprint_ad_v1_pain_chest_f_alt,33479,0,|zm_factory_zombie.ai_am|animmappingtable|spawner_zm_factory_zombie|aitype|maps/zm/zm_parkour_nothing0.d3dbsp|col_map|zone_source/zm_parkour_nothing0.zone|csv
1174,xanim,ai_zombie_base_sprint_ad_v2,31098,0,|zm_factory_zombie.ai_am|animmappingtable|spawner_zm_factory_zombie|aitype|maps/zm/zm_parkour_nothing0.d3dbsp|col_map|zone_source/zm_parkour_nothing0.zone|csv
1175,xanim,ai_zombie_base_sprint_ad_v2_pain_chest_f,31279,0,|zm_factory_zombie.ai_am|animmappingtable|spawner_zm_factory_zombie|aitype|maps/zm/zm_parkour_nothing0.d3dbsp|col_map|zone_source/zm_parkour_nothing0.zone|csv
1176,xanim,ai_zombie_base_sprint_ad_v2_pain_chest_f_alt,31254,0,|zm_factory_zombie.ai_am|animmappingtable|spawner_zm_factory_zombie|aitype|maps/zm/zm_parkour_nothing0.d3dbsp|col_map|zone_source/zm_parkour_nothing0.zone|csv
1177,xanim,ai_zombie_base_sprint_ad_v5,38224,0,|zm_factory_zombie.ai_am|animmappingtable|spawner_zm_factory_zombie|aitype|maps/zm/zm_parkour_nothing0.d3dbsp|col_map|zone_source/zm_parkour_nothing0.zone|csv
1178,xanim,ai_zombie_base_sprint_ad_v5_pain_chest_f,38310,0,|zm_factory_zombie.ai_am|animmappingtable|spawner_zm_factory_zombie|aitype|maps/zm/zm_parkour_nothing0.d3dbsp|col_map|zone_source/zm_parkour_nothing0.zone|csv
1179,xanim,ai_zombie_base_sprint_ad_v5_pain_chest_f_alt,38292,0,|zm_factory_zombie.ai_am|animmappingtable|spawner_zm_factory_zombie|aitype|maps/zm/zm_parkour_nothing0.d3dbsp|col_map|zone_source/zm_parkour_nothing0.zone|csv
1180,xanim,ai_zombie_base_sprint_ad_v21,41378,0,|zm_factory_zombie.ai_am|animmappingtable|spawner_zm_factory_zombie|aitype|maps/zm/zm_parkour_nothing0.d3dbsp|col_map|zone_source/zm_parkour_nothing0.zone|csv
1181,xanim,ai_zombie_base_sprint_ad_v21_pain_chest_f,39458,0,|zm_factory_zombie.ai_am|animmappingtable|spawner_zm_factory_zombie|aitype|maps/zm/zm_parkour_nothing0.d3dbsp|col_map|zone_source/zm_parkour_nothing0.zone|csv
1182,xanim,ai_zombie_base_sprint_ad_v21_pain_chest_f_alt,40289,0,|zm_factory_zombie.ai_am|animmappingtable|spawner_zm_factory_zombie|aitype|maps/zm/zm_parkour_nothing0.d3dbsp|col_map|zone_source/zm_parkour_nothing0.zone|csv
1183,xanim,ai_zombie_base_sprint_ad_v22,70198,0,|zm_factory_zombie.ai_am|animmappingtable|spawner_zm_factory_zombie|aitype|maps/zm/zm_parkour_nothing0.d3dbsp|col_map|zone_source/zm_parkour_nothing0.zone|csv
1184,xanim,ai_zombie_base_sprint_ad_v22_pain_chest_f,67370,0,|zm_factory_zombie.ai_am|animmappingtable|spawner_zm_factory_zombie|aitype|maps/zm/zm_parkour_nothing0.d3dbsp|col_map|zone_source/zm_parkour_nothing0.zone|csv
1185,xanim,ai_zombie_base_sprint_ad_v22_pain_chest_f_alt,76639,0,|zm_factory_zombie.ai_am|animmappingtable|spawner_zm_factory_zombie|aitype|maps/zm/zm_parkour_nothing0.d3dbsp|col_map|zone_source/zm_parkour_nothing0.zone|csv
1186,xanim,ai_zombie_base_sprint_ad_v23,76843,0,|zm_factory_zombie.ai_am|animmappingtable|spawner_zm_factory_zombie|aitype|maps/zm/zm_parkour_nothing0.d3dbsp|col_map|zone_source/zm_parkour_nothing0.zone|csv
1187,xanim,ai_zombie_base_sprint_ad_v23_pain_chest_f,72134,0,|zm_factory_zombie.ai_am|animmappingtable|spawner_zm_factory_zombie|aitype|maps/zm/zm_parkour_nothing0.d3dbsp|col_map|zone_source/zm_parkour_nothing0.zone|csv
1188,xanim,ai_zombie_base_sprint_ad_v23_pain_chest_f_alt,68353,0,|zm_factory_zombie.ai_am|animmappingtable|spawner_zm_factory_zombie|aitype|maps/zm/zm_parkour_nothing0.d3dbsp|col_map|zone_source/zm_parkour_nothing0.zone|csv
1189,xanim,ai_zombie_base_sprint_ad_v24,60566,0,|zm_factory_zombie.ai_am|animmappingtable|spawner_zm_factory_zombie|aitype|maps/zm/zm_parkour_nothing0.d3dbsp|col_map|zone_source/zm_parkour_nothing0.zone|csv
1190,xanim,ai_zombie_base_sprint_ad_v24_pain_chest_f,57518,0,|zm_factory_zombie.ai_am|animmappingtable|spawner_zm_factory_zombie|aitype|maps/zm/zm_parkour_nothing0.d3dbsp|col_map|zone_source/zm_parkour_nothing0.zone|csv
1191,xanim,ai_zombie_base_sprint_ad_v24_pain_chest_f_alt,57814,0,|zm_factory_zombie.ai_am|animmappingtable|spawner_zm_factory_zombie|aitype|maps/zm/zm_parkour_nothing0.d3dbsp|col_map|zone_source/zm_parkour_nothing0.zone|csv
1192,xanim,ai_zombie_base_fast_sprint_01,40613,0,|zm_factory_zombie.ai_am|animmappingtable|spawner_zm_factory_zombie|aitype|maps/zm/zm_parkour_nothing0.d3dbsp|col_map|zone_source/zm_parkour_nothing0.zone|csv
1193,xanim,ai_zombie_base_fast_sprint_01_pain_chest_f,40196,0,|zm_factory_zombie.ai_am|animmappingtable|spawner_zm_factory_zombie|aitype|maps/zm/zm_parkour_nothing0.d3dbsp|col_map|zone_source/zm_parkour_nothing0.zone|csv
1194,xanim,ai_zombie_base_fast_sprint_01_pain_chest_f_alt,40221,0,|zm_factory_zombie.ai_am|animmappingtable|spawner_zm_factory_zombie|aitype|maps/zm/zm_parkour_nothing0.d3dbsp|col_map|zone_source/zm_parkour_nothing0.zone|csv
1195,xanim,ai_zombie_base_fast_sprint_02,44225,0,|zm_factory_zombie.ai_am|animmappingtable|spawner_zm_factory_zombie|aitype|maps/zm/zm_parkour_nothing0.d3dbsp|col_map|zone_source/zm_parkour_nothing0.zone|csv
1196,xanim,ai_zombie_base_fast_sprint_02_pain_chest_f,44240,0,|zm_factory_zombie.ai_am|animmappingtable|spawner_zm_factory_zombie|aitype|maps/zm/zm_parkour_nothing0.d3dbsp|col_map|zone_source/zm_parkour_nothing0.zone|csv
1197,xanim,ai_zombie_base_fast_sprint_02_pain_chest_f_alt,44264,0,|zm_factory_zombie.ai_am|animmappingtable|spawner_zm_factory_zombie|aitype|maps/zm/zm_parkour_nothing0.d3dbsp|col_map|zone_source/zm_parkour_nothing0.zone|csv
1198,xanim,ai_zombie_base_sprint_au_sidestep_left_long_a,35100,0,|zm_factory_zombie.ai_am|animmappingtable|spawner_zm_factory_zombie|aitype|maps/zm/zm_parkour_nothing0.d3dbsp|col_map|zone_source/zm_parkour_nothing0.zone|csv
1199,xanim,ai_zombie_base_sprint_au_sidestep_left_long_b,33405,0,|zm_factory_zombie.ai_am|animmappingtable|spawner_zm_factory_zombie|aitype|maps/zm/zm_parkour_nothing0.d3dbsp|col_map|zone_source/zm_parkour_nothing0.zone|csv
1200,xanim,ai_zombie_base_sprint_au_sidestep_left_short_a,29527,0,|zm_factory_zombie.ai_am|animmappingtable|spawner_zm_factory_zombie|aitype|maps/zm/zm_parkour_nothing0.d3dbsp|col_map|zone_source/zm_parkour_nothing0.zone|csv
1201,xanim,ai_zombie_base_sprint_au_sidestep_left_short_b,28680,0,|zm_factory_zombie.ai_am|animmappingtable|spawner_zm_factory_zombie|aitype|maps/zm/zm_parkour_nothing0.d3dbsp|col_map|zone_source/zm_parkour_nothing0.zone|csv
1202,xanim,ai_zombie_base_sprint_au_sidestep_right_long_a,28955,0,|zm_factory_zombie.ai_am|animmappingtable|spawner_zm_factory_zombie|aitype|maps/zm/zm_parkour_nothing0.d3dbsp|col_map|zone_source/zm_parkour_nothing0.zone|csv
1203,xanim,ai_zombie_base_sprint_au_sidestep_right_long_b,41550,0,|zm_factory_zombie.ai_am|animmappingtable|spawner_zm_factory_zombie|aitype|maps/zm/zm_parkour_nothing0.d3dbsp|col_map|zone_source/zm_parkour_nothing0.zone|csv
1204,xanim,ai_zombie_base_sprint_au_sidestep_right_short_a,30656,0,|zm_factory_zombie.ai_am|animmappingtable|spawner_zm_factory_zombie|aitype|maps/zm/zm_parkour_nothing0.d3dbsp|col_map|zone_source/zm_parkour_nothing0.zone|csv
1205,xanim,ai_zombie_base_sprint_au_sidestep_right_short_b,45102,0,|zm_factory_zombie.ai_am|animmappingtable|spawner_zm_factory_zombie|aitype|maps/zm/zm_parkour_nothing0.d3dbsp|col_map|zone_source/zm_parkour_nothing0.zone|csv
1206,xanim,ai_zombie_base_sprint_au_v1,33414,0,|zm_factory_zombie.ai_am|animmappingtable|spawner_zm_factory_zombie|aitype|maps/zm/zm_parkour_nothing0.d3dbsp|col_map|zone_source/zm_parkour_nothing0.zone|csv
1207,xanim,ai_zombie_base_sprint_au_v1_pain_chest_f,33518,0,|zm_factory_zombie.ai_am|animmappingtable|spawner_zm_factory_zombie|aitype|maps/zm/zm_parkour_nothing0.d3dbsp|col_map|zone_source/zm_parkour_nothing0.zone|csv
1208,xanim,ai_zombie_base_sprint_au_v1_pain_chest_f_alt,33558,0,|zm_factory_zombie.ai_am|animmappingtable|spawner_zm_factory_zombie|aitype|maps/zm/zm_parkour_nothing0.d3dbsp|col_map|zone_source/zm_parkour_nothing0.zone|csv
1209,xanim,ai_zombie_base_sprint_au_v20,89660,0,|zm_factory_zombie.ai_am|animmappingtable|spawner_zm_factory_zombie|aitype|maps/zm/zm_parkour_nothing0.d3dbsp|col_map|zone_source/zm_parkour_nothing0.zone|csv
1210,xanim,ai_zombie_base_sprint_au_v20_pain_chest_f,86239,0,|zm_factory_zombie.ai_am|animmappingtable|spawner_zm_factory_zombie|aitype|maps/zm/zm_parkour_nothing0.d3dbsp|col_map|zone_source/zm_parkour_nothing0.zone|csv
1211,xanim,ai_zombie_base_sprint_au_v20_pain_chest_f_alt,86585,0,|zm_factory_zombie.ai_am|animmappingtable|spawner_zm_factory_zombie|aitype|maps/zm/zm_parkour_nothing0.d3dbsp|col_map|zone_source/zm_parkour_nothing0.zone|csv
1212,xanim,ai_zombie_base_sprint_au_v2,30587,0,|zm_factory_zombie.ai_am|animmappingtable|spawner_zm_factory_zombie|aitype|maps/zm/zm_parkour_nothing0.d3dbsp|col_map|zone_source/zm_parkour_nothing0.zone|csv
1213,xanim,ai_zombie_base_sprint_au_v2_pain_chest_f,31567,0,|zm_factory_zombie.ai_am|animmappingtable|spawner_zm_factory_zombie|aitype|maps/zm/zm_parkour_nothing0.d3dbsp|col_map|zone_source/zm_parkour_nothing0.zone|csv
1214,xanim,ai_zombie_base_sprint_au_v2_pain_chest_f_alt,31549,0,|zm_factory_zombie.ai_am|animmappingtable|spawner_zm_factory_zombie|aitype|maps/zm/zm_parkour_nothing0.d3dbsp|col_map|zone_source/zm_parkour_nothing0.zone|csv
1215,xanim,ai_zombie_base_sprint_au_v21,56550,0,|zm_factory_zombie.ai_am|animmappingtable|spawner_zm_factory_zombie|aitype|maps/zm/zm_parkour_nothing0.d3dbsp|col_map|zone_source/zm_parkour_nothing0.zone|csv
1216,xanim,ai_zombie_base_sprint_au_v21_pain_chest_f,56505,0,|zm_factory_zombie.ai_am|animmappingtable|spawner_zm_factory_zombie|aitype|maps/zm/zm_parkour_nothing0.d3dbsp|col_map|zone_source/zm_parkour_nothing0.zone|csv
1217,xanim,ai_zombie_base_sprint_au_v21_pain_chest_f_alt,54126,0,|zm_factory_zombie.ai_am|animmappingtable|spawner_zm_factory_zombie|aitype|maps/zm/zm_parkour_nothing0.d3dbsp|col_map|zone_source/zm_parkour_nothing0.zone|csv
1218,xanim,ai_zombie_base_sprint_au_v22,65207,0,|zm_factory_zombie.ai_am|animmappingtable|spawner_zm_factory_zombie|aitype|maps/zm/zm_parkour_nothing0.d3dbsp|col_map|zone_source/zm_parkour_nothing0.zone|csv
1219,xanim,ai_zombie_base_sprint_au_v22_pain_chest_f,63002,0,|zm_factory_zombie.ai_am|animmappingtable|spawner_zm_factory_zombie|aitype|maps/zm/zm_parkour_nothing0.d3dbsp|col_map|zone_source/zm_parkour_nothing0.zone|csv
1220,xanim,ai_zombie_base_sprint_au_v22_pain_chest_f_alt,62764,0,|zm_factory_zombie.ai_am|animmappingtable|spawner_zm_factory_zombie|aitype|maps/zm/zm_parkour_nothing0.d3dbsp|col_map|zone_source/zm_parkour_nothing0.zone|csv
1221,xanim,ai_zombie_base_sprint_au_v25,67889,0,|zm_factory_zombie.ai_am|animmappingtable|spawner_zm_factory_zombie|aitype|maps/zm/zm_parkour_nothing0.d3dbsp|col_map|zone_source/zm_parkour_nothing0.zone|csv
1222,xanim,ai_zombie_base_sprint_au_v25_pain_chest_f,65553,0,|zm_factory_zombie.ai_am|animmappingtable|spawner_zm_factory_zombie|aitype|maps/zm/zm_parkour_nothing0.d3dbsp|col_map|zone_source/zm_parkour_nothing0.zone|csv
1223,xanim,ai_zombie_base_sprint_au_v25_pain_chest_f_alt,65763,0,|zm_factory_zombie.ai_am|animmappingtable|spawner_zm_factory_zombie|aitype|maps/zm/zm_parkour_nothing0.d3dbsp|col_map|zone_source/zm_parkour_nothing0.zone|csv
1224,xanim,rtrg_ai_zm_dlc1_zombie_sprint_lowg_v1,29360,0,|zm_factory_zombie.ai_am|animmappingtable|spawner_zm_factory_zombie|aitype|maps/zm/zm_parkour_nothing0.d3dbsp|col_map|zone_source/zm_parkour_nothing0.zone|csv
1225,xanim,rtrg_ai_zm_dlc1_zombie_sprint_lowg_v2,35915,0,|zm_factory_zombie.ai_am|animmappingtable|spawner_zm_factory_zombie|aitype|maps/zm/zm_parkour_nothing0.d3dbsp|col_map|zone_source/zm_parkour_nothing0.zone|csv
1226,xanim,rtrg_ai_zm_dlc1_zombie_sprint_lowg_v3,21400,0,|zm_factory_zombie.ai_am|animmappingtable|spawner_zm_factory_zombie|aitype|maps/zm/zm_parkour_nothing0.d3dbsp|col_map|zone_source/zm_parkour_nothing0.zone|csv
1227,xanim,rtrg_ai_zm_dlc1_zombie_sprint_lowg_v4,51711,0,|zm_factory_zombie.ai_am|animmappingtable|spawner_zm_factory_zombie|aitype|maps/zm/zm_parkour_nothing0.d3dbsp|col_map|zone_source/zm_parkour_nothing0.zone|csv
1228,xanim,ai_zombie_base_sprint_turn_135_l_v2,26630,0,|zm_factory_zombie.ai_am|animmappingtable|spawner_zm_factory_zombie|aitype|maps/zm/zm_parkour_nothing0.d3dbsp|col_map|zone_source/zm_parkour_nothing0.zone|csv
1229,xanim,ai_zombie_base_sprint_turn_135_r_v2,28904,0,|zm_factory_zombie.ai_am|animmappingtable|spawner_zm_factory_zombie|aitype|maps/zm/zm_parkour_nothing0.d3dbsp|col_map|zone_source/zm_parkour_nothing0.zone|csv
1230,xanim,ai_zombie_base_sprint_turn_180_l_v2,27097,0,|zm_factory_zombie.ai_am|animmappingtable|spawner_zm_factory_zombie|aitype|maps/zm/zm_parkour_nothing0.d3dbsp|col_map|zone_source/zm_parkour_nothing0.zone|csv
1231,xanim,ai_zombie_base_sprint_turn_180_r_v3,37444,0,|zm_factory_zombie.ai_am|animmappingtable|spawner_zm_factory_zombie|aitype|maps/zm/zm_parkour_nothing0.d3dbsp|col_map|zone_source/zm_parkour_nothing0.zone|csv
1232,xanim,ai_zombie_base_sprint_turn_45_l_v2,20061,0,|zm_factory_zombie.ai_am|animmappingtable|spawner_zm_factory_zombie|aitype|maps/zm/zm_parkour_nothing0.d3dbsp|col_map|zone_source/zm_parkour_nothing0.zone|csv
1233,xanim,ai_zombie_base_sprint_turn_45_r_v2,24216,0,|zm_factory_zombie.ai_am|animmappingtable|spawner_zm_factory_zombie|aitype|maps/zm/zm_parkour_nothing0.d3dbsp|col_map|zone_source/zm_parkour_nothing0.zone|csv
1234,xanim,ai_zombie_base_sprint_turn_90_l_v2,27079,0,|zm_factory_zombie.ai_am|animmappingtable|spawner_zm_factory_zombie|aitype|maps/zm/zm_parkour_nothing0.d3dbsp|col_map|zone_source/zm_parkour_nothing0.zone|csv
1235,xanim,ai_zombie_base_sprint_turn_90_r_v2,20631,0,|zm_factory_zombie.ai_am|animmappingtable|spawner_zm_factory_zombie|aitype|maps/zm/zm_parkour_nothing0.d3dbsp|col_map|zone_source/zm_parkour_nothing0.zone|csv
1236,xanim,ai_zombie_base_supersprint_ad_v1,28439,0,|zm_factory_zombie.ai_am|animmappingtable|spawner_zm_factory_zombie|aitype|maps/zm/zm_parkour_nothing0.d3dbsp|col_map|zone_source/zm_parkour_nothing0.zone|csv
1237,xanim,ai_zombie_base_supersprint_ad_v2,29031,0,|zm_factory_zombie.ai_am|animmappingtable|spawner_zm_factory_zombie|aitype|maps/zm/zm_parkour_nothing0.d3dbsp|col_map|zone_source/zm_parkour_nothing0.zone|csv
1238,xanim,ai_zombie_base_supersprint_au_v1,28175,0,|zm_factory_zombie.ai_am|animmappingtable|spawner_zm_factory_zombie|aitype|maps/zm/zm_parkour_nothing0.d3dbsp|col_map|zone_source/zm_parkour_nothing0.zone|csv
1239,xanim,ai_zombie_base_supersprint_au_v2,29033,0,|zm_factory_zombie.ai_am|animmappingtable|spawner_zm_factory_zombie|aitype|maps/zm/zm_parkour_nothing0.d3dbsp|col_map|zone_source/zm_parkour_nothing0.zone|csv
1240,xanim,bo3_ai_zombie_taunts_4,56034,0,|zm_factory_zombie.ai_am|animmappingtable|spawner_zm_factory_zombie|aitype|maps/zm/zm_parkour_nothing0.d3dbsp|col_map|zone_source/zm_parkour_nothing0.zone|csv
1241,xanim,ai_zombie_base_walk_ad_sidestep_left_long_b,43443,0,|zm_factory_zombie.ai_am|animmappingtable|spawner_zm_factory_zombie|aitype|maps/zm/zm_parkour_nothing0.d3dbsp|col_map|zone_source/zm_parkour_nothing0.zone|csv
1242,xanim,ai_zombie_base_walk_ad_sidestep_left_short,28673,0,|zm_factory_zombie.ai_am|animmappingtable|spawner_zm_factory_zombie|aitype|maps/zm/zm_parkour_nothing0.d3dbsp|col_map|zone_source/zm_parkour_nothing0.zone|csv
1243,xanim,ai_zombie_base_walk_ad_sidestep_left_short_b,21975,0,|zm_factory_zombie.ai_am|animmappingtable|spawner_zm_factory_zombie|aitype|maps/zm/zm_parkour_nothing0.d3dbsp|col_map|zone_source/zm_parkour_nothing0.zone|csv
1244,xanim,ai_zombie_base_walk_ad_sidestep_right_long_a,23157,0,|zm_factory_zombie.ai_am|animmappingtable|spawner_zm_factory_zombie|aitype|maps/zm/zm_parkour_nothing0.d3dbsp|col_map|zone_source/zm_parkour_nothing0.zone|csv
1245,xanim,ai_zombie_base_walk_ad_sidestep_right_long_b,23144,0,|zm_factory_zombie.ai_am|animmappingtable|spawner_zm_factory_zombie|aitype|maps/zm/zm_parkour_nothing0.d3dbsp|col_map|zone_source/zm_parkour_nothing0.zone|csv
1246,xanim,ai_zombie_base_walk_ad_sidestep_right_a,13125,0,|zm_factory_zombie.ai_am|animmappingtable|spawner_zm_factory_zombie|aitype|maps/zm/zm_parkour_nothing0.d3dbsp|col_map|zone_source/zm_parkour_nothing0.zone|csv
1247,xanim,ai_zombie_base_walk_ad_sidestep_right_short,34137,0,|zm_factory_zombie.ai_am|animmappingtable|spawner_zm_factory_zombie|aitype|maps/zm/zm_parkour_nothing0.d3dbsp|col_map|zone_source/zm_parkour_nothing0.zone|csv
1248,xanim,ai_zombie_base_walk_ad_sidestep_right_short_a,33522,0,|zm_factory_zombie.ai_am|animmappingtable|spawner_zm_factory_zombie|aitype|maps/zm/zm_parkour_nothing0.d3dbsp|col_map|zone_source/zm_parkour_nothing0.zone|csv
1249,xanim,ai_zombie_base_walk_ad_v1,55151,0,|zm_factory_zombie.ai_am|animmappingtable|spawner_zm_factory_zombie|aitype|maps/zm/zm_parkour_nothing0.d3dbsp|col_map|zone_source/zm_parkour_nothing0.zone|csv
1250,xanim,ai_zombie_base_walk_ad_v1_pain_chest_f,56133,0,|zm_factory_zombie.ai_am|animmappingtable|spawner_zm_factory_zombie|aitype|maps/zm/zm_parkour_nothing0.d3dbsp|col_map|zone_source/zm_parkour_nothing0.zone|csv
1251,xanim,ai_zombie_base_walk_ad_v1_pain_chest_f_alt,55808,0,|zm_factory_zombie.ai_am|animmappingtable|spawner_zm_factory_zombie|aitype|maps/zm/zm_parkour_nothing0.d3dbsp|col_map|zone_source/zm_parkour_nothing0.zone|csv
1252,xanim,ai_zombie_base_walk_ad_v2,39862,0,|zm_factory_zombie.ai_am|animmappingtable|spawner_zm_factory_zombie|aitype|maps/zm/zm_parkour_nothing0.d3dbsp|col_map|zone_source/zm_parkour_nothing0.zone|csv
1253,xanim,ai_zombie_base_walk_ad_v19,44954,0,|zm_factory_zombie.ai_am|animmappingtable|spawner_zm_factory_zombie|aitype|maps/zm/zm_parkour_nothing0.d3dbsp|col_map|zone_source/zm_parkour_nothing0.zone|csv
1254,xanim,ai_zombie_base_walk_ad_v19_pain_chest_f,45103,0,|zm_factory_zombie.ai_am|animmappingtable|spawner_zm_factory_zombie|aitype|maps/zm/zm_parkour_nothing0.d3dbsp|col_map|zone_source/zm_parkour_nothing0.zone|csv
1255,xanim,ai_zombie_base_walk_ad_v19_pain_chest_f_alt,45101,0,|zm_factory_zombie.ai_am|animmappingtable|spawner_zm_factory_zombie|aitype|maps/zm/zm_parkour_nothing0.d3dbsp|col_map|zone_source/zm_parkour_nothing0.zone|csv
1256,xanim,ai_zombie_base_walk_ad_v22,198519,0,|zm_factory_zombie.ai_am|animmappingtable|spawner_zm_factory_zombie|aitype|maps/zm/zm_parkour_nothing0.d3dbsp|col_map|zone_source/zm_parkour_nothing0.zone|csv
1257,xanim,ai_zombie_base_walk_ad_v22_pain_chest_f,198415,0,|zm_factory_zombie.ai_am|animmappingtable|spawner_zm_factory_zombie|aitype|maps/zm/zm_parkour_nothing0.d3dbsp|col_map|zone_source/zm_parkour_nothing0.zone|csv
1258,xanim,ai_zombie_base_walk_ad_v22_pain_chest_f_alt,198496,0,|zm_factory_zombie.ai_am|animmappingtable|spawner_zm_factory_zombie|aitype|maps/zm/zm_parkour_nothing0.d3dbsp|col_map|zone_source/zm_parkour_nothing0.zone|csv
1259,xanim,ai_zombie_base_walk_ad_v3,49309,0,|zm_factory_zombie.ai_am|animmappingtable|spawner_zm_factory_zombie|aitype|maps/zm/zm_parkour_nothing0.d3dbsp|col_map|zone_source/zm_parkour_nothing0.zone|csv
1260,xanim,ai_zombie_base_walk_ad_v3_pain_chest_f,49456,0,|zm_factory_zombie.ai_am|animmappingtable|spawner_zm_factory_zombie|aitype|maps/zm/zm_parkour_nothing0.d3dbsp|col_map|zone_source/zm_parkour_nothing0.zone|csv
1261,xanim,ai_zombie_base_walk_ad_v3_pain_chest_f_alt,49367,0,|zm_factory_zombie.ai_am|animmappingtable|spawner_zm_factory_zombie|aitype|maps/zm/zm_parkour_nothing0.d3dbsp|col_map|zone_source/zm_parkour_nothing0.zone|csv
1262,xanim,ai_zombie_base_walk_ad_v21,160368,0,|zm_factory_zombie.ai_am|animmappingtable|spawner_zm_factory_zombie|aitype|maps/zm/zm_parkour_nothing0.d3dbsp|col_map|zone_source/zm_parkour_nothing0.zone|csv
1263,xanim,ai_zombie_base_walk_ad_v21_pain_chest_f,160561,0,|zm_factory_zombie.ai_am|animmappingtable|spawner_zm_factory_zombie|aitype|maps/zm/zm_parkour_nothing0.d3dbsp|col_map|zone_source/zm_parkour_nothing0.zone|csv
1264,xanim,ai_zombie_base_walk_ad_v21_pain_chest_f_alt,157476,0,|zm_factory_zombie.ai_am|animmappingtable|spawner_zm_factory_zombie|aitype|maps/zm/zm_parkour_nothing0.d3dbsp|col_map|zone_source/zm_parkour_nothing0.zone|csv
1265,xanim,ai_zombie_base_walk_ad_v2_pain_chest_f,41762,0,|zm_factory_zombie.ai_am|animmappingtable|spawner_zm_factory_zombie|aitype|maps/zm/zm_parkour_nothing0.d3dbsp|col_map|zone_source/zm_parkour_nothing0.zone|csv
1266,xanim,ai_zombie_base_walk_ad_v2_pain_chest_f_alt,41747,0,|zm_factory_zombie.ai_am|animmappingtable|spawner_zm_factory_zombie|aitype|maps/zm/zm_parkour_nothing0.d3dbsp|col_map|zone_source/zm_parkour_nothing0.zone|csv
1267,xanim,ai_zombie_base_walk_ad_v24,66558,0,|zm_factory_zombie.ai_am|animmappingtable|spawner_zm_factory_zombie|aitype|maps/zm/zm_parkour_nothing0.d3dbsp|col_map|zone_source/zm_parkour_nothing0.zone|csv
1268,xanim,ai_zombie_base_walk_ad_v24_pain_chest_f,63955,0,|zm_factory_zombie.ai_am|animmappingtable|spawner_zm_factory_zombie|aitype|maps/zm/zm_parkour_nothing0.d3dbsp|col_map|zone_source/zm_parkour_nothing0.zone|csv
1269,xanim,ai_zombie_base_walk_ad_v24_pain_chest_f_alt,63455,0,|zm_factory_zombie.ai_am|animmappingtable|spawner_zm_factory_zombie|aitype|maps/zm/zm_parkour_nothing0.d3dbsp|col_map|zone_source/zm_parkour_nothing0.zone|csv
1270,xanim,ai_zombie_base_walk_ad_v25,128904,0,|zm_factory_zombie.ai_am|animmappingtable|spawner_zm_factory_zombie|aitype|maps/zm/zm_parkour_nothing0.d3dbsp|col_map|zone_source/zm_parkour_nothing0.zone|csv
1271,xanim,ai_zombie_base_walk_ad_v25_pain_chest_f,122916,0,|zm_factory_zombie.ai_am|animmappingtable|spawner_zm_factory_zombie|aitype|maps/zm/zm_parkour_nothing0.d3dbsp|col_map|zone_source/zm_parkour_nothing0.zone|csv
1272,xanim,ai_zombie_base_walk_ad_v25_pain_chest_f_alt,122353,0,|zm_factory_zombie.ai_am|animmappingtable|spawner_zm_factory_zombie|aitype|maps/zm/zm_parkour_nothing0.d3dbsp|col_map|zone_source/zm_parkour_nothing0.zone|csv
1273,xanim,ai_zombie_base_walk_ad_v5,73373,0,|zm_factory_zombie.ai_am|animmappingtable|spawner_zm_factory_zombie|aitype|maps/zm/zm_parkour_nothing0.d3dbsp|col_map|zone_source/zm_parkour_nothing0.zone|csv
1274,xanim,ai_zombie_base_walk_ad_v5_pain_chest_f,73493,0,|zm_factory_zombie.ai_am|animmappingtable|spawner_zm_factory_zombie|aitype|maps/zm/zm_parkour_nothing0.d3dbsp|col_map|zone_source/zm_parkour_nothing0.zone|csv
1275,xanim,ai_zombie_base_walk_ad_v5_pain_chest_f_alt,73507,0,|zm_factory_zombie.ai_am|animmappingtable|spawner_zm_factory_zombie|aitype|maps/zm/zm_parkour_nothing0.d3dbsp|col_map|zone_source/zm_parkour_nothing0.zone|csv
1276,xanim,ai_zombie_base_walk_ad_v6,68190,0,|zm_factory_zombie.ai_am|animmappingtable|spawner_zm_factory_zombie|aitype|maps/zm/zm_parkour_nothing0.d3dbsp|col_map|zone_source/zm_parkour_nothing0.zone|csv
1277,xanim,ai_zombie_base_walk_ad_v6_pain_chest_f,68030,0,|zm_factory_zombie.ai_am|animmappingtable|spawner_zm_factory_zombie|aitype|maps/zm/zm_parkour_nothing0.d3dbsp|col_map|zone_source/zm_parkour_nothing0.zone|csv
1278,xanim,ai_zombie_base_walk_ad_v6_pain_chest_f_alt,68142,0,|zm_factory_zombie.ai_am|animmappingtable|spawner_zm_factory_zombie|aitype|maps/zm/zm_parkour_nothing0.d3dbsp|col_map|zone_source/zm_parkour_nothing0.zone|csv
1279,xanim,ai_zombie_base_walk_ad_v4,38777,0,|zm_factory_zombie.ai_am|animmappingtable|spawner_zm_factory_zombie|aitype|maps/zm/zm_parkour_nothing0.d3dbsp|col_map|zone_source/zm_parkour_nothing0.zone|csv
1280,xanim,ai_zombie_base_walk_ad_v4_pain_chest_f,38510,0,|zm_factory_zombie.ai_am|animmappingtable|spawner_zm_factory_zombie|aitype|maps/zm/zm_parkour_nothing0.d3dbsp|col_map|zone_source/zm_parkour_nothing0.zone|csv
1281,xanim,ai_zombie_base_walk_ad_v4_pain_chest_f_alt,38481,0,|zm_factory_zombie.ai_am|animmappingtable|spawner_zm_factory_zombie|aitype|maps/zm/zm_parkour_nothing0.d3dbsp|col_map|zone_source/zm_parkour_nothing0.zone|csv
1282,xanim,ai_zombie_base_walk_ad_v7,50408,0,|zm_factory_zombie.ai_am|animmappingtable|spawner_zm_factory_zombie|aitype|maps/zm/zm_parkour_nothing0.d3dbsp|col_map|zone_source/zm_parkour_nothing0.zone|csv
1283,xanim,ai_zombie_base_walk_ad_v7_pain_chest_f,50868,0,|zm_factory_zombie.ai_am|animmappingtable|spawner_zm_factory_zombie|aitype|maps/zm/zm_parkour_nothing0.d3dbsp|col_map|zone_source/zm_parkour_nothing0.zone|csv
1284,xanim,ai_zombie_base_walk_ad_v7_pain_chest_f_alt,50590,0,|zm_factory_zombie.ai_am|animmappingtable|spawner_zm_factory_zombie|aitype|maps/zm/zm_parkour_nothing0.d3dbsp|col_map|zone_source/zm_parkour_nothing0.zone|csv
1285,xanim,ai_zombie_base_walk_ad_v20,61437,0,|zm_factory_zombie.ai_am|animmappingtable|spawner_zm_factory_zombie|aitype|maps/zm/zm_parkour_nothing0.d3dbsp|col_map|zone_source/zm_parkour_nothing0.zone|csv
1286,xanim,ai_zombie_base_walk_ad_v20_pain_chest_f,61596,0,|zm_factory_zombie.ai_am|animmappingtable|spawner_zm_factory_zombie|aitype|maps/zm/zm_parkour_nothing0.d3dbsp|col_map|zone_source/zm_parkour_nothing0.zone|csv
1287,xanim,ai_zombie_base_walk_ad_v20_pain_chest_f_alt,61407,0,|zm_factory_zombie.ai_am|animmappingtable|spawner_zm_factory_zombie|aitype|maps/zm/zm_parkour_nothing0.d3dbsp|col_map|zone_source/zm_parkour_nothing0.zone|csv
1288,xanim,ai_zombie_base_walk_ad_v23,105734,0,|zm_factory_zombie.ai_am|animmappingtable|spawner_zm_factory_zombie|aitype|maps/zm/zm_parkour_nothing0.d3dbsp|col_map|zone_source/zm_parkour_nothing0.zone|csv
1289,xanim,ai_zombie_base_walk_ad_v23_pain_chest_f,102791,0,|zm_factory_zombie.ai_am|animmappingtable|spawner_zm_factory_zombie|aitype|maps/zm/zm_parkour_nothing0.d3dbsp|col_map|zone_source/zm_parkour_nothing0.zone|csv
1290,xanim,ai_zombie_base_walk_ad_v23_pain_chest_f_alt,101118,0,|zm_factory_zombie.ai_am|animmappingtable|spawner_zm_factory_zombie|aitype|maps/zm/zm_parkour_nothing0.d3dbsp|col_map|zone_source/zm_parkour_nothing0.zone|csv
1291,xanim,ai_zombie_base_walk_au_sidestep_left_long,28909,0,|zm_factory_zombie.ai_am|animmappingtable|spawner_zm_factory_zombie|aitype|maps/zm/zm_parkour_nothing0.d3dbsp|col_map|zone_source/zm_parkour_nothing0.zone|csv
1292,xanim,ai_zombie_base_walk_au_sidestep_left_long_d,33163,0,|zm_factory_zombie.ai_am|animmappingtable|spawner_zm_factory_zombie|aitype|maps/zm/zm_parkour_nothing0.d3dbsp|col_map|zone_source/zm_parkour_nothing0.zone|csv
1293,xanim,ai_zombie_base_walk_au_sidestep_left_short,26801,0,|zm_factory_zombie.ai_am|animmappingtable|spawner_zm_factory_zombie|aitype|maps/zm/zm_parkour_nothing0.d3dbsp|col_map|zone_source/zm_parkour_nothing0.zone|csv
1294,xanim,ai_zombie_base_walk_au_sidestep_right_b,14230,0,|zm_factory_zombie.ai_am|animmappingtable|spawner_zm_factory_zombie|aitype|maps/zm/zm_parkour_nothing0.d3dbsp|col_map|zone_source/zm_parkour_nothing0.zone|csv
1295,xanim,ai_zombie_base_walk_au_sidestep_right_short,21539,0,|zm_factory_zombie.ai_am|animmappingtable|spawner_zm_factory_zombie|aitype|maps/zm/zm_parkour_nothing0.d3dbsp|col_map|zone_source/zm_parkour_nothing0.zone|csv
1296,xanim,ai_zombie_base_walk_au_v1,56647,0,|zm_factory_zombie.ai_am|animmappingtable|spawner_zm_factory_zombie|aitype|maps/zm/zm_parkour_nothing0.d3dbsp|col_map|zone_source/zm_parkour_nothing0.zone|csv
1297,xanim,ai_zombie_base_walk_au_v1_pain_chest_f,56004,0,|zm_factory_zombie.ai_am|animmappingtable|spawner_zm_factory_zombie|aitype|maps/zm/zm_parkour_nothing0.d3dbsp|col_map|zone_source/zm_parkour_nothing0.zone|csv
1298,xanim,ai_zombie_base_walk_au_v1_pain_chest_f_alt,56147,0,|zm_factory_zombie.ai_am|animmappingtable|spawner_zm_factory_zombie|aitype|maps/zm/zm_parkour_nothing0.d3dbsp|col_map|zone_source/zm_parkour_nothing0.zone|csv
1299,xanim,ai_zombie_base_walk_au_v2,55324,0,|zm_factory_zombie.ai_am|animmappingtable|spawner_zm_factory_zombie|aitype|maps/zm/zm_parkour_nothing0.d3dbsp|col_map|zone_source/zm_parkour_nothing0.zone|csv
1300,xanim,ai_zombie_base_walk_au_v11,61485,0,|zm_factory_zombie.ai_am|animmappingtable|spawner_zm_factory_zombie|aitype|maps/zm/zm_parkour_nothing0.d3dbsp|col_map|zone_source/zm_parkour_nothing0.zone|csv
1301,xanim,ai_zombie_base_walk_au_v11_pain_chest_f,61457,0,|zm_factory_zombie.ai_am|animmappingtable|spawner_zm_factory_zombie|aitype|maps/zm/zm_parkour_nothing0.d3dbsp|col_map|zone_source/zm_parkour_nothing0.zone|csv
1302,xanim,ai_zombie_base_walk_au_v11_pain_chest_f_alt,61632,0,|zm_factory_zombie.ai_am|animmappingtable|spawner_zm_factory_zombie|aitype|maps/zm/zm_parkour_nothing0.d3dbsp|col_map|zone_source/zm_parkour_nothing0.zone|csv
1303,xanim,ai_zombie_base_walk_au_v12,73973,0,|zm_factory_zombie.ai_am|animmappingtable|spawner_zm_factory_zombie|aitype|maps/zm/zm_parkour_nothing0.d3dbsp|col_map|zone_source/zm_parkour_nothing0.zone|csv
1304,xanim,ai_zombie_base_walk_au_v12_pain_chest_f,74150,0,|zm_factory_zombie.ai_am|animmappingtable|spawner_zm_factory_zombie|aitype|maps/zm/zm_parkour_nothing0.d3dbsp|col_map|zone_source/zm_parkour_nothing0.zone|csv
1305,xanim,ai_zombie_base_walk_au_v12_pain_chest_f_alt,73965,0,|zm_factory_zombie.ai_am|animmappingtable|spawner_zm_factory_zombie|aitype|maps/zm/zm_parkour_nothing0.d3dbsp|col_map|zone_source/zm_parkour_nothing0.zone|csv
1306,xanim,ai_zombie_base_walk_au_v13,102494,0,|zm_factory_zombie.ai_am|animmappingtable|spawner_zm_factory_zombie|aitype|maps/zm/zm_parkour_nothing0.d3dbsp|col_map|zone_source/zm_parkour_nothing0.zone|csv
1307,xanim,ai_zombie_base_walk_au_v13_pain_chest_f,100950,0,|zm_factory_zombie.ai_am|animmappingtable|spawner_zm_factory_zombie|aitype|maps/zm/zm_parkour_nothing0.d3dbsp|col_map|zone_source/zm_parkour_nothing0.zone|csv
1308,xanim,ai_zombie_base_walk_au_v13_pain_chest_f_alt,101415,0,|zm_factory_zombie.ai_am|animmappingtable|spawner_zm_factory_zombie|aitype|maps/zm/zm_parkour_nothing0.d3dbsp|col_map|zone_source/zm_parkour_nothing0.zone|csv
1309,xanim,ai_zombie_base_walk_au_v20,81144,0,|zm_factory_zombie.ai_am|animmappingtable|spawner_zm_factory_zombie|aitype|maps/zm/zm_parkour_nothing0.d3dbsp|col_map|zone_source/zm_parkour_nothing0.zone|csv
1310,xanim,ai_zombie_base_walk_au_v20_pain_chest_f,79634,0,|zm_factory_zombie.ai_am|animmappingtable|spawner_zm_factory_zombie|aitype|maps/zm/zm_parkour_nothing0.d3dbsp|col_map|zone_source/zm_parkour_nothing0.zone|csv
1311,xanim,ai_zombie_base_walk_au_v20_pain_chest_f_alt,80724,0,|zm_factory_zombie.ai_am|animmappingtable|spawner_zm_factory_zombie|aitype|maps/zm/zm_parkour_nothing0.d3dbsp|col_map|zone_source/zm_parkour_nothing0.zone|csv
1312,xanim,ai_zombie_base_walk_au_v15,57298,0,|zm_factory_zombie.ai_am|animmappingtable|spawner_zm_factory_zombie|aitype|maps/zm/zm_parkour_nothing0.d3dbsp|col_map|zone_source/zm_parkour_nothing0.zone|csv
1313,xanim,ai_zombie_base_walk_au_v15_pain_chest_f,56826,0,|zm_factory_zombie.ai_am|animmappingtable|spawner_zm_factory_zombie|aitype|maps/zm/zm_parkour_nothing0.d3dbsp|col_map|zone_source/zm_parkour_nothing0.zone|csv
1314,xanim,ai_zombie_base_walk_au_v15_pain_chest_f_alt,56919,0,|zm_factory_zombie.ai_am|animmappingtable|spawner_zm_factory_zombie|aitype|maps/zm/zm_parkour_nothing0.d3dbsp|col_map|zone_source/zm_parkour_nothing0.zone|csv
1315,xanim,ai_zombie_base_walk_au_v21,98728,0,|zm_factory_zombie.ai_am|animmappingtable|spawner_zm_factory_zombie|aitype|maps/zm/zm_parkour_nothing0.d3dbsp|col_map|zone_source/zm_parkour_nothing0.zone|csv
1316,xanim,ai_zombie_base_walk_au_v21_pain_chest_f,98545,0,|zm_factory_zombie.ai_am|animmappingtable|spawner_zm_factory_zombie|aitype|maps/zm/zm_parkour_nothing0.d3dbsp|col_map|zone_source/zm_parkour_nothing0.zone|csv
1317,xanim,ai_zombie_base_walk_au_v21_pain_chest_f_alt,98546,0,|zm_factory_zombie.ai_am|animmappingtable|spawner_zm_factory_zombie|aitype|maps/zm/zm_parkour_nothing0.d3dbsp|col_map|zone_source/zm_parkour_nothing0.zone|csv
1318,xanim,ai_zombie_base_walk_au_v2_pain_chest_f,60647,0,|zm_factory_zombie.ai_am|animmappingtable|spawner_zm_factory_zombie|aitype|maps/zm/zm_parkour_nothing0.d3dbsp|col_map|zone_source/zm_parkour_nothing0.zone|csv
1319,xanim,ai_zombie_base_walk_au_v2_pain_chest_f_alt,60701,0,|zm_factory_zombie.ai_am|animmappingtable|spawner_zm_factory_zombie|aitype|maps/zm/zm_parkour_nothing0.d3dbsp|col_map|zone_source/zm_parkour_nothing0.zone|csv
1320,xanim,ai_zombie_base_walk_au_v3,48784,0,|zm_factory_zombie.ai_am|animmappingtable|spawner_zm_factory_zombie|aitype|maps/zm/zm_parkour_nothing0.d3dbsp|col_map|zone_source/zm_parkour_nothing0.zone|csv
1321,xanim,ai_zombie_base_walk_au_v3_pain_chest_f,49352,0,|zm_factory_zombie.ai_am|animmappingtable|spawner_zm_factory_zombie|aitype|maps/zm/zm_parkour_nothing0.d3dbsp|col_map|zone_source/zm_parkour_nothing0.zone|csv
1322,xanim,ai_zombie_base_walk_au_v3_pain_chest_f_alt,49575,0,|zm_factory_zombie.ai_am|animmappingtable|spawner_zm_factory_zombie|aitype|maps/zm/zm_parkour_nothing0.d3dbsp|col_map|zone_source/zm_parkour_nothing0.zone|csv
1323,xanim,ai_zombie_base_walk_au_v4,37374,0,|zm_factory_zombie.ai_am|animmappingtable|spawner_zm_factory_zombie|aitype|maps/zm/zm_parkour_nothing0.d3dbsp|col_map|zone_source/zm_parkour_nothing0.zone|csv
1324,xanim,ai_zombie_base_walk_au_v4_pain_chest_f,38634,0,|zm_factory_zombie.ai_am|animmappingtable|spawner_zm_factory_zombie|aitype|maps/zm/zm_parkour_nothing0.d3dbsp|col_map|zone_source/zm_parkour_nothing0.zone|csv
1325,xanim,ai_zombie_base_walk_au_v4_pain_chest_f_alt,38582,0,|zm_factory_zombie.ai_am|animmappingtable|spawner_zm_factory_zombie|aitype|maps/zm/zm_parkour_nothing0.d3dbsp|col_map|zone_source/zm_parkour_nothing0.zone|csv
1326,xanim,ai_zombie_base_walk_au_v5,72410,0,|zm_factory_zombie.ai_am|animmappingtable|spawner_zm_factory_zombie|aitype|maps/zm/zm_parkour_nothing0.d3dbsp|col_map|zone_source/zm_parkour_nothing0.zone|csv
1327,xanim,ai_zombie_base_walk_au_v5_pain_chest_f,72744,0,|zm_factory_zombie.ai_am|animmappingtable|spawner_zm_factory_zombie|aitype|maps/zm/zm_parkour_nothing0.d3dbsp|col_map|zone_source/zm_parkour_nothing0.zone|csv
1328,xanim,ai_zombie_base_walk_au_v5_pain_chest_f_alt,72680,0,|zm_factory_zombie.ai_am|animmappingtable|spawner_zm_factory_zombie|aitype|maps/zm/zm_parkour_nothing0.d3dbsp|col_map|zone_source/zm_parkour_nothing0.zone|csv
1329,xanim,ai_zombie_base_walk_au_v23,110559,0,|zm_factory_zombie.ai_am|animmappingtable|spawner_zm_factory_zombie|aitype|maps/zm/zm_parkour_nothing0.d3dbsp|col_map|zone_source/zm_parkour_nothing0.zone|csv
1330,xanim,ai_zombie_base_walk_au_v23_pain_chest_f,103353,0,|zm_factory_zombie.ai_am|animmappingtable|spawner_zm_factory_zombie|aitype|maps/zm/zm_parkour_nothing0.d3dbsp|col_map|zone_source/zm_parkour_nothing0.zone|csv
1331,xanim,ai_zombie_base_walk_au_v23_pain_chest_f_alt,107398,0,|zm_factory_zombie.ai_am|animmappingtable|spawner_zm_factory_zombie|aitype|maps/zm/zm_parkour_nothing0.d3dbsp|col_map|zone_source/zm_parkour_nothing0.zone|csv
1332,xanim,ai_zombie_base_walk_au_v7,63414,0,|zm_factory_zombie.ai_am|animmappingtable|spawner_zm_factory_zombie|aitype|maps/zm/zm_parkour_nothing0.d3dbsp|col_map|zone_source/zm_parkour_nothing0.zone|csv
1333,xanim,ai_zombie_base_walk_au_v7_pain_chest_f,63624,0,|zm_factory_zombie.ai_am|animmappingtable|spawner_zm_factory_zombie|aitype|maps/zm/zm_parkour_nothing0.d3dbsp|col_map|zone_source/zm_parkour_nothing0.zone|csv
1334,xanim,ai_zombie_base_walk_au_v7_pain_chest_f_alt,63648,0,|zm_factory_zombie.ai_am|animmappingtable|spawner_zm_factory_zombie|aitype|maps/zm/zm_parkour_nothing0.d3dbsp|col_map|zone_source/zm_parkour_nothing0.zone|csv
1335,xanim,ai_zombie_base_walk_au_v8,68405,0,|zm_factory_zombie.ai_am|animmappingtable|spawner_zm_factory_zombie|aitype|maps/zm/zm_parkour_nothing0.d3dbsp|col_map|zone_source/zm_parkour_nothing0.zone|csv
1336,xanim,ai_zombie_base_walk_au_v8_pain_chest_f,68133,0,|zm_factory_zombie.ai_am|animmappingtable|spawner_zm_factory_zombie|aitype|maps/zm/zm_parkour_nothing0.d3dbsp|col_map|zone_source/zm_parkour_nothing0.zone|csv
1337,xanim,ai_zombie_base_walk_au_v8_pain_chest_f_alt,68636,0,|zm_factory_zombie.ai_am|animmappingtable|spawner_zm_factory_zombie|aitype|maps/zm/zm_parkour_nothing0.d3dbsp|col_map|zone_source/zm_parkour_nothing0.zone|csv
1338,xanim,ai_zombie_base_walk_au_v6,66782,0,|zm_factory_zombie.ai_am|animmappingtable|spawner_zm_factory_zombie|aitype|maps/zm/zm_parkour_nothing0.d3dbsp|col_map|zone_source/zm_parkour_nothing0.zone|csv
1339,xanim,ai_zombie_base_walk_au_v6_pain_chest_f,66682,0,|zm_factory_zombie.ai_am|animmappingtable|spawner_zm_factory_zombie|aitype|maps/zm/zm_parkour_nothing0.d3dbsp|col_map|zone_source/zm_parkour_nothing0.zone|csv
1340,xanim,ai_zombie_base_walk_au_v6_pain_chest_f_alt,66738,0,|zm_factory_zombie.ai_am|animmappingtable|spawner_zm_factory_zombie|aitype|maps/zm/zm_parkour_nothing0.d3dbsp|col_map|zone_source/zm_parkour_nothing0.zone|csv
1341,xanim,ai_zombie_base_walk_au_v10,72798,0,|zm_factory_zombie.ai_am|animmappingtable|spawner_zm_factory_zombie|aitype|maps/zm/zm_parkour_nothing0.d3dbsp|col_map|zone_source/zm_parkour_nothing0.zone|csv
1342,xanim,ai_zombie_base_walk_au_v10_pain_chest_f,72746,0,|zm_factory_zombie.ai_am|animmappingtable|spawner_zm_factory_zombie|aitype|maps/zm/zm_parkour_nothing0.d3dbsp|col_map|zone_source/zm_parkour_nothing0.zone|csv
1343,xanim,ai_zombie_base_walk_au_v10_pain_chest_f_alt,72871,0,|zm_factory_zombie.ai_am|animmappingtable|spawner_zm_factory_zombie|aitype|maps/zm/zm_parkour_nothing0.d3dbsp|col_map|zone_source/zm_parkour_nothing0.zone|csv
1344,xanim,rtrg_ai_zm_dlc1_zombie_walk_lowg_v1,66733,0,|zm_factory_zombie.ai_am|animmappingtable|spawner_zm_factory_zombie|aitype|maps/zm/zm_parkour_nothing0.d3dbsp|col_map|zone_source/zm_parkour_nothing0.zone|csv
1345,xanim,rtrg_ai_zm_dlc1_zombie_walk_lowg_v2,36924,0,|zm_factory_zombie.ai_am|animmappingtable|spawner_zm_factory_zombie|aitype|maps/zm/zm_parkour_nothing0.d3dbsp|col_map|zone_source/zm_parkour_nothing0.zone|csv
1346,xanim,rtrg_ai_zm_dlc1_zombie_walk_lowg_v3,50174,0,|zm_factory_zombie.ai_am|animmappingtable|spawner_zm_factory_zombie|aitype|maps/zm/zm_parkour_nothing0.d3dbsp|col_map|zone_source/zm_parkour_nothing0.zone|csv
1347,xanim,rtrg_ai_zm_dlc1_zombie_walk_lowg_v4,30772,0,|zm_factory_zombie.ai_am|animmappingtable|spawner_zm_factory_zombie|aitype|maps/zm/zm_parkour_nothing0.d3dbsp|col_map|zone_source/zm_parkour_nothing0.zone|csv
1348,xanim,ai_zombie_base_walk_turn_135_l_v3,56889,0,|zm_factory_zombie.ai_am|animmappingtable|spawner_zm_factory_zombie|aitype|maps/zm/zm_parkour_nothing0.d3dbsp|col_map|zone_source/zm_parkour_nothing0.zone|csv
1349,xanim,ai_zombie_base_walk_turn_135_r_v2,33093,0,|zm_factory_zombie.ai_am|animmappingtable|spawner_zm_factory_zombie|aitype|maps/zm/zm_parkour_nothing0.d3dbsp|col_map|zone_source/zm_parkour_nothing0.zone|csv
1350,xanim,ai_zombie_base_walk_turn_180_l_v3,34330,0,|zm_factory_zombie.ai_am|animmappingtable|spawner_zm_factory_zombie|aitype|maps/zm/zm_parkour_nothing0.d3dbsp|col_map|zone_source/zm_parkour_nothing0.zone|csv
1351,xanim,ai_zombie_base_walk_turn_180_r_v3,44285,0,|zm_factory_zombie.ai_am|animmappingtable|spawner_zm_factory_zombie|aitype|maps/zm/zm_parkour_nothing0.d3dbsp|col_map|zone_source/zm_parkour_nothing0.zone|csv
1352,xanim,ai_zombie_base_walk_turn_45_l_v2,35443,0,|zm_factory_zombie.ai_am|animmappingtable|spawner_zm_factory_zombie|aitype|maps/zm/zm_parkour_nothing0.d3dbsp|col_map|zone_source/zm_parkour_nothing0.zone|csv
1353,xanim,ai_zombie_base_walk_turn_45_r_v2,46857,0,|zm_factory_zombie.ai_am|animmappingtable|spawner_zm_factory_zombie|aitype|maps/zm/zm_parkour_nothing0.d3dbsp|col_map|zone_source/zm_parkour_nothing0.zone|csv
1354,xanim,ai_zombie_base_walk_turn_90_l_v2,33529,0,|zm_factory_zombie.ai_am|animmappingtable|spawner_zm_factory_zombie|aitype|maps/zm/zm_parkour_nothing0.d3dbsp|col_map|zone_source/zm_parkour_nothing0.zone|csv
1355,xanim,ai_zombie_base_walk_turn_90_r_v2,37583,0,|zm_factory_zombie.ai_am|animmappingtable|spawner_zm_factory_zombie|aitype|maps/zm/zm_parkour_nothing0.d3dbsp|col_map|zone_source/zm_parkour_nothing0.zone|csv
1356,xanim,void,6,0,|zm_factory_zombie.ai_am|animmappingtable|spawner_zm_factory_zombie|aitype|maps/zm/zm_parkour_nothing0.d3dbsp|col_map|zone_source/zm_parkour_nothing0.zone|csv
1357,animmappingtable,zm_factory_zombie.ai_am,11693,0,|spawner_zm_factory_zombie|aitype|maps/zm/zm_parkour_nothing0.d3dbsp|col_map|zone_source/zm_parkour_nothing0.zone|csv
1358,aimtable,soldier_aim,13,0,|spawner_zm_factory_zombie|aitype|maps/zm/zm_parkour_nothing0.d3dbsp|col_map|zone_source/zm_parkour_nothing0.zone|csv
1359,material,ei/gfx_smk_billow_sm_anim_lit,31,0,|player/fx_plyr_jump_dust_dirt|fx|player_jump_start|surfacefxtable|c_54i_grunt_fx_table|scriptbundle|spawner_zm_factory_zombie|aitype|maps/zm/zm_parkour_nothing0.d3dbsp|col_map|zone_source/zm_parkour_nothing0.zone|csv
1360,fx,player/fx_plyr_jump_dust,26,0,|player_jump_start|surfacefxtable|c_54i_grunt_fx_table|scriptbundle|spawner_zm_factory_zombie|aitype|maps/zm/zm_parkour_nothing0.d3dbsp|col_map|zone_source/zm_parkour_nothing0.zone|csv
1361,fx,player/fx_plyr_jump_dust_dirt,31,0,|player_jump_start|surfacefxtable|c_54i_grunt_fx_table|scriptbundle|spawner_zm_factory_zombie|aitype|maps/zm/zm_parkour_nothing0.d3dbsp|col_map|zone_source/zm_parkour_nothing0.zone|csv
1362,surfacefxtable,player_jump_start,19,0,|c_54i_grunt_fx_table|scriptbundle|spawner_zm_factory_zombie|aitype|maps/zm/zm_parkour_nothing0.d3dbsp|col_map|zone_source/zm_parkour_nothing0.zone|csv
1363,material,ei/gfx_fog_slow_lg_anim_lit,29,0,|impacts/fx_bul_impact_thin_metal_lg|fx|surface_exit_bullet_small|surfacefxtable|bullet_small_exit|impactsfxtable|t6_xpr50_up|weapon|zone_source/zm_parkour_nothing0.zone|csv
1364,material,ei/gfx_smk_billow_thick_anim_lit_full_lite,44,0,|player/fx_plyr_land_dust_dirt_xlg|fx|player_vtol_drop|surfacefxtable|c_54i_grunt_fx_table|scriptbundle|spawner_zm_factory_zombie|aitype|maps/zm/zm_parkour_nothing0.d3dbsp|col_map|zone_source/zm_parkour_nothing0.zone|csv
1365,fx,player/fx_plyr_land_dust_xlg,30,0,|player_vtol_drop|surfacefxtable|c_54i_grunt_fx_table|scriptbundle|spawner_zm_factory_zombie|aitype|maps/zm/zm_parkour_nothing0.d3dbsp|col_map|zone_source/zm_parkour_nothing0.zone|csv
1366,fx,player/fx_plyr_land_dust_dirt_xlg,35,0,|player_vtol_drop|surfacefxtable|c_54i_grunt_fx_table|scriptbundle|spawner_zm_factory_zombie|aitype|maps/zm/zm_parkour_nothing0.d3dbsp|col_map|zone_source/zm_parkour_nothing0.zone|csv
1367,surfacefxtable,player_vtol_drop,18,0,|c_54i_grunt_fx_table|scriptbundle|spawner_zm_factory_zombie|aitype|maps/zm/zm_parkour_nothing0.d3dbsp|col_map|zone_source/zm_parkour_nothing0.zone|csv
1368,material,ei/gfx_fog_slow_md_anim_lit,29,0,|player/fx_plyr_footstep_dust_dirt|fx|player_footstep|surfacefxtable|c_54i_grunt_fx_table|scriptbundle|spawner_zm_factory_zombie|aitype|maps/zm/zm_parkour_nothing0.d3dbsp|col_map|zone_source/zm_parkour_nothing0.zone|csv
1369,fx,player/fx_plyr_footstep_dust,30,0,|player_footstep|surfacefxtable|c_54i_grunt_fx_table|scriptbundle|spawner_zm_factory_zombie|aitype|maps/zm/zm_parkour_nothing0.d3dbsp|col_map|zone_source/zm_parkour_nothing0.zone|csv
1370,fx,player/fx_plyr_footstep_dust_dirt,35,0,|player_footstep|surfacefxtable|c_54i_grunt_fx_table|scriptbundle|spawner_zm_factory_zombie|aitype|maps/zm/zm_parkour_nothing0.d3dbsp|col_map|zone_source/zm_parkour_nothing0.zone|csv
1371,surfacefxtable,player_footstep,17,0,|c_54i_grunt_fx_table|scriptbundle|spawner_zm_factory_zombie|aitype|maps/zm/zm_parkour_nothing0.d3dbsp|col_map|zone_source/zm_parkour_nothing0.zone|csv
1372,scriptbundle,c_54i_grunt_fx_table,237,0,|spawner_zm_factory_zombie|aitype|maps/zm/zm_parkour_nothing0.d3dbsp|col_map|zone_source/zm_parkour_nothing0.zone|csv
1373,attachmentcosmeticvariant,defaultattachmentcosmeticvariant,34,0,|t6_xpr50_up|weapon|zone_source/zm_parkour_nothing0.zone|csv
1374,weapon,zombie_ai_defaultmelee_zm,9606,0,|spawner_zm_factory_zombie|aitype|maps/zm/zm_parkour_nothing0.d3dbsp|col_map|zone_source/zm_parkour_nothing0.zone|csv
1375,image,t7_cp_hud_tacmode_type_amws,5764,0,|spawner_zm_factory_zombie|aitype|maps/zm/zm_parkour_nothing0.d3dbsp|col_map|zone_source/zm_parkour_nothing0.zone|csv
1376,aitype,spawner_zm_factory_zombie,48,0,|maps/zm/zm_parkour_nothing0.d3dbsp|col_map|zone_source/zm_parkour_nothing0.zone|csv
1377,image,i_mtl_p7_barrel_metal_55gal_blue_n,131,1413440,|mc/mtl_p7_barrel_metal_55gal_blue|material|p7_barrel_metal_55gal_blue|xmodel|maps/zm/zm_parkour_nothing0.d3dbsp|col_map|zone_source/zm_parkour_nothing0.zone|csv
1378,image,i_mtl_p7_barrel_metal_55gal_blue_c,291,1441792,|mc/mtl_p7_barrel_metal_55gal_blue|material|p7_barrel_metal_55gal_blue|xmodel|maps/zm/zm_parkour_nothing0.d3dbsp|col_map|zone_source/zm_parkour_nothing0.zone|csv
1379,material,mc/mtl_p7_barrel_metal_55gal_blue,1390,0,|p7_barrel_metal_55gal_blue|xmodel|maps/zm/zm_parkour_nothing0.d3dbsp|col_map|zone_source/zm_parkour_nothing0.zone|csv
1380,xmodelmesh,p7_barrel_metal_55gal_lod133e00cfa,240,21168,|p7_barrel_metal_55gal_blue|xmodel|maps/zm/zm_parkour_nothing0.d3dbsp|col_map|zone_source/zm_parkour_nothing0.zone|csv
1381,xmodelmesh,p7_barrel_metal_55gal_lod0bf39acd8,232,41024,|p7_barrel_metal_55gal_blue|xmodel|maps/zm/zm_parkour_nothing0.d3dbsp|col_map|zone_source/zm_parkour_nothing0.zone|csv
1382,xmodelmesh,p7_barrel_metal_55gal_col57ae4944,1544,0,|p7_barrel_metal_55gal_blue|xmodel|maps/zm/zm_parkour_nothing0.d3dbsp|col_map|zone_source/zm_parkour_nothing0.zone|csv
1383,xmodel,p7_barrel_metal_55gal_blue,1712,0,|maps/zm/zm_parkour_nothing0.d3dbsp|col_map|zone_source/zm_parkour_nothing0.zone|csv
1384,image,i_mtl_p7_zm_der_magic_box_fake_leather_m,137,396552,|mc/mtl_p7_zm_der_magic_box_fake_leather|material|p7_zm_der_magic_box_fake_trunk|xmodel|p7_zm_der_magic_box_fake|xmodel|zmcore_magicbox|zbarrier|maps/zm/zm_parkour_nothing0.d3dbsp|col_map|zone_source/zm_parkour_nothing0.zone|csv
1385,image,i_t7_cloth_leather_black_n,28,0,|mc/mtl_p7_zm_der_magic_box_fake_leather|material|p7_zm_der_magic_box_fake_trunk|xmodel|p7_zm_der_magic_box_fake|xmodel|zmcore_magicbox|zbarrier|maps/zm/zm_parkour_nothing0.d3dbsp|col_map|zone_source/zm_parkour_nothing0.zone|csv
1386,image,i_mtl_p7_zm_der_magic_box_fake_leather_n,313,742760,|mc/mtl_p7_zm_der_magic_box_fake_leather|material|p7_zm_der_magic_box_fake_trunk|xmodel|p7_zm_der_magic_box_fake|xmodel|zmcore_magicbox|zbarrier|maps/zm/zm_parkour_nothing0.d3dbsp|col_map|zone_source/zm_parkour_nothing0.zone|csv
1387,image,i_t7_cloth_leather_white_c,259,720872,|mc/mtl_p7_zm_der_magic_box_fake_leather|material|p7_zm_der_magic_box_fake_trunk|xmodel|p7_zm_der_magic_box_fake|xmodel|zmcore_magicbox|zbarrier|maps/zm/zm_parkour_nothing0.d3dbsp|col_map|zone_source/zm_parkour_nothing0.zone|csv
1388,material,mc/mtl_p7_zm_der_magic_box_fake_leather,1615,0,|p7_zm_der_magic_box_fake_trunk|xmodel|p7_zm_der_magic_box_fake|xmodel|zmcore_magicbox|zbarrier|maps/zm/zm_parkour_nothing0.d3dbsp|col_map|zone_source/zm_parkour_nothing0.zone|csv
1389,image,i_mtl_p7_zm_der_magic_box_fake_metal_m,295,196624,|mc/mtl_p7_zm_der_magic_box_fake_metal|material|p7_zm_der_magic_box_fake_trunk|xmodel|p7_zm_der_magic_box_fake|xmodel|zmcore_magicbox|zbarrier|maps/zm/zm_parkour_nothing0.d3dbsp|col_map|zone_source/zm_parkour_nothing0.zone|csv
1390,image,i_mtl_p7_zm_der_magic_box_fake_metal_o,11215,0,|mc/mtl_p7_zm_der_magic_box_fake_metal|material|p7_zm_der_magic_box_fake_trunk|xmodel|p7_zm_der_magic_box_fake|xmodel|zmcore_magicbox|zbarrier|maps/zm/zm_parkour_nothing0.d3dbsp|col_map|zone_source/zm_parkour_nothing0.zone|csv
1391,image,$normal,9,0,|mc/mtl_t6_wpn_sniper_xpr50_scope_reticle|material|vm_t6_xpr50_ads_scope|xmodel|t6_xpr50|weapon|zone_source/zm_parkour_nothing0.zone|csv
1392,image,i_t7_metal_worn_iron_dark_g,92,196592,|mc/mtl_p7_zm_der_magic_box_metal|material|p7_zm_der_magic_box|xmodel|zmcore_magicbox|zbarrier|maps/zm/zm_parkour_nothing0.d3dbsp|col_map|zone_source/zm_parkour_nothing0.zone|csv
1393,image,i_mtl_p7_zm_der_magic_box_fake_metal_n,351,371416,|mc/mtl_p7_zm_der_magic_box_fake_metal|material|p7_zm_der_magic_box_fake_trunk|xmodel|p7_zm_der_magic_box_fake|xmodel|zmcore_magicbox|zbarrier|maps/zm/zm_parkour_nothing0.d3dbsp|col_map|zone_source/zm_parkour_nothing0.zone|csv
1394,material,mc/mtl_p7_zm_der_magic_box_fake_metal,1678,0,|p7_zm_der_magic_box_fake_trunk|xmodel|p7_zm_der_magic_box_fake|xmodel|zmcore_magicbox|zbarrier|maps/zm/zm_parkour_nothing0.d3dbsp|col_map|zone_source/zm_parkour_nothing0.zone|csv
1395,xmodelmesh,p7_zm_der_magic_box_fake_trunk_lod08d623c9a,360,65792,|p7_zm_der_magic_box_fake_trunk|xmodel|p7_zm_der_magic_box_fake|xmodel|zmcore_magicbox|zbarrier|maps/zm/zm_parkour_nothing0.d3dbsp|col_map|zone_source/zm_parkour_nothing0.zone|csv
1396,xmodelmesh,p7_zm_der_magic_box_fake_trunk_lod06b7b3f44,352,99648,|p7_zm_der_magic_box_fake_trunk|xmodel|p7_zm_der_magic_box_fake|xmodel|zmcore_magicbox|zbarrier|maps/zm/zm_parkour_nothing0.d3dbsp|col_map|zone_source/zm_parkour_nothing0.zone|csv
1397,xmodelmesh,p7_zm_der_magic_box_fake_trunk_colcebf6d45,1192,0,|p7_zm_der_magic_box_fake_trunk|xmodel|p7_zm_der_magic_box_fake|xmodel|zmcore_magicbox|zbarrier|maps/zm/zm_parkour_nothing0.d3dbsp|col_map|zone_source/zm_parkour_nothing0.zone|csv
1398,xmodel,p7_zm_der_magic_box_fake_trunk,1144,0,|p7_zm_der_magic_box_fake|xmodel|zmcore_magicbox|zbarrier|maps/zm/zm_parkour_nothing0.d3dbsp|col_map|zone_source/zm_parkour_nothing0.zone|csv
1399,image,i_p7_zm_teddybear_n,116,708352,|mc/mtl_p7_zm_teddybear_eyes|material|p7_zm_der_magic_box_fake|xmodel|zmcore_magicbox|zbarrier|maps/zm/zm_parkour_nothing0.d3dbsp|col_map|zone_source/zm_parkour_nothing0.zone|csv
1400,image,i_p7_zm_teddybear_c,276,720896,|mc/mtl_p7_zm_teddybear_eyes|material|p7_zm_der_magic_box_fake|xmodel|zmcore_magicbox|zbarrier|maps/zm/zm_parkour_nothing0.d3dbsp|col_map|zone_source/zm_parkour_nothing0.zone|csv
1401,material,mc/mtl_p7_zm_teddybear,1016,0,|p7_zm_der_magic_box_fake|xmodel|zmcore_magicbox|zbarrier|maps/zm/zm_parkour_nothing0.d3dbsp|col_map|zone_source/zm_parkour_nothing0.zone|csv
1402,techset,mc/lit_transparent_nocull#e6142445,36,0,|mc/mtl_p7_zm_teddybear_fur|material|p7_zm_der_magic_box_fake|xmodel|zmcore_magicbox|zbarrier|maps/zm/zm_parkour_nothing0.d3dbsp|col_map|zone_source/zm_parkour_nothing0.zone|csv
1403,material,mc/mtl_p7_zm_teddybear_fur,844,0,|p7_zm_der_magic_box_fake|xmodel|zmcore_magicbox|zbarrier|maps/zm/zm_parkour_nothing0.d3dbsp|col_map|zone_source/zm_parkour_nothing0.zone|csv
1404,material,mc/mtl_p7_zm_teddybear_eyes,1232,0,|p7_zm_der_magic_box_fake|xmodel|zmcore_magicbox|zbarrier|maps/zm/zm_parkour_nothing0.d3dbsp|col_map|zone_source/zm_parkour_nothing0.zone|csv
1405,xmodelmesh,p7_zm_der_magic_box_fake_lod05e0fc705,464,230304,|p7_zm_der_magic_box_fake|xmodel|zmcore_magicbox|zbarrier|maps/zm/zm_parkour_nothing0.d3dbsp|col_map|zone_source/zm_parkour_nothing0.zone|csv
1406,xmodelmesh,p7_zm_der_magic_box_fake_lod040092a18,456,313760,|p7_zm_der_magic_box_fake|xmodel|zmcore_magicbox|zbarrier|maps/zm/zm_parkour_nothing0.d3dbsp|col_map|zone_source/zm_parkour_nothing0.zone|csv
1407,xmodelmesh,p7_zm_der_magic_box_fake_col85208d31,1712,0,|p7_zm_der_magic_box_fake|xmodel|zmcore_magicbox|zbarrier|maps/zm/zm_parkour_nothing0.d3dbsp|col_map|zone_source/zm_parkour_nothing0.zone|csv
1408,xmodel,p7_zm_der_magic_box_fake,1888,0,|zmcore_magicbox|zbarrier|maps/zm/zm_parkour_nothing0.d3dbsp|col_map|zone_source/zm_parkour_nothing0.zone|csv
1409,image,i_mtl_p7_zm_der_magic_box_lid_wood_n,133,2798272,|mc/mtl_p7_zm_der_magic_box_lid_wood|material|p7_zm_der_magic_box|xmodel|zmcore_magicbox|zbarrier|maps/zm/zm_parkour_nothing0.d3dbsp|col_map|zone_source/zm_parkour_nothing0.zone|csv
1410,image,i_mtl_p7_zm_der_magic_box_lid_wood_c,277,1419928,|mc/mtl_p7_zm_der_magic_box_lid_wood|material|p7_zm_der_magic_box|xmodel|zmcore_magicbox|zbarrier|maps/zm/zm_parkour_nothing0.d3dbsp|col_map|zone_source/zm_parkour_nothing0.zone|csv
1411,image,i_t7_detail_wood_02,276,131080,|mc/mtl_p7_zm_der_magic_box_wood_02|material|p7_zm_der_magic_box|xmodel|zmcore_magicbox|zbarrier|maps/zm/zm_parkour_nothing0.d3dbsp|col_map|zone_source/zm_parkour_nothing0.zone|csv
1412,material,mc/mtl_p7_zm_der_magic_box_lid_wood,1178,0,|p7_zm_der_magic_box|xmodel|zmcore_magicbox|zbarrier|maps/zm/zm_parkour_nothing0.d3dbsp|col_map|zone_source/zm_parkour_nothing0.zone|csv
1413,image,i_mtl_p7_zm_der_magic_box_wood_01_n,132,2839904,|mc/mtl_p7_zm_der_magic_box_wood_01|material|p7_zm_der_magic_box|xmodel|zmcore_magicbox|zbarrier|maps/zm/zm_parkour_nothing0.d3dbsp|col_map|zone_source/zm_parkour_nothing0.zone|csv
1414,image,i_mtl_p7_zm_der_magic_box_wood_01_c,276,1419928,|mc/mtl_p7_zm_der_magic_box_wood_01|material|p7_zm_der_magic_box|xmodel|zmcore_magicbox|zbarrier|maps/zm/zm_parkour_nothing0.d3dbsp|col_map|zone_source/zm_parkour_nothing0.zone|csv
1415,material,mc/mtl_p7_zm_der_magic_box_wood_01,1288,0,|p7_zm_der_magic_box|xmodel|zmcore_magicbox|zbarrier|maps/zm/zm_parkour_nothing0.d3dbsp|col_map|zone_source/zm_parkour_nothing0.zone|csv
1416,image,i_mtl_p7_zm_der_magic_box_metal_m,266,218448,|mc/mtl_p7_zm_der_magic_box_metal|material|p7_zm_der_magic_box|xmodel|zmcore_magicbox|zbarrier|maps/zm/zm_parkour_nothing0.d3dbsp|col_map|zone_source/zm_parkour_nothing0.zone|csv
1417,image,i_mtl_p7_zm_der_magic_box_metal_o,290,65536,|mc/mtl_p7_zm_der_magic_box_metal|material|p7_zm_der_magic_box|xmodel|zmcore_magicbox|zbarrier|maps/zm/zm_parkour_nothing0.d3dbsp|col_map|zone_source/zm_parkour_nothing0.zone|csv
1418,image,i_t7_metal_worn_iron_dark_n,292,371384,|mc/mtl_p7_zm_der_magic_box_metal|material|p7_zm_der_magic_box|xmodel|zmcore_magicbox|zbarrier|maps/zm/zm_parkour_nothing0.d3dbsp|col_map|zone_source/zm_parkour_nothing0.zone|csv
1419,image,i_t7_metal_paint_rust_brown_g,278,742728,|mc/mtl_p7_zm_der_magic_box_metal|material|p7_zm_der_magic_box|xmodel|zmcore_magicbox|zbarrier|maps/zm/zm_parkour_nothing0.d3dbsp|col_map|zone_source/zm_parkour_nothing0.zone|csv
1420,image,i_mtl_p7_zm_der_magic_box_metal_n,298,371384,|mc/mtl_p7_zm_der_magic_box_metal|material|p7_zm_der_magic_box|xmodel|zmcore_magicbox|zbarrier|maps/zm/zm_parkour_nothing0.d3dbsp|col_map|zone_source/zm_parkour_nothing0.zone|csv
1421,image,i_t7_metal_paint_rust_brown_c,278,742728,|mc/mtl_p7_zm_der_magic_box_metal|material|p7_zm_der_magic_box|xmodel|zmcore_magicbox|zbarrier|maps/zm/zm_parkour_nothing0.d3dbsp|col_map|zone_source/zm_parkour_nothing0.zone|csv
1422,image,i_t7_metal_worn_iron_dark_c,284,196608,|mc/mtl_p7_zm_der_magic_box_metal|material|p7_zm_der_magic_box|xmodel|zmcore_magicbox|zbarrier|maps/zm/zm_parkour_nothing0.d3dbsp|col_map|zone_source/zm_parkour_nothing0.zone|csv
1423,image,i_t7_metal_worn_iron_dark_s,284,196608,|mc/mtl_p7_zm_der_magic_box_metal|material|p7_zm_der_magic_box|xmodel|zmcore_magicbox|zbarrier|maps/zm/zm_parkour_nothing0.d3dbsp|col_map|zone_source/zm_parkour_nothing0.zone|csv
1424,material,mc/mtl_p7_zm_der_magic_box_metal,1666,0,|p7_zm_der_magic_box|xmodel|zmcore_magicbox|zbarrier|maps/zm/zm_parkour_nothing0.d3dbsp|col_map|zone_source/zm_parkour_nothing0.zone|csv
1425,image,i_mtl_p7_zm_der_magic_box_wood_02_n,164,1419992,|mc/mtl_p7_zm_der_magic_box_wood_02|material|p7_zm_der_magic_box|xmodel|zmcore_magicbox|zbarrier|maps/zm/zm_parkour_nothing0.d3dbsp|col_map|zone_source/zm_parkour_nothing0.zone|csv
1426,image,i_mtl_p7_zm_der_magic_box_wood_02_c,260,742712,|mc/mtl_p7_zm_der_magic_box_wood_02|material|p7_zm_der_magic_box|xmodel|zmcore_magicbox|zbarrier|maps/zm/zm_parkour_nothing0.d3dbsp|col_map|zone_source/zm_parkour_nothing0.zone|csv
1427,material,mc/mtl_p7_zm_der_magic_box_wood_02,1288,0,|p7_zm_der_magic_box|xmodel|zmcore_magicbox|zbarrier|maps/zm/zm_parkour_nothing0.d3dbsp|col_map|zone_source/zm_parkour_nothing0.zone|csv
1428,image,i_t7_rope_nylon_02_n,229,196680,|mc/t7_rope_nylon_02|material|p7_zm_der_magic_box|xmodel|zmcore_magicbox|zbarrier|maps/zm/zm_parkour_nothing0.d3dbsp|col_map|zone_source/zm_parkour_nothing0.zone|csv
1429,image,i_t7_rope_nylon_02_c,213,109176,|mc/t7_rope_nylon_02|material|p7_zm_der_magic_box|xmodel|zmcore_magicbox|zbarrier|maps/zm/zm_parkour_nothing0.d3dbsp|col_map|zone_source/zm_parkour_nothing0.zone|csv
1430,image,i_t7_detail_acrylic_01_n,233,131048,|mc/t7_rope_nylon_02|material|p7_zm_der_magic_box|xmodel|zmcore_magicbox|zbarrier|maps/zm/zm_parkour_nothing0.d3dbsp|col_map|zone_source/zm_parkour_nothing0.zone|csv
1431,material,mc/t7_rope_nylon_02,1501,0,|p7_zm_der_magic_box|xmodel|zmcore_magicbox|zbarrier|maps/zm/zm_parkour_nothing0.d3dbsp|col_map|zone_source/zm_parkour_nothing0.zone|csv
1432,techset,mc/lit_emissive_scroll_3layer_transparent#e6142445,1152299,0,|mc/mtl_p7_zm_der_magic_box_qmark_trim|material|p7_zm_der_magic_box|xmodel|zmcore_magicbox|zbarrier|maps/zm/zm_parkour_nothing0.d3dbsp|col_map|zone_source/zm_parkour_nothing0.zone|csv
1433,image,i_generic_lookup,18,0,|mc/mtl_t6_attach_trinium_sight_green|material|vm_t6_remington870mcs|xmodel|t6_rem870mcs_up|weapon|zone_source/zm_parkour_nothing0.zone|csv
1434,image,i_mtl_p7_zm_der_magic_box_qmark_bg_c,277,393216,|mc/mtl_p7_zm_der_magic_box_qmark_bg|material|p7_zm_der_magic_box|xmodel|zmcore_magicbox|zbarrier|maps/zm/zm_parkour_nothing0.d3dbsp|col_map|zone_source/zm_parkour_nothing0.zone|csv
1435,image,i_mtl_p7_zm_der_magic_box_qmark_clds_c,295,393216,|mc/mtl_p7_zm_der_magic_box_qmark_trim|material|p7_zm_der_magic_box|xmodel|zmcore_magicbox|zbarrier|maps/zm/zm_parkour_nothing0.d3dbsp|col_map|zone_source/zm_parkour_nothing0.zone|csv
1436,material,mc/mtl_p7_zm_der_magic_box_qmark_bg,1775,0,|p7_zm_der_magic_box|xmodel|zmcore_magicbox|zbarrier|maps/zm/zm_parkour_nothing0.d3dbsp|col_map|zone_source/zm_parkour_nothing0.zone|csv
1437,image,$blacktransparent_color,25,0,|mc/mtl_t6_tritium_red_txt|material|vm_t6_dsr50_ads_scope|xmodel|t6_dsr50|weapon|zone_source/zm_parkour_nothing0.zone|csv
1438,image,i_mtl_p7_zm_der_magic_box_qmark_trim_c,279,393216,|mc/mtl_p7_zm_der_magic_box_qmark_trim|material|p7_zm_der_magic_box|xmodel|zmcore_magicbox|zbarrier|maps/zm/zm_parkour_nothing0.d3dbsp|col_map|zone_source/zm_parkour_nothing0.zone|csv
1439,material,mc/mtl_p7_zm_der_magic_box_qmark_trim,1776,0,|p7_zm_der_magic_box|xmodel|zmcore_magicbox|zbarrier|maps/zm/zm_parkour_nothing0.d3dbsp|col_map|zone_source/zm_parkour_nothing0.zone|csv
1440,xmodelmesh,p7_zm_der_magic_box_lod1b2f92034,920,249888,|p7_zm_der_magic_box|xmodel|zmcore_magicbox|zbarrier|maps/zm/zm_parkour_nothing0.d3dbsp|col_map|zone_source/zm_parkour_nothing0.zone|csv
1441,xmodelmesh,p7_zm_der_magic_box_lod061c503b5,920,401648,|p7_zm_der_magic_box|xmodel|zmcore_magicbox|zbarrier|maps/zm/zm_parkour_nothing0.d3dbsp|col_map|zone_source/zm_parkour_nothing0.zone|csv
1442,xmodelmesh,p7_zm_der_magic_box_col5fdd4284,3696,0,|p7_zm_der_magic_box|xmodel|zmcore_magicbox|zbarrier|maps/zm/zm_parkour_nothing0.d3dbsp|col_map|zone_source/zm_parkour_nothing0.zone|csv
1443,xmodel,p7_zm_der_magic_box,3000,0,|zmcore_magicbox|zbarrier|maps/zm/zm_parkour_nothing0.d3dbsp|col_map|zone_source/zm_parkour_nothing0.zone|csv
1444,material,mc/global_invisible,21,0,|tag_origin|xmodel|zmcore_magicbox|zbarrier|maps/zm/zm_parkour_nothing0.d3dbsp|col_map|zone_source/zm_parkour_nothing0.zone|csv
1445,xmodel,tag_origin,12,0,|zmcore_magicbox|zbarrier|maps/zm/zm_parkour_nothing0.d3dbsp|col_map|zone_source/zm_parkour_nothing0.zone|csv
1446,xanim,o_zombie_magic_box_fake_idle_twitch_a,481,0,|zmcore_magicbox|zbarrier|maps/zm/zm_parkour_nothing0.d3dbsp|col_map|zone_source/zm_parkour_nothing0.zone|csv
1447,xanim,o_zombie_magic_box_fake_idle_twitch_b,526,0,|zmcore_magicbox|zbarrier|maps/zm/zm_parkour_nothing0.d3dbsp|col_map|zone_source/zm_parkour_nothing0.zone|csv
1448,xanim,o_zombie_magic_box_leave,3558,0,|zmcore_magicbox|zbarrier|maps/zm/zm_parkour_nothing0.d3dbsp|col_map|zone_source/zm_parkour_nothing0.zone|csv
1449,xanim,o_zombie_magic_box_arrive,3276,0,|zmcore_magicbox|zbarrier|maps/zm/zm_parkour_nothing0.d3dbsp|col_map|zone_source/zm_parkour_nothing0.zone|csv
1450,xanim,o_zombie_magic_box_close,268,0,|zmcore_magicbox|zbarrier|maps/zm/zm_parkour_nothing0.d3dbsp|col_map|zone_source/zm_parkour_nothing0.zone|csv
1451,xanim,o_zombie_magic_box_open,230,0,|zmcore_magicbox|zbarrier|maps/zm/zm_parkour_nothing0.d3dbsp|col_map|zone_source/zm_parkour_nothing0.zone|csv
1452,xanim,o_zombie_magic_box_teddy_rise,784,0,|zmcore_magicbox|zbarrier|maps/zm/zm_parkour_nothing0.d3dbsp|col_map|zone_source/zm_parkour_nothing0.zone|csv
1453,xanim,o_zombie_magic_box_weapon_rise,968,0,|zmcore_magicbox|zbarrier|maps/zm/zm_parkour_nothing0.d3dbsp|col_map|zone_source/zm_parkour_nothing0.zone|csv
1454,xanim,o_zombie_magic_box_weapon_dual_rise,328,0,|zmcore_magicbox|zbarrier|maps/zm/zm_parkour_nothing0.d3dbsp|col_map|zone_source/zm_parkour_nothing0.zone|csv
1455,zbarrier,zmcore_magicbox,16,0,|maps/zm/zm_parkour_nothing0.d3dbsp|col_map|zone_source/zm_parkour_nothing0.zone|csv
1456,image,i_mtl_p7_zm_pswitch_handle_m,261,222264,|mc/mtl_p7_zm_der_pswitch_handle|material|p7_zm_der_pswitch_handle|xmodel|maps/zm/zm_parkour_nothing0.d3dbsp|col_map|zone_source/zm_parkour_nothing0.zone|csv
1457,image,i_mtl_p7_zm_pswitch_handle_o,285,65536,|mc/mtl_p7_zm_der_pswitch_handle|material|p7_zm_der_pswitch_handle|xmodel|maps/zm/zm_parkour_nothing0.d3dbsp|col_map|zone_source/zm_parkour_nothing0.zone|csv
1458,image,i_mtl_p7_zm_pswitch_handle_n,293,371384,|mc/mtl_p7_zm_der_pswitch_handle_red|material|p7_zm_der_pswitch_handle|xmodel|maps/zm/zm_parkour_nothing0.d3dbsp|col_map|zone_source/zm_parkour_nothing0.zone|csv
1459,material,mc/mtl_p7_zm_der_pswitch_handle,1629,0,|p7_zm_der_pswitch_handle|xmodel|maps/zm/zm_parkour_nothing0.d3dbsp|col_map|zone_source/zm_parkour_nothing0.zone|csv
1460,material,mc/mtl_p7_zm_der_pswitch_handle_blk,1528,0,|p7_zm_der_pswitch_handle|xmodel|maps/zm/zm_parkour_nothing0.d3dbsp|col_map|zone_source/zm_parkour_nothing0.zone|csv
1461,material,mc/mtl_p7_zm_der_pswitch_handle_red,1376,0,|p7_zm_der_pswitch_handle|xmodel|maps/zm/zm_parkour_nothing0.d3dbsp|col_map|zone_source/zm_parkour_nothing0.zone|csv
1462,xmodelmesh,p7_zm_der_pswitch_handle_lod0cee74aa4,464,25760,|p7_zm_der_pswitch_handle|xmodel|maps/zm/zm_parkour_nothing0.d3dbsp|col_map|zone_source/zm_parkour_nothing0.zone|csv
1463,xmodelmesh,p7_zm_der_pswitch_handle_lod077a229ac,456,38288,|p7_zm_der_pswitch_handle|xmodel|maps/zm/zm_parkour_nothing0.d3dbsp|col_map|zone_source/zm_parkour_nothing0.zone|csv
1464,xmodel,p7_zm_der_pswitch_handle,2788,0,|maps/zm/zm_parkour_nothing0.d3dbsp|col_map|zone_source/zm_parkour_nothing0.zone|csv
1465,material,ei/gfx_light_phosphorous_em,29,0,|electrical_spark_burst|fx|electrical_spark|fx|maps/zm/zm_parkour_nothing0.d3dbsp|col_map|zone_source/zm_parkour_nothing0.zone|csv
1466,material,ei/gfx_spark_single_em,24,0,|impacts/fx_bul_impact_boss_body_fatal_exit|fx|entity_exit_bullet_small|entityfximpacts|bullet_small_exit|impactsfxtable|t6_xpr50_up|weapon|zone_source/zm_parkour_nothing0.zone|csv
1467,lightdescription,gfx_dlight_gen_omni1033436870,30,0,|electrical_spark_burst|fx|electrical_spark|fx|maps/zm/zm_parkour_nothing0.d3dbsp|col_map|zone_source/zm_parkour_nothing0.zone|csv
1468,material,ei/gfx_spark_rndhit_core_em,29,0,|skye_efx/t6_efx/fx_t6_raygun_mark2_flesh_impact_up|fx|t6_raygun_mark2_up_entity_impactfx|entityfximpacts|t6_raygun_mark2_up_impactfx|impactsfxtable|t6_mauser_c96_up|weapon|zone_source/zm_parkour_nothing0.zone|csv
1469,material,ei/gfx_spark_blink_anim_em,28,0,|impacts/fx_bul_impact_thin_metal_lg|fx|surface_exit_bullet_small|surfacefxtable|bullet_small_exit|impactsfxtable|t6_xpr50_up|weapon|zone_source/zm_parkour_nothing0.zone|csv
1470,material,ei/gfx_spark_rndhit_em,24,0,|electrical_spark_burst|fx|electrical_spark|fx|maps/zm/zm_parkour_nothing0.d3dbsp|col_map|zone_source/zm_parkour_nothing0.zone|csv
1471,material,ei/gfx_light_incandescent_hot_em,34,0,|electric/fx_elec_sparks_bounce_sm_blue|fx|electrical_spark_burst|fx|electrical_spark|fx|maps/zm/zm_parkour_nothing0.d3dbsp|col_map|zone_source/zm_parkour_nothing0.zone|csv
1472,lightdescription,gfx_dlight_gen_omni-1903998804,32,0,|electric/fx_elec_sparks_bounce_sm_blue|fx|electrical_spark_burst|fx|electrical_spark|fx|maps/zm/zm_parkour_nothing0.d3dbsp|col_map|zone_source/zm_parkour_nothing0.zone|csv
1473,material,ei/gfx_fog_slow_lg_anim_em,28,0,|electric/fx_elec_sparks_bounce_sm_blue|fx|electrical_spark_burst|fx|electrical_spark|fx|maps/zm/zm_parkour_nothing0.d3dbsp|col_map|zone_source/zm_parkour_nothing0.zone|csv
1474,material,ei/gfx_fog_slow_md_anim_em,28,0,|electric/fx_elec_sparks_bounce_sm_blue|fx|electrical_spark_burst|fx|electrical_spark|fx|maps/zm/zm_parkour_nothing0.d3dbsp|col_map|zone_source/zm_parkour_nothing0.zone|csv
1475,material,ei/gfx_fog_slow_sm_anim_em,28,0,|skye_efx/t6_efx/fx_t6_raygun_mark2_flesh_impact_up|fx|t6_raygun_mark2_up_entity_impactfx|entityfximpacts|t6_raygun_mark2_up_impactfx|impactsfxtable|t6_mauser_c96_up|weapon|zone_source/zm_parkour_nothing0.zone|csv
1476,klf,2130c766-437a-45c8-981f-3aef80383930,38,0,|electric/fx_elec_sparks_bounce_sm_blue|fx|electrical_spark_burst|fx|electrical_spark|fx|maps/zm/zm_parkour_nothing0.d3dbsp|col_map|zone_source/zm_parkour_nothing0.zone|csv
1477,fx,electric/fx_elec_sparks_bounce_sm_blue,40,0,|electrical_spark_burst|fx|electrical_spark|fx|maps/zm/zm_parkour_nothing0.d3dbsp|col_map|zone_source/zm_parkour_nothing0.zone|csv
1478,klf,2451567b-9d07-4c6d-869d-fb46e03f9adc,38,0,|electrical_spark_burst|fx|electrical_spark|fx|maps/zm/zm_parkour_nothing0.d3dbsp|col_map|zone_source/zm_parkour_nothing0.zone|csv
1479,fx,electrical_spark_burst,24778,0,|electrical_spark|fx|maps/zm/zm_parkour_nothing0.d3dbsp|col_map|zone_source/zm_parkour_nothing0.zone|csv
1480,fx,electrical_spark,660,0,|maps/zm/zm_parkour_nothing0.d3dbsp|col_map|zone_source/zm_parkour_nothing0.zone|csv
1481,image,i_mtl_p7_zm_vending_packapunch_moving_o,96,88856,|mc/mtl_p7_zm_vending_pap_logo|material|p7_zm_vending_packapunch_on|xmodel|zmcore_packapunch|zbarrier|maps/zm/zm_parkour_nothing0.d3dbsp|col_map|zone_source/zm_parkour_nothing0.zone|csv
1482,image,i_mtl_p7_zm_vending_packapunch_moving_n,304,1419960,|mc/mtl_p7_zm_vending_pap_logo|material|p7_zm_vending_packapunch_on|xmodel|zmcore_packapunch|zbarrier|maps/zm/zm_parkour_nothing0.d3dbsp|col_map|zone_source/zm_parkour_nothing0.zone|csv
1483,image,i_mtl_p7_zm_vending_packapunch_moving_g,288,742728,|mc/mtl_p7_zm_vending_pap_logo|material|p7_zm_vending_packapunch_on|xmodel|zmcore_packapunch|zbarrier|maps/zm/zm_parkour_nothing0.d3dbsp|col_map|zone_source/zm_parkour_nothing0.zone|csv
1484,image,i_mtl_p7_zm_vending_packapunch_moving_c,304,1419960,|mc/mtl_p7_zm_vending_pap_logo|material|p7_zm_vending_packapunch_on|xmodel|zmcore_packapunch|zbarrier|maps/zm/zm_parkour_nothing0.d3dbsp|col_map|zone_source/zm_parkour_nothing0.zone|csv
1485,image,i_mtl_p7_zm_vending_packapunch_moving_s,288,742728,|mc/mtl_p7_zm_vending_pap_logo|material|p7_zm_vending_packapunch_on|xmodel|zmcore_packapunch|zbarrier|maps/zm/zm_parkour_nothing0.d3dbsp|col_map|zone_source/zm_parkour_nothing0.zone|csv
1486,material,mc/mtl_p7_zm_vending_pap_detail,1216,0,|p7_zm_vending_packapunch_on|xmodel|zmcore_packapunch|zbarrier|maps/zm/zm_parkour_nothing0.d3dbsp|col_map|zone_source/zm_parkour_nothing0.zone|csv
1487,image,i_mtl_p7_zm_vending_pap_frame_right_o,94,65536,|mc/mtl_p7_zm_vending_pap_frame_right|material|p7_zm_vending_packapunch_on|xmodel|zmcore_packapunch|zbarrier|maps/zm/zm_parkour_nothing0.d3dbsp|col_map|zone_source/zm_parkour_nothing0.zone|csv
1488,image,i_mtl_p7_zm_vending_pap_frame_right_n,302,1419960,|mc/mtl_p7_zm_vending_pap_frame_right|material|p7_zm_vending_packapunch_on|xmodel|zmcore_packapunch|zbarrier|maps/zm/zm_parkour_nothing0.d3dbsp|col_map|zone_source/zm_parkour_nothing0.zone|csv
1489,image,i_mtl_p7_zm_vending_pap_frame_right_g,286,742728,|mc/mtl_p7_zm_vending_pap_frame_right|material|p7_zm_vending_packapunch_on|xmodel|zmcore_packapunch|zbarrier|maps/zm/zm_parkour_nothing0.d3dbsp|col_map|zone_source/zm_parkour_nothing0.zone|csv
1490,image,i_mtl_p7_zm_vending_pap_frame_right_c,294,720896,|mc/mtl_p7_zm_vending_pap_frame_right|material|p7_zm_vending_packapunch_on|xmodel|zmcore_packapunch|zbarrier|maps/zm/zm_parkour_nothing0.d3dbsp|col_map|zone_source/zm_parkour_nothing0.zone|csv
1491,image,i_mtl_p7_zm_vending_pap_frame_right_s,294,720896,|mc/mtl_p7_zm_vending_pap_frame_right|material|p7_zm_vending_packapunch_on|xmodel|zmcore_packapunch|zbarrier|maps/zm/zm_parkour_nothing0.d3dbsp|col_map|zone_source/zm_parkour_nothing0.zone|csv
1492,material,mc/mtl_p7_zm_vending_pap_frame_right,1402,0,|p7_zm_vending_packapunch_on|xmodel|zmcore_packapunch|zbarrier|maps/zm/zm_parkour_nothing0.d3dbsp|col_map|zone_source/zm_parkour_nothing0.zone|csv
1493,image,i_mtl_p7_zm_vending_pap_frame_left_o,293,65536,|mc/mtl_p7_zm_vending_pap_frame_left|material|p7_zm_vending_packapunch_on|xmodel|zmcore_packapunch|zbarrier|maps/zm/zm_parkour_nothing0.d3dbsp|col_map|zone_source/zm_parkour_nothing0.zone|csv
1494,image,i_mtl_p7_zm_vending_pap_frame_left_n,301,1419960,|mc/mtl_p7_zm_vending_pap_frame_left|material|p7_zm_vending_packapunch_on|xmodel|zmcore_packapunch|zbarrier|maps/zm/zm_parkour_nothing0.d3dbsp|col_map|zone_source/zm_parkour_nothing0.zone|csv
1495,image,i_mtl_p7_zm_vending_pap_frame_left_g,285,742728,|mc/mtl_p7_zm_vending_pap_frame_left|material|p7_zm_vending_packapunch_on|xmodel|zmcore_packapunch|zbarrier|maps/zm/zm_parkour_nothing0.d3dbsp|col_map|zone_source/zm_parkour_nothing0.zone|csv
1496,image,i_mtl_p7_zm_vending_pap_frame_left_c,293,720896,|mc/mtl_p7_zm_vending_pap_frame_left|material|p7_zm_vending_packapunch_on|xmodel|zmcore_packapunch|zbarrier|maps/zm/zm_parkour_nothing0.d3dbsp|col_map|zone_source/zm_parkour_nothing0.zone|csv
1497,image,i_mtl_p7_zm_vending_pap_frame_left_s,293,720896,|mc/mtl_p7_zm_vending_pap_frame_left|material|p7_zm_vending_packapunch_on|xmodel|zmcore_packapunch|zbarrier|maps/zm/zm_parkour_nothing0.d3dbsp|col_map|zone_source/zm_parkour_nothing0.zone|csv
1498,material,mc/mtl_p7_zm_vending_pap_frame_left,951,0,|p7_zm_vending_packapunch_on|xmodel|zmcore_packapunch|zbarrier|maps/zm/zm_parkour_nothing0.d3dbsp|col_map|zone_source/zm_parkour_nothing0.zone|csv
1499,image,i_mtl_p7_zm_vending_pap_side_inside_o,294,65536,|mc/mtl_p7_zm_vending_pap_side_inside|material|p7_zm_vending_packapunch_on|xmodel|zmcore_packapunch|zbarrier|maps/zm/zm_parkour_nothing0.d3dbsp|col_map|zone_source/zm_parkour_nothing0.zone|csv
1500,image,i_mtl_p7_zm_vending_pap_side_inside_n,302,1419960,|mc/mtl_p7_zm_vending_pap_side_inside|material|p7_zm_vending_packapunch_on|xmodel|zmcore_packapunch|zbarrier|maps/zm/zm_parkour_nothing0.d3dbsp|col_map|zone_source/zm_parkour_nothing0.zone|csv
1501,image,i_mtl_p7_zm_vending_pap_side_inside_g,286,742728,|mc/mtl_p7_zm_vending_pap_side_inside|material|p7_zm_vending_packapunch_on|xmodel|zmcore_packapunch|zbarrier|maps/zm/zm_parkour_nothing0.d3dbsp|col_map|zone_source/zm_parkour_nothing0.zone|csv
1502,image,i_mtl_p7_zm_vending_pap_side_inside_c,294,720896,|mc/mtl_p7_zm_vending_pap_side_inside|material|p7_zm_vending_packapunch_on|xmodel|zmcore_packapunch|zbarrier|maps/zm/zm_parkour_nothing0.d3dbsp|col_map|zone_source/zm_parkour_nothing0.zone|csv
1503,image,i_mtl_p7_zm_vending_pap_side_inside_s,294,720896,|mc/mtl_p7_zm_vending_pap_side_inside|material|p7_zm_vending_packapunch_on|xmodel|zmcore_packapunch|zbarrier|maps/zm/zm_parkour_nothing0.d3dbsp|col_map|zone_source/zm_parkour_nothing0.zone|csv
1504,material,mc/mtl_p7_zm_vending_pap_side_inside,946,0,|p7_zm_vending_packapunch_on|xmodel|zmcore_packapunch|zbarrier|maps/zm/zm_parkour_nothing0.d3dbsp|col_map|zone_source/zm_parkour_nothing0.zone|csv
1505,image,i_mtl_p7_zm_vending_pap_top_main_o,291,65536,|mc/mtl_p7_zm_vending_pap_top_main|material|p7_zm_vending_packapunch_on|xmodel|zmcore_packapunch|zbarrier|maps/zm/zm_parkour_nothing0.d3dbsp|col_map|zone_source/zm_parkour_nothing0.zone|csv
1506,image,i_mtl_p7_zm_vending_pap_top_main_n,299,1419960,|mc/mtl_p7_zm_vending_pap_top_main|material|p7_zm_vending_packapunch_on|xmodel|zmcore_packapunch|zbarrier|maps/zm/zm_parkour_nothing0.d3dbsp|col_map|zone_source/zm_parkour_nothing0.zone|csv
1507,image,i_mtl_p7_zm_vending_pap_top_main_g,283,742728,|mc/mtl_p7_zm_vending_pap_top_main|material|p7_zm_vending_packapunch_on|xmodel|zmcore_packapunch|zbarrier|maps/zm/zm_parkour_nothing0.d3dbsp|col_map|zone_source/zm_parkour_nothing0.zone|csv
1508,image,i_mtl_p7_zm_vending_pap_top_main_c,291,720896,|mc/mtl_p7_zm_vending_pap_top_main|material|p7_zm_vending_packapunch_on|xmodel|zmcore_packapunch|zbarrier|maps/zm/zm_parkour_nothing0.d3dbsp|col_map|zone_source/zm_parkour_nothing0.zone|csv
1509,image,i_mtl_p7_zm_vending_pap_top_main_s,291,720896,|mc/mtl_p7_zm_vending_pap_top_main|material|p7_zm_vending_packapunch_on|xmodel|zmcore_packapunch|zbarrier|maps/zm/zm_parkour_nothing0.d3dbsp|col_map|zone_source/zm_parkour_nothing0.zone|csv
1510,material,mc/mtl_p7_zm_vending_pap_top_main,945,0,|p7_zm_vending_packapunch_on|xmodel|zmcore_packapunch|zbarrier|maps/zm/zm_parkour_nothing0.d3dbsp|col_map|zone_source/zm_parkour_nothing0.zone|csv
1511,image,i_mtl_p7_zm_vending_pap_top_o,286,65536,|mc/mtl_p7_zm_vending_pap_top|material|p7_zm_vending_packapunch_on|xmodel|zmcore_packapunch|zbarrier|maps/zm/zm_parkour_nothing0.d3dbsp|col_map|zone_source/zm_parkour_nothing0.zone|csv
1512,image,i_mtl_p7_zm_vending_pap_top_n,294,1419960,|mc/mtl_p7_zm_vending_pap_top|material|p7_zm_vending_packapunch_on|xmodel|zmcore_packapunch|zbarrier|maps/zm/zm_parkour_nothing0.d3dbsp|col_map|zone_source/zm_parkour_nothing0.zone|csv
1513,image,i_mtl_p7_zm_vending_pap_top_g,278,742728,|mc/mtl_p7_zm_vending_pap_top|material|p7_zm_vending_packapunch_on|xmodel|zmcore_packapunch|zbarrier|maps/zm/zm_parkour_nothing0.d3dbsp|col_map|zone_source/zm_parkour_nothing0.zone|csv
1514,image,i_mtl_p7_zm_vending_pap_top_c,286,720896,|mc/mtl_p7_zm_vending_pap_top|material|p7_zm_vending_packapunch_on|xmodel|zmcore_packapunch|zbarrier|maps/zm/zm_parkour_nothing0.d3dbsp|col_map|zone_source/zm_parkour_nothing0.zone|csv
1515,image,i_mtl_p7_zm_vending_pap_top_s,286,720896,|mc/mtl_p7_zm_vending_pap_top|material|p7_zm_vending_packapunch_on|xmodel|zmcore_packapunch|zbarrier|maps/zm/zm_parkour_nothing0.d3dbsp|col_map|zone_source/zm_parkour_nothing0.zone|csv
1516,material,mc/mtl_p7_zm_vending_pap_top,922,0,|p7_zm_vending_packapunch_on|xmodel|zmcore_packapunch|zbarrier|maps/zm/zm_parkour_nothing0.d3dbsp|col_map|zone_source/zm_parkour_nothing0.zone|csv
1517,image,i_mtl_p7_zm_vending_pap_front_side_o,293,65536,|mc/mtl_p7_zm_vending_pap_front_side|material|p7_zm_vending_packapunch_on|xmodel|zmcore_packapunch|zbarrier|maps/zm/zm_parkour_nothing0.d3dbsp|col_map|zone_source/zm_parkour_nothing0.zone|csv
1518,image,i_mtl_p7_zm_vending_pap_front_side_n,301,1419960,|mc/mtl_p7_zm_vending_pap_front_side|material|p7_zm_vending_packapunch_on|xmodel|zmcore_packapunch|zbarrier|maps/zm/zm_parkour_nothing0.d3dbsp|col_map|zone_source/zm_parkour_nothing0.zone|csv
1519,image,i_mtl_p7_zm_vending_pap_front_side_g,285,742728,|mc/mtl_p7_zm_vending_pap_front_side|material|p7_zm_vending_packapunch_on|xmodel|zmcore_packapunch|zbarrier|maps/zm/zm_parkour_nothing0.d3dbsp|col_map|zone_source/zm_parkour_nothing0.zone|csv
1520,image,i_mtl_p7_zm_vending_pap_front_side_c,293,720896,|mc/mtl_p7_zm_vending_pap_front_side|material|p7_zm_vending_packapunch_on|xmodel|zmcore_packapunch|zbarrier|maps/zm/zm_parkour_nothing0.d3dbsp|col_map|zone_source/zm_parkour_nothing0.zone|csv
1521,image,i_mtl_p7_zm_vending_pap_front_side_s,293,720896,|mc/mtl_p7_zm_vending_pap_front_side|material|p7_zm_vending_packapunch_on|xmodel|zmcore_packapunch|zbarrier|maps/zm/zm_parkour_nothing0.d3dbsp|col_map|zone_source/zm_parkour_nothing0.zone|csv
1522,material,mc/mtl_p7_zm_vending_pap_front_side,951,0,|p7_zm_vending_packapunch_on|xmodel|zmcore_packapunch|zbarrier|maps/zm/zm_parkour_nothing0.d3dbsp|col_map|zone_source/zm_parkour_nothing0.zone|csv
1523,image,i_mtl_p7_zm_vending_pap_bottom_back_o,294,65536,|mc/mtl_p7_zm_vending_pap_bottom_back|material|p7_zm_vending_packapunch_on|xmodel|zmcore_packapunch|zbarrier|maps/zm/zm_parkour_nothing0.d3dbsp|col_map|zone_source/zm_parkour_nothing0.zone|csv
1524,image,i_mtl_p7_zm_vending_pap_bottom_back_n,302,1419960,|mc/mtl_p7_zm_vending_pap_bottom_back|material|p7_zm_vending_packapunch_on|xmodel|zmcore_packapunch|zbarrier|maps/zm/zm_parkour_nothing0.d3dbsp|col_map|zone_source/zm_parkour_nothing0.zone|csv
1525,image,i_mtl_p7_zm_vending_pap_bottom_back_g,286,742728,|mc/mtl_p7_zm_vending_pap_bottom_back|material|p7_zm_vending_packapunch_on|xmodel|zmcore_packapunch|zbarrier|maps/zm/zm_parkour_nothing0.d3dbsp|col_map|zone_source/zm_parkour_nothing0.zone|csv
1526,image,i_mtl_p7_zm_vending_pap_bottom_back_c,294,720896,|mc/mtl_p7_zm_vending_pap_bottom_back|material|p7_zm_vending_packapunch_on|xmodel|zmcore_packapunch|zbarrier|maps/zm/zm_parkour_nothing0.d3dbsp|col_map|zone_source/zm_parkour_nothing0.zone|csv
1527,image,i_mtl_p7_zm_vending_pap_bottom_back_s,294,720896,|mc/mtl_p7_zm_vending_pap_bottom_back|material|p7_zm_vending_packapunch_on|xmodel|zmcore_packapunch|zbarrier|maps/zm/zm_parkour_nothing0.d3dbsp|col_map|zone_source/zm_parkour_nothing0.zone|csv
1528,material,mc/mtl_p7_zm_vending_pap_bottom_back,946,0,|p7_zm_vending_packapunch_on|xmodel|zmcore_packapunch|zbarrier|maps/zm/zm_parkour_nothing0.d3dbsp|col_map|zone_source/zm_parkour_nothing0.zone|csv
1529,image,i_mtl_p7_zm_vending_packapunch_o,289,65536,|mc/mtl_p7_zm_vending_packapunch|material|p7_zm_der2_vending_packapunch_sign_wait|xmodel|zmcore_packapunch|zbarrier|maps/zm/zm_parkour_nothing0.d3dbsp|col_map|zone_source/zm_parkour_nothing0.zone|csv
1530,image,i_mtl_p7_zm_vending_packapunch_n,297,1419960,|mc/mtl_p7_zm_vending_packapunch|material|p7_zm_der2_vending_packapunch_sign_wait|xmodel|zmcore_packapunch|zbarrier|maps/zm/zm_parkour_nothing0.d3dbsp|col_map|zone_source/zm_parkour_nothing0.zone|csv
1531,image,i_mtl_p7_zm_vending_packapunch_g,281,742728,|mc/mtl_p7_zm_vending_packapunch|material|p7_zm_der2_vending_packapunch_sign_wait|xmodel|zmcore_packapunch|zbarrier|maps/zm/zm_parkour_nothing0.d3dbsp|col_map|zone_source/zm_parkour_nothing0.zone|csv
1532,image,i_mtl_p7_zm_vending_packapunch_s,289,720896,|mc/mtl_p7_zm_vending_packapunch|material|p7_zm_der2_vending_packapunch_sign_wait|xmodel|zmcore_packapunch|zbarrier|maps/zm/zm_parkour_nothing0.d3dbsp|col_map|zone_source/zm_parkour_nothing0.zone|csv
1533,material,mc/mtl_p7_zm_vending_packapunch,924,0,|p7_zm_der2_vending_packapunch_sign_wait|xmodel|zmcore_packapunch|zbarrier|maps/zm/zm_parkour_nothing0.d3dbsp|col_map|zone_source/zm_parkour_nothing0.zone|csv
1534,image,i_mtl_p7_zm_vending_packapunch_moving_t,96,65536,|mc/mtl_p7_zm_vending_packapunch_sign|material|p7_zm_vending_packapunch_on|xmodel|zmcore_packapunch|zbarrier|maps/zm/zm_parkour_nothing0.d3dbsp|col_map|zone_source/zm_parkour_nothing0.zone|csv
1535,material,mc/mtl_p7_zm_vending_packapunch_sign,1312,0,|p7_zm_vending_packapunch_on|xmodel|zmcore_packapunch|zbarrier|maps/zm/zm_parkour_nothing0.d3dbsp|col_map|zone_source/zm_parkour_nothing0.zone|csv
1536,material,mc/mtl_p7_zm_vending_pap_roller,1256,0,|p7_zm_vending_packapunch_on|xmodel|zmcore_packapunch|zbarrier|maps/zm/zm_parkour_nothing0.d3dbsp|col_map|zone_source/zm_parkour_nothing0.zone|csv
1537,techset,mc/lit_decal_advanced#e6142445,32,0,|mc/mtl_p7_zm_vending_pap_logo|material|p7_zm_vending_packapunch_on|xmodel|zmcore_packapunch|zbarrier|maps/zm/zm_parkour_nothing0.d3dbsp|col_map|zone_source/zm_parkour_nothing0.zone|csv
1538,material,mc/mtl_p7_zm_vending_pap_logo,800,0,|p7_zm_vending_packapunch_on|xmodel|zmcore_packapunch|zbarrier|maps/zm/zm_parkour_nothing0.d3dbsp|col_map|zone_source/zm_parkour_nothing0.zone|csv
1539,image,i_mtl_p7_zm_vending_pap_leather_n,226,65624,|mc/mtl_p7_zm_vending_pap_leather_scroll|material|p7_zm_vending_packapunch_on|xmodel|zmcore_packapunch|zbarrier|maps/zm/zm_parkour_nothing0.d3dbsp|col_map|zone_source/zm_parkour_nothing0.zone|csv
1540,image,i_mtl_p7_zm_vending_pap_leather_c,226,43640,|mc/mtl_p7_zm_vending_pap_leather_scroll|material|p7_zm_vending_packapunch_on|xmodel|zmcore_packapunch|zbarrier|maps/zm/zm_parkour_nothing0.d3dbsp|col_map|zone_source/zm_parkour_nothing0.zone|csv
1541,material,mc/mtl_p7_zm_vending_pap_leather,1084,0,|p7_zm_vending_packapunch|xmodel|zmcore_packapunch|zbarrier|maps/zm/zm_parkour_nothing0.d3dbsp|col_map|zone_source/zm_parkour_nothing0.zone|csv
1542,xmodelmesh,p7_zm_vending_packapunch_lod06728f20b,1616,297848,|p7_zm_vending_packapunch_on|xmodel|zmcore_packapunch|zbarrier|maps/zm/zm_parkour_nothing0.d3dbsp|col_map|zone_source/zm_parkour_nothing0.zone|csv
1543,xmodelmesh,p7_zm_vending_packapunch_lod0695684a2,1608,487408,|p7_zm_vending_packapunch_on|xmodel|zmcore_packapunch|zbarrier|maps/zm/zm_parkour_nothing0.d3dbsp|col_map|zone_source/zm_parkour_nothing0.zone|csv
1544,xmodelmesh,p7_zm_vending_pap_body_col75e90a9,39944,0,|p7_zm_vending_packapunch_on|xmodel|zmcore_packapunch|zbarrier|maps/zm/zm_parkour_nothing0.d3dbsp|col_map|zone_source/zm_parkour_nothing0.zone|csv
1545,xmodel,p7_zm_vending_packapunch,38132,0,|zmcore_packapunch|zbarrier|maps/zm/zm_parkour_nothing0.d3dbsp|col_map|zone_source/zm_parkour_nothing0.zone|csv
1546,techset,mc/lit_scroll_rotate#e6142445,266578,0,|mc/mtl_p7_zm_vending_pap_leather_scroll|material|p7_zm_vending_packapunch_on|xmodel|zmcore_packapunch|zbarrier|maps/zm/zm_parkour_nothing0.d3dbsp|col_map|zone_source/zm_parkour_nothing0.zone|csv
1547,material,mc/mtl_p7_zm_vending_pap_leather_scroll,1642,0,|p7_zm_vending_packapunch_on|xmodel|zmcore_packapunch|zbarrier|maps/zm/zm_parkour_nothing0.d3dbsp|col_map|zone_source/zm_parkour_nothing0.zone|csv
1548,xmodel,p7_zm_vending_packapunch_on,37844,0,|zmcore_packapunch|zbarrier|maps/zm/zm_parkour_nothing0.d3dbsp|col_map|zone_source/zm_parkour_nothing0.zone|csv
1549,image,i_mtl_p7_zm_vending_packapunch_sign_wait_g,99,88520,|mc/mtl_p7_zm_vending_packapunch_sign_wait|material|p7_zm_der2_vending_packapunch_sign_wait|xmodel|zmcore_packapunch|zbarrier|maps/zm/zm_parkour_nothing0.d3dbsp|col_map|zone_source/zm_parkour_nothing0.zone|csv
1550,image,i_mtl_p7_zm_vending_packapunch_sign_wait_c,299,65536,|mc/mtl_p7_zm_vending_packapunch_sign_wait|material|p7_zm_der2_vending_packapunch_sign_wait|xmodel|zmcore_packapunch|zbarrier|maps/zm/zm_parkour_nothing0.d3dbsp|col_map|zone_source/zm_parkour_nothing0.zone|csv
1551,image,i_mtl_p7_zm_vending_packapunch_sign_wait_s,299,65536,|mc/mtl_p7_zm_vending_packapunch_sign_wait|material|p7_zm_der2_vending_packapunch_sign_wait|xmodel|zmcore_packapunch|zbarrier|maps/zm/zm_parkour_nothing0.d3dbsp|col_map|zone_source/zm_parkour_nothing0.zone|csv
1552,material,mc/mtl_p7_zm_vending_packapunch_sign_wait,1163,0,|p7_zm_der2_vending_packapunch_sign_wait|xmodel|zmcore_packapunch|zbarrier|maps/zm/zm_parkour_nothing0.d3dbsp|col_map|zone_source/zm_parkour_nothing0.zone|csv
1553,xmodelmesh,p7_zm_der2_vending_packapunch_sign_wait_lod0a704097c,2456,0,|p7_zm_der2_vending_packapunch_sign_wait|xmodel|zmcore_packapunch|zbarrier|maps/zm/zm_parkour_nothing0.d3dbsp|col_map|zone_source/zm_parkour_nothing0.zone|csv
1554,xmodelmesh,p7_zm_der2_vending_packapunch_sign_wait_lod0a262e7d3,3424,0,|p7_zm_der2_vending_packapunch_sign_wait|xmodel|zmcore_packapunch|zbarrier|maps/zm/zm_parkour_nothing0.d3dbsp|col_map|zone_source/zm_parkour_nothing0.zone|csv
1555,xmodel,p7_zm_der2_vending_packapunch_sign_wait,1448,0,|zmcore_packapunch|zbarrier|maps/zm/zm_parkour_nothing0.d3dbsp|col_map|zone_source/zm_parkour_nothing0.zone|csv
1556,techset,mc/lit_decal_diffuse#e6142445,31,0,|mc/invisible|material|p7_zm_vending_packapunch_weapon|xmodel|zmcore_packapunch|zbarrier|maps/zm/zm_parkour_nothing0.d3dbsp|col_map|zone_source/zm_parkour_nothing0.zone|csv
1557,material,mc/invisible,873,0,|p7_zm_vending_packapunch_weapon|xmodel|zmcore_packapunch|zbarrier|maps/zm/zm_parkour_nothing0.d3dbsp|col_map|zone_source/zm_parkour_nothing0.zone|csv
1558,xmodelmesh,p7_zm_vending_packapunch_weapon_lod02b8eda8,1328,0,|p7_zm_vending_packapunch_weapon|xmodel|zmcore_packapunch|zbarrier|maps/zm/zm_parkour_nothing0.d3dbsp|col_map|zone_source/zm_parkour_nothing0.zone|csv
1559,xmodel,p7_zm_vending_packapunch_weapon,452,0,|zmcore_packapunch|zbarrier|maps/zm/zm_parkour_nothing0.d3dbsp|col_map|zone_source/zm_parkour_nothing0.zone|csv
1560,xanim,o_zombie_base_packapunch_poweron,518,0,|zmcore_packapunch|zbarrier|maps/zm/zm_parkour_nothing0.d3dbsp|col_map|zone_source/zm_parkour_nothing0.zone|csv
1561,xanim,o_zombie_base_packapunch_working_eject_gun,394,0,|zmcore_packapunch|zbarrier|maps/zm/zm_parkour_nothing0.d3dbsp|col_map|zone_source/zm_parkour_nothing0.zone|csv
1562,material,ei/gfx_light_ray_spread_streaks_em,100,0,|zombie/fx_packapunch_zmb|fx|o_zombie_base_packapunch_working_take_gun|xanim|zmcore_packapunch|zbarrier|maps/zm/zm_parkour_nothing0.d3dbsp|col_map|zone_source/zm_parkour_nothing0.zone|csv
1563,lightdescription,gfx_dlight_gen_omni_r25-72942508,33,0,|zombie/fx_packapunch_zmb|fx|o_zombie_base_packapunch_working_take_gun|xanim|zmcore_packapunch|zbarrier|maps/zm/zm_parkour_nothing0.d3dbsp|col_map|zone_source/zm_parkour_nothing0.zone|csv
1564,material,ei/gfx_fxt_light_glow_square_em,33,0,|zombie/fx_packapunch_zmb|fx|o_zombie_base_packapunch_working_take_gun|xanim|zmcore_packapunch|zbarrier|maps/zm/zm_parkour_nothing0.d3dbsp|col_map|zone_source/zm_parkour_nothing0.zone|csv
1565,material,ei/gfx_elec_arc_bolt_em,25,0,|zombie/fx_packapunch_zmb|fx|o_zombie_base_packapunch_working_take_gun|xanim|zmcore_packapunch|zbarrier|maps/zm/zm_parkour_nothing0.d3dbsp|col_map|zone_source/zm_parkour_nothing0.zone|csv
1566,material,ei/gfx_elec_arc_omni_em,25,0,|zombie/fx_packapunch_zmb|fx|o_zombie_base_packapunch_working_take_gun|xanim|zmcore_packapunch|zbarrier|maps/zm/zm_parkour_nothing0.d3dbsp|col_map|zone_source/zm_parkour_nothing0.zone|csv
1567,material,ei/gfx_elec_arc_shock_em,26,0,|zombie/fx_packapunch_zmb|fx|o_zombie_base_packapunch_working_take_gun|xanim|zmcore_packapunch|zbarrier|maps/zm/zm_parkour_nothing0.d3dbsp|col_map|zone_source/zm_parkour_nothing0.zone|csv
1568,material,ei/gfx_smk_whisp_anim_lit,27,0,|skye_efx/t6_efx/fx_t6_raygun_mark2_flesh_impact_up|fx|t6_raygun_mark2_up_entity_impactfx|entityfximpacts|t6_raygun_mark2_up_impactfx|impactsfxtable|t6_mauser_c96_up|weapon|zone_source/zm_parkour_nothing0.zone|csv
1569,fx,zombie/fx_packapunch_zmb,21415,0,|o_zombie_base_packapunch_working_take_gun|xanim|zmcore_packapunch|zbarrier|maps/zm/zm_parkour_nothing0.d3dbsp|col_map|zone_source/zm_parkour_nothing0.zone|csv
1570,xanim,o_zombie_base_packapunch_working_take_gun,396,0,|zmcore_packapunch|zbarrier|maps/zm/zm_parkour_nothing0.d3dbsp|col_map|zone_source/zm_parkour_nothing0.zone|csv
1571,xanim,o_zombie_base_packapunch_flag_down,232,0,|zmcore_packapunch|zbarrier|maps/zm/zm_parkour_nothing0.d3dbsp|col_map|zone_source/zm_parkour_nothing0.zone|csv
1572,xanim,o_zombie_base_packapunch_flag_up,304,0,|zmcore_packapunch|zbarrier|maps/zm/zm_parkour_nothing0.d3dbsp|col_map|zone_source/zm_parkour_nothing0.zone|csv
1573,xanim,o_zombie_base_packapunch_worldguns_ejected,460,0,|zmcore_packapunch|zbarrier|maps/zm/zm_parkour_nothing0.d3dbsp|col_map|zone_source/zm_parkour_nothing0.zone|csv
1574,xanim,o_zombie_base_packapunch_worldguns_taken,360,0,|zmcore_packapunch|zbarrier|maps/zm/zm_parkour_nothing0.d3dbsp|col_map|zone_source/zm_parkour_nothing0.zone|csv
1575,xanim,o_zombie_base_packapunch_working_loop,660,0,|zmcore_packapunch|zbarrier|maps/zm/zm_parkour_nothing0.d3dbsp|col_map|zone_source/zm_parkour_nothing0.zone|csv
1576,zbarrier,zmcore_packapunch,18,0,|maps/zm/zm_parkour_nothing0.d3dbsp|col_map|zone_source/zm_parkour_nothing0.zone|csv
1577,com_map,maps/zm/zm_parkour_nothing0.d3dbsp,140518,0,|maps/zm/zm_parkour_nothing0.d3dbsp|col_map|zone_source/zm_parkour_nothing0.zone|csv
1578,techset,mc/sky_hdr#e6142445,151036,0,|mc/mtl_skybox_default_black|material|skybox_default_black|xmodel|maps/zm/zm_parkour_nothing0.d3dbsp|gfx_map|zone_source/zm_parkour_nothing0.zone|csv
1579,image,skybox_default_black#8bb324b9,30,0,|mc/mtl_skybox_default_black|material|skybox_default_black|xmodel|maps/zm/zm_parkour_nothing0.d3dbsp|gfx_map|zone_source/zm_parkour_nothing0.zone|csv
1580,material,mc/mtl_skybox_default_black,658,0,|skybox_default_black|xmodel|maps/zm/zm_parkour_nothing0.d3dbsp|gfx_map|zone_source/zm_parkour_nothing0.zone|csv
1581,xmodel,skybox_default_black,92,0,|maps/zm/zm_parkour_nothing0.d3dbsp|gfx_map|zone_source/zm_parkour_nothing0.zone|csv
1582,image,pbr_night_starrynight_4_sky_override#8bb324b9,46,0,|mc/pbr_night_starrynight_4_sky_mtl_override|material|pbr_night_starrynight_4_skybox_override|xmodel|maps/zm/zm_parkour_nothing0.d3dbsp|gfx_map|zone_source/zm_parkour_nothing0.zone|csv
1583,material,mc/pbr_night_starrynight_4_sky_mtl_override,502,0,|pbr_night_starrynight_4_skybox_override|xmodel|maps/zm/zm_parkour_nothing0.d3dbsp|gfx_map|zone_source/zm_parkour_nothing0.zone|csv
1584,xmodel,pbr_night_starrynight_4_skybox_override,108,0,|maps/zm/zm_parkour_nothing0.d3dbsp|gfx_map|zone_source/zm_parkour_nothing0.zone|csv
1585,image,pbr_evening_2_sky_override#8bb324b9,36,0,|mc/pbr_evening_2_sky_mtl_override|material|pbr_evening_2_skybox_override|xmodel|maps/zm/zm_parkour_nothing0.d3dbsp|gfx_map|zone_source/zm_parkour_nothing0.zone|csv
1586,material,mc/pbr_evening_2_sky_mtl_override,496,0,|pbr_evening_2_skybox_override|xmodel|maps/zm/zm_parkour_nothing0.d3dbsp|gfx_map|zone_source/zm_parkour_nothing0.zone|csv
1587,xmodel,pbr_evening_2_skybox_override,100,0,|maps/zm/zm_parkour_nothing0.d3dbsp|gfx_map|zone_source/zm_parkour_nothing0.zone|csv
1588,techset,wc/lit#882572b8,521156,0,|wc/t7_wood_planks_damaged_teak|material|maps/zm/zm_parkour_nothing0.d3dbsp|gfx_map|zone_source/zm_parkour_nothing0.zone|csv
1589,image,i_t7_wood_varnished_clean_cherry_light_c,113,720896,|wc/t7_wood_varnished_clean_cherry_light|material|maps/zm/zm_parkour_nothing0.d3dbsp|gfx_map|zone_source/zm_parkour_nothing0.zone|csv
1590,material,wc/t7_wood_varnished_clean_cherry_light,1111,0,|maps/zm/zm_parkour_nothing0.d3dbsp|gfx_map|zone_source/zm_parkour_nothing0.zone|csv
1591,techset,wc/lit_emissive_scroll_transparent#882572b8,993964,0,|wc/mtl_t6_wpn_lmg_lsat_wall_chalk|material|maps/zm/zm_parkour_nothing0.d3dbsp|gfx_map|zone_source/zm_parkour_nothing0.zone|csv
1592,image,$camo_base_gloss,18,0,|mc/mtl_t6_attach_scanner_burn_pap|material|vm_t6_storm_psr_up|xmodel|t6_storm_psr_up|weapon|zone_source/zm_parkour_nothing0.zone|csv
1593,image,i_t6_wpn_shotty_olympia_wall_chalk_c,277,371416,|wc/mtl_t6_wpn_shotty_olympia_wall_chalk|material|maps/zm/zm_parkour_nothing0.d3dbsp|gfx_map|zone_source/zm_parkour_nothing0.zone|csv
1594,image,$camo_base_mask,17,0,|mc/mtl_t6_attach_scanner_burn_pap|material|vm_t6_storm_psr_up|xmodel|t6_storm_psr_up|weapon|zone_source/zm_parkour_nothing0.zone|csv
1595,image,$camo_base_normal,19,0,|mc/mtl_t6_attach_scanner_burn_pap|material|vm_t6_storm_psr_up|xmodel|t6_storm_psr_up|weapon|zone_source/zm_parkour_nothing0.zone|csv
1596,material,wc/mtl_t6_wpn_shotty_olympia_wall_chalk,1625,0,|maps/zm/zm_parkour_nothing0.d3dbsp|gfx_map|zone_source/zm_parkour_nothing0.zone|csv
1597,image,i_t7_zm_chalk_buy_bowie_c,250,742720,|wc/t7_zm_chalk_buy_bowie|material|maps/zm/zm_parkour_nothing0.d3dbsp|gfx_map|zone_source/zm_parkour_nothing0.zone|csv
1598,material,wc/t7_zm_chalk_buy_bowie,1030,0,|maps/zm/zm_parkour_nothing0.d3dbsp|gfx_map|zone_source/zm_parkour_nothing0.zone|csv
1599,image,i_t7_wood_planks_damaged_teak_n,272,1419936,|wc/t7_wood_planks_damaged_teak|material|maps/zm/zm_parkour_nothing0.d3dbsp|gfx_map|zone_source/zm_parkour_nothing0.zone|csv
1600,image,i_t7_wood_planks_damaged_teak_c,280,742728,|wc/t7_wood_planks_damaged_teak|material|maps/zm/zm_parkour_nothing0.d3dbsp|gfx_map|zone_source/zm_parkour_nothing0.zone|csv
1601,material,wc/t7_wood_planks_damaged_teak,824,0,|maps/zm/zm_parkour_nothing0.d3dbsp|gfx_map|zone_source/zm_parkour_nothing0.zone|csv
1602,techset,wc/shadowcaster#882572b8,9697,0,|wc/shadowcaster|material|maps/zm/zm_parkour_nothing0.d3dbsp|gfx_map|zone_source/zm_parkour_nothing0.zone|csv
1603,image,shadow,43775,0,|wc/shadowcaster|material|maps/zm/zm_parkour_nothing0.d3dbsp|gfx_map|zone_source/zm_parkour_nothing0.zone|csv
1604,material,wc/shadowcaster,1088,0,|maps/zm/zm_parkour_nothing0.d3dbsp|gfx_map|zone_source/zm_parkour_nothing0.zone|csv
1605,image,i_t6_wpn_smg_mp5_wall_chalk_c,134,720920,|wc/mtl_t6_wpn_smg_mp5_wall_chalk|material|maps/zm/zm_parkour_nothing0.d3dbsp|gfx_map|zone_source/zm_parkour_nothing0.zone|csv
1606,material,wc/mtl_t6_wpn_smg_mp5_wall_chalk,1034,0,|maps/zm/zm_parkour_nothing0.d3dbsp|gfx_map|zone_source/zm_parkour_nothing0.zone|csv
1607,image,i_t6_wpn_shotty_870mcs_wall_chalk_c,324,371392,|wc/mtl_t6_wpn_shotty_870mcs_wall_chalk|material|maps/zm/zm_parkour_nothing0.d3dbsp|gfx_map|zone_source/zm_parkour_nothing0.zone|csv
1608,material,wc/mtl_t6_wpn_shotty_870mcs_wall_chalk,1020,0,|maps/zm/zm_parkour_nothing0.d3dbsp|gfx_map|zone_source/zm_parkour_nothing0.zone|csv
1609,image,i_t6_wpn_ar_galil_wall_chalk_c,255,742720,|wc/mtl_t6_wpn_ar_galil_wall_chalk|material|maps/zm/zm_parkour_nothing0.d3dbsp|gfx_map|zone_source/zm_parkour_nothing0.zone|csv
1610,material,wc/mtl_t6_wpn_ar_galil_wall_chalk,1025,0,|maps/zm/zm_parkour_nothing0.d3dbsp|gfx_map|zone_source/zm_parkour_nothing0.zone|csv
1611,image,i_t6_wpn_lmg_hamr_wall_chalk_c,287,720896,|wc/mtl_t6_wpn_lmg_hamr_wall_chalk|material|maps/zm/zm_parkour_nothing0.d3dbsp|gfx_map|zone_source/zm_parkour_nothing0.zone|csv
1612,material,wc/mtl_t6_wpn_lmg_hamr_wall_chalk,1025,0,|maps/zm/zm_parkour_nothing0.d3dbsp|gfx_map|zone_source/zm_parkour_nothing0.zone|csv
1613,techset,wc/lit_advanced#882572b8,186393,0,|wc/testmap_white_240|material|maps/zm/zm_parkour_nothing0.d3dbsp|gfx_map|zone_source/zm_parkour_nothing0.zone|csv
1614,material,wc/testmap_white_240,1583,0,|maps/zm/zm_parkour_nothing0.d3dbsp|gfx_map|zone_source/zm_parkour_nothing0.zone|csv
1615,image,i_t6_wpn_lmg_lsat_wall_chalk_c,175,371392,|wc/mtl_t6_wpn_lmg_lsat_wall_chalk|material|maps/zm/zm_parkour_nothing0.d3dbsp|gfx_map|zone_source/zm_parkour_nothing0.zone|csv
1616,material,wc/mtl_t6_wpn_lmg_lsat_wall_chalk,1033,0,|maps/zm/zm_parkour_nothing0.d3dbsp|gfx_map|zone_source/zm_parkour_nothing0.zone|csv
1617,shadowTrees,maps/zm/zm_parkour_nothing0.d3dbsp,444,7529540,|maps/zm/zm_parkour_nothing0.d3dbsp|sunVolumes
1618,shadowTrees,maps/zm/zm_parkour_nothing0.d3dbsp,0,0,|maps/zm/zm_parkour_nothing0.d3dbsp|sunVolumes
1619,shadowTrees,maps/zm/zm_parkour_nothing0.d3dbsp,4512,0,|maps/zm/zm_parkour_nothing0.d3dbsp|sunVolumes
1620,shadowTrees,maps/zm/zm_parkour_nothing0.d3dbsp,176,2263064,|maps/zm/zm_parkour_nothing0.d3dbsp|sunVolumes
1621,sstMinMaxCPU,maps/zm/zm_parkour_nothing0.d3dbsp,4194288,0,|maps/zm/zm_parkour_nothing0.d3dbsp|sunVolumes
1622,image,sstMinMax_0_0,4194568,0,|maps/zm/zm_parkour_nothing0.d3dbsp|sunVolumes
1623,sstMinMaxCPU,maps/zm/zm_parkour_nothing0.d3dbsp,0,0,|maps/zm/zm_parkour_nothing0.d3dbsp|sunVolumes
1624,sstMinMaxCPU,maps/zm/zm_parkour_nothing0.d3dbsp,699048,0,|maps/zm/zm_parkour_nothing0.d3dbsp|sunVolumes
1625,image,sstMinMax_dummy,699068,0,|maps/zm/zm_parkour_nothing0.d3dbsp|sunVolumes
1626,sstMinMaxCPU,maps/zm/zm_parkour_nothing0.d3dbsp,1398096,0,|maps/zm/zm_parkour_nothing0.d3dbsp|sunVolumes
1627,image,sstMinMax_0_3,1398202,0,|maps/zm/zm_parkour_nothing0.d3dbsp|sunVolumes
1628,image,volume0_state0_reflection_probes_8bb324b9,42,0,|maps/zm/zm_parkour_nothing0.d3dbsp|reflectionProbes
1629,image,volume0_state2_reflection_probes_8bb324b9,42,0,|maps/zm/zm_parkour_nothing0.d3dbsp|reflectionProbes
1630,image,volume0_state3_reflection_probes_8bb324b9,42,0,|maps/zm/zm_parkour_nothing0.d3dbsp|reflectionProbes
1631,reflectionProbes,maps/zm/zm_parkour_nothing0.d3dbsp,20190,12598452,|maps/zm/zm_parkour_nothing0.d3dbsp|sunVolumes
1632,image,volume0_state0_probe_x_texture_8bb324b9,40,0,|maps/zm/zm_parkour_nothing0.d3dbsp|sunVolumes
1633,image,volume0_state0_probe_y_texture_8bb324b9,40,0,|maps/zm/zm_parkour_nothing0.d3dbsp|sunVolumes
1634,image,volume0_state0_probe_z_texture_8bb324b9,40,0,|maps/zm/zm_parkour_nothing0.d3dbsp|sunVolumes
1635,image,volume0_state2_probe_x_dummy_8bb324b9,38,0,|maps/zm/zm_parkour_nothing0.d3dbsp|sunVolumes
1636,image,volume0_state2_probe_y_dummy_8bb324b9,38,0,|maps/zm/zm_parkour_nothing0.d3dbsp|sunVolumes
1637,image,volume0_state2_probe_z_dummy_8bb324b9,38,0,|maps/zm/zm_parkour_nothing0.d3dbsp|sunVolumes
1638,image,volume0_state3_probe_x_texture_8bb324b9,40,0,|maps/zm/zm_parkour_nothing0.d3dbsp|sunVolumes
1639,image,volume0_state3_probe_y_texture_8bb324b9,40,0,|maps/zm/zm_parkour_nothing0.d3dbsp|sunVolumes
1640,image,volume0_state3_probe_z_texture_8bb324b9,40,0,|maps/zm/zm_parkour_nothing0.d3dbsp|sunVolumes
1641,skyBox,maps/zm/zm_parkour_nothing0.d3dbsp,72,268488704,|maps/zm/zm_parkour_nothing0.d3dbsp|sunVolumes
1642,skyBox,maps/zm/zm_parkour_nothing0.d3dbsp,0,0,|maps/zm/zm_parkour_nothing0.d3dbsp|sunVolumes
1643,skyBox,maps/zm/zm_parkour_nothing0.d3dbsp,72,384,|maps/zm/zm_parkour_nothing0.d3dbsp|sunVolumes
1644,skyBox,maps/zm/zm_parkour_nothing0.d3dbsp,72,268500608,|maps/zm/zm_parkour_nothing0.d3dbsp|sunVolumes
1645,shadowTrees,maps/zm/zm_parkour_nothing0.d3dbsp,0,0,|maps/zm/zm_parkour_nothing0.d3dbsp|sunVolumes
1646,shadowTrees,maps/zm/zm_parkour_nothing0.d3dbsp,0,0,|maps/zm/zm_parkour_nothing0.d3dbsp|sunVolumes
1647,shadowTrees,maps/zm/zm_parkour_nothing0.d3dbsp,0,0,|maps/zm/zm_parkour_nothing0.d3dbsp|sunVolumes
1648,shadowTrees,maps/zm/zm_parkour_nothing0.d3dbsp,0,0,|maps/zm/zm_parkour_nothing0.d3dbsp|sunVolumes
1649,sstMinMaxCPU,maps/zm/zm_parkour_nothing0.d3dbsp,0,0,|maps/zm/zm_parkour_nothing0.d3dbsp|sunVolumes
1650,sstMinMaxCPU,maps/zm/zm_parkour_nothing0.d3dbsp,0,0,|maps/zm/zm_parkour_nothing0.d3dbsp|sunVolumes
1651,sstMinMaxCPU,maps/zm/zm_parkour_nothing0.d3dbsp,0,0,|maps/zm/zm_parkour_nothing0.d3dbsp|sunVolumes
1652,sstMinMaxCPU,maps/zm/zm_parkour_nothing0.d3dbsp,0,0,|maps/zm/zm_parkour_nothing0.d3dbsp|sunVolumes
1653,image,volume1_state0_reflection_probes_8bb324b9,42,0,|maps/zm/zm_parkour_nothing0.d3dbsp|reflectionProbes
1654,image,volume1_state1_reflection_probes_8bb324b9,42,0,|maps/zm/zm_parkour_nothing0.d3dbsp|reflectionProbes
1655,image,volume1_state2_reflection_probes_8bb324b9,42,0,|maps/zm/zm_parkour_nothing0.d3dbsp|reflectionProbes
1656,image,volume1_state3_reflection_probes_8bb324b9,42,0,|maps/zm/zm_parkour_nothing0.d3dbsp|reflectionProbes
1657,reflectionProbes,maps/zm/zm_parkour_nothing0.d3dbsp,2912,4194240,|maps/zm/zm_parkour_nothing0.d3dbsp|sunVolumes
1658,image,dummy_probe_X_texture0_8bb324b9,32,0,|maps/zm/zm_parkour_nothing0.d3dbsp|sunVolumes
1659,image,dummy_probe_Y_texture0_8bb324b9,32,0,|maps/zm/zm_parkour_nothing0.d3dbsp|sunVolumes
1660,image,dummy_probe_Z_texture0_8bb324b9,32,0,|maps/zm/zm_parkour_nothing0.d3dbsp|sunVolumes
1661,image,dummy_probe_X_texture1_8bb324b9,32,0,|maps/zm/zm_parkour_nothing0.d3dbsp|sunVolumes
1662,image,dummy_probe_Y_texture1_8bb324b9,32,0,|maps/zm/zm_parkour_nothing0.d3dbsp|sunVolumes
1663,image,dummy_probe_Z_texture1_8bb324b9,32,0,|maps/zm/zm_parkour_nothing0.d3dbsp|sunVolumes
1664,image,dummy_probe_X_texture2_8bb324b9,32,0,|maps/zm/zm_parkour_nothing0.d3dbsp|sunVolumes
1665,image,dummy_probe_Y_texture2_8bb324b9,32,0,|maps/zm/zm_parkour_nothing0.d3dbsp|sunVolumes
1666,image,dummy_probe_Z_texture2_8bb324b9,32,0,|maps/zm/zm_parkour_nothing0.d3dbsp|sunVolumes
1667,image,dummy_probe_X_texture3_8bb324b9,32,0,|maps/zm/zm_parkour_nothing0.d3dbsp|sunVolumes
1668,image,dummy_probe_Y_texture3_8bb324b9,32,0,|maps/zm/zm_parkour_nothing0.d3dbsp|sunVolumes
1669,image,dummy_probe_Z_texture3_8bb324b9,32,0,|maps/zm/zm_parkour_nothing0.d3dbsp|sunVolumes
1670,skyBox,maps/zm/zm_parkour_nothing0.d3dbsp,0,0,|maps/zm/zm_parkour_nothing0.d3dbsp|sunVolumes
1671,skyBox,maps/zm/zm_parkour_nothing0.d3dbsp,0,0,|maps/zm/zm_parkour_nothing0.d3dbsp|sunVolumes
1672,skyBox,maps/zm/zm_parkour_nothing0.d3dbsp,0,0,|maps/zm/zm_parkour_nothing0.d3dbsp|sunVolumes
1673,skyBox,maps/zm/zm_parkour_nothing0.d3dbsp,0,0,|maps/zm/zm_parkour_nothing0.d3dbsp|sunVolumes
1674,sunVolumes,maps/zm/zm_parkour_nothing0.d3dbsp,201696,2044256,|maps/zm/zm_parkour_nothing0.d3dbsp|gfx_map|zone_source/zm_parkour_nothing0.zone|csv
1675,image,*cookie_array,2796466,0,|maps/zm/zm_parkour_nothing0.d3dbsp|cookieArray
1676,cookieArray,maps/zm/zm_parkour_nothing0.d3dbsp,12,0,|maps/zm/zm_parkour_nothing0.d3dbsp|gfx_map|zone_source/zm_parkour_nothing0.zone|csv
1677,vertexData0,maps/zm/zm_parkour_nothing0.d3dbsp,97470,0,|maps/zm/zm_parkour_nothing0.d3dbsp|gfx_map|zone_source/zm_parkour_nothing0.zone|csv
1678,vertexData1,maps/zm/zm_parkour_nothing0.d3dbsp,162328,0,|maps/zm/zm_parkour_nothing0.d3dbsp|gfx_map|zone_source/zm_parkour_nothing0.zone|csv
1679,indices,maps/zm/zm_parkour_nothing0.d3dbsp,27186,0,|maps/zm/zm_parkour_nothing0.d3dbsp|gfx_map|zone_source/zm_parkour_nothing0.zone|csv
1680,image,vdReveal,98,0,|maps/zm/zm_parkour_nothing0.d3dbsp|gfx_map|zone_source/zm_parkour_nothing0.zone|csv
1681,gfx_map,maps/zm/zm_parkour_nothing0.d3dbsp,311434,0,|zone_source/zm_parkour_nothing0.zone|csv
1682,game_map,maps/zm/zm_parkour_nothing0.d3dbsp,30751,0,|maps/zm/zm_parkour_nothing0.d3dbsp|col_map|zone_source/zm_parkour_nothing0.zone|csv
1683,navmesh,maps/zm/zm_parkour_nothing0_navmesh,50776,0,|maps/zm/zm_parkour_nothing0.d3dbsp|col_map|zone_source/zm_parkour_nothing0.zone|csv
1684,col_map,maps/zm/zm_parkour_nothing0.d3dbsp,456352,0,|zone_source/zm_parkour_nothing0.zone|csv
1685,sound,zm_parkour_nothing0.all,207300,0,||assetlist
1686,scriptparsetree,scripts/zm/zm_parkour_nothing0.gsc,6149,0,|zone_source/zm_parkour_nothing0.zone|csv
1687,scriptparsetree,scripts/zm/zm_parkour_nothing0.csc,1320,0,|zone_source/zm_parkour_nothing0.zone|csv
1688,lightdescription,fx_light_headlight_generic1413278251,37,0,|lighthouse_beam|fx|zone_source/zm_parkour_nothing0.zone|csv
1689,fx,lighthouse_beam,786,0,|zone_source/zm_parkour_nothing0.zone|csv
1690,stringtable,gamedata/weapons/zm/zm_levelcommon_weapons.csv,45946,0,|zone_source/zm_parkour_nothing0.zone|csv
1691,techset,mc/lit_weapon#e6142445,24,0,|mc/mtl_t6_wpn_sniper_xpr50_scope_camo2|material|t6_camo_xpr50_table|weaponcamo|t6_xpr50_up|weapon|zone_source/zm_parkour_nothing0.zone|csv
1692,image,i_t6_wpn_ar_ak47_camo1_o,65,174840,|mc/mtl_t6_wpn_ar_ak47_camo1|material|t6_camo_ak47_table|weaponcamo|t6_ak47_up|weapon|zone_source/zm_parkour_nothing0.zone|csv
1693,image,i_t6_wpn_ar_ak47_camo1_n,289,1419960,|mc/mtl_t6_wpn_ar_ak47_camo1|material|t6_camo_ak47_table|weaponcamo|t6_ak47_up|weapon|zone_source/zm_parkour_nothing0.zone|csv
1694,image,i_t6_wpn_ar_ak47_camo1_g,273,742728,|mc/mtl_t6_wpn_ar_ak47_camo1|material|t6_camo_ak47_table|weaponcamo|t6_ak47_up|weapon|zone_source/zm_parkour_nothing0.zone|csv
1695,image,i_t6_wpn_ar_ak47_camo1_r,281,720896,|t6_camo_ak47_table|weaponcamo|t6_ak47_up|weapon|zone_source/zm_parkour_nothing0.zone|csv
1696,image,i_t6_wpn_ar_ak47_camo1_c,289,1419960,|mc/mtl_t6_wpn_ar_ak47_camo1|material|t6_camo_ak47_table|weaponcamo|t6_ak47_up|weapon|zone_source/zm_parkour_nothing0.zone|csv
1697,image,$black_multimask,18,0,|mc/mtl_t6_wpn_sniper_xpr50_scope_camo2|material|t6_camo_xpr50_table|weaponcamo|t6_xpr50_up|weapon|zone_source/zm_parkour_nothing0.zone|csv
1698,image,i_t6_wpn_ar_ak47_camo1_s,273,742728,|mc/mtl_t6_wpn_ar_ak47_camo1|material|t6_camo_ak47_table|weaponcamo|t6_ak47_up|weapon|zone_source/zm_parkour_nothing0.zone|csv
1699,material,mc/mtl_t6_wpn_ar_ak47_camo1,1605,0,|t6_camo_ak47_table|weaponcamo|t6_ak47_up|weapon|zone_source/zm_parkour_nothing0.zone|csv
1700,xmodelmesh,vm_t6_ak47882188c,432,108600,|vm_t6_ak47|xmodel|t6_ak47_up|weapon|zone_source/zm_parkour_nothing0.zone|csv
1701,xmodel,vm_t6_ak47,592,0,|t6_ak47_up|weapon|zone_source/zm_parkour_nothing0.zone|csv
1702,fx,weapon/fx_muz_md_rifle_1p,27,0,|t6_xpr50|weapon|zone_source/zm_parkour_nothing0.zone|csv
1703,fx,weapon/fx_muz_md_rifle_3p,27,0,|t6_xpr50|weapon|zone_source/zm_parkour_nothing0.zone|csv
1704,surfacesounddef,rifle_melee_surface,21,0,|smg|sharedweaponsounds|t6_xpr50_up|weapon|zone_source/zm_parkour_nothing0.zone|csv
1705,surfacesounddef,rifle_melee_surface_plr,25,0,|smg|sharedweaponsounds|t6_xpr50_up|weapon|zone_source/zm_parkour_nothing0.zone|csv
1706,entitysoundimpacts,entity_rifle_swipe_npc,24,0,|smg|sharedweaponsounds|t6_xpr50_up|weapon|zone_source/zm_parkour_nothing0.zone|csv
1707,entitysoundimpacts,entity_rifle_swipe_victim,27,0,|smg|sharedweaponsounds|t6_xpr50_up|weapon|zone_source/zm_parkour_nothing0.zone|csv
1708,entitysoundimpacts,entity_rifle_swipe_player,27,0,|smg|sharedweaponsounds|t6_xpr50_up|weapon|zone_source/zm_parkour_nothing0.zone|csv
1709,entitysoundimpacts,entity_rifle_npc,18,0,|smg|sharedweaponsounds|t6_xpr50_up|weapon|zone_source/zm_parkour_nothing0.zone|csv
1710,entitysoundimpacts,entity_rifle_victim,21,0,|smg|sharedweaponsounds|t6_xpr50_up|weapon|zone_source/zm_parkour_nothing0.zone|csv
1711,entitysoundimpacts,entity_rifle_player,21,0,|smg|sharedweaponsounds|t6_xpr50_up|weapon|zone_source/zm_parkour_nothing0.zone|csv
1712,sharedweaponsounds,smg,5,0,|t6_xpr50_up|weapon|zone_source/zm_parkour_nothing0.zone|csv
1713,image,i_wpn_h1_spent_shells_o,280,219080,|mc/mtl_wpn_h1_spent_shells|material|wpn_h1_shell_57x28_npc|xmodel|_scobalula/shellejects/mwr/h1_shell_eject_57x28_rest|fx|_scobalula/shellejects/mwr/h1_shell_eject_57x28|fx|t6_pdw57_up|weapon|zone_source/zm_parkour_nothing0.zone|csv
1714,image,i_wpn_h1_spent_shells_n,288,1419960,|mc/mtl_wpn_h1_spent_shells|material|wpn_h1_shell_57x28_npc|xmodel|_scobalula/shellejects/mwr/h1_shell_eject_57x28_rest|fx|_scobalula/shellejects/mwr/h1_shell_eject_57x28|fx|t6_pdw57_up|weapon|zone_source/zm_parkour_nothing0.zone|csv
1715,image,i_wpn_h1_spent_shells_g,272,742728,|mc/mtl_wpn_h1_spent_shells|material|wpn_h1_shell_57x28_npc|xmodel|_scobalula/shellejects/mwr/h1_shell_eject_57x28_rest|fx|_scobalula/shellejects/mwr/h1_shell_eject_57x28|fx|t6_pdw57_up|weapon|zone_source/zm_parkour_nothing0.zone|csv
1716,image,i_wpn_h1_spent_shells_c,288,1419960,|mc/mtl_wpn_h1_spent_shells|material|wpn_h1_shell_57x28_npc|xmodel|_scobalula/shellejects/mwr/h1_shell_eject_57x28_rest|fx|_scobalula/shellejects/mwr/h1_shell_eject_57x28|fx|t6_pdw57_up|weapon|zone_source/zm_parkour_nothing0.zone|csv
1717,image,i_wpn_h1_spent_shells_s,272,742728,|mc/mtl_wpn_h1_spent_shells|material|wpn_h1_shell_57x28_npc|xmodel|_scobalula/shellejects/mwr/h1_shell_eject_57x28_rest|fx|_scobalula/shellejects/mwr/h1_shell_eject_57x28|fx|t6_pdw57_up|weapon|zone_source/zm_parkour_nothing0.zone|csv
1718,material,mc/mtl_wpn_h1_spent_shells,1125,0,|wpn_h1_shell_57x28_npc|xmodel|_scobalula/shellejects/mwr/h1_shell_eject_57x28_rest|fx|_scobalula/shellejects/mwr/h1_shell_eject_57x28|fx|t6_pdw57_up|weapon|zone_source/zm_parkour_nothing0.zone|csv
1719,xmodelmesh,wpn_h1_shell_762x39_npc7ed38bc2,224,4760,|wpn_h1_shell_762x39_npc|xmodel|_scobalula/shellejects/mwr/h1_shell_eject_762x39_rest|fx|_scobalula/shellejects/mwr/h1_shell_eject_762x39|fx|t6_ak47_up|weapon|zone_source/zm_parkour_nothing0.zone|csv
1720,xmodel,wpn_h1_shell_762x39_npc,152,0,|_scobalula/shellejects/mwr/h1_shell_eject_762x39_rest|fx|_scobalula/shellejects/mwr/h1_shell_eject_762x39|fx|t6_ak47_up|weapon|zone_source/zm_parkour_nothing0.zone|csv
1721,fx,_scobalula/shellejects/mwr/h1_shell_eject_762x39_rest,2456,0,|_scobalula/shellejects/mwr/h1_shell_eject_762x39|fx|t6_ak47_up|weapon|zone_source/zm_parkour_nothing0.zone|csv
1722,fx,_scobalula/shellejects/mwr/h1_shell_eject_762x39,8512,0,|t6_ak47_up|weapon|zone_source/zm_parkour_nothing0.zone|csv
1723,image,i_t6_attach_mag_ak_o,277,191848,|mc/mtl_t6_attach_mag_ak|material|t6_camo_ak74u_table|weaponcamo|t6_ak74u_up|weapon|zone_source/zm_parkour_nothing0.zone|csv
1724,image,i_t6_attach_mag_ak_n,285,371384,|mc/mtl_t6_attach_mag_ak|material|t6_camo_ak74u_table|weaponcamo|t6_ak74u_up|weapon|zone_source/zm_parkour_nothing0.zone|csv
1725,image,i_t6_attach_mag_ak_g,269,218440,|mc/mtl_t6_attach_mag_ak|material|t6_camo_ak74u_table|weaponcamo|t6_ak74u_up|weapon|zone_source/zm_parkour_nothing0.zone|csv
1726,image,i_t6_attach_mag_ak_r,277,196608,|t6_camo_ak74u_table|weaponcamo|t6_ak74u_up|weapon|zone_source/zm_parkour_nothing0.zone|csv
1727,image,i_t6_attach_mag_ak_c,285,371384,|mc/mtl_t6_attach_mag_ak|material|t6_camo_ak74u_table|weaponcamo|t6_ak74u_up|weapon|zone_source/zm_parkour_nothing0.zone|csv
1728,image,i_t6_attach_mag_ak_s,269,218440,|mc/mtl_t6_attach_mag_ak|material|t6_camo_ak74u_table|weaponcamo|t6_ak74u_up|weapon|zone_source/zm_parkour_nothing0.zone|csv
1729,material,mc/mtl_t6_attach_mag_ak,1122,0,|t6_camo_ak74u_table|weaponcamo|t6_ak74u_up|weapon|zone_source/zm_parkour_nothing0.zone|csv
1730,xmodelmesh,wm_t6_ak472ce999f5,448,55224,|wm_t6_ak47|xmodel|t6_ak47_up|weapon|zone_source/zm_parkour_nothing0.zone|csv
1731,xmodel,wm_t6_ak47,576,0,|t6_ak47_up|weapon|zone_source/zm_parkour_nothing0.zone|csv
1732,image,i_t6_attach_bullet_camo_n,290,119552,|mc/mtl_t6_attach_bullet_camo|material|vm_t6_xpr50_mag|xmodel|t6_xpr50_up|weapon|zone_source/zm_parkour_nothing0.zone|csv
1733,image,i_t6_attach_bullet_camo_g,274,87368,|mc/mtl_t6_attach_bullet_camo|material|vm_t6_xpr50_mag|xmodel|t6_xpr50_up|weapon|zone_source/zm_parkour_nothing0.zone|csv
1734,image,i_t6_attach_bullet_camo_c,290,109240,|mc/mtl_t6_attach_bullet_camo|material|vm_t6_xpr50_mag|xmodel|t6_xpr50_up|weapon|zone_source/zm_parkour_nothing0.zone|csv
1735,image,i_t6_attach_bullet_camo_s,274,87368,|mc/mtl_t6_attach_bullet_camo|material|vm_t6_xpr50_mag|xmodel|t6_xpr50_up|weapon|zone_source/zm_parkour_nothing0.zone|csv
1736,material,mc/mtl_t6_attach_bullet_camo,1128,0,|vm_t6_xpr50_mag|xmodel|t6_xpr50_up|weapon|zone_source/zm_parkour_nothing0.zone|csv
1737,xmodelmesh,vm_t6_ak_mag516a7114,328,16344,|vm_t6_ak_mag|xmodel|t6_ak74u_up|weapon|zone_source/zm_parkour_nothing0.zone|csv
1738,xmodel,vm_t6_ak_mag,248,0,|t6_ak74u_up|weapon|zone_source/zm_parkour_nothing0.zone|csv
1739,rumble,smg_fire,10,0,|t6_xpr50_up|weapon|zone_source/zm_parkour_nothing0.zone|csv
1740,techset,el/effect_lit_emissive_blend_nocull#3236dcd6,46,0,|el/gfx_green_tracer|material|skye_efx/t6_efx/fx_t6_raygun_mark2_tracer_up|fx|t6_mauser_c96_up|weapon|zone_source/zm_parkour_nothing0.zone|csv
1741,material,el/gfx_tracer,15,0,|smg|tracer|t6_xpr50_up|weapon|zone_source/zm_parkour_nothing0.zone|csv
1742,tracer,smg,0,0,|t6_xpr50_up|weapon|zone_source/zm_parkour_nothing0.zone|csv
1743,material,el/gfx_tracer_enemy,21,0,|smg_enemy|tracer|t6_xpr50_up|weapon|zone_source/zm_parkour_nothing0.zone|csv
1744,tracer,smg_enemy,11,0,|t6_xpr50_up|weapon|zone_source/zm_parkour_nothing0.zone|csv
1745,techset,el/effect_lit_blend_nodepthwrite#3236dcd6,43,0,|el/gfx_smk_trail_billow_lit|material|smg_uw|tracer|t6_xpr50_up|weapon|zone_source/zm_parkour_nothing0.zone|csv
1746,material,el/gfx_smk_trail_billow_lit,29,0,|smg_uw|tracer|t6_xpr50_up|weapon|zone_source/zm_parkour_nothing0.zone|csv
1747,tracer,smg_uw,8,0,|t6_xpr50_up|weapon|zone_source/zm_parkour_nothing0.zone|csv
1748,material,ei/gfx_debris_clumps_lit,26,0,|impacts/fx_bul_impact_sand_lg|fx|surface_exit_bullet_small|surfacefxtable|bullet_small_exit|impactsfxtable|t6_xpr50_up|weapon|zone_source/zm_parkour_nothing0.zone|csv
1749,material,ei/gfx_gib_concrete_02_lit,28,0,|impacts/fx_bul_impact_gravel_uw_lg|fx|impacts/fx_bul_impact_gravel_lg|fx|surface_exit_bullet_small|surfacefxtable|bullet_small_exit|impactsfxtable|t6_xpr50_up|weapon|zone_source/zm_parkour_nothing0.zone|csv
1750,material,ei/gfx_gib_concrete_01_lit,28,0,|impacts/fx_bul_impact_gravel_uw_lg|fx|impacts/fx_bul_impact_gravel_lg|fx|surface_exit_bullet_small|surfacefxtable|bullet_small_exit|impactsfxtable|t6_xpr50_up|weapon|zone_source/zm_parkour_nothing0.zone|csv
1751,material,ei/gfx_smk_billow_whisp_anim_lit,34,0,|weapon/fx_muz_sm_gas_flash_3p|fx|weapon/fx_muz_sm_pistol_3p|fx|t6_vector_k10|weapon|zone_source/zm_parkour_nothing0.zone|csv
1752,material,ei/gfx_smk_tendril_1_lit,26,0,|impacts/fx_bul_impact_boss_body_fatal_exit|fx|entity_exit_bullet_small|entityfximpacts|bullet_small_exit|impactsfxtable|t6_xpr50_up|weapon|zone_source/zm_parkour_nothing0.zone|csv
1753,material,ei/gfx_gas_blur_core_thick_em,31,0,|weapon/fx_muz_md_4arc_mb|fx|weapon/fx_muz_sm_pistol_3p|fx|t6_vector_k10|weapon|zone_source/zm_parkour_nothing0.zone|csv
1754,material,gfx_decal_bullet_wood_02,26,0,|impacts/fx_bul_impact_wood_uw_lg|fx|impacts/fx_bul_impact_wood_lg|fx|surface_exit_bullet_small|surfacefxtable|bullet_small_exit|impactsfxtable|t6_xpr50_up|weapon|zone_source/zm_parkour_nothing0.zone|csv
1755,material,vd/gfx_decal_bullet_wood_02,29,0,|impacts/fx_bul_impact_wood_uw_lg|fx|impacts/fx_bul_impact_wood_lg|fx|surface_exit_bullet_small|surfacefxtable|bullet_small_exit|impactsfxtable|t6_xpr50_up|weapon|zone_source/zm_parkour_nothing0.zone|csv
1756,material,vdd/gfx_decal_bullet_wood_02,30,0,|impacts/fx_bul_impact_wood_uw_lg|fx|impacts/fx_bul_impact_wood_lg|fx|surface_exit_bullet_small|surfacefxtable|bullet_small_exit|impactsfxtable|t6_xpr50_up|weapon|zone_source/zm_parkour_nothing0.zone|csv
1757,material,gfx_decal_bullet_wood_03,26,0,|impacts/fx_bul_impact_wood_uw_lg|fx|impacts/fx_bul_impact_wood_lg|fx|surface_exit_bullet_small|surfacefxtable|bullet_small_exit|impactsfxtable|t6_xpr50_up|weapon|zone_source/zm_parkour_nothing0.zone|csv
1758,material,vd/gfx_decal_bullet_wood_03,29,0,|impacts/fx_bul_impact_wood_uw_lg|fx|impacts/fx_bul_impact_wood_lg|fx|surface_exit_bullet_small|surfacefxtable|bullet_small_exit|impactsfxtable|t6_xpr50_up|weapon|zone_source/zm_parkour_nothing0.zone|csv
1759,material,vdd/gfx_decal_bullet_wood_03,30,0,|impacts/fx_bul_impact_wood_uw_lg|fx|impacts/fx_bul_impact_wood_lg|fx|surface_exit_bullet_small|surfacefxtable|bullet_small_exit|impactsfxtable|t6_xpr50_up|weapon|zone_source/zm_parkour_nothing0.zone|csv
1760,fx,impacts/fx_bul_impact_default_uw_sm,37,0,|impacts/fx_bul_impact_default_sm|fx|impacts/fx_bul_impact_pwr_armor_lg|fx|entity_enter_bullet_small|entityfximpacts|bullet_small_enter|impactsfxtable|t6_xpr50_up|weapon|zone_source/zm_parkour_nothing0.zone|csv
1761,fx,impacts/fx_bul_impact_default_sm,34,0,|impacts/fx_bul_impact_pwr_armor_lg|fx|entity_enter_bullet_small|entityfximpacts|bullet_small_enter|impactsfxtable|t6_xpr50_up|weapon|zone_source/zm_parkour_nothing0.zone|csv
1762,material,ei/gfx_debris_embers_em_i128,30,0,|impacts/fx_bul_impact_wood_lg|fx|surface_exit_bullet_small|surfacefxtable|bullet_small_exit|impactsfxtable|t6_xpr50_up|weapon|zone_source/zm_parkour_nothing0.zone|csv
1763,material,gfx_decal_bullet_wood_01,26,0,|impacts/fx_bul_impact_wood_uw_lg|fx|impacts/fx_bul_impact_wood_lg|fx|surface_exit_bullet_small|surfacefxtable|bullet_small_exit|impactsfxtable|t6_xpr50_up|weapon|zone_source/zm_parkour_nothing0.zone|csv
1764,material,vd/gfx_decal_bullet_wood_01,29,0,|impacts/fx_bul_impact_wood_uw_lg|fx|impacts/fx_bul_impact_wood_lg|fx|surface_exit_bullet_small|surfacefxtable|bullet_small_exit|impactsfxtable|t6_xpr50_up|weapon|zone_source/zm_parkour_nothing0.zone|csv
1765,material,vdd/gfx_decal_bullet_wood_01,30,0,|impacts/fx_bul_impact_wood_uw_lg|fx|impacts/fx_bul_impact_wood_lg|fx|surface_exit_bullet_small|surfacefxtable|bullet_small_exit|impactsfxtable|t6_xpr50_up|weapon|zone_source/zm_parkour_nothing0.zone|csv
1766,material,ei/gfx_fire_flame_base_1_anim_em,34,0,|impacts/fx_bul_impact_concrete_lg|fx|surface_exit_bullet_small|surfacefxtable|bullet_small_exit|impactsfxtable|t6_xpr50_up|weapon|zone_source/zm_parkour_nothing0.zone|csv
1767,material,ei/gfx_gib_wood_01_lit,24,0,|impacts/fx_bul_impact_wood_uw_lg|fx|impacts/fx_bul_impact_wood_lg|fx|surface_exit_bullet_small|surfacefxtable|bullet_small_exit|impactsfxtable|t6_xpr50_up|weapon|zone_source/zm_parkour_nothing0.zone|csv
1768,material,mc/mtl_p7_debris_wood_splinter_small,38,0,|p7_fxp_debris_wood_splinter_01|xmodel|impacts/fx_bul_impact_wood_lg|fx|surface_exit_bullet_small|surfacefxtable|bullet_small_exit|impactsfxtable|t6_xpr50_up|weapon|zone_source/zm_parkour_nothing0.zone|csv
1769,xmodel,p7_fxp_debris_wood_splinter_01,32,0,|impacts/fx_bul_impact_wood_lg|fx|surface_exit_bullet_small|surfacefxtable|bullet_small_exit|impactsfxtable|t6_xpr50_up|weapon|zone_source/zm_parkour_nothing0.zone|csv
1770,material,mc/mtl_p7_debris_wood_splinter_med,36,0,|p7_fxp_debris_wood_splinter_02|xmodel|impacts/fx_bul_impact_wood_lg|fx|surface_exit_bullet_small|surfacefxtable|bullet_small_exit|impactsfxtable|t6_xpr50_up|weapon|zone_source/zm_parkour_nothing0.zone|csv
1771,xmodel,p7_fxp_debris_wood_splinter_02,32,0,|impacts/fx_bul_impact_wood_lg|fx|surface_exit_bullet_small|surfacefxtable|bullet_small_exit|impactsfxtable|t6_xpr50_up|weapon|zone_source/zm_parkour_nothing0.zone|csv
1772,material,mc/mtl_p7_debris_wood_splinter_large,38,0,|p7_fxp_debris_wood_splinter_03|xmodel|impacts/fx_bul_impact_wood_uw_lg|fx|impacts/fx_bul_impact_wood_lg|fx|surface_exit_bullet_small|surfacefxtable|bullet_small_exit|impactsfxtable|t6_xpr50_up|weapon|zone_source/zm_parkour_nothing0.zone|csv
1773,xmodel,p7_fxp_debris_wood_splinter_03,32,0,|impacts/fx_bul_impact_wood_uw_lg|fx|impacts/fx_bul_impact_wood_lg|fx|surface_exit_bullet_small|surfacefxtable|bullet_small_exit|impactsfxtable|t6_xpr50_up|weapon|zone_source/zm_parkour_nothing0.zone|csv
1774,material,ei/gfx_water_splash_low_anim_lit,34,0,|impacts/fx_bul_impact_gravel_uw_lg|fx|impacts/fx_bul_impact_gravel_lg|fx|surface_exit_bullet_small|surfacefxtable|bullet_small_exit|impactsfxtable|t6_xpr50_up|weapon|zone_source/zm_parkour_nothing0.zone|csv
1775,material,ei/gfx_water_stream_anim_lit,30,0,|impacts/fx_bul_impact_gravel_uw_lg|fx|impacts/fx_bul_impact_gravel_lg|fx|surface_exit_bullet_small|surfacefxtable|bullet_small_exit|impactsfxtable|t6_xpr50_up|weapon|zone_source/zm_parkour_nothing0.zone|csv
1776,fx,impacts/fx_bul_impact_wood_uw_sm,34,0,|impacts/fx_bul_impact_wood_sm|fx|surface_enter_bullet_small|surfacefxtable|bullet_small_enter|impactsfxtable|t6_xpr50_up|weapon|zone_source/zm_parkour_nothing0.zone|csv
1777,fx,impacts/fx_bul_impact_wood_sm,31,0,|surface_enter_bullet_small|surfacefxtable|bullet_small_enter|impactsfxtable|t6_xpr50_up|weapon|zone_source/zm_parkour_nothing0.zone|csv
1778,material,gfx_decal_bullet_concrete_01,30,0,|impacts/fx_bul_impact_concrete_uw_lg|fx|impacts/fx_bul_impact_concrete_lg|fx|surface_exit_bullet_small|surfacefxtable|bullet_small_exit|impactsfxtable|t6_xpr50_up|weapon|zone_source/zm_parkour_nothing0.zone|csv
1779,material,vd/gfx_decal_bullet_concrete_01,33,0,|impacts/fx_bul_impact_concrete_uw_lg|fx|impacts/fx_bul_impact_concrete_lg|fx|surface_exit_bullet_small|surfacefxtable|bullet_small_exit|impactsfxtable|t6_xpr50_up|weapon|zone_source/zm_parkour_nothing0.zone|csv
1780,material,vdd/gfx_decal_bullet_concrete_01,34,0,|impacts/fx_bul_impact_concrete_uw_lg|fx|impacts/fx_bul_impact_concrete_lg|fx|surface_exit_bullet_small|surfacefxtable|bullet_small_exit|impactsfxtable|t6_xpr50_up|weapon|zone_source/zm_parkour_nothing0.zone|csv
1781,material,gfx_decal_bullet_concrete_02,30,0,|impacts/fx_bul_impact_concrete_uw_lg|fx|impacts/fx_bul_impact_concrete_lg|fx|surface_exit_bullet_small|surfacefxtable|bullet_small_exit|impactsfxtable|t6_xpr50_up|weapon|zone_source/zm_parkour_nothing0.zone|csv
1782,material,vd/gfx_decal_bullet_concrete_02,33,0,|impacts/fx_bul_impact_concrete_uw_lg|fx|impacts/fx_bul_impact_concrete_lg|fx|surface_exit_bullet_small|surfacefxtable|bullet_small_exit|impactsfxtable|t6_xpr50_up|weapon|zone_source/zm_parkour_nothing0.zone|csv
1783,material,vdd/gfx_decal_bullet_concrete_02,34,0,|impacts/fx_bul_impact_concrete_uw_lg|fx|impacts/fx_bul_impact_concrete_lg|fx|surface_exit_bullet_small|surfacefxtable|bullet_small_exit|impactsfxtable|t6_xpr50_up|weapon|zone_source/zm_parkour_nothing0.zone|csv
1784,material,gfx_decal_bullet_concrete_03,30,0,|impacts/fx_bul_impact_concrete_uw_lg|fx|impacts/fx_bul_impact_concrete_lg|fx|surface_exit_bullet_small|surfacefxtable|bullet_small_exit|impactsfxtable|t6_xpr50_up|weapon|zone_source/zm_parkour_nothing0.zone|csv
1785,material,vd/gfx_decal_bullet_concrete_03,33,0,|impacts/fx_bul_impact_concrete_uw_lg|fx|impacts/fx_bul_impact_concrete_lg|fx|surface_exit_bullet_small|surfacefxtable|bullet_small_exit|impactsfxtable|t6_xpr50_up|weapon|zone_source/zm_parkour_nothing0.zone|csv
1786,material,vdd/gfx_decal_bullet_concrete_03,34,0,|impacts/fx_bul_impact_concrete_uw_lg|fx|impacts/fx_bul_impact_concrete_lg|fx|surface_exit_bullet_small|surfacefxtable|bullet_small_exit|impactsfxtable|t6_xpr50_up|weapon|zone_source/zm_parkour_nothing0.zone|csv
1787,material,mc/mtl_p7_rock_sing_park_01,29,0,|p7_fxp_debris_rock_03|xmodel|impacts/fx_bul_impact_gravel_lg|fx|surface_exit_bullet_small|surfacefxtable|bullet_small_exit|impactsfxtable|t6_xpr50_up|weapon|zone_source/zm_parkour_nothing0.zone|csv
1788,xmodel,p7_fxp_debris_rock_01,23,0,|impacts/fx_bul_impact_gravel_lg|fx|surface_exit_bullet_small|surfacefxtable|bullet_small_exit|impactsfxtable|t6_xpr50_up|weapon|zone_source/zm_parkour_nothing0.zone|csv
1789,xmodel,p7_fxp_debris_rock_02,23,0,|impacts/fx_bul_impact_gravel_lg|fx|surface_exit_bullet_small|surfacefxtable|bullet_small_exit|impactsfxtable|t6_xpr50_up|weapon|zone_source/zm_parkour_nothing0.zone|csv
1790,xmodel,p7_fxp_debris_rock_03,23,0,|impacts/fx_bul_impact_gravel_lg|fx|surface_exit_bullet_small|surfacefxtable|bullet_small_exit|impactsfxtable|t6_xpr50_up|weapon|zone_source/zm_parkour_nothing0.zone|csv
1791,fx,impacts/fx_bul_impact_concrete_uw_sm,38,0,|impacts/fx_bul_impact_concrete_sm|fx|surface_enter_bullet_small|surfacefxtable|bullet_small_enter|impactsfxtable|t6_xpr50_up|weapon|zone_source/zm_parkour_nothing0.zone|csv
1792,fx,impacts/fx_bul_impact_concrete_sm,35,0,|surface_enter_bullet_small|surfacefxtable|bullet_small_enter|impactsfxtable|t6_xpr50_up|weapon|zone_source/zm_parkour_nothing0.zone|csv
1793,material,gfx_decal_bullet_dirt_01,26,0,|impacts/fx_bul_impact_dirt_lg|fx|surface_exit_bullet_small|surfacefxtable|bullet_small_exit|impactsfxtable|t6_xpr50_up|weapon|zone_source/zm_parkour_nothing0.zone|csv
1794,material,vd/gfx_decal_bullet_dirt_01,29,0,|impacts/fx_bul_impact_dirt_lg|fx|surface_exit_bullet_small|surfacefxtable|bullet_small_exit|impactsfxtable|t6_xpr50_up|weapon|zone_source/zm_parkour_nothing0.zone|csv
1795,material,vdd/gfx_decal_bullet_dirt_01,30,0,|impacts/fx_bul_impact_dirt_lg|fx|surface_exit_bullet_small|surfacefxtable|bullet_small_exit|impactsfxtable|t6_xpr50_up|weapon|zone_source/zm_parkour_nothing0.zone|csv
1796,material,mc/mtl_p7_debris_rockychunks_small,36,0,|p7_debris_rockychunks_small_12|xmodel|impacts/fx_bul_impact_dirt_lg|fx|surface_exit_bullet_small|surfacefxtable|bullet_small_exit|impactsfxtable|t6_xpr50_up|weapon|zone_source/zm_parkour_nothing0.zone|csv
1797,xmodel,p7_debris_rockychunks_small_01,32,0,|impacts/fx_bul_impact_dirt_lg|fx|surface_exit_bullet_small|surfacefxtable|bullet_small_exit|impactsfxtable|t6_xpr50_up|weapon|zone_source/zm_parkour_nothing0.zone|csv
1798,xmodel,p7_debris_rockychunks_small_12,32,0,|impacts/fx_bul_impact_dirt_lg|fx|surface_exit_bullet_small|surfacefxtable|bullet_small_exit|impactsfxtable|t6_xpr50_up|weapon|zone_source/zm_parkour_nothing0.zone|csv
1799,material,gfx_decal_default_01,22,0,|impacts/fx_bul_impact_sand_lg|fx|surface_exit_bullet_small|surfacefxtable|bullet_small_exit|impactsfxtable|t6_xpr50_up|weapon|zone_source/zm_parkour_nothing0.zone|csv
1800,material,vd/gfx_decal_default_01,25,0,|impacts/fx_bul_impact_sand_lg|fx|surface_exit_bullet_small|surfacefxtable|bullet_small_exit|impactsfxtable|t6_xpr50_up|weapon|zone_source/zm_parkour_nothing0.zone|csv
1801,material,vdd/gfx_decal_default_01,26,0,|impacts/fx_bul_impact_sand_lg|fx|surface_exit_bullet_small|surfacefxtable|bullet_small_exit|impactsfxtable|t6_xpr50_up|weapon|zone_source/zm_parkour_nothing0.zone|csv
1802,fx,impacts/fx_bul_impact_dirt_uw_sm,34,0,|impacts/fx_bul_impact_sand_sm|fx|surface_enter_bullet_small|surfacefxtable|bullet_small_enter|impactsfxtable|t6_xpr50_up|weapon|zone_source/zm_parkour_nothing0.zone|csv
1803,fx,impacts/fx_bul_impact_dirt_sm,31,0,|surface_enter_bullet_small|surfacefxtable|bullet_small_enter|impactsfxtable|t6_xpr50_up|weapon|zone_source/zm_parkour_nothing0.zone|csv
1804,techset,mc/glass_nocolor#e6142445,27,0,|mc/mtl_p7_debris_glass_shattered_sm|material|p7_fxp_debris_car_glass_shatter_03|xmodel|impacts/fx_bul_impact_glass_uw_lg|fx|impacts/fx_bul_impact_glass_lg|fx|surface_exit_bullet_small|surfacefxtable|bullet_small_exit|impactsfxtable|t6_xpr50_up|weapon|zone_source/zm_parkour_nothing0.zone|csv
1805,material,mc/mtl_p7_debris_glass_shattered_sm,37,0,|p7_fxp_debris_car_glass_shatter_03|xmodel|impacts/fx_bul_impact_glass_uw_lg|fx|impacts/fx_bul_impact_glass_lg|fx|surface_exit_bullet_small|surfacefxtable|bullet_small_exit|impactsfxtable|t6_xpr50_up|weapon|zone_source/zm_parkour_nothing0.zone|csv
1806,xmodel,p7_fxp_debris_car_glass_shatter_01,36,0,|impacts/fx_bul_impact_glass_uw_lg|fx|impacts/fx_bul_impact_glass_lg|fx|surface_exit_bullet_small|surfacefxtable|bullet_small_exit|impactsfxtable|t6_xpr50_up|weapon|zone_source/zm_parkour_nothing0.zone|csv
1807,xmodel,p7_fxp_debris_car_glass_shatter_02,36,0,|impacts/fx_bul_impact_glass_uw_lg|fx|impacts/fx_bul_impact_glass_lg|fx|surface_exit_bullet_small|surfacefxtable|bullet_small_exit|impactsfxtable|t6_xpr50_up|weapon|zone_source/zm_parkour_nothing0.zone|csv
1808,xmodel,p7_fxp_debris_car_glass_shatter_03,36,0,|impacts/fx_bul_impact_glass_uw_lg|fx|impacts/fx_bul_impact_glass_lg|fx|surface_exit_bullet_small|surfacefxtable|bullet_small_exit|impactsfxtable|t6_xpr50_up|weapon|zone_source/zm_parkour_nothing0.zone|csv
1809,material,ei/gfx_smk_tendril_2_lit,26,0,|impacts/fx_bul_impact_water_lg|fx|surface_exit_bullet_small|surfacefxtable|bullet_small_exit|impactsfxtable|t6_xpr50_up|weapon|zone_source/zm_parkour_nothing0.zone|csv
1810,material,ei/gfx_gib_glass_01_lit,25,0,|impacts/fx_bul_impact_glass_uw_lg|fx|impacts/fx_bul_impact_glass_lg|fx|surface_exit_bullet_small|surfacefxtable|bullet_small_exit|impactsfxtable|t6_xpr50_up|weapon|zone_source/zm_parkour_nothing0.zone|csv
1811,material,ei/gfx_gib_glass_02_lit,25,0,|impacts/fx_bul_impact_glass_uw_lg|fx|impacts/fx_bul_impact_glass_lg|fx|surface_exit_bullet_small|surfacefxtable|bullet_small_exit|impactsfxtable|t6_xpr50_up|weapon|zone_source/zm_parkour_nothing0.zone|csv
1812,material,ei/gfx_gib_glass_02_em,24,0,|impacts/fx_bul_impact_glass_uw_lg|fx|impacts/fx_bul_impact_glass_lg|fx|surface_exit_bullet_small|surfacefxtable|bullet_small_exit|impactsfxtable|t6_xpr50_up|weapon|zone_source/zm_parkour_nothing0.zone|csv
1813,techset,lit_weapon_impact_advanced#da7372ff,37,0,|gfx_decal_bullet_thin_metal_01|material|impacts/fx_bul_impact_thin_metal_lg|fx|surface_exit_bullet_small|surfacefxtable|bullet_small_exit|impactsfxtable|t6_xpr50_up|weapon|zone_source/zm_parkour_nothing0.zone|csv
1814,material,gfx_decal_bullet_glass_01,27,0,|impacts/fx_bul_impact_glass_uw_lg|fx|impacts/fx_bul_impact_glass_lg|fx|surface_exit_bullet_small|surfacefxtable|bullet_small_exit|impactsfxtable|t6_xpr50_up|weapon|zone_source/zm_parkour_nothing0.zone|csv
1815,techset,vd/lit_weapon_impact_advanced#36ede2cf,40,0,|vd/gfx_decal_bullet_thin_metal_01|material|impacts/fx_bul_impact_thin_metal_lg|fx|surface_exit_bullet_small|surfacefxtable|bullet_small_exit|impactsfxtable|t6_xpr50_up|weapon|zone_source/zm_parkour_nothing0.zone|csv
1816,material,vd/gfx_decal_bullet_glass_01,30,0,|impacts/fx_bul_impact_glass_uw_lg|fx|impacts/fx_bul_impact_glass_lg|fx|surface_exit_bullet_small|surfacefxtable|bullet_small_exit|impactsfxtable|t6_xpr50_up|weapon|zone_source/zm_parkour_nothing0.zone|csv
1817,techset,vdd/lit_weapon_impact_advanced#ec9dbdd0,41,0,|vdd/gfx_decal_bullet_thin_metal_01|material|impacts/fx_bul_impact_thin_metal_lg|fx|surface_exit_bullet_small|surfacefxtable|bullet_small_exit|impactsfxtable|t6_xpr50_up|weapon|zone_source/zm_parkour_nothing0.zone|csv
1818,material,vdd/gfx_decal_bullet_glass_01,31,0,|impacts/fx_bul_impact_glass_uw_lg|fx|impacts/fx_bul_impact_glass_lg|fx|surface_exit_bullet_small|surfacefxtable|bullet_small_exit|impactsfxtable|t6_xpr50_up|weapon|zone_source/zm_parkour_nothing0.zone|csv
1819,material,gfx_decal_bullet_glass_02,27,0,|impacts/fx_bul_impact_glass_uw_lg|fx|impacts/fx_bul_impact_glass_lg|fx|surface_exit_bullet_small|surfacefxtable|bullet_small_exit|impactsfxtable|t6_xpr50_up|weapon|zone_source/zm_parkour_nothing0.zone|csv
1820,material,vd/gfx_decal_bullet_glass_02,30,0,|impacts/fx_bul_impact_glass_uw_lg|fx|impacts/fx_bul_impact_glass_lg|fx|surface_exit_bullet_small|surfacefxtable|bullet_small_exit|impactsfxtable|t6_xpr50_up|weapon|zone_source/zm_parkour_nothing0.zone|csv
1821,material,vdd/gfx_decal_bullet_glass_02,31,0,|impacts/fx_bul_impact_glass_uw_lg|fx|impacts/fx_bul_impact_glass_lg|fx|surface_exit_bullet_small|surfacefxtable|bullet_small_exit|impactsfxtable|t6_xpr50_up|weapon|zone_source/zm_parkour_nothing0.zone|csv
1822,material,gfx_decal_bullet_glass_03,27,0,|impacts/fx_bul_impact_glass_uw_lg|fx|impacts/fx_bul_impact_glass_lg|fx|surface_exit_bullet_small|surfacefxtable|bullet_small_exit|impactsfxtable|t6_xpr50_up|weapon|zone_source/zm_parkour_nothing0.zone|csv
1823,material,vd/gfx_decal_bullet_glass_03,30,0,|impacts/fx_bul_impact_glass_uw_lg|fx|impacts/fx_bul_impact_glass_lg|fx|surface_exit_bullet_small|surfacefxtable|bullet_small_exit|impactsfxtable|t6_xpr50_up|weapon|zone_source/zm_parkour_nothing0.zone|csv
1824,material,vdd/gfx_decal_bullet_glass_03,31,0,|impacts/fx_bul_impact_glass_uw_lg|fx|impacts/fx_bul_impact_glass_lg|fx|surface_exit_bullet_small|surfacefxtable|bullet_small_exit|impactsfxtable|t6_xpr50_up|weapon|zone_source/zm_parkour_nothing0.zone|csv
1825,fx,impacts/fx_bul_impact_glass_uw_sm,35,0,|impacts/fx_bul_impact_glass_sm|fx|surface_enter_bullet_small|surfacefxtable|bullet_small_enter|impactsfxtable|t6_xpr50_up|weapon|zone_source/zm_parkour_nothing0.zone|csv
1826,fx,impacts/fx_bul_impact_glass_sm,32,0,|surface_enter_bullet_small|surfacefxtable|bullet_small_enter|impactsfxtable|t6_xpr50_up|weapon|zone_source/zm_parkour_nothing0.zone|csv
1827,physpreset,brick,7,0,|fx_debris_stone_01|xmodel|impacts/fx_bul_impact_gravel_uw_lg|fx|impacts/fx_bul_impact_gravel_lg|fx|surface_exit_bullet_small|surfacefxtable|bullet_small_exit|impactsfxtable|t6_xpr50_up|weapon|zone_source/zm_parkour_nothing0.zone|csv
1828,material,mc/mtl_fx_dest_atlas,22,0,|fx_debris_stone_01|xmodel|impacts/fx_bul_impact_gravel_uw_lg|fx|impacts/fx_bul_impact_gravel_lg|fx|surface_exit_bullet_small|surfacefxtable|bullet_small_exit|impactsfxtable|t6_xpr50_up|weapon|zone_source/zm_parkour_nothing0.zone|csv
1829,xmodel,fx_debris_stone_01,20,0,|impacts/fx_bul_impact_gravel_uw_lg|fx|impacts/fx_bul_impact_gravel_lg|fx|surface_exit_bullet_small|surfacefxtable|bullet_small_exit|impactsfxtable|t6_xpr50_up|weapon|zone_source/zm_parkour_nothing0.zone|csv
1830,fx,impacts/fx_bul_impact_gravel_uw_sm,36,0,|impacts/fx_bul_impact_gravel_sm|fx|surface_enter_bullet_small|surfacefxtable|bullet_small_enter|impactsfxtable|t6_xpr50_up|weapon|zone_source/zm_parkour_nothing0.zone|csv
1831,fx,impacts/fx_bul_impact_gravel_sm,33,0,|surface_enter_bullet_small|surfacefxtable|bullet_small_enter|impactsfxtable|t6_xpr50_up|weapon|zone_source/zm_parkour_nothing0.zone|csv
1832,material,gfx_decal_bullet_metal_01,27,0,|impacts/fx_bul_impact_metal_uw_lg|fx|impacts/fx_bul_impact_thin_metal_lg|fx|surface_exit_bullet_small|surfacefxtable|bullet_small_exit|impactsfxtable|t6_xpr50_up|weapon|zone_source/zm_parkour_nothing0.zone|csv
1833,material,vd/gfx_decal_bullet_metal_01,30,0,|impacts/fx_bul_impact_metal_uw_lg|fx|impacts/fx_bul_impact_thin_metal_lg|fx|surface_exit_bullet_small|surfacefxtable|bullet_small_exit|impactsfxtable|t6_xpr50_up|weapon|zone_source/zm_parkour_nothing0.zone|csv
1834,material,vdd/gfx_decal_bullet_metal_01,31,0,|impacts/fx_bul_impact_metal_uw_lg|fx|impacts/fx_bul_impact_thin_metal_lg|fx|surface_exit_bullet_small|surfacefxtable|bullet_small_exit|impactsfxtable|t6_xpr50_up|weapon|zone_source/zm_parkour_nothing0.zone|csv
1835,material,gfx_decal_bullet_metal_02,27,0,|impacts/fx_bul_impact_metal_uw_lg|fx|impacts/fx_bul_impact_thin_metal_lg|fx|surface_exit_bullet_small|surfacefxtable|bullet_small_exit|impactsfxtable|t6_xpr50_up|weapon|zone_source/zm_parkour_nothing0.zone|csv
1836,material,vd/gfx_decal_bullet_metal_02,30,0,|impacts/fx_bul_impact_metal_uw_lg|fx|impacts/fx_bul_impact_thin_metal_lg|fx|surface_exit_bullet_small|surfacefxtable|bullet_small_exit|impactsfxtable|t6_xpr50_up|weapon|zone_source/zm_parkour_nothing0.zone|csv
1837,material,vdd/gfx_decal_bullet_metal_02,31,0,|impacts/fx_bul_impact_metal_uw_lg|fx|impacts/fx_bul_impact_thin_metal_lg|fx|surface_exit_bullet_small|surfacefxtable|bullet_small_exit|impactsfxtable|t6_xpr50_up|weapon|zone_source/zm_parkour_nothing0.zone|csv
1838,material,gfx_decal_bullet_metal_03,27,0,|impacts/fx_bul_impact_metal_uw_lg|fx|impacts/fx_bul_impact_thin_metal_lg|fx|surface_exit_bullet_small|surfacefxtable|bullet_small_exit|impactsfxtable|t6_xpr50_up|weapon|zone_source/zm_parkour_nothing0.zone|csv
1839,material,vd/gfx_decal_bullet_metal_03,30,0,|impacts/fx_bul_impact_metal_uw_lg|fx|impacts/fx_bul_impact_thin_metal_lg|fx|surface_exit_bullet_small|surfacefxtable|bullet_small_exit|impactsfxtable|t6_xpr50_up|weapon|zone_source/zm_parkour_nothing0.zone|csv
1840,material,vdd/gfx_decal_bullet_metal_03,31,0,|impacts/fx_bul_impact_metal_uw_lg|fx|impacts/fx_bul_impact_thin_metal_lg|fx|surface_exit_bullet_small|surfacefxtable|bullet_small_exit|impactsfxtable|t6_xpr50_up|weapon|zone_source/zm_parkour_nothing0.zone|csv
1841,material,ei/gfx_spark_grind_anim_em,28,0,|skye_efx/t6_efx/fx_t6_raygun_mark2_impact_up|fx|t6_raygun_mark2_up_surface_impactfx|surfacefxtable|t6_raygun_mark2_up_impactfx|impactsfxtable|t6_mauser_c96_up|weapon|zone_source/zm_parkour_nothing0.zone|csv
1842,material,ei/gfx_spark_blink_anim_em_i12000,35,0,|impacts/fx_bul_impact_thin_metal_lg|fx|surface_exit_bullet_small|surfacefxtable|bullet_small_exit|impactsfxtable|t6_xpr50_up|weapon|zone_source/zm_parkour_nothing0.zone|csv
1843,lightdescription,new2116770908,15,0,|impacts/fx_bul_impact_metal_sm|fx|surface_enter_bullet_small|surfacefxtable|bullet_small_enter|impactsfxtable|t6_xpr50_up|weapon|zone_source/zm_parkour_nothing0.zone|csv
1844,fx,impacts/fx_bul_impact_metal_spark_bounce,42,0,|impacts/fx_bul_impact_thin_metal_lg|fx|surface_exit_bullet_small|surfacefxtable|bullet_small_exit|impactsfxtable|t6_xpr50_up|weapon|zone_source/zm_parkour_nothing0.zone|csv
1845,lightdescription,new-1019677772,16,0,|impacts/fx_bul_impact_metal_uw_sm|fx|impacts/fx_bul_impact_thin_metal_sm|fx|surface_enter_bullet_small|surfacefxtable|bullet_small_enter|impactsfxtable|t6_xpr50_up|weapon|zone_source/zm_parkour_nothing0.zone|csv
1846,fx,impacts/fx_bul_impact_metal_uw_sm,35,0,|impacts/fx_bul_impact_thin_metal_sm|fx|surface_enter_bullet_small|surfacefxtable|bullet_small_enter|impactsfxtable|t6_xpr50_up|weapon|zone_source/zm_parkour_nothing0.zone|csv
1847,fx,impacts/fx_bul_impact_metal_sm,32,0,|surface_enter_bullet_small|surfacefxtable|bullet_small_enter|impactsfxtable|t6_xpr50_up|weapon|zone_source/zm_parkour_nothing0.zone|csv
1848,material,ei/gfx_gel_splat_lit,22,0,|impacts/fx_bul_impact_mud_sm|fx|surface_enter_bullet_small|surfacefxtable|bullet_small_enter|impactsfxtable|t6_xpr50_up|weapon|zone_source/zm_parkour_nothing0.zone|csv
1849,material,ei/gfx_gel_splat_side_lit,27,0,|impacts/fx_bul_impact_boss_body_fatal_exit|fx|entity_exit_bullet_small|entityfximpacts|bullet_small_exit|impactsfxtable|t6_xpr50_up|weapon|zone_source/zm_parkour_nothing0.zone|csv
1850,fx,impacts/fx_bul_impact_mud_sm,30,0,|surface_enter_bullet_small|surfacefxtable|bullet_small_enter|impactsfxtable|t6_xpr50_up|weapon|zone_source/zm_parkour_nothing0.zone|csv
1851,material,ei/gfx_gib_concrete_02_em,27,0,|impacts/fx_bul_impact_sand_lg|fx|surface_exit_bullet_small|surfacefxtable|bullet_small_exit|impactsfxtable|t6_xpr50_up|weapon|zone_source/zm_parkour_nothing0.zone|csv
1852,material,ei/gfx_gib_concrete_01_em,27,0,|impacts/fx_bul_impact_sand_lg|fx|surface_exit_bullet_small|surfacefxtable|bullet_small_exit|impactsfxtable|t6_xpr50_up|weapon|zone_source/zm_parkour_nothing0.zone|csv
1853,material,ei/gfx_water_drip_lit,23,0,|impacts/fx_bul_impact_sand_lg|fx|surface_exit_bullet_small|surfacefxtable|bullet_small_exit|impactsfxtable|t6_xpr50_up|weapon|zone_source/zm_parkour_nothing0.zone|csv
1854,fx,impacts/fx_bul_impact_sand_sm,31,0,|surface_enter_bullet_small|surfacefxtable|bullet_small_enter|impactsfxtable|t6_xpr50_up|weapon|zone_source/zm_parkour_nothing0.zone|csv
1855,fx,impacts/fx_bul_impact_snow_sm,31,0,|entity_exit_bullet_small|entityfximpacts|bullet_small_exit|impactsfxtable|t6_xpr50_up|weapon|zone_source/zm_parkour_nothing0.zone|csv
1856,material,gfx_decal_foam,16,0,|impacts/fx_bul_impact_water_lg|fx|surface_exit_bullet_small|surfacefxtable|bullet_small_exit|impactsfxtable|t6_xpr50_up|weapon|zone_source/zm_parkour_nothing0.zone|csv
1857,material,vd/gfx_decal_foam,19,0,|impacts/fx_bul_impact_water_lg|fx|surface_exit_bullet_small|surfacefxtable|bullet_small_exit|impactsfxtable|t6_xpr50_up|weapon|zone_source/zm_parkour_nothing0.zone|csv
1858,material,vdd/gfx_decal_foam,20,0,|impacts/fx_bul_impact_water_lg|fx|surface_exit_bullet_small|surfacefxtable|bullet_small_exit|impactsfxtable|t6_xpr50_up|weapon|zone_source/zm_parkour_nothing0.zone|csv
1859,techset,ei/effect_lit_blend_nocull#2843f95a,37,0,|ei/gfx_water_ripple_anim_lit_nocull|material|impacts/fx_bul_impact_water_lg|fx|surface_exit_bullet_small|surfacefxtable|bullet_small_exit|impactsfxtable|t6_xpr50_up|weapon|zone_source/zm_parkour_nothing0.zone|csv
1860,material,ei/gfx_water_ripple_anim_lit_nocull,37,0,|impacts/fx_bul_impact_water_lg|fx|surface_exit_bullet_small|surfacefxtable|bullet_small_exit|impactsfxtable|t6_xpr50_up|weapon|zone_source/zm_parkour_nothing0.zone|csv
1861,material,ei/gfx_water_splash_cone_anim_spec,36,0,|impacts/fx_bul_impact_water_lg|fx|surface_exit_bullet_small|surfacefxtable|bullet_small_exit|impactsfxtable|t6_xpr50_up|weapon|zone_source/zm_parkour_nothing0.zone|csv
1862,material,ei/gfx_water_splash_spread_anim_lit,37,0,|impacts/fx_bul_impact_water_lg|fx|surface_exit_bullet_small|surfacefxtable|bullet_small_exit|impactsfxtable|t6_xpr50_up|weapon|zone_source/zm_parkour_nothing0.zone|csv
1863,fx,impacts/fx_bul_impact_water_sm,32,0,|surface_enter_bullet_small|surfacefxtable|bullet_small_enter|impactsfxtable|t6_xpr50_up|weapon|zone_source/zm_parkour_nothing0.zone|csv
1864,material,gfx_decal_bullet_thin_metal_01,32,0,|impacts/fx_bul_impact_thin_metal_lg|fx|surface_exit_bullet_small|surfacefxtable|bullet_small_exit|impactsfxtable|t6_xpr50_up|weapon|zone_source/zm_parkour_nothing0.zone|csv
1865,material,vd/gfx_decal_bullet_thin_metal_01,35,0,|impacts/fx_bul_impact_thin_metal_lg|fx|surface_exit_bullet_small|surfacefxtable|bullet_small_exit|impactsfxtable|t6_xpr50_up|weapon|zone_source/zm_parkour_nothing0.zone|csv
1866,material,vdd/gfx_decal_bullet_thin_metal_01,36,0,|impacts/fx_bul_impact_thin_metal_lg|fx|surface_exit_bullet_small|surfacefxtable|bullet_small_exit|impactsfxtable|t6_xpr50_up|weapon|zone_source/zm_parkour_nothing0.zone|csv
1867,lightdescription,new-611129556,15,0,|impacts/fx_bul_impact_thin_metal_sm|fx|surface_enter_bullet_small|surfacefxtable|bullet_small_enter|impactsfxtable|t6_xpr50_up|weapon|zone_source/zm_parkour_nothing0.zone|csv
1868,fx,impacts/fx_bul_impact_thin_metal_sm,37,0,|surface_enter_bullet_small|surfacefxtable|bullet_small_enter|impactsfxtable|t6_xpr50_up|weapon|zone_source/zm_parkour_nothing0.zone|csv
1869,fx,impacts/fx_bul_impact_body_armor_lg,37,0,|surface_exit_bullet_small|surfacefxtable|bullet_small_exit|impactsfxtable|t6_xpr50_up|weapon|zone_source/zm_parkour_nothing0.zone|csv
1870,surfacefxtable,surface_enter_bullet_small,28,0,|bullet_small_enter|impactsfxtable|t6_xpr50_up|weapon|zone_source/zm_parkour_nothing0.zone|csv
1871,fx,impacts/fx_bul_impact_blood_head_nonfatal_uw,46,0,|impacts/fx_bul_impact_blood_head_nonfatal|fx|entity_enter_bullet_small|entityfximpacts|bullet_small_enter|impactsfxtable|t6_xpr50_up|weapon|zone_source/zm_parkour_nothing0.zone|csv
1872,fx,impacts/fx_bul_impact_blood_head_nonfatal,43,0,|entity_enter_bullet_small|entityfximpacts|bullet_small_enter|impactsfxtable|t6_xpr50_up|weapon|zone_source/zm_parkour_nothing0.zone|csv
1873,fx,impacts/fx_bul_impact_blood_head_fatal_uw,43,0,|impacts/fx_bul_impact_blood_head_fatal|fx|entity_enter_bullet_small|entityfximpacts|bullet_small_enter|impactsfxtable|t6_xpr50_up|weapon|zone_source/zm_parkour_nothing0.zone|csv
1874,fx,impacts/fx_bul_impact_blood_head_fatal,40,0,|entity_enter_bullet_small|entityfximpacts|bullet_small_enter|impactsfxtable|t6_xpr50_up|weapon|zone_source/zm_parkour_nothing0.zone|csv
1875,fx,impacts/fx_bul_impact_blood_body_nonfatal_uw,46,0,|impacts/fx_bul_impact_blood_body_nonfatal|fx|entity_enter_bullet_small|entityfximpacts|bullet_small_enter|impactsfxtable|t6_xpr50_up|weapon|zone_source/zm_parkour_nothing0.zone|csv
1876,fx,impacts/fx_bul_impact_blood_body_nonfatal,43,0,|entity_enter_bullet_small|entityfximpacts|bullet_small_enter|impactsfxtable|t6_xpr50_up|weapon|zone_source/zm_parkour_nothing0.zone|csv
1877,fx,impacts/fx_bul_impact_blood_body_fatal_uw,43,0,|impacts/fx_bul_impact_blood_body_fatal|fx|entity_enter_bullet_small|entityfximpacts|bullet_small_enter|impactsfxtable|t6_xpr50_up|weapon|zone_source/zm_parkour_nothing0.zone|csv
1878,fx,impacts/fx_bul_impact_blood_body_fatal,40,0,|entity_enter_bullet_small|entityfximpacts|bullet_small_enter|impactsfxtable|t6_xpr50_up|weapon|zone_source/zm_parkour_nothing0.zone|csv
1879,fx,impacts/fx_bul_impact_blood_corpse_nonfatal,45,0,|entity_exit_bullet_small|entityfximpacts|bullet_small_exit|impactsfxtable|t6_xpr50_up|weapon|zone_source/zm_parkour_nothing0.zone|csv
1880,fx,impacts/fx_bul_impact_blood_corpse_fatal,42,0,|entity_exit_bullet_small|entityfximpacts|bullet_small_exit|impactsfxtable|t6_xpr50_up|weapon|zone_source/zm_parkour_nothing0.zone|csv
1881,material,ei/gfx_gel_drops_lit,22,0,|impacts/fx_bul_impact_boss_body_fatal_exit|fx|entity_exit_bullet_small|entityfximpacts|bullet_small_exit|impactsfxtable|t6_xpr50_up|weapon|zone_source/zm_parkour_nothing0.zone|csv
1882,fx,impacts/fx_bul_impact_blood_head_nonfatal_zmb,47,0,|entity_enter_bullet_small|entityfximpacts|bullet_small_enter|impactsfxtable|t6_xpr50_up|weapon|zone_source/zm_parkour_nothing0.zone|csv
1883,material,ei/gfx_gel_splat_wide_lit,27,0,|impacts/fx_bul_impact_boss_body_fatal_exit|fx|entity_exit_bullet_small|entityfximpacts|bullet_small_exit|impactsfxtable|t6_xpr50_up|weapon|zone_source/zm_parkour_nothing0.zone|csv
1884,fx,blood/fx_blood_decal_impact_ground_zmb,40,0,|impacts/fx_bul_impact_blood_body_fatal_exit_zmb|fx|entity_exit_bullet_small|entityfximpacts|bullet_small_exit|impactsfxtable|t6_xpr50_up|weapon|zone_source/zm_parkour_nothing0.zone|csv
1885,fx,impacts/fx_bul_impact_blood_head_fatal_zmb,44,0,|entity_enter_bullet_small|entityfximpacts|bullet_small_enter|impactsfxtable|t6_xpr50_up|weapon|zone_source/zm_parkour_nothing0.zone|csv
1886,fx,impacts/fx_bul_impact_blood_body_nonfatal_zmb,47,0,|entity_exit_bullet_small|entityfximpacts|bullet_small_exit|impactsfxtable|t6_xpr50_up|weapon|zone_source/zm_parkour_nothing0.zone|csv
1887,fx,impacts/fx_bul_impact_blood_body_fatal_zmb,44,0,|entity_enter_bullet_small|entityfximpacts|bullet_small_enter|impactsfxtable|t6_xpr50_up|weapon|zone_source/zm_parkour_nothing0.zone|csv
1888,fx,impacts/fx_bul_impact_armor_head_nonfatal,43,0,|entity_enter_bullet_small|entityfximpacts|bullet_small_enter|impactsfxtable|t6_xpr50_up|weapon|zone_source/zm_parkour_nothing0.zone|csv
1889,fx,impacts/fx_bul_impact_armor_head_fatal,40,0,|entity_enter_bullet_small|entityfximpacts|bullet_small_enter|impactsfxtable|t6_xpr50_up|weapon|zone_source/zm_parkour_nothing0.zone|csv
1890,fx,impacts/fx_bul_impact_armor_body_nonfatal,43,0,|entity_enter_bullet_small|entityfximpacts|bullet_small_enter|impactsfxtable|t6_xpr50_up|weapon|zone_source/zm_parkour_nothing0.zone|csv
1891,fx,impacts/fx_bul_impact_armor_body_fatal,40,0,|entity_enter_bullet_small|entityfximpacts|bullet_small_enter|impactsfxtable|t6_xpr50_up|weapon|zone_source/zm_parkour_nothing0.zone|csv
1892,fx,impacts/fx_bul_impact_heavy_head_nonfatal,43,0,|entity_enter_bullet_small|entityfximpacts|bullet_small_enter|impactsfxtable|t6_xpr50_up|weapon|zone_source/zm_parkour_nothing0.zone|csv
1893,fx,impacts/fx_bul_impact_heavy_head_fatal,40,0,|entity_enter_bullet_small|entityfximpacts|bullet_small_enter|impactsfxtable|t6_xpr50_up|weapon|zone_source/zm_parkour_nothing0.zone|csv
1894,fx,impacts/fx_bul_impact_heavy_body_nonfatal,43,0,|entity_enter_bullet_small|entityfximpacts|bullet_small_enter|impactsfxtable|t6_xpr50_up|weapon|zone_source/zm_parkour_nothing0.zone|csv
1895,fx,impacts/fx_bul_impact_heavy_body_fatal,40,0,|entity_enter_bullet_small|entityfximpacts|bullet_small_enter|impactsfxtable|t6_xpr50_up|weapon|zone_source/zm_parkour_nothing0.zone|csv
1896,fx,impacts/fx_bul_impact_robot_head_nonfatal,43,0,|entity_enter_bullet_small|entityfximpacts|bullet_small_enter|impactsfxtable|t6_xpr50_up|weapon|zone_source/zm_parkour_nothing0.zone|csv
1897,fx,impacts/fx_bul_impact_robot_head_fatal,40,0,|entity_enter_bullet_small|entityfximpacts|bullet_small_enter|impactsfxtable|t6_xpr50_up|weapon|zone_source/zm_parkour_nothing0.zone|csv
1898,fx,impacts/fx_bul_impact_robot_body_nonfatal,43,0,|entity_enter_bullet_small|entityfximpacts|bullet_small_enter|impactsfxtable|t6_xpr50_up|weapon|zone_source/zm_parkour_nothing0.zone|csv
1899,fx,impacts/fx_bul_impact_robot_body_fatal,40,0,|entity_enter_bullet_small|entityfximpacts|bullet_small_enter|impactsfxtable|t6_xpr50_up|weapon|zone_source/zm_parkour_nothing0.zone|csv
1900,fx,impacts/fx_bul_impact_boss_head_nonfatal,42,0,|entity_enter_bullet_small|entityfximpacts|bullet_small_enter|impactsfxtable|t6_xpr50_up|weapon|zone_source/zm_parkour_nothing0.zone|csv
1901,fx,impacts/fx_bul_impact_boss_head_fatal,39,0,|entity_enter_bullet_small|entityfximpacts|bullet_small_enter|impactsfxtable|t6_xpr50_up|weapon|zone_source/zm_parkour_nothing0.zone|csv
1902,fx,impacts/fx_bul_impact_boss_body_nonfatal,42,0,|entity_enter_bullet_small|entityfximpacts|bullet_small_enter|impactsfxtable|t6_xpr50_up|weapon|zone_source/zm_parkour_nothing0.zone|csv
1903,fx,impacts/fx_bul_impact_boss_body_fatal,39,0,|entity_enter_bullet_small|entityfximpacts|bullet_small_enter|impactsfxtable|t6_xpr50_up|weapon|zone_source/zm_parkour_nothing0.zone|csv
1904,techset,ei/effect_distortion#2843f95a,31,0,|ei/gfx_smk_tendril_1_distort|material|impacts/fx_bul_impact_pwr_armor_lg|fx|entity_enter_bullet_small|entityfximpacts|bullet_small_enter|impactsfxtable|t6_xpr50_up|weapon|zone_source/zm_parkour_nothing0.zone|csv
1905,material,ei/gfx_water_ripple_anim_distort,34,0,|impacts/fx_bul_impact_pwr_armor_lg|fx|entity_enter_bullet_small|entityfximpacts|bullet_small_enter|impactsfxtable|t6_xpr50_up|weapon|zone_source/zm_parkour_nothing0.zone|csv
1906,material,ei/gfx_shockwave_anim_em,26,0,|impacts/fx_bul_impact_pwr_armor_lg|fx|entity_enter_bullet_small|entityfximpacts|bullet_small_enter|impactsfxtable|t6_xpr50_up|weapon|zone_source/zm_parkour_nothing0.zone|csv
1907,material,ei/gfx_smk_billow_whisp_anim_distort,38,0,|impacts/fx_bul_impact_pwr_armor_lg|fx|entity_enter_bullet_small|entityfximpacts|bullet_small_enter|impactsfxtable|t6_xpr50_up|weapon|zone_source/zm_parkour_nothing0.zone|csv
1908,material,ei/gfx_shockwave_elec_anim_em_i2048,37,0,|impacts/fx_bul_impact_pwr_armor_lg|fx|entity_enter_bullet_small|entityfximpacts|bullet_small_enter|impactsfxtable|t6_xpr50_up|weapon|zone_source/zm_parkour_nothing0.zone|csv
1909,material,ei/gfx_smk_tendril_1_distort,30,0,|impacts/fx_bul_impact_pwr_armor_lg|fx|entity_enter_bullet_small|entityfximpacts|bullet_small_enter|impactsfxtable|t6_xpr50_up|weapon|zone_source/zm_parkour_nothing0.zone|csv
1910,techset,el/effect_distortion#3236dcd6,31,0,|el/gfx_distort_trail_tracer|material|weapon/fx_trail_fake_bullet|fx|impacts/fx_bul_impact_pwr_armor_lg|fx|entity_enter_bullet_small|entityfximpacts|bullet_small_enter|impactsfxtable|t6_xpr50_up|weapon|zone_source/zm_parkour_nothing0.zone|csv
1911,material,el/gfx_distort_trail_tracer,29,0,|weapon/fx_trail_fake_bullet|fx|impacts/fx_bul_impact_pwr_armor_lg|fx|entity_enter_bullet_small|entityfximpacts|bullet_small_enter|impactsfxtable|t6_xpr50_up|weapon|zone_source/zm_parkour_nothing0.zone|csv
1912,material,el/gfx_trail_laser_lit,24,0,|weapon/fx_trail_fake_bullet|fx|impacts/fx_bul_impact_pwr_armor_lg|fx|entity_enter_bullet_small|entityfximpacts|bullet_small_enter|impactsfxtable|t6_xpr50_up|weapon|zone_source/zm_parkour_nothing0.zone|csv
1913,fx,weapon/fx_trail_fake_bullet,29,0,|impacts/fx_bul_impact_pwr_armor_lg|fx|entity_enter_bullet_small|entityfximpacts|bullet_small_enter|impactsfxtable|t6_xpr50_up|weapon|zone_source/zm_parkour_nothing0.zone|csv
1914,fx,impacts/fx_bul_impact_pwr_armor_lg,36,0,|entity_enter_bullet_small|entityfximpacts|bullet_small_enter|impactsfxtable|t6_xpr50_up|weapon|zone_source/zm_parkour_nothing0.zone|csv
1915,entityfximpacts,entity_enter_bullet_small,27,0,|bullet_small_enter|impactsfxtable|t6_xpr50_up|weapon|zone_source/zm_parkour_nothing0.zone|csv
1916,impactsfxtable,bullet_small_enter,20,0,|t6_xpr50_up|weapon|zone_source/zm_parkour_nothing0.zone|csv
1917,fx,impacts/fx_bul_impact_default_uw_lg,37,0,|impacts/fx_bul_impact_default_lg|fx|surface_exit_bullet_small|surfacefxtable|bullet_small_exit|impactsfxtable|t6_xpr50_up|weapon|zone_source/zm_parkour_nothing0.zone|csv
1918,fx,impacts/fx_bul_impact_default_lg,34,0,|surface_exit_bullet_small|surfacefxtable|bullet_small_exit|impactsfxtable|t6_xpr50_up|weapon|zone_source/zm_parkour_nothing0.zone|csv
1919,fx,impacts/fx_bul_impact_wood_uw_lg,34,0,|impacts/fx_bul_impact_wood_lg|fx|surface_exit_bullet_small|surfacefxtable|bullet_small_exit|impactsfxtable|t6_xpr50_up|weapon|zone_source/zm_parkour_nothing0.zone|csv
1920,fx,impacts/fx_bul_impact_wood_lg,31,0,|surface_exit_bullet_small|surfacefxtable|bullet_small_exit|impactsfxtable|t6_xpr50_up|weapon|zone_source/zm_parkour_nothing0.zone|csv
1921,fx,impacts/fx_bul_impact_concrete_uw_lg,38,0,|impacts/fx_bul_impact_concrete_lg|fx|surface_exit_bullet_small|surfacefxtable|bullet_small_exit|impactsfxtable|t6_xpr50_up|weapon|zone_source/zm_parkour_nothing0.zone|csv
1922,fx,impacts/fx_bul_impact_concrete_lg,35,0,|surface_exit_bullet_small|surfacefxtable|bullet_small_exit|impactsfxtable|t6_xpr50_up|weapon|zone_source/zm_parkour_nothing0.zone|csv
1923,fx,impacts/fx_bul_impact_dirt_uw_lg,34,0,|impacts/fx_bul_impact_sand_lg|fx|surface_exit_bullet_small|surfacefxtable|bullet_small_exit|impactsfxtable|t6_xpr50_up|weapon|zone_source/zm_parkour_nothing0.zone|csv
1924,fx,impacts/fx_bul_impact_dirt_lg,31,0,|surface_exit_bullet_small|surfacefxtable|bullet_small_exit|impactsfxtable|t6_xpr50_up|weapon|zone_source/zm_parkour_nothing0.zone|csv
1925,fx,impacts/fx_bul_impact_glass_uw_lg,35,0,|impacts/fx_bul_impact_glass_lg|fx|surface_exit_bullet_small|surfacefxtable|bullet_small_exit|impactsfxtable|t6_xpr50_up|weapon|zone_source/zm_parkour_nothing0.zone|csv
1926,fx,impacts/fx_bul_impact_glass_lg,32,0,|surface_exit_bullet_small|surfacefxtable|bullet_small_exit|impactsfxtable|t6_xpr50_up|weapon|zone_source/zm_parkour_nothing0.zone|csv
1927,fx,impacts/fx_bul_impact_gravel_uw_lg,36,0,|impacts/fx_bul_impact_gravel_lg|fx|surface_exit_bullet_small|surfacefxtable|bullet_small_exit|impactsfxtable|t6_xpr50_up|weapon|zone_source/zm_parkour_nothing0.zone|csv
1928,fx,impacts/fx_bul_impact_gravel_lg,33,0,|surface_exit_bullet_small|surfacefxtable|bullet_small_exit|impactsfxtable|t6_xpr50_up|weapon|zone_source/zm_parkour_nothing0.zone|csv
1929,fx,impacts/fx_bul_impact_metal_uw_lg,35,0,|impacts/fx_bul_impact_thin_metal_lg|fx|surface_exit_bullet_small|surfacefxtable|bullet_small_exit|impactsfxtable|t6_xpr50_up|weapon|zone_source/zm_parkour_nothing0.zone|csv
1930,fx,impacts/fx_bul_impact_metal_lg,32,0,|surface_exit_bullet_small|surfacefxtable|bullet_small_exit|impactsfxtable|t6_xpr50_up|weapon|zone_source/zm_parkour_nothing0.zone|csv
1931,fx,impacts/fx_bul_impact_sand_lg,31,0,|surface_exit_bullet_small|surfacefxtable|bullet_small_exit|impactsfxtable|t6_xpr50_up|weapon|zone_source/zm_parkour_nothing0.zone|csv
1932,fx,impacts/fx_bul_impact_water_lg,32,0,|surface_exit_bullet_small|surfacefxtable|bullet_small_exit|impactsfxtable|t6_xpr50_up|weapon|zone_source/zm_parkour_nothing0.zone|csv
1933,fx,impacts/fx_bul_impact_thin_metal_lg,37,0,|surface_exit_bullet_small|surfacefxtable|bullet_small_exit|impactsfxtable|t6_xpr50_up|weapon|zone_source/zm_parkour_nothing0.zone|csv
1934,surfacefxtable,surface_exit_bullet_small,27,0,|bullet_small_exit|impactsfxtable|t6_xpr50_up|weapon|zone_source/zm_parkour_nothing0.zone|csv
1935,fx,impacts/fx_bul_impact_blood_head_nonfatal_exit_uw,51,0,|impacts/fx_bul_impact_blood_head_nonfatal_exit|fx|entity_exit_bullet_small|entityfximpacts|bullet_small_exit|impactsfxtable|t6_xpr50_up|weapon|zone_source/zm_parkour_nothing0.zone|csv
1936,fx,impacts/fx_bul_impact_blood_head_nonfatal_exit,48,0,|entity_exit_bullet_small|entityfximpacts|bullet_small_exit|impactsfxtable|t6_xpr50_up|weapon|zone_source/zm_parkour_nothing0.zone|csv
1937,fx,impacts/fx_bul_impact_blood_body_nonfatal_exit_uw,51,0,|impacts/fx_bul_impact_blood_body_nonfatal_exit|fx|entity_exit_bullet_small|entityfximpacts|bullet_small_exit|impactsfxtable|t6_xpr50_up|weapon|zone_source/zm_parkour_nothing0.zone|csv
1938,fx,impacts/fx_bul_impact_blood_body_nonfatal_exit,48,0,|entity_exit_bullet_small|entityfximpacts|bullet_small_exit|impactsfxtable|t6_xpr50_up|weapon|zone_source/zm_parkour_nothing0.zone|csv
1939,material,ei/gfx_water_splash_side_bits_spec,36,0,|impacts/fx_bul_impact_blood_body_fatal_exit_uw|fx|impacts/fx_bul_impact_blood_body_fatal_exit|fx|entity_exit_bullet_small|entityfximpacts|bullet_small_exit|impactsfxtable|t6_xpr50_up|weapon|zone_source/zm_parkour_nothing0.zone|csv
1940,fx,impacts/fx_bul_impact_blood_body_fatal_exit_uw,48,0,|impacts/fx_bul_impact_blood_body_fatal_exit|fx|entity_exit_bullet_small|entityfximpacts|bullet_small_exit|impactsfxtable|t6_xpr50_up|weapon|zone_source/zm_parkour_nothing0.zone|csv
1941,fx,impacts/fx_bul_impact_blood_body_fatal_exit,45,0,|entity_exit_bullet_small|entityfximpacts|bullet_small_exit|impactsfxtable|t6_xpr50_up|weapon|zone_source/zm_parkour_nothing0.zone|csv
1942,fx,impacts/fx_bul_impact_blood_head_nonfatal_exit_zmb,52,0,|entity_exit_bullet_small|entityfximpacts|bullet_small_exit|impactsfxtable|t6_xpr50_up|weapon|zone_source/zm_parkour_nothing0.zone|csv
1943,material,mc/mtl_fx_char_gib_chunks,27,0,|fx_char_gib_chunk_meat01|xmodel|impacts/fx_bul_impact_blood_body_fatal_exit_zmb|fx|entity_exit_bullet_small|entityfximpacts|bullet_small_exit|impactsfxtable|t6_xpr50_up|weapon|zone_source/zm_parkour_nothing0.zone|csv
1944,xmodel,fx_char_gib_chunk_fat,23,0,|impacts/fx_bul_impact_blood_body_fatal_exit_zmb|fx|entity_exit_bullet_small|entityfximpacts|bullet_small_exit|impactsfxtable|t6_xpr50_up|weapon|zone_source/zm_parkour_nothing0.zone|csv
1945,xmodel,fx_char_gib_chunk_meat01,26,0,|impacts/fx_bul_impact_blood_body_fatal_exit_zmb|fx|entity_exit_bullet_small|entityfximpacts|bullet_small_exit|impactsfxtable|t6_xpr50_up|weapon|zone_source/zm_parkour_nothing0.zone|csv
1946,fx,blood/fx_blood_gib_limb_trail,31,0,|impacts/fx_bul_impact_blood_head_fatal_exit_zmb|fx|entity_exit_bullet_small|entityfximpacts|bullet_small_exit|impactsfxtable|t6_xpr50_up|weapon|zone_source/zm_parkour_nothing0.zone|csv
1947,fx,impacts/fx_bul_impact_blood_head_fatal_exit_zmb,49,0,|entity_exit_bullet_small|entityfximpacts|bullet_small_exit|impactsfxtable|t6_xpr50_up|weapon|zone_source/zm_parkour_nothing0.zone|csv
1948,fx,impacts/fx_bul_impact_blood_body_nonfatal_exit_zmb,52,0,|entity_exit_bullet_small|entityfximpacts|bullet_small_exit|impactsfxtable|t6_xpr50_up|weapon|zone_source/zm_parkour_nothing0.zone|csv
1949,fx,impacts/fx_bul_impact_blood_body_fatal_exit_zmb,49,0,|entity_exit_bullet_small|entityfximpacts|bullet_small_exit|impactsfxtable|t6_xpr50_up|weapon|zone_source/zm_parkour_nothing0.zone|csv
1950,fx,impacts/fx_bul_impact_armor_head_nonfatal_exit,48,0,|entity_exit_bullet_small|entityfximpacts|bullet_small_exit|impactsfxtable|t6_xpr50_up|weapon|zone_source/zm_parkour_nothing0.zone|csv
1951,fx,impacts/fx_bul_impact_armor_head_fatal_exit,45,0,|entity_exit_bullet_small|entityfximpacts|bullet_small_exit|impactsfxtable|t6_xpr50_up|weapon|zone_source/zm_parkour_nothing0.zone|csv
1952,fx,impacts/fx_bul_impact_armor_body_nonfatal_exit,48,0,|entity_exit_bullet_small|entityfximpacts|bullet_small_exit|impactsfxtable|t6_xpr50_up|weapon|zone_source/zm_parkour_nothing0.zone|csv
1953,fx,impacts/fx_bul_impact_armor_body_fatal_exit,45,0,|entity_exit_bullet_small|entityfximpacts|bullet_small_exit|impactsfxtable|t6_xpr50_up|weapon|zone_source/zm_parkour_nothing0.zone|csv
1954,fx,impacts/fx_bul_impact_heavy_head_nonfatal_exit,48,0,|entity_exit_bullet_small|entityfximpacts|bullet_small_exit|impactsfxtable|t6_xpr50_up|weapon|zone_source/zm_parkour_nothing0.zone|csv
1955,fx,impacts/fx_bul_impact_heavy_head_fatal_exit,45,0,|entity_exit_bullet_small|entityfximpacts|bullet_small_exit|impactsfxtable|t6_xpr50_up|weapon|zone_source/zm_parkour_nothing0.zone|csv
1956,fx,impacts/fx_bul_impact_heavy_body_nonfatal_exit,48,0,|entity_exit_bullet_small|entityfximpacts|bullet_small_exit|impactsfxtable|t6_xpr50_up|weapon|zone_source/zm_parkour_nothing0.zone|csv
1957,fx,impacts/fx_bul_impact_heavy_body_fatal_exit,45,0,|entity_exit_bullet_small|entityfximpacts|bullet_small_exit|impactsfxtable|t6_xpr50_up|weapon|zone_source/zm_parkour_nothing0.zone|csv
1958,fx,impacts/fx_bul_impact_robot_head_nonfatal_exit,48,0,|entity_exit_bullet_small|entityfximpacts|bullet_small_exit|impactsfxtable|t6_xpr50_up|weapon|zone_source/zm_parkour_nothing0.zone|csv
1959,fx,impacts/fx_bul_impact_robot_head_fatal_exit,45,0,|entity_exit_bullet_small|entityfximpacts|bullet_small_exit|impactsfxtable|t6_xpr50_up|weapon|zone_source/zm_parkour_nothing0.zone|csv
1960,fx,impacts/fx_bul_impact_robot_body_nonfatal_exit,48,0,|entity_exit_bullet_small|entityfximpacts|bullet_small_exit|impactsfxtable|t6_xpr50_up|weapon|zone_source/zm_parkour_nothing0.zone|csv
1961,fx,impacts/fx_bul_impact_robot_body_fatal_exit,45,0,|entity_exit_bullet_small|entityfximpacts|bullet_small_exit|impactsfxtable|t6_xpr50_up|weapon|zone_source/zm_parkour_nothing0.zone|csv
1962,fx,impacts/fx_bul_impact_boss_head_nonfatal_exit,47,0,|entity_exit_bullet_small|entityfximpacts|bullet_small_exit|impactsfxtable|t6_xpr50_up|weapon|zone_source/zm_parkour_nothing0.zone|csv
1963,fx,impacts/fx_bul_impact_boss_head_fatal_exit,44,0,|entity_exit_bullet_small|entityfximpacts|bullet_small_exit|impactsfxtable|t6_xpr50_up|weapon|zone_source/zm_parkour_nothing0.zone|csv
1964,fx,impacts/fx_bul_impact_boss_body_nonfatal_exit,47,0,|entity_exit_bullet_small|entityfximpacts|bullet_small_exit|impactsfxtable|t6_xpr50_up|weapon|zone_source/zm_parkour_nothing0.zone|csv
1965,fx,impacts/fx_bul_impact_boss_body_fatal_exit,44,0,|entity_exit_bullet_small|entityfximpacts|bullet_small_exit|impactsfxtable|t6_xpr50_up|weapon|zone_source/zm_parkour_nothing0.zone|csv
1966,entityfximpacts,entity_exit_bullet_small,26,0,|bullet_small_exit|impactsfxtable|t6_xpr50_up|weapon|zone_source/zm_parkour_nothing0.zone|csv
1967,impactsfxtable,bullet_small_exit,19,0,|t6_xpr50_up|weapon|zone_source/zm_parkour_nothing0.zone|csv
1968,surfacesounddef,surface_bullet_impact,23,0,|bullet_impact|impactsoundstable|t6_xpr50_up|weapon|zone_source/zm_parkour_nothing0.zone|csv
1969,entitysoundimpacts,entity_impact,15,0,|bullet_impact|impactsoundstable|t6_xpr50_up|weapon|zone_source/zm_parkour_nothing0.zone|csv
1970,entitysoundimpacts,victim_bullet,15,0,|bullet_impact|impactsoundstable|t6_xpr50_up|weapon|zone_source/zm_parkour_nothing0.zone|csv
1971,impactsoundstable,bullet_impact,15,0,|t6_xpr50_up|weapon|zone_source/zm_parkour_nothing0.zone|csv
1972,surfacesounddef,surface_bullet_exit,21,0,|bullet_exit|impactsoundstable|t6_xpr50_up|weapon|zone_source/zm_parkour_nothing0.zone|csv
1973,entitysoundimpacts,entity_exit,13,0,|bullet_exit|impactsoundstable|t6_xpr50_up|weapon|zone_source/zm_parkour_nothing0.zone|csv
1974,impactsoundstable,bullet_exit,13,0,|t6_xpr50_up|weapon|zone_source/zm_parkour_nothing0.zone|csv
1975,xanim,am_t6_ak47_idle,1600,0,|t6_ak47_up|weapon|zone_source/zm_parkour_nothing0.zone|csv
1976,xanim,am_t6_ak47_fire,2567,0,|t6_ak47_up|weapon|zone_source/zm_parkour_nothing0.zone|csv
1977,rumble,reload_large,14,0,|vm_ap9_gunbutt_swipe|xanim|t6_xpr50_up|weapon|zone_source/zm_parkour_nothing0.zone|csv
1978,xanim,vm_ap9_gunbutt_swipe,22,0,|t6_xpr50_up|weapon|zone_source/zm_parkour_nothing0.zone|csv
1979,xanim,am_t6_ak47_reload,22147,0,|t6_ak47_up|weapon|zone_source/zm_parkour_nothing0.zone|csv
1980,xanim,am_t6_ak47_reload_empty,29642,0,|t6_ak47_up|weapon|zone_source/zm_parkour_nothing0.zone|csv
1981,xanim,am_t6_ak47_pullout,8579,0,|t6_ak47_up|weapon|zone_source/zm_parkour_nothing0.zone|csv
1982,xanim,am_t6_ak47_first_raise,21924,0,|t6_ak47_up|weapon|zone_source/zm_parkour_nothing0.zone|csv
1983,xanim,am_t6_ak47_putaway,7213,0,|t6_ak47_up|weapon|zone_source/zm_parkour_nothing0.zone|csv
1984,xanim,vm_barehands_passive_ability_in,33,0,|t6_xpr50_up|weapon|zone_source/zm_parkour_nothing0.zone|csv
1985,xanim,vm_barehands_passive_ability_loop,35,0,|t6_xpr50_up|weapon|zone_source/zm_parkour_nothing0.zone|csv
1986,xanim,vm_barehands_passive_ability_out,34,0,|t6_xpr50_up|weapon|zone_source/zm_parkour_nothing0.zone|csv
1987,xanim,vm_barehands_passive_ability_use,34,0,|t6_xpr50_up|weapon|zone_source/zm_parkour_nothing0.zone|csv
1988,xanim,am_t6_ak47_sprint_in,3419,0,|t6_ak47_up|weapon|zone_source/zm_parkour_nothing0.zone|csv
1989,xanim,am_t6_ak47_sprint_loop,4862,0,|t6_ak47_up|weapon|zone_source/zm_parkour_nothing0.zone|csv
1990,xanim,am_t6_ak47_sprint_out,3198,0,|t6_ak47_up|weapon|zone_source/zm_parkour_nothing0.zone|csv
1991,xanim,am_t6_ak47_crawl_in,3661,0,|t6_ak47_up|weapon|zone_source/zm_parkour_nothing0.zone|csv
1992,xanim,am_t6_ak47_crawl_forward,5963,0,|t6_ak47_up|weapon|zone_source/zm_parkour_nothing0.zone|csv
1993,xanim,am_t6_ak47_crawl_back,5260,0,|t6_ak47_up|weapon|zone_source/zm_parkour_nothing0.zone|csv
1994,xanim,am_t6_ak47_crawl_right,5467,0,|t6_ak47_up|weapon|zone_source/zm_parkour_nothing0.zone|csv
1995,xanim,am_t6_ak47_crawl_left,5597,0,|t6_ak47_up|weapon|zone_source/zm_parkour_nothing0.zone|csv
1996,xanim,am_t6_ak47_crawl_out,3394,0,|t6_ak47_up|weapon|zone_source/zm_parkour_nothing0.zone|csv
1997,xanim,vm_bare_hands_mantle_wall_out,31,0,|t6_xpr50_up|weapon|zone_source/zm_parkour_nothing0.zone|csv
1998,xanim,vm_bare_hands_mantle_wall_out_low,35,0,|t6_xpr50_up|weapon|zone_source/zm_parkour_nothing0.zone|csv
1999,xanim,am_t6_ak47_ads_fire,2539,0,|t6_ak47_up|weapon|zone_source/zm_parkour_nothing0.zone|csv
2000,xanim,am_t6_ak47_slide_in,3356,0,|t6_ak47_up|weapon|zone_source/zm_parkour_nothing0.zone|csv
2001,xanim,am_t6_ak47_slide_air_in,2729,0,|t6_ak47_up|weapon|zone_source/zm_parkour_nothing0.zone|csv
2002,xanim,am_t6_ak47_slide_loop,1902,0,|t6_ak47_up|weapon|zone_source/zm_parkour_nothing0.zone|csv
2003,xanim,am_t6_ak47_slide_out,2915,0,|t6_ak47_up|weapon|zone_source/zm_parkour_nothing0.zone|csv
2004,xanim,vm_ap9_swim_from_land,23,0,|t6_xpr50_up|weapon|zone_source/zm_parkour_nothing0.zone|csv
2005,xanim,vm_ap9_swim_uw_idle,21,0,|t6_xpr50_up|weapon|zone_source/zm_parkour_nothing0.zone|csv
2006,xanim,vm_ap9_swim_to_land,21,0,|t6_xpr50_up|weapon|zone_source/zm_parkour_nothing0.zone|csv
2007,xanim,vm_ap9_idle,13,0,|t6_xpr50_up|weapon|zone_source/zm_parkour_nothing0.zone|csv
2008,xanim,vm_ap9_fire,13,0,|t6_xpr50_up|weapon|zone_source/zm_parkour_nothing0.zone|csv
2009,xanim,vm_ap9_fire_ads,17,0,|t6_xpr50_up|weapon|zone_source/zm_parkour_nothing0.zone|csv
2010,xanim,vm_ap9_swim_uw_in,19,0,|t6_xpr50_up|weapon|zone_source/zm_parkour_nothing0.zone|csv
2011,rumble,reload_small,14,0,|vm_ap9_swim_uw_r|xanim|t6_xpr50_up|weapon|zone_source/zm_parkour_nothing0.zone|csv
2012,xanim,vm_ap9_swim_uw_f,18,0,|t6_xpr50_up|weapon|zone_source/zm_parkour_nothing0.zone|csv
2013,xanim,vm_ap9_swim_uw_b,18,0,|t6_xpr50_up|weapon|zone_source/zm_parkour_nothing0.zone|csv
2014,xanim,vm_ap9_swim_uw_l,18,0,|t6_xpr50_up|weapon|zone_source/zm_parkour_nothing0.zone|csv
2015,xanim,vm_ap9_swim_uw_r,18,0,|t6_xpr50_up|weapon|zone_source/zm_parkour_nothing0.zone|csv
2016,xanim,vm_ap9_swim_uw_out,20,0,|t6_xpr50_up|weapon|zone_source/zm_parkour_nothing0.zone|csv
2017,xanim,vm_ap9_swim_uw_sprint_in,26,0,|t6_xpr50_up|weapon|zone_source/zm_parkour_nothing0.zone|csv
2018,xanim,vm_bare_hands_swim_uw_sprint_loop,35,0,|t6_xpr50_up|weapon|zone_source/zm_parkour_nothing0.zone|csv
2019,xanim,vm_bare_hands_swim_tw_sprint_loop,35,0,|t6_xpr50_up|weapon|zone_source/zm_parkour_nothing0.zone|csv
2020,xanim,vm_ap9_swim_uw_sprint_out,27,0,|t6_xpr50_up|weapon|zone_source/zm_parkour_nothing0.zone|csv
2021,xanim,vm_ap9_swim_uw_pullout,24,0,|t6_xpr50_up|weapon|zone_source/zm_parkour_nothing0.zone|csv
2022,xanim,vm_ap9_swim_uw_putaway,24,0,|t6_xpr50_up|weapon|zone_source/zm_parkour_nothing0.zone|csv
2023,xanim,am_t6_ak47_ads_up,226,0,|t6_ak47_up|weapon|zone_source/zm_parkour_nothing0.zone|csv
2024,xanim,am_t6_ak47_ads_down,178,0,|t6_ak47_up|weapon|zone_source/zm_parkour_nothing0.zone|csv
2025,xanim,vm_ap9_jump,13,0,|t6_xpr50_up|weapon|zone_source/zm_parkour_nothing0.zone|csv
2026,xanim,vm_ap9_jump_land,18,0,|t6_xpr50_up|weapon|zone_source/zm_parkour_nothing0.zone|csv
2027,xanim,vm_ap9_fall,13,0,|t6_xpr50_up|weapon|zone_source/zm_parkour_nothing0.zone|csv
2028,xanim,vm_ap9_walk_f,15,0,|t6_xpr50_up|weapon|zone_source/zm_parkour_nothing0.zone|csv
2029,image,reticle_side_small,20,0,|t6_xpr50_up|weapon|zone_source/zm_parkour_nothing0.zone|csv
2030,image,hud_mp_firerate_auto,22,0,|t6_xpr50_up|weapon|zone_source/zm_parkour_nothing0.zone|csv
2031,weapon,t6_ak47,8646,0,|zone_source/zm_parkour_nothing0.zone|csv
2032,fx,zombie/fx_muz_md_rifle_1p_ug_zmb,34,0,|t6_xpr50_up|weapon|zone_source/zm_parkour_nothing0.zone|csv
2033,fx,zombie/fx_muz_md_rifle_3p_ug_zmb,34,0,|t6_xpr50_up|weapon|zone_source/zm_parkour_nothing0.zone|csv
2034,material,mc/mtl_t7_camo_loot_artofwar_animation,40,0,|t6_camo_xpr50_table|weaponcamo|t6_xpr50_up|weapon|zone_source/zm_parkour_nothing0.zone|csv
2035,material,mc/mtl_t7_camo_loot_chameleon_shiny,37,0,|t6_camo_xpr50_table|weaponcamo|t6_xpr50_up|weapon|zone_source/zm_parkour_nothing0.zone|csv
2036,material,mc/mtl_t7_camo_loot_chameleon_emissive,40,0,|t6_camo_xpr50_table|weaponcamo|t6_xpr50_up|weapon|zone_source/zm_parkour_nothing0.zone|csv
2037,material,mc/mtl_t7_camo_huntsman,25,0,|t6_camo_xpr50_table|weaponcamo|t6_xpr50_up|weapon|zone_source/zm_parkour_nothing0.zone|csv
2038,material,mc/mtl_t7_camo_integer,24,0,|t6_camo_xpr50_table|weaponcamo|t6_xpr50_up|weapon|zone_source/zm_parkour_nothing0.zone|csv
2039,material,mc/mtl_wpn_t7_camo_gold,25,0,|t6_camo_xpr50_table|weaponcamo|t6_xpr50_up|weapon|zone_source/zm_parkour_nothing0.zone|csv
2040,material,mc/mtl_wpn_t7_camo_red_anodized_hex,37,0,|t6_camo_xpr50_table|weaponcamo|t6_xpr50_up|weapon|zone_source/zm_parkour_nothing0.zone|csv
2041,material,mc/mtl_t7_camo_jungletek,26,0,|t6_camo_xpr50_table|weaponcamo|t6_xpr50_up|weapon|zone_source/zm_parkour_nothing0.zone|csv
2042,material,mc/mtl_wpn_t7_camo_war_torn_epic,34,0,|t6_camo_xpr50_table|weaponcamo|t6_xpr50_up|weapon|zone_source/zm_parkour_nothing0.zone|csv
2043,material,mc/mtl_wpn_t7_camo_etching,28,0,|t6_camo_xpr50_table|weaponcamo|t6_xpr50_up|weapon|zone_source/zm_parkour_nothing0.zone|csv
2044,material,mc/mtl_t7_camo_loyalty_prestige,33,0,|t6_camo_xpr50_table|weaponcamo|t6_xpr50_up|weapon|zone_source/zm_parkour_nothing0.zone|csv
2045,material,mc/mtl_t7_camo_loot_dante_emissive,36,0,|t6_camo_xpr50_table|weaponcamo|t6_xpr50_up|weapon|zone_source/zm_parkour_nothing0.zone|csv
2046,material,mc/mtl_t7_camo_chameleon_dark,31,0,|t6_camo_xpr50_table|weaponcamo|t6_xpr50_up|weapon|zone_source/zm_parkour_nothing0.zone|csv
2047,material,mc/mtl_t7_camo_mindful,24,0,|t6_camo_xpr50_table|weaponcamo|t6_xpr50_up|weapon|zone_source/zm_parkour_nothing0.zone|csv
2048,material,mc/mtl_t7_camo_loot_integer_purple,36,0,|t6_camo_xpr50_table|weaponcamo|t6_xpr50_up|weapon|zone_source/zm_parkour_nothing0.zone|csv
2049,material,mc/mtl_t7_camo_chameleon,26,0,|t6_camo_xpr50_table|weaponcamo|t6_xpr50_up|weapon|zone_source/zm_parkour_nothing0.zone|csv
2050,material,mc/mtl_t7_camo_ce_bo3,23,0,|t6_camo_xpr50_table|weaponcamo|t6_xpr50_up|weapon|zone_source/zm_parkour_nothing0.zone|csv
2051,material,mc/mtl_t7_camo_loot_integer_emissive,38,0,|t6_camo_xpr50_table|weaponcamo|t6_xpr50_up|weapon|zone_source/zm_parkour_nothing0.zone|csv
2052,material,mc/mtl_t7_camo_bliss,22,0,|t6_camo_xpr50_table|weaponcamo|t6_xpr50_up|weapon|zone_source/zm_parkour_nothing0.zone|csv
2053,material,mc/mtl_t7_camo_ce_115_alt,27,0,|t6_camo_xpr50_table|weaponcamo|t6_xpr50_up|weapon|zone_source/zm_parkour_nothing0.zone|csv
2054,material,mc/mtl_t7_camo_loot_ardent_emissive,37,0,|t6_camo_xpr50_table|weaponcamo|t6_xpr50_up|weapon|zone_source/zm_parkour_nothing0.zone|csv
2055,material,mc/mtl_t7_camo_artofwar_battle,32,0,|t6_camo_xpr50_table|weaponcamo|t6_xpr50_up|weapon|zone_source/zm_parkour_nothing0.zone|csv
2056,material,mc/mtl_t7_camo_ce_cyborg,26,0,|t6_camo_xpr50_table|weaponcamo|t6_xpr50_up|weapon|zone_source/zm_parkour_nothing0.zone|csv
2057,material,mc/mtl_t7_camo_loot_burnt_shiny,33,0,|t6_camo_xpr50_table|weaponcamo|t6_xpr50_up|weapon|zone_source/zm_parkour_nothing0.zone|csv
2058,material,mc/mtl_t7_camo_loot_jungle_earth,34,0,|t6_camo_xpr50_table|weaponcamo|t6_xpr50_up|weapon|zone_source/zm_parkour_nothing0.zone|csv
2059,material,mc/mtl_t7_camo_loot_artofwar_goldink,38,0,|t6_camo_xpr50_table|weaponcamo|t6_xpr50_up|weapon|zone_source/zm_parkour_nothing0.zone|csv
2060,material,mc/mtl_t7_camo_loot_jungle_cat,32,0,|t6_camo_xpr50_table|weaponcamo|t6_xpr50_up|weapon|zone_source/zm_parkour_nothing0.zone|csv
2061,material,mc/mtl_t7_camo_nuketown,25,0,|t6_camo_xpr50_table|weaponcamo|t6_xpr50_up|weapon|zone_source/zm_parkour_nothing0.zone|csv
2062,material,mc/mtl_t7_camo_loot_artofwar_gem,34,0,|t6_camo_xpr50_table|weaponcamo|t6_xpr50_up|weapon|zone_source/zm_parkour_nothing0.zone|csv
2063,material,mc/mtl_t7_camo_loot_jungle_emissive,37,0,|t6_camo_xpr50_table|weaponcamo|t6_xpr50_up|weapon|zone_source/zm_parkour_nothing0.zone|csv
2064,material,mc/mtl_t7_camo_ashcraft,25,0,|t6_camo_xpr50_table|weaponcamo|t6_xpr50_up|weapon|zone_source/zm_parkour_nothing0.zone|csv
2065,material,mc/mtl_wpn_t7_camo_transgression,34,0,|t6_camo_xpr50_table|weaponcamo|t6_xpr50_up|weapon|zone_source/zm_parkour_nothing0.zone|csv
2066,material,mc/mtl_t7_camo_loyalty,24,0,|t6_camo_xpr50_table|weaponcamo|t6_xpr50_up|weapon|zone_source/zm_parkour_nothing0.zone|csv
2067,material,mc/mtl_t7_camo_burnt,22,0,|t6_camo_xpr50_table|weaponcamo|t6_xpr50_up|weapon|zone_source/zm_parkour_nothing0.zone|csv
2068,material,mc/mtl_t7_camo_snowblo,24,0,|t6_camo_xpr50_table|weaponcamo|t6_xpr50_up|weapon|zone_source/zm_parkour_nothing0.zone|csv
2069,material,mc/mtl_t7_camo_contagious,27,0,|t6_camo_xpr50_table|weaponcamo|t6_xpr50_up|weapon|zone_source/zm_parkour_nothing0.zone|csv
2070,material,mc/mtl_t7_camo_speed6,23,0,|t6_camo_xpr50_table|weaponcamo|t6_xpr50_up|weapon|zone_source/zm_parkour_nothing0.zone|csv
2071,material,mc/mtl_t7_camo_dante,22,0,|t6_camo_xpr50_table|weaponcamo|t6_xpr50_up|weapon|zone_source/zm_parkour_nothing0.zone|csv
2072,material,mc/mtl_t7_camo_loot_scorch_contrast,37,0,|t6_camo_xpr50_table|weaponcamo|t6_xpr50_up|weapon|zone_source/zm_parkour_nothing0.zone|csv
2073,material,mc/mtl_t7_camo_cj_take_out,28,0,|t6_camo_xpr50_table|weaponcamo|t6_xpr50_up|weapon|zone_source/zm_parkour_nothing0.zone|csv
2074,material,mc/mtl_t7_camo_fear,21,0,|t6_camo_xpr50_table|weaponcamo|t6_xpr50_up|weapon|zone_source/zm_parkour_nothing0.zone|csv
2075,material,mc/mtl_t7_camo_loot_scorch_green,34,0,|t6_camo_xpr50_table|weaponcamo|t6_xpr50_up|weapon|zone_source/zm_parkour_nothing0.zone|csv
2076,material,mc/mtl_t7_camo_ice_epic,25,0,|t6_camo_xpr50_table|weaponcamo|t6_xpr50_up|weapon|zone_source/zm_parkour_nothing0.zone|csv
2077,material,mc/mtl_t7_camo_flecktarn,26,0,|t6_camo_xpr50_table|weaponcamo|t6_xpr50_up|weapon|zone_source/zm_parkour_nothing0.zone|csv
2078,material,mc/mtl_t7_camo_loot_scorch_emissive,37,0,|t6_camo_xpr50_table|weaponcamo|t6_xpr50_up|weapon|zone_source/zm_parkour_nothing0.zone|csv
2079,material,mc/mtl_t7_camo_underadar,26,0,|t6_camo_xpr50_table|weaponcamo|t6_xpr50_up|weapon|zone_source/zm_parkour_nothing0.zone|csv
2080,material,mc/mtl_t7_camo_loot_heatstroke_red,36,0,|t6_camo_xpr50_table|weaponcamo|t6_xpr50_up|weapon|zone_source/zm_parkour_nothing0.zone|csv
2081,material,mc/mtl_t7_camo_storm,22,0,|t6_camo_xpr50_table|weaponcamo|t6_xpr50_up|weapon|zone_source/zm_parkour_nothing0.zone|csv
2082,material,mc/mtl_t7_camo_loot_flecktarn_purple,38,0,|t6_camo_xpr50_table|weaponcamo|t6_xpr50_up|weapon|zone_source/zm_parkour_nothing0.zone|csv
2083,material,mc/mtl_t7_camo_urban,22,0,|t6_camo_xpr50_table|weaponcamo|t6_xpr50_up|weapon|zone_source/zm_parkour_nothing0.zone|csv
2084,material,mc/mtl_t7_camo_loot_heatstroke_emissive,41,0,|t6_camo_xpr50_table|weaponcamo|t6_xpr50_up|weapon|zone_source/zm_parkour_nothing0.zone|csv
2085,material,mc/mtl_t7_camo_heatstroke,27,0,|t6_camo_xpr50_table|weaponcamo|t6_xpr50_up|weapon|zone_source/zm_parkour_nothing0.zone|csv
2086,material,mc/mtl_t7_camo_loot_flecktarn_stealth,39,0,|t6_camo_xpr50_table|weaponcamo|t6_xpr50_up|weapon|zone_source/zm_parkour_nothing0.zone|csv
2087,material,mc/mtl_t7_camo_vintage,24,0,|t6_camo_xpr50_table|weaponcamo|t6_xpr50_up|weapon|zone_source/zm_parkour_nothing0.zone|csv
2088,material,mc/mtl_wpn_t7_camo_zm_dlc2_pap06,34,0,|t6_camo_xpr50_table|weaponcamo|t6_xpr50_up|weapon|zone_source/zm_parkour_nothing0.zone|csv
2089,material,mc/mtl_t7_camo_loot_flecktarn_emissive,40,0,|t6_camo_xpr50_table|weaponcamo|t6_xpr50_up|weapon|zone_source/zm_parkour_nothing0.zone|csv
2090,material,mc/mtl_wpn_t7_camo_ardent,27,0,|t6_camo_xpr50_table|weaponcamo|t6_xpr50_up|weapon|zone_source/zm_parkour_nothing0.zone|csv
2091,material,mc/mtl_t7_camo_walker,23,0,|t6_camo_xpr50_table|weaponcamo|t6_xpr50_up|weapon|zone_source/zm_parkour_nothing0.zone|csv
2092,material,mc/mtl_t7_camo_loot_flecktarn_shiny,37,0,|t6_camo_xpr50_table|weaponcamo|t6_xpr50_up|weapon|zone_source/zm_parkour_nothing0.zone|csv
2093,material,mc/mtl_t7_camo_diamond_inlay_test,35,0,|t6_camo_xpr50_table|weaponcamo|t6_xpr50_up|weapon|zone_source/zm_parkour_nothing0.zone|csv
2094,material,mc/mtl_t7_camo_wmd,20,0,|t6_camo_xpr50_table|weaponcamo|t6_xpr50_up|weapon|zone_source/zm_parkour_nothing0.zone|csv
2095,material,mc/mtl_t7_camo_loot_snowblo_green,35,0,|t6_camo_xpr50_table|weaponcamo|t6_xpr50_up|weapon|zone_source/zm_parkour_nothing0.zone|csv
2096,material,mc/mtl_t7_camo_arctic,23,0,|t6_camo_xpr50_table|weaponcamo|t6_xpr50_up|weapon|zone_source/zm_parkour_nothing0.zone|csv
2097,material,mc/mtl_t7_camo_loot_dante_crazy,33,0,|t6_camo_xpr50_table|weaponcamo|t6_xpr50_up|weapon|zone_source/zm_parkour_nothing0.zone|csv
2098,material,mc/mtl_t7_camo_jungle,23,0,|t6_camo_xpr50_table|weaponcamo|t6_xpr50_up|weapon|zone_source/zm_parkour_nothing0.zone|csv
2099,material,mc/mtl_t7_camo_loot_dante_hallucination,41,0,|t6_camo_xpr50_table|weaponcamo|t6_xpr50_up|weapon|zone_source/zm_parkour_nothing0.zone|csv
2100,material,mc/mtl_t7_camo_woodlums,25,0,|t6_camo_xpr50_table|weaponcamo|t6_xpr50_up|weapon|zone_source/zm_parkour_nothing0.zone|csv
2101,material,mc/mtl_t7_camo_zod_pap,24,0,|t6_camo_xpr50_table|weaponcamo|t6_xpr50_up|weapon|zone_source/zm_parkour_nothing0.zone|csv
2102,material,mc/mtl_wpn_t7_camo_darkmater_epic,35,0,|t6_camo_xpr50_table|weaponcamo|t6_xpr50_up|weapon|zone_source/zm_parkour_nothing0.zone|csv
2103,material,mc/mtl_t7_camo_sideways,25,0,|t6_camo_xpr50_table|weaponcamo|t6_xpr50_up|weapon|zone_source/zm_parkour_nothing0.zone|csv
2104,material,mc/mtl_t7_camo_crusader,25,0,|t6_camo_xpr50_table|weaponcamo|t6_xpr50_up|weapon|zone_source/zm_parkour_nothing0.zone|csv
2105,material,mc/mtl_t7_camo_ww3,20,0,|t6_camo_xpr50_table|weaponcamo|t6_xpr50_up|weapon|zone_source/zm_parkour_nothing0.zone|csv
2106,material,mc/mtl_t7_camo_ce_115,23,0,|t6_camo_xpr50_table|weaponcamo|t6_xpr50_up|weapon|zone_source/zm_parkour_nothing0.zone|csv
2107,material,mc/mtl_wpn_t7_camo_cwl,24,0,|t6_camo_xpr50_table|weaponcamo|t6_xpr50_up|weapon|zone_source/zm_parkour_nothing0.zone|csv
2108,material,mc/mtl_wpn_t7_camo_codcwl_anz_mindfreak,41,0,|t6_camo_xpr50_table|weaponcamo|t6_xpr50_up|weapon|zone_source/zm_parkour_nothing0.zone|csv
2109,material,mc/mtl_wpn_t7_camo_codcwl_anz_nv,34,0,|t6_camo_xpr50_table|weaponcamo|t6_xpr50_up|weapon|zone_source/zm_parkour_nothing0.zone|csv
2110,material,mc/mtl_wpn_t7_camo_codcwl_anz_orbit,37,0,|t6_camo_xpr50_table|weaponcamo|t6_xpr50_up|weapon|zone_source/zm_parkour_nothing0.zone|csv
2111,material,mc/mtl_wpn_t7_camo_codcwl_anz_tainted_minds,45,0,|t6_camo_xpr50_table|weaponcamo|t6_xpr50_up|weapon|zone_source/zm_parkour_nothing0.zone|csv
2112,material,mc/mtl_wpn_t7_camo_codcwl_na_optic_gaming,43,0,|t6_camo_xpr50_table|weaponcamo|t6_xpr50_up|weapon|zone_source/zm_parkour_nothing0.zone|csv
2113,material,mc/mtl_wpn_t7_camo_codcwl_eu_epsilon,38,0,|t6_camo_xpr50_table|weaponcamo|t6_xpr50_up|weapon|zone_source/zm_parkour_nothing0.zone|csv
2114,material,mc/mtl_wpn_t7_camo_codcwl_na_rise_nation,42,0,|t6_camo_xpr50_table|weaponcamo|t6_xpr50_up|weapon|zone_source/zm_parkour_nothing0.zone|csv
2115,material,mc/mtl_t7_camo_loot_contract,30,0,|t6_camo_xpr50_table|weaponcamo|t6_xpr50_up|weapon|zone_source/zm_parkour_nothing0.zone|csv
2116,material,mc/mtl_t7_camo_loot_contract_crystals,39,0,|t6_camo_xpr50_table|weaponcamo|t6_xpr50_up|weapon|zone_source/zm_parkour_nothing0.zone|csv
2117,material,mc/mtl_wpn_t7_camo_codcwl_eu_infused,38,0,|t6_camo_xpr50_table|weaponcamo|t6_xpr50_up|weapon|zone_source/zm_parkour_nothing0.zone|csv
2118,material,mc/mtl_wpn_t7_camo_dlc3_pap_base,34,0,|t6_camo_xpr50_table|weaponcamo|t6_xpr50_up|weapon|zone_source/zm_parkour_nothing0.zone|csv
2119,material,mc/mtl_wpn_t7_camo_dlc3_pap_01,32,0,|t6_camo_xpr50_table|weaponcamo|t6_xpr50_up|weapon|zone_source/zm_parkour_nothing0.zone|csv
2120,material,mc/mtl_wpn_t7_camo_dlc3_pap_02,32,0,|t6_camo_xpr50_table|weaponcamo|t6_xpr50_up|weapon|zone_source/zm_parkour_nothing0.zone|csv
2121,material,mc/mtl_wpn_t7_camo_codcwl_eu_ldlc,35,0,|t6_camo_xpr50_table|weaponcamo|t6_xpr50_up|weapon|zone_source/zm_parkour_nothing0.zone|csv
2122,material,mc/mtl_wpn_t7_camo_dlc3_pap_03,32,0,|t6_camo_xpr50_table|weaponcamo|t6_xpr50_up|weapon|zone_source/zm_parkour_nothing0.zone|csv
2123,material,mc/mtl_wpn_t7_camo_codcwl_eu_millenium,40,0,|t6_camo_xpr50_table|weaponcamo|t6_xpr50_up|weapon|zone_source/zm_parkour_nothing0.zone|csv
2124,material,mc/mtl_wpn_t7_camo_dlc3_pap_04,32,0,|t6_camo_xpr50_table|weaponcamo|t6_xpr50_up|weapon|zone_source/zm_parkour_nothing0.zone|csv
2125,material,mc/mtl_wpn_t7_camo_codcwl_eu_splyce,37,0,|t6_camo_xpr50_table|weaponcamo|t6_xpr50_up|weapon|zone_source/zm_parkour_nothing0.zone|csv
2126,material,mc/mtl_wpn_t7_camo_codxp,26,0,|t6_camo_xpr50_table|weaponcamo|t6_xpr50_up|weapon|zone_source/zm_parkour_nothing0.zone|csv
2127,material,mc/mtl_wpn_t7_camo_codcwl_eu_supremacy,40,0,|t6_camo_xpr50_table|weaponcamo|t6_xpr50_up|weapon|zone_source/zm_parkour_nothing0.zone|csv
2128,material,mc/mtl_wpn_t7_camo_codcwl_na_cloud_9,38,0,|t6_camo_xpr50_table|weaponcamo|t6_xpr50_up|weapon|zone_source/zm_parkour_nothing0.zone|csv
2129,material,mc/mtl_wpn_t7_camo_codcwl_anz_excellence,42,0,|t6_camo_xpr50_table|weaponcamo|t6_xpr50_up|weapon|zone_source/zm_parkour_nothing0.zone|csv
2130,material,mc/mtl_wpn_t7_camo_codcwl_na_elevate,38,0,|t6_camo_xpr50_table|weaponcamo|t6_xpr50_up|weapon|zone_source/zm_parkour_nothing0.zone|csv
2131,material,mc/mtl_wpn_t7_camo_zm_dlc2_pap01,34,0,|t6_camo_xpr50_table|weaponcamo|t6_xpr50_up|weapon|zone_source/zm_parkour_nothing0.zone|csv
2132,material,mc/mtl_wpn_t7_camo_codcwl_na_envyus,37,0,|t6_camo_xpr50_table|weaponcamo|t6_xpr50_up|weapon|zone_source/zm_parkour_nothing0.zone|csv
2133,material,mc/mtl_wpn_t7_camo_zm_dlc2_pap02,34,0,|t6_camo_xpr50_table|weaponcamo|t6_xpr50_up|weapon|zone_source/zm_parkour_nothing0.zone|csv
2134,material,mc/mtl_wpn_t7_camo_codcwl_na_faze,35,0,|t6_camo_xpr50_table|weaponcamo|t6_xpr50_up|weapon|zone_source/zm_parkour_nothing0.zone|csv
2135,material,mc/mtl_wpn_t7_camo_zm_dlc2_pap03,34,0,|t6_camo_xpr50_table|weaponcamo|t6_xpr50_up|weapon|zone_source/zm_parkour_nothing0.zone|csv
2136,material,mc/mtl_wpn_t7_camo_zm_dlc2_pap04,34,0,|t6_camo_xpr50_table|weaponcamo|t6_xpr50_up|weapon|zone_source/zm_parkour_nothing0.zone|csv
2137,material,mc/mtl_wpn_t7_camo_zm_dlc2_pap05,34,0,|t6_camo_xpr50_table|weaponcamo|t6_xpr50_up|weapon|zone_source/zm_parkour_nothing0.zone|csv
2138,material,mc/mtl_wpn_t7_camo_pap_island,31,0,|t6_camo_xpr50_table|weaponcamo|t6_xpr50_up|weapon|zone_source/zm_parkour_nothing0.zone|csv
2139,material,mc/mtl_t7_camo_loot_nightmare,31,0,|t6_camo_xpr50_table|weaponcamo|t6_xpr50_up|weapon|zone_source/zm_parkour_nothing0.zone|csv
2140,material,mc/mtl_t7_camo_loot_section9,30,0,|t6_camo_xpr50_table|weaponcamo|t6_xpr50_up|weapon|zone_source/zm_parkour_nothing0.zone|csv
2141,material,mc/mtl_t7_camo_pap_dlc4_01,28,0,|t6_camo_xpr50_table|weaponcamo|t6_xpr50_up|weapon|zone_source/zm_parkour_nothing0.zone|csv
2142,material,mc/mtl_t7_camo_pap_dlc4_02,28,0,|t6_camo_xpr50_table|weaponcamo|t6_xpr50_up|weapon|zone_source/zm_parkour_nothing0.zone|csv
2143,material,mc/mtl_t7_camo_pap_dlc4_03,28,0,|t6_camo_xpr50_table|weaponcamo|t6_xpr50_up|weapon|zone_source/zm_parkour_nothing0.zone|csv
2144,material,mc/mtl_t7_camo_pap_dlc4_04,28,0,|t6_camo_xpr50_table|weaponcamo|t6_xpr50_up|weapon|zone_source/zm_parkour_nothing0.zone|csv
2145,material,mc/mtl_t7_camo_pap_dlc4_05,28,0,|t6_camo_xpr50_table|weaponcamo|t6_xpr50_up|weapon|zone_source/zm_parkour_nothing0.zone|csv
2146,material,mc/mtl_t7_camo_loot_lucid_emissive,36,0,|t6_camo_xpr50_table|weaponcamo|t6_xpr50_up|weapon|zone_source/zm_parkour_nothing0.zone|csv
2147,material,mc/mtl_origins_camo_alt,25,0,|t6_camo_xpr50_table|weaponcamo|t6_xpr50_up|weapon|zone_source/zm_parkour_nothing0.zone|csv
2148,material,mc/mtl_t7_camo_loot_patricks_03,33,0,|t6_camo_xpr50_table|weaponcamo|t6_xpr50_up|weapon|zone_source/zm_parkour_nothing0.zone|csv
2149,material,mc/mtl_t7_camo_zmbhd_bo1_pap,30,0,|t6_camo_xpr50_table|weaponcamo|t6_xpr50_up|weapon|zone_source/zm_parkour_nothing0.zone|csv
2150,material,mc/mtl_t7_camo_ce_zmbhd_115,29,0,|t6_camo_xpr50_table|weaponcamo|t6_xpr50_up|weapon|zone_source/zm_parkour_nothing0.zone|csv
2151,material,mc/mtl_t7_camo_summertime_cherry_fizz,39,0,|t6_camo_xpr50_table|weaponcamo|t6_xpr50_up|weapon|zone_source/zm_parkour_nothing0.zone|csv
2152,material,mc/mtl_t7_camo_vip_bubbles,28,0,|t6_camo_xpr50_table|weaponcamo|t6_xpr50_up|weapon|zone_source/zm_parkour_nothing0.zone|csv
2153,material,mc/mtl_t7_camo_loot_patricks_alt_01,37,0,|t6_camo_xpr50_table|weaponcamo|t6_xpr50_up|weapon|zone_source/zm_parkour_nothing0.zone|csv
2154,material,mc/mtl_t7_camo_ce_zmbhd_115_alt,33,0,|t6_camo_xpr50_table|weaponcamo|t6_xpr50_up|weapon|zone_source/zm_parkour_nothing0.zone|csv
2155,image,i_c_t7_reaper_body2_detail_map_n,34,0,|t6_camo_xpr50_table|weaponcamo|t6_xpr50_up|weapon|zone_source/zm_parkour_nothing0.zone|csv
2156,weaponcamo,t6_camo_ak47_table,80554,0,|t6_ak47_up|weapon|zone_source/zm_parkour_nothing0.zone|csv
2157,weapon,t6_ak47_up,6117,0,|zone_source/zm_parkour_nothing0.zone|csv
2158,image,i_t6_wpn_smg_ak74u_camo1_o,283,180264,|mc/mtl_t6_wpn_smg_ak74u_camo1|material|t6_camo_ak74u_table|weaponcamo|t6_ak74u_up|weapon|zone_source/zm_parkour_nothing0.zone|csv
2159,image,i_t6_wpn_smg_ak74u_camo1_n,291,1419960,|mc/mtl_t6_wpn_smg_ak74u_camo1|material|t6_camo_ak74u_table|weaponcamo|t6_ak74u_up|weapon|zone_source/zm_parkour_nothing0.zone|csv
2160,image,i_t6_wpn_smg_ak74u_camo1_g,275,742728,|mc/mtl_t6_wpn_smg_ak74u_camo1|material|t6_camo_ak74u_table|weaponcamo|t6_ak74u_up|weapon|zone_source/zm_parkour_nothing0.zone|csv
2161,image,i_t6_wpn_smg_ak74u_camo1_r,283,720896,|t6_camo_ak74u_table|weaponcamo|t6_ak74u_up|weapon|zone_source/zm_parkour_nothing0.zone|csv
2162,image,i_t6_wpn_smg_ak74u_camo1_c,291,1419960,|mc/mtl_t6_wpn_smg_ak74u_camo1|material|t6_camo_ak74u_table|weaponcamo|t6_ak74u_up|weapon|zone_source/zm_parkour_nothing0.zone|csv
2163,image,i_t6_wpn_smg_ak74u_camo1_s,275,742728,|mc/mtl_t6_wpn_smg_ak74u_camo1|material|t6_camo_ak74u_table|weaponcamo|t6_ak74u_up|weapon|zone_source/zm_parkour_nothing0.zone|csv
2164,material,mc/mtl_t6_wpn_smg_ak74u_camo1,1129,0,|t6_camo_ak74u_table|weaponcamo|t6_ak74u_up|weapon|zone_source/zm_parkour_nothing0.zone|csv
2165,xmodelmesh,vm_t6_ak74u74947c48,368,132264,|vm_t6_ak74u|xmodel|t6_ak74u_up|weapon|zone_source/zm_parkour_nothing0.zone|csv
2166,xmodel,vm_t6_ak74u,564,0,|t6_ak74u_up|weapon|zone_source/zm_parkour_nothing0.zone|csv
2167,xmodelmesh,wpn_h1_shell_545x39_npc15f6dc78,224,4704,|wpn_h1_shell_545x39_npc|xmodel|_scobalula/shellejects/mwr/h1_shell_eject_545x39_rest|fx|_scobalula/shellejects/mwr/h1_shell_eject_545x39|fx|t6_an94_up|weapon|zone_source/zm_parkour_nothing0.zone|csv
2168,xmodel,wpn_h1_shell_545x39_npc,148,0,|_scobalula/shellejects/mwr/h1_shell_eject_545x39_rest|fx|_scobalula/shellejects/mwr/h1_shell_eject_545x39|fx|t6_an94_up|weapon|zone_source/zm_parkour_nothing0.zone|csv
2169,fx,_scobalula/shellejects/mwr/h1_shell_eject_545x39_rest,664,0,|_scobalula/shellejects/mwr/h1_shell_eject_545x39|fx|t6_an94_up|weapon|zone_source/zm_parkour_nothing0.zone|csv
2170,fx,_scobalula/shellejects/mwr/h1_shell_eject_545x39,1272,0,|t6_an94_up|weapon|zone_source/zm_parkour_nothing0.zone|csv
2171,xmodelmesh,wm_t6_ak74ud9d9d76a,448,58864,|wm_t6_ak74u|xmodel|t6_ak74u_up|weapon|zone_source/zm_parkour_nothing0.zone|csv
2172,xmodel,wm_t6_ak74u,476,0,|t6_ak74u_up|weapon|zone_source/zm_parkour_nothing0.zone|csv
2173,xanim,am_t6_ak74u_idle,1596,0,|t6_ak74u_up|weapon|zone_source/zm_parkour_nothing0.zone|csv
2174,xanim,am_t6_ak74u_fire,2471,0,|t6_ak74u_up|weapon|zone_source/zm_parkour_nothing0.zone|csv
2175,xanim,am_t6_ak74u_reload,21994,0,|t6_ak74u_up|weapon|zone_source/zm_parkour_nothing0.zone|csv
2176,xanim,am_t6_ak74u_reload_empty,28225,0,|t6_ak74u_up|weapon|zone_source/zm_parkour_nothing0.zone|csv
2177,xanim,am_t6_ak74u_pullout,8546,0,|t6_ak74u_up|weapon|zone_source/zm_parkour_nothing0.zone|csv
2178,xanim,am_t6_ak74u_first_raise,22291,0,|t6_ak74u_up|weapon|zone_source/zm_parkour_nothing0.zone|csv
2179,xanim,am_t6_ak74u_putaway,7253,0,|t6_ak74u_up|weapon|zone_source/zm_parkour_nothing0.zone|csv
2180,xanim,am_t6_ak74u_sprint_in,3447,0,|t6_ak74u_up|weapon|zone_source/zm_parkour_nothing0.zone|csv
2181,xanim,am_t6_ak74u_sprint_loop,4838,0,|t6_ak74u_up|weapon|zone_source/zm_parkour_nothing0.zone|csv
2182,xanim,am_t6_ak74u_sprint_out,3194,0,|t6_ak74u_up|weapon|zone_source/zm_parkour_nothing0.zone|csv
2183,xanim,am_t6_ak74u_crawl_in,3677,0,|t6_ak74u_up|weapon|zone_source/zm_parkour_nothing0.zone|csv
2184,xanim,am_t6_ak74u_crawl_forward,5983,0,|t6_ak74u_up|weapon|zone_source/zm_parkour_nothing0.zone|csv
2185,xanim,am_t6_ak74u_crawl_back,5272,0,|t6_ak74u_up|weapon|zone_source/zm_parkour_nothing0.zone|csv
2186,xanim,am_t6_ak74u_crawl_right,5523,0,|t6_ak74u_up|weapon|zone_source/zm_parkour_nothing0.zone|csv
2187,xanim,am_t6_ak74u_crawl_left,5609,0,|t6_ak74u_up|weapon|zone_source/zm_parkour_nothing0.zone|csv
2188,xanim,am_t6_ak74u_crawl_out,3422,0,|t6_ak74u_up|weapon|zone_source/zm_parkour_nothing0.zone|csv
2189,xanim,am_t6_ak74u_ads_fire,2589,0,|t6_ak74u_up|weapon|zone_source/zm_parkour_nothing0.zone|csv
2190,xanim,am_t6_ak74u_slide_in,3327,0,|t6_ak74u_up|weapon|zone_source/zm_parkour_nothing0.zone|csv
2191,xanim,am_t6_ak74u_slide_air_in,3126,0,|t6_ak74u_up|weapon|zone_source/zm_parkour_nothing0.zone|csv
2192,xanim,am_t6_ak74u_slide_loop,1950,0,|t6_ak74u_up|weapon|zone_source/zm_parkour_nothing0.zone|csv
2193,xanim,am_t6_ak74u_slide_out,2992,0,|t6_ak74u_up|weapon|zone_source/zm_parkour_nothing0.zone|csv
2194,xanim,am_t6_ak74u_ads_up,224,0,|t6_ak74u|weapon|zone_source/zm_parkour_nothing0.zone|csv
2195,xanim,am_t6_ak74u_ads_down,189,0,|t6_ak74u|weapon|zone_source/zm_parkour_nothing0.zone|csv
2196,weapon,t6_ak74u,7754,0,|zone_source/zm_parkour_nothing0.zone|csv
2197,image,i_t6_attach_optic_kobra_o,282,66312,|mc/mtl_t6_attach_optic_kobra|material|wm_t6_kobra|xmodel|t6_ak74u_up|weapon|zone_source/zm_parkour_nothing0.zone|csv
2198,image,i_t6_attach_optic_kobra_n,290,371384,|mc/mtl_t6_attach_optic_kobra|material|wm_t6_kobra|xmodel|t6_ak74u_up|weapon|zone_source/zm_parkour_nothing0.zone|csv
2199,image,i_t6_attach_optic_kobra_g,274,218440,|mc/mtl_t6_attach_optic_kobra|material|wm_t6_kobra|xmodel|t6_ak74u_up|weapon|zone_source/zm_parkour_nothing0.zone|csv
2200,image,i_t6_attach_optic_kobra_c,290,371384,|mc/mtl_t6_attach_optic_kobra|material|wm_t6_kobra|xmodel|t6_ak74u_up|weapon|zone_source/zm_parkour_nothing0.zone|csv
2201,image,i_t6_attach_optic_kobra_s,274,218440,|mc/mtl_t6_attach_optic_kobra|material|wm_t6_kobra|xmodel|t6_ak74u_up|weapon|zone_source/zm_parkour_nothing0.zone|csv
2202,material,mc/mtl_t6_attach_optic_kobra,1126,0,|wm_t6_kobra|xmodel|t6_ak74u_up|weapon|zone_source/zm_parkour_nothing0.zone|csv
2203,techset,mc/lit_transparent_advanced_fullspec#e6142445,47,0,|mc/mtl_t6_attach_optic_m32_lens|material|vm_t6_war_machine_ads_scope|xmodel|t6_war_machine_up|weapon|zone_source/zm_parkour_nothing0.zone|csv
2204,image,i_t6_attach_optic_reflex_lens_o,3024,0,|mc/mtl_t6_attach_optic_reflex_lens|material|vm_t6_titus6_up|xmodel|t6_titus6_shotty_up_zm|weapon|zone_source/zm_parkour_nothing0.zone|csv
2205,image,i_t6_attach_optic_reflex_lens_n,5592,0,|mc/mtl_t6_attach_optic_reflex_lens|material|vm_t6_titus6_up|xmodel|t6_titus6_shotty_up_zm|weapon|zone_source/zm_parkour_nothing0.zone|csv
2206,image,i_t6_attach_optic_reflex_lens_g,2920,0,|mc/mtl_t6_attach_optic_reflex_lens|material|vm_t6_titus6_up|xmodel|t6_titus6_shotty_up_zm|weapon|zone_source/zm_parkour_nothing0.zone|csv
2207,image,i_t6_attach_optic_reflex_lens_c,5592,0,|mc/mtl_t6_attach_optic_reflex_lens|material|vm_t6_titus6_up|xmodel|t6_titus6_shotty_up_zm|weapon|zone_source/zm_parkour_nothing0.zone|csv
2208,image,i_t6_attach_optic_reflex_lens_s,2920,0,|mc/mtl_t6_attach_optic_reflex_lens|material|vm_t6_titus6_up|xmodel|t6_titus6_shotty_up_zm|weapon|zone_source/zm_parkour_nothing0.zone|csv
2209,material,mc/mtl_t6_attach_optic_reflex_lens,969,0,|vm_t6_titus6_up|xmodel|t6_titus6_shotty_up_zm|weapon|zone_source/zm_parkour_nothing0.zone|csv
2210,techset,mc/reticle_dynamic#e6142445,29,0,|mc/mtl_t6_attach_optic_m32_reticle|material|vm_t6_war_machine_ads_scope|xmodel|t6_war_machine_up|weapon|zone_source/zm_parkour_nothing0.zone|csv
2211,image,i_t6_attach_optic_noise,88,43704,|mc/mtl_t6_attach_optic_m32_reticle|material|vm_t6_war_machine_ads_scope|xmodel|t6_war_machine_up|weapon|zone_source/zm_parkour_nothing0.zone|csv
2212,image,i_t6_reflex_reticle_c,5750,0,|mc/mtl_t6_reflex_reticle|material|vm_t6_aimpoint|xmodel|t6_m60_up|weapon|zone_source/zm_parkour_nothing0.zone|csv
2213,material,mc/mtl_t6_reflex_reticle,973,0,|vm_t6_aimpoint|xmodel|t6_m60_up|weapon|zone_source/zm_parkour_nothing0.zone|csv
2214,xmodelmesh,vm_t6_kobraec893162,440,39696,|vm_t6_kobra|xmodel|t6_ak74u_up|weapon|zone_source/zm_parkour_nothing0.zone|csv
2215,xmodel,vm_t6_kobra,160,0,|t6_ak74u_up|weapon|zone_source/zm_parkour_nothing0.zone|csv
2216,xmodelmesh,wm_t6_kobra601a9b95,224,19200,|wm_t6_kobra|xmodel|t6_ak74u_up|weapon|zone_source/zm_parkour_nothing0.zone|csv
2217,xmodel,wm_t6_kobra,136,0,|t6_ak74u_up|weapon|zone_source/zm_parkour_nothing0.zone|csv
2218,weaponcamo,t6_camo_ak74u_table,80552,0,|t6_ak74u_up|weapon|zone_source/zm_parkour_nothing0.zone|csv
2219,xanim,am_t6_ak74u_reflex_ads_up,227,0,|t6_ak74u_up|weapon|zone_source/zm_parkour_nothing0.zone|csv
2220,xanim,am_t6_ak74u_reflex_ads_down,218,0,|t6_ak74u_up|weapon|zone_source/zm_parkour_nothing0.zone|csv
2221,weapon,t6_ak74u_up,7963,0,|zone_source/zm_parkour_nothing0.zone|csv
2222,image,i_t6_wpn_ar_an94_camo1_o,177,225080,|mc/mtl_t6_wpn_ar_an94_camo1|material|t6_camo_an94_table|weaponcamo|t6_an94_up|weapon|zone_source/zm_parkour_nothing0.zone|csv
2223,image,i_t6_wpn_ar_an94_camo1_n,289,1419960,|mc/mtl_t6_wpn_ar_an94_camo1|material|t6_camo_an94_table|weaponcamo|t6_an94_up|weapon|zone_source/zm_parkour_nothing0.zone|csv
2224,image,i_t6_wpn_ar_an94_camo1_g,273,742728,|mc/mtl_t6_wpn_ar_an94_camo1|material|t6_camo_an94_table|weaponcamo|t6_an94_up|weapon|zone_source/zm_parkour_nothing0.zone|csv
2225,image,i_t6_wpn_ar_an94_camo1_r,281,720896,|t6_camo_an94_table|weaponcamo|t6_an94_up|weapon|zone_source/zm_parkour_nothing0.zone|csv
2226,image,i_t6_wpn_ar_an94_camo1_c,289,1419960,|mc/mtl_t6_wpn_ar_an94_camo1|material|t6_camo_an94_table|weaponcamo|t6_an94_up|weapon|zone_source/zm_parkour_nothing0.zone|csv
2227,image,i_t6_wpn_ar_an94_camo1_s,273,742728,|mc/mtl_t6_wpn_ar_an94_camo1|material|t6_camo_an94_table|weaponcamo|t6_an94_up|weapon|zone_source/zm_parkour_nothing0.zone|csv
2228,material,mc/mtl_t6_wpn_ar_an94_camo1,1122,0,|t6_camo_an94_table|weaponcamo|t6_an94_up|weapon|zone_source/zm_parkour_nothing0.zone|csv
2229,techset,mc/lit_emissive_transparent#e6142445,38,0,|mc/mtl_t6_attach_scanner_burn_pap|material|vm_t6_storm_psr_up|xmodel|t6_storm_psr_up|weapon|zone_source/zm_parkour_nothing0.zone|csv
2230,image,i_t6_attach_tritium_red_glo_c,2830,0,|mc/mtl_t6_tritium_red_glo|material|vm_t6_titus6_up|xmodel|t6_titus6_shotty_up_zm|weapon|zone_source/zm_parkour_nothing0.zone|csv
2231,material,mc/mtl_t6_tritium_red_glo,1452,0,|vm_t6_titus6_up|xmodel|t6_titus6_shotty_up_zm|weapon|zone_source/zm_parkour_nothing0.zone|csv
2232,xmodelmesh,vm_t6_an94e6229af8,1024,320248,|vm_t6_an94|xmodel|t6_an94_up|weapon|zone_source/zm_parkour_nothing0.zone|csv
2233,xmodel,vm_t6_an94,1052,0,|t6_an94_up|weapon|zone_source/zm_parkour_nothing0.zone|csv
2234,xmodelmesh,wm_t6_an94afa71849,736,114512,|wm_t6_an94|xmodel|t6_an94_up|weapon|zone_source/zm_parkour_nothing0.zone|csv
2235,xmodel,wm_t6_an94,720,0,|t6_an94_up|weapon|zone_source/zm_parkour_nothing0.zone|csv
2236,xmodelmesh,vm_t6_an94_magfef2e87f,440,20768,|vm_t6_an94_mag|xmodel|t6_an94_up|weapon|zone_source/zm_parkour_nothing0.zone|csv
2237,xmodel,vm_t6_an94_mag,256,0,|t6_an94_up|weapon|zone_source/zm_parkour_nothing0.zone|csv
2238,xanim,am_t6_an94_idle,1648,0,|t6_an94_up|weapon|zone_source/zm_parkour_nothing0.zone|csv
2239,xanim,am_t6_an94_fire,2659,0,|t6_an94_up|weapon|zone_source/zm_parkour_nothing0.zone|csv
2240,xanim,am_t6_an94_reload,23181,0,|t6_an94_up|weapon|zone_source/zm_parkour_nothing0.zone|csv
2241,xanim,am_t6_an94_reload_empty,31006,0,|t6_an94_up|weapon|zone_source/zm_parkour_nothing0.zone|csv
2242,xanim,am_t6_an94_pullout,8332,0,|t6_an94_up|weapon|zone_source/zm_parkour_nothing0.zone|csv
2243,xanim,am_t6_an94_first_raise,20704,0,|t6_an94_up|weapon|zone_source/zm_parkour_nothing0.zone|csv
2244,xanim,am_t6_an94_putaway,7041,0,|t6_an94_up|weapon|zone_source/zm_parkour_nothing0.zone|csv
2245,xanim,am_t6_an94_sprint_in,3618,0,|t6_an94_up|weapon|zone_source/zm_parkour_nothing0.zone|csv
2246,xanim,am_t6_an94_sprint_loop,4884,0,|t6_an94_up|weapon|zone_source/zm_parkour_nothing0.zone|csv
2247,xanim,am_t6_an94_sprint_out,3340,0,|t6_an94_up|weapon|zone_source/zm_parkour_nothing0.zone|csv
2248,xanim,am_t6_an94_crawl_in,3606,0,|t6_an94_up|weapon|zone_source/zm_parkour_nothing0.zone|csv
2249,xanim,am_t6_an94_crawl_forward,6347,0,|t6_an94_up|weapon|zone_source/zm_parkour_nothing0.zone|csv
2250,xanim,am_t6_an94_crawl_back,5641,0,|t6_an94_up|weapon|zone_source/zm_parkour_nothing0.zone|csv
2251,xanim,am_t6_an94_crawl_right,5806,0,|t6_an94_up|weapon|zone_source/zm_parkour_nothing0.zone|csv
2252,xanim,am_t6_an94_crawl_left,5873,0,|t6_an94_up|weapon|zone_source/zm_parkour_nothing0.zone|csv
2253,xanim,am_t6_an94_crawl_out,3253,0,|t6_an94_up|weapon|zone_source/zm_parkour_nothing0.zone|csv
2254,xanim,am_t6_an94_ads_fire,2371,0,|t6_an94_up|weapon|zone_source/zm_parkour_nothing0.zone|csv
2255,xanim,am_t6_an94_slide_in,3409,0,|t6_an94_up|weapon|zone_source/zm_parkour_nothing0.zone|csv
2256,xanim,am_t6_an94_slide_air_in,3166,0,|t6_an94_up|weapon|zone_source/zm_parkour_nothing0.zone|csv
2257,xanim,am_t6_an94_slide_loop,2004,0,|t6_an94_up|weapon|zone_source/zm_parkour_nothing0.zone|csv
2258,xanim,am_t6_an94_slide_out,3015,0,|t6_an94_up|weapon|zone_source/zm_parkour_nothing0.zone|csv
2259,xanim,am_t6_an94_ads_up,189,0,|t6_an94|weapon|zone_source/zm_parkour_nothing0.zone|csv
2260,xanim,am_t6_an94_ads_down,189,0,|t6_an94|weapon|zone_source/zm_parkour_nothing0.zone|csv
2261,weapon,t6_an94,7722,0,|zone_source/zm_parkour_nothing0.zone|csv
2262,image,i_t6_attach_optic_reflex_o,83,68760,|mc/mtl_t6_attach_optic_reflex|material|vm_t6_smr_reflex|xmodel|t6_smr_up|weapon|zone_source/zm_parkour_nothing0.zone|csv
2263,image,i_t6_attach_optic_reflex_n,291,371384,|mc/mtl_t6_attach_optic_reflex|material|vm_t6_smr_reflex|xmodel|t6_smr_up|weapon|zone_source/zm_parkour_nothing0.zone|csv
2264,image,i_t6_attach_optic_reflex_g,275,218440,|mc/mtl_t6_attach_optic_reflex|material|vm_t6_smr_reflex|xmodel|t6_smr_up|weapon|zone_source/zm_parkour_nothing0.zone|csv
2265,image,i_t6_attach_optic_reflex_c,291,371384,|mc/mtl_t6_attach_optic_reflex|material|vm_t6_smr_reflex|xmodel|t6_smr_up|weapon|zone_source/zm_parkour_nothing0.zone|csv
2266,image,i_t6_attach_optic_reflex_s,275,218440,|mc/mtl_t6_attach_optic_reflex|material|vm_t6_smr_reflex|xmodel|t6_smr_up|weapon|zone_source/zm_parkour_nothing0.zone|csv
2267,material,mc/mtl_t6_attach_optic_reflex,1121,0,|vm_t6_smr_reflex|xmodel|t6_smr_up|weapon|zone_source/zm_parkour_nothing0.zone|csv
2268,xmodelmesh,vm_t6_reflex2dd9a31f,672,49464,|vm_t6_smr_reflex|xmodel|t6_smr_up|weapon|zone_source/zm_parkour_nothing0.zone|csv
2269,xmodel,vm_t6_reflex,184,0,|t6_vector_k10_up|weapon|zone_source/zm_parkour_nothing0.zone|csv
2270,xmodelmesh,wm_t6_reflex33335f10,440,16208,|wm_t6_reflex|xmodel|t6_vector_k10_up|weapon|zone_source/zm_parkour_nothing0.zone|csv
2271,xmodel,wm_t6_reflex,160,0,|t6_vector_k10_up|weapon|zone_source/zm_parkour_nothing0.zone|csv
2272,weaponcamo,t6_camo_an94_table,78504,0,|t6_an94_up|weapon|zone_source/zm_parkour_nothing0.zone|csv
2273,xanim,am_t6_an94_reflex_ads_up,230,0,|t6_an94_up|weapon|zone_source/zm_parkour_nothing0.zone|csv
2274,xanim,am_t6_an94_reflex_ads_down,232,0,|t6_an94_up|weapon|zone_source/zm_parkour_nothing0.zone|csv
2275,weapon,t6_an94_up,7922,0,|zone_source/zm_parkour_nothing0.zone|csv
2276,image,i_t6_tritium_grn_glo_c,3039,0,|mc/mtl_t6_tritium_grn_glo|material|vm_t6_vector_k10|xmodel|t6_vector_k10_up|weapon|zone_source/zm_parkour_nothing0.zone|csv
2277,material,mc/mtl_t6_tritium_grn_glo,969,0,|vm_t6_vector_k10|xmodel|t6_vector_k10_up|weapon|zone_source/zm_parkour_nothing0.zone|csv
2278,image,i_t6_misc_blank_c,5570,0,|mc/mtl_t6_misc_blank|material|vm_t6_vector_k10|xmodel|t6_vector_k10_up|weapon|zone_source/zm_parkour_nothing0.zone|csv
2279,material,mc/mtl_t6_misc_blank,1086,0,|vm_t6_vector_k10|xmodel|t6_vector_k10_up|weapon|zone_source/zm_parkour_nothing0.zone|csv
2280,image,i_t6_wpn_pistol_b2023r_o,177,65400,|mc/mtl_t6_wpn_pistol_b2023r|material|t6_camo_b23r_table|weaponcamo|t6_b23r_up|weapon|zone_source/zm_parkour_nothing0.zone|csv
2281,image,i_t6_wpn_pistol_b2023r_n,289,371384,|mc/mtl_t6_wpn_pistol_b2023r|material|t6_camo_b23r_table|weaponcamo|t6_b23r_up|weapon|zone_source/zm_parkour_nothing0.zone|csv
2282,image,i_t6_wpn_pistol_b2023r_g,273,218440,|mc/mtl_t6_wpn_pistol_b2023r|material|t6_camo_b23r_table|weaponcamo|t6_b23r_up|weapon|zone_source/zm_parkour_nothing0.zone|csv
2283,image,i_t6_wpn_pistol_b2023r_r,281,196608,|t6_camo_b23r_table|weaponcamo|t6_b23r_up|weapon|zone_source/zm_parkour_nothing0.zone|csv
2284,image,i_t6_wpn_pistol_b2023r_c,289,371384,|mc/mtl_t6_wpn_pistol_b2023r|material|t6_camo_b23r_table|weaponcamo|t6_b23r_up|weapon|zone_source/zm_parkour_nothing0.zone|csv
2285,image,i_t6_wpn_pistol_b2023r_s,273,218440,|mc/mtl_t6_wpn_pistol_b2023r|material|t6_camo_b23r_table|weaponcamo|t6_b23r_up|weapon|zone_source/zm_parkour_nothing0.zone|csv
2286,material,mc/mtl_t6_wpn_pistol_b2023r,1122,0,|t6_camo_b23r_table|weaponcamo|t6_b23r_up|weapon|zone_source/zm_parkour_nothing0.zone|csv
2287,xmodelmesh,vm_t6_b23r630a71aa,936,243752,|vm_t6_b23r_up|xmodel|t6_b23r_up|weapon|zone_source/zm_parkour_nothing0.zone|csv
2288,xmodel,vm_t6_b23r,944,0,|t6_b23r|weapon|zone_source/zm_parkour_nothing0.zone|csv
2289,lightdescription,gfx_dlight_gen_omni_r2001300463731,36,0,|weapon/fx_muz_sm_gas_flash_1p|fx|weapon/fx_muz_sm_pistol_1p|fx|t6_vector_k10|weapon|zone_source/zm_parkour_nothing0.zone|csv
2290,lightdescription,gfx_dlight_gen_omni_r2001074087890,36,0,|weapon/fx_muz_sm_gas_flash_1p|fx|weapon/fx_muz_sm_pistol_1p|fx|t6_vector_k10|weapon|zone_source/zm_parkour_nothing0.zone|csv
2291,material,ei/gfx_water_bubbledeath_group2_anim_spec,43,0,|weapon/fx_muz_sm_gas_flash_3p|fx|weapon/fx_muz_sm_pistol_3p|fx|t6_vector_k10|weapon|zone_source/zm_parkour_nothing0.zone|csv
2292,fx,weapon/fx_muz_sm_gas_flash_1p,31,0,|weapon/fx_muz_sm_pistol_1p|fx|t6_vector_k10|weapon|zone_source/zm_parkour_nothing0.zone|csv
2293,material,ei/gfx_smk_whisp_anim_02_high_gray_lit,40,0,|weapon/fx_muz_md_smk_3p|fx|weapon/fx_muz_sm_pistol_3p|fx|t6_vector_k10|weapon|zone_source/zm_parkour_nothing0.zone|csv
2294,fx,weapon/fx_muz_md_smk_1p,25,0,|weapon/fx_muz_sm_pistol_1p|fx|t6_vector_k10|weapon|zone_source/zm_parkour_nothing0.zone|csv
2295,fx,weapon/fx_muz_sm_pistol_1p,28,0,|t6_vector_k10|weapon|zone_source/zm_parkour_nothing0.zone|csv
2296,material,ei/gfx_gas_blur_thin_em,25,0,|weapon/fx_muz_sm_gas_flash_3p|fx|weapon/fx_muz_sm_pistol_3p|fx|t6_vector_k10|weapon|zone_source/zm_parkour_nothing0.zone|csv
2297,lightdescription,gfx_dlight_gen_omni_r200-841733910,36,0,|weapon/fx_muz_sm_gas_flash_3p|fx|weapon/fx_muz_sm_pistol_3p|fx|t6_vector_k10|weapon|zone_source/zm_parkour_nothing0.zone|csv
2298,lightdescription,gfx_dlight_gen_omni_r200-215237751,36,0,|weapon/fx_muz_sm_gas_flash_3p|fx|weapon/fx_muz_sm_pistol_3p|fx|t6_vector_k10|weapon|zone_source/zm_parkour_nothing0.zone|csv
2299,material,ei/gfx_water_bubble_int1_anim_lit,35,0,|weapon/fx_muz_sm_gas_flash_3p|fx|weapon/fx_muz_sm_pistol_3p|fx|t6_vector_k10|weapon|zone_source/zm_parkour_nothing0.zone|csv
2300,fx,weapon/fx_muz_sm_gas_flash_3p,31,0,|weapon/fx_muz_sm_pistol_3p|fx|t6_vector_k10|weapon|zone_source/zm_parkour_nothing0.zone|csv
2301,fx,weapon/fx_muz_md_smk_3p,25,0,|weapon/fx_muz_sm_pistol_3p|fx|t6_vector_k10|weapon|zone_source/zm_parkour_nothing0.zone|csv
2302,fx,weapon/fx_muz_md_4arc_mb,26,0,|weapon/fx_muz_sm_pistol_3p|fx|t6_vector_k10|weapon|zone_source/zm_parkour_nothing0.zone|csv
2303,fx,weapon/fx_muz_sm_pistol_3p,28,0,|t6_vector_k10|weapon|zone_source/zm_parkour_nothing0.zone|csv
2304,xmodelmesh,wpn_h1_shell_9mm_npcde018911,224,4240,|wpn_h1_shell_9mm_npc|xmodel|_scobalula/shellejects/mwr/h1_shell_eject_9mm_rest|fx|_scobalula/shellejects/mwr/h1_shell_eject_9mm|fx|t6_vector_k10_up|weapon|zone_source/zm_parkour_nothing0.zone|csv
2305,xmodel,wpn_h1_shell_9mm_npc,143,0,|_scobalula/shellejects/mwr/h1_shell_eject_9mm_rest|fx|_scobalula/shellejects/mwr/h1_shell_eject_9mm|fx|t6_vector_k10_up|weapon|zone_source/zm_parkour_nothing0.zone|csv
2306,fx,_scobalula/shellejects/mwr/h1_shell_eject_9mm_rest,664,0,|_scobalula/shellejects/mwr/h1_shell_eject_9mm|fx|t6_vector_k10_up|weapon|zone_source/zm_parkour_nothing0.zone|csv
2307,fx,_scobalula/shellejects/mwr/h1_shell_eject_9mm,1264,0,|t6_vector_k10_up|weapon|zone_source/zm_parkour_nothing0.zone|csv
2308,xmodelmesh,wm_t6_b23r479fdead,560,60064,|wm_t6_b23r|xmodel|t6_b23r_up|weapon|zone_source/zm_parkour_nothing0.zone|csv
2309,xmodel,wm_t6_b23r,388,0,|t6_b23r_up|weapon|zone_source/zm_parkour_nothing0.zone|csv
2310,xanim,am_t6_b23r_idle,1604,0,|t6_b23r_up|weapon|zone_source/zm_parkour_nothing0.zone|csv
2311,xanim,am_t6_b23r_fire,2662,0,|t6_b23r_up|weapon|zone_source/zm_parkour_nothing0.zone|csv
2312,xanim,am_t6_b23r_reload,16101,0,|t6_b23r_up|weapon|zone_source/zm_parkour_nothing0.zone|csv
2313,xanim,am_t6_b23r_reload_empty,17752,0,|t6_b23r_up|weapon|zone_source/zm_parkour_nothing0.zone|csv
2314,xanim,am_t6_b23r_pullout,8222,0,|t6_b23r_up|weapon|zone_source/zm_parkour_nothing0.zone|csv
2315,xanim,am_t6_b23r_first_raise,12006,0,|t6_b23r_up|weapon|zone_source/zm_parkour_nothing0.zone|csv
2316,xanim,am_t6_b23r_putaway,7252,0,|t6_b23r_up|weapon|zone_source/zm_parkour_nothing0.zone|csv
2317,xanim,am_t6_b23r_sprint_in,4064,0,|t6_b23r_up|weapon|zone_source/zm_parkour_nothing0.zone|csv
2318,xanim,am_t6_b23r_sprint_loop,3626,0,|t6_b23r_up|weapon|zone_source/zm_parkour_nothing0.zone|csv
2319,xanim,am_t6_b23r_sprint_out,4820,0,|t6_b23r_up|weapon|zone_source/zm_parkour_nothing0.zone|csv
2320,xanim,am_t6_b23r_crawl_in,4471,0,|t6_b23r_up|weapon|zone_source/zm_parkour_nothing0.zone|csv
2321,xanim,am_t6_b23r_crawl_forward,3764,0,|t6_b23r_up|weapon|zone_source/zm_parkour_nothing0.zone|csv
2322,xanim,am_t6_b23r_crawl_back,3408,0,|t6_b23r_up|weapon|zone_source/zm_parkour_nothing0.zone|csv
2323,xanim,am_t6_b23r_crawl_right,3542,0,|t6_b23r_up|weapon|zone_source/zm_parkour_nothing0.zone|csv
2324,xanim,am_t6_b23r_crawl_left,3389,0,|t6_b23r_up|weapon|zone_source/zm_parkour_nothing0.zone|csv
2325,xanim,am_t6_b23r_crawl_out,4441,0,|t6_b23r_up|weapon|zone_source/zm_parkour_nothing0.zone|csv
2326,xanim,am_t6_b23r_ads_fire,2502,0,|t6_b23r_up|weapon|zone_source/zm_parkour_nothing0.zone|csv
2327,xanim,am_t6_b23r_slide_in,2450,0,|t6_b23r_up|weapon|zone_source/zm_parkour_nothing0.zone|csv
2328,xanim,am_t6_b23r_slide_air_in,3096,0,|t6_b23r_up|weapon|zone_source/zm_parkour_nothing0.zone|csv
2329,xanim,am_t6_b23r_slide_loop,2036,0,|t6_b23r_up|weapon|zone_source/zm_parkour_nothing0.zone|csv
2330,xanim,am_t6_b23r_slide_out,2899,0,|t6_b23r_up|weapon|zone_source/zm_parkour_nothing0.zone|csv
2331,xanim,am_t6_b23r_ads_up,117,0,|t6_b23r_up|weapon|zone_source/zm_parkour_nothing0.zone|csv
2332,xanim,am_t6_b23r_ads_down,116,0,|t6_b23r_up|weapon|zone_source/zm_parkour_nothing0.zone|csv
2333,image,t7_icon_weapon_smg_standard_pu,32,0,|t6_xpr50_up|weapon|zone_source/zm_parkour_nothing0.zone|csv
2334,image,t7_icon_weapon_smg_standard_kf,32,0,|t6_xpr50_up|weapon|zone_source/zm_parkour_nothing0.zone|csv
2335,weapon,t6_b23r,7664,0,|zone_source/zm_parkour_nothing0.zone|csv
2336,xmodel,vm_t6_b23r_up,368,0,|t6_b23r_up|weapon|zone_source/zm_parkour_nothing0.zone|csv
2337,fx,zombie/fx_muz_sm_pistol_1p_ug_zmb,35,0,|t6_vector_k10_up|weapon|zone_source/zm_parkour_nothing0.zone|csv
2338,fx,zombie/fx_muz_sm_pistol_3p_ug_zmb,35,0,|t6_vector_k10_up|weapon|zone_source/zm_parkour_nothing0.zone|csv
2339,weaponcamo,t6_camo_b23r_table,78506,0,|t6_b23r_up|weapon|zone_source/zm_parkour_nothing0.zone|csv
2340,weapon,t6_b23r_up,6093,0,|zone_source/zm_parkour_nothing0.zone|csv
2341,image,i_t6_wpn_sniper_ballista_camo1_o,289,216232,|mc/mtl_t6_wpn_sniper_ballista_camo1|material|t6_camo_ballista_table|weaponcamo|t6_ballista_up|weapon|zone_source/zm_parkour_nothing0.zone|csv
2342,image,i_t6_wpn_sniper_ballista_camo1_n,297,1419960,|mc/mtl_t6_wpn_sniper_ballista_camo1|material|t6_camo_ballista_table|weaponcamo|t6_ballista_up|weapon|zone_source/zm_parkour_nothing0.zone|csv
2343,image,i_t6_wpn_sniper_ballista_camo1_g,281,742728,|mc/mtl_t6_wpn_sniper_ballista_camo1|material|t6_camo_ballista_table|weaponcamo|t6_ballista_up|weapon|zone_source/zm_parkour_nothing0.zone|csv
2344,image,i_t6_wpn_sniper_ballista_camo1_r,289,720896,|t6_camo_ballista_table|weaponcamo|t6_ballista_up|weapon|zone_source/zm_parkour_nothing0.zone|csv
2345,image,i_t6_wpn_sniper_ballista_camo1_c,297,1419960,|mc/mtl_t6_wpn_sniper_ballista_camo1|material|t6_camo_ballista_table|weaponcamo|t6_ballista_up|weapon|zone_source/zm_parkour_nothing0.zone|csv
2346,image,i_t6_wpn_sniper_ballista_camo1_s,281,742728,|mc/mtl_t6_wpn_sniper_ballista_camo1|material|t6_camo_ballista_table|weaponcamo|t6_ballista_up|weapon|zone_source/zm_parkour_nothing0.zone|csv
2347,material,mc/mtl_t6_wpn_sniper_ballista_camo1,1141,0,|t6_camo_ballista_table|weaponcamo|t6_ballista_up|weapon|zone_source/zm_parkour_nothing0.zone|csv
2348,image,i_t6_wpn_sniper_ballista_sights_n,298,109240,|mc/mtl_t6_wpn_sniper_ballista_sights|material|wm_t6_ballista|xmodel|t6_ballista_up|weapon|zone_source/zm_parkour_nothing0.zone|csv
2349,image,i_t6_wpn_sniper_ballista_sights_g,282,87368,|mc/mtl_t6_wpn_sniper_ballista_sights|material|wm_t6_ballista|xmodel|t6_ballista_up|weapon|zone_source/zm_parkour_nothing0.zone|csv
2350,image,i_t6_wpn_sniper_ballista_sights_c,298,109240,|mc/mtl_t6_wpn_sniper_ballista_sights|material|wm_t6_ballista|xmodel|t6_ballista_up|weapon|zone_source/zm_parkour_nothing0.zone|csv
2351,image,i_t6_wpn_sniper_ballista_sights_s,282,87368,|mc/mtl_t6_wpn_sniper_ballista_sights|material|wm_t6_ballista|xmodel|t6_ballista_up|weapon|zone_source/zm_parkour_nothing0.zone|csv
2352,material,mc/mtl_t6_wpn_sniper_ballista_sights,1128,0,|wm_t6_ballista|xmodel|t6_ballista_up|weapon|zone_source/zm_parkour_nothing0.zone|csv
2353,xmodelmesh,vm_t6_ballista4b8ca6fe,728,368696,|vm_t6_ballista|xmodel|t6_ballista_up|weapon|zone_source/zm_parkour_nothing0.zone|csv
2354,xmodel,vm_t6_ballista,1012,0,|t6_ballista_up|weapon|zone_source/zm_parkour_nothing0.zone|csv
2355,image,i_wpn_h1_spent_shells_300_n,92,90080,|mc/mtl_wpn_h1_spent_shells_300|material|wpn_h1_shell_300_npc|xmodel|_scobalula/shellejects/mwr/h1_shell_eject_300_rest|fx|_scobalula/shellejects/mwr/h1_shell_eject_300|fx|t6_ballista_up|weapon|zone_source/zm_parkour_nothing0.zone|csv
2356,image,i_wpn_h1_spent_shells_300_g,268,43672,|mc/mtl_wpn_h1_spent_shells_300|material|wpn_h1_shell_300_npc|xmodel|_scobalula/shellejects/mwr/h1_shell_eject_300_rest|fx|_scobalula/shellejects/mwr/h1_shell_eject_300|fx|t6_ballista_up|weapon|zone_source/zm_parkour_nothing0.zone|csv
2357,image,i_wpn_h1_spent_shells_300_c,300,87400,|mc/mtl_wpn_h1_spent_shells_300|material|wpn_h1_shell_300_npc|xmodel|_scobalula/shellejects/mwr/h1_shell_eject_300_rest|fx|_scobalula/shellejects/mwr/h1_shell_eject_300|fx|t6_ballista_up|weapon|zone_source/zm_parkour_nothing0.zone|csv
2358,image,i_wpn_h1_spent_shells_300_s,268,43672,|mc/mtl_wpn_h1_spent_shells_300|material|wpn_h1_shell_300_npc|xmodel|_scobalula/shellejects/mwr/h1_shell_eject_300_rest|fx|_scobalula/shellejects/mwr/h1_shell_eject_300|fx|t6_ballista_up|weapon|zone_source/zm_parkour_nothing0.zone|csv
2359,material,mc/mtl_wpn_h1_spent_shells_300,1612,0,|wpn_h1_shell_300_npc|xmodel|_scobalula/shellejects/mwr/h1_shell_eject_300_rest|fx|_scobalula/shellejects/mwr/h1_shell_eject_300|fx|t6_ballista_up|weapon|zone_source/zm_parkour_nothing0.zone|csv
2360,xmodelmesh,wpn_h1_shell_300_npca3444450,232,5112,|wpn_h1_shell_300_npc|xmodel|_scobalula/shellejects/mwr/h1_shell_eject_300_rest|fx|_scobalula/shellejects/mwr/h1_shell_eject_300|fx|t6_ballista_up|weapon|zone_source/zm_parkour_nothing0.zone|csv
2361,xmodel,wpn_h1_shell_300_npc,144,0,|_scobalula/shellejects/mwr/h1_shell_eject_300_rest|fx|_scobalula/shellejects/mwr/h1_shell_eject_300|fx|t6_ballista_up|weapon|zone_source/zm_parkour_nothing0.zone|csv
2362,fx,_scobalula/shellejects/mwr/h1_shell_eject_300_rest,664,0,|_scobalula/shellejects/mwr/h1_shell_eject_300|fx|t6_ballista_up|weapon|zone_source/zm_parkour_nothing0.zone|csv
2363,fx,_scobalula/shellejects/mwr/h1_shell_eject_300,1264,0,|t6_ballista_up|weapon|zone_source/zm_parkour_nothing0.zone|csv
2364,xmodelmesh,wm_t6_ballista21e97d9,720,109616,|wm_t6_ballista|xmodel|t6_ballista_up|weapon|zone_source/zm_parkour_nothing0.zone|csv
2365,xmodel,wm_t6_ballista,708,0,|t6_ballista_up|weapon|zone_source/zm_parkour_nothing0.zone|csv
2366,image,i_t6_wpn_sniper_ballista_scope_camo1_n,295,409568,|mc/mtl_t6_wpn_sniper_ballista_scope_camo1|material|t6_camo_ballista_table|weaponcamo|t6_ballista_up|weapon|zone_source/zm_parkour_nothing0.zone|csv
2367,image,i_t6_wpn_sniper_ballista_scope_camo1_g,287,218440,|mc/mtl_t6_wpn_sniper_ballista_scope_camo1|material|t6_camo_ballista_table|weaponcamo|t6_ballista_up|weapon|zone_source/zm_parkour_nothing0.zone|csv
2368,image,i_t6_wpn_sniper_ballista_scope_camo1_r,295,196608,|t6_camo_ballista_table|weaponcamo|t6_ballista_up|weapon|zone_source/zm_parkour_nothing0.zone|csv
2369,image,i_t6_wpn_sniper_ballista_scope_camo1_c,303,371384,|mc/mtl_t6_wpn_sniper_ballista_scope_camo1|material|t6_camo_ballista_table|weaponcamo|t6_ballista_up|weapon|zone_source/zm_parkour_nothing0.zone|csv
2370,image,i_t6_wpn_sniper_ballista_scope_camo1_s,287,218440,|mc/mtl_t6_wpn_sniper_ballista_scope_camo1|material|t6_camo_ballista_table|weaponcamo|t6_ballista_up|weapon|zone_source/zm_parkour_nothing0.zone|csv
2371,material,mc/mtl_t6_wpn_sniper_ballista_scope_camo1,1145,0,|t6_camo_ballista_table|weaponcamo|t6_ballista_up|weapon|zone_source/zm_parkour_nothing0.zone|csv
2372,image,i_t6_wpn_sniper_ballista_lens_n,296,109240,|mc/mtl_t6_wpn_sniper_svu_lens|material|vm_t6_svu_as_hip_scope|xmodel|t6_svu_as|weapon|zone_source/zm_parkour_nothing0.zone|csv
2373,image,i_t6_wpn_sniper_ballista_lens_g,280,87368,|mc/mtl_t6_wpn_sniper_ballista_lens|material|vm_t6_xpr50_hip_scope|xmodel|t6_xpr50|weapon|zone_source/zm_parkour_nothing0.zone|csv
2374,image,i_t6_wpn_sniper_ballista_lens_c,296,109240,|mc/mtl_t6_wpn_sniper_ballista_lens|material|vm_t6_xpr50_hip_scope|xmodel|t6_xpr50|weapon|zone_source/zm_parkour_nothing0.zone|csv
2375,image,i_t6_wpn_sniper_ballista_lens_s,280,87368,|mc/mtl_t6_wpn_sniper_ballista_lens|material|vm_t6_xpr50_hip_scope|xmodel|t6_xpr50|weapon|zone_source/zm_parkour_nothing0.zone|csv
2376,material,mc/mtl_t6_wpn_sniper_ballista_lens,968,0,|vm_t6_xpr50_hip_scope|xmodel|t6_xpr50|weapon|zone_source/zm_parkour_nothing0.zone|csv
2377,image,i_t6_wpn_sniper_ballista_level_g,11217,0,|mc/mtl_t6_wpn_sniper_ballista_level|material|vm_t6_ballista_ads_scope|xmodel|t6_ballista|weapon|zone_source/zm_parkour_nothing0.zone|csv
2378,image,i_t6_wpn_sniper_ballista_level_c,121,43704,|mc/mtl_t6_wpn_sniper_ballista_level|material|vm_t6_ballista_ads_scope|xmodel|t6_ballista|weapon|zone_source/zm_parkour_nothing0.zone|csv
2379,image,i_t6_wpn_sniper_ballista_level_s,11209,0,|mc/mtl_t6_wpn_sniper_ballista_level|material|vm_t6_ballista_ads_scope|xmodel|t6_ballista|weapon|zone_source/zm_parkour_nothing0.zone|csv
2380,material,mc/mtl_t6_wpn_sniper_ballista_level,973,0,|vm_t6_ballista_ads_scope|xmodel|t6_ballista|weapon|zone_source/zm_parkour_nothing0.zone|csv
2381,xmodelmesh,vm_t6_ballista_hip_scope1dbd448e,736,141056,|vm_t6_ballista_hip_scope|xmodel|t6_ballista|weapon|zone_source/zm_parkour_nothing0.zone|csv
2382,xmodel,vm_t6_ballista_hip_scope,392,0,|t6_ballista|weapon|zone_source/zm_parkour_nothing0.zone|csv
2383,techset,mc/set_stencil_128#e6142445,29,0,|mc/mtl_t6_wpn_sniper_scope_stencil|material|vm_t6_xpr50_ads_scope|xmodel|t6_xpr50|weapon|zone_source/zm_parkour_nothing0.zone|csv
2384,image,$white,8,0,|mc/mtl_t6_wpn_sniper_scope_stencil|material|vm_t6_xpr50_ads_scope|xmodel|t6_xpr50|weapon|zone_source/zm_parkour_nothing0.zone|csv
2385,material,mc/mtl_t6_wpn_sniper_scope_stencil,75,0,|vm_t6_xpr50_ads_scope|xmodel|t6_xpr50|weapon|zone_source/zm_parkour_nothing0.zone|csv
2386,image,i_t6_wpn_sniper_ballista_scope_reticle_c,129,1431808,|mc/mtl_t6_wpn_sniper_ballista_scope_reticle|material|vm_t6_ballista_ads_scope|xmodel|t6_ballista|weapon|zone_source/zm_parkour_nothing0.zone|csv
2387,material,mc/mtl_t6_wpn_sniper_ballista_scope_reticle,879,0,|vm_t6_ballista_ads_scope|xmodel|t6_ballista|weapon|zone_source/zm_parkour_nothing0.zone|csv
2388,xmodelmesh,vm_t6_ballista_ads_scopee5ea7c99,792,50864,|vm_t6_ballista_ads_scope|xmodel|t6_ballista|weapon|zone_source/zm_parkour_nothing0.zone|csv
2389,xmodel,vm_t6_ballista_ads_scope,364,0,|t6_ballista|weapon|zone_source/zm_parkour_nothing0.zone|csv
2390,xmodelmesh,vm_t6_ballista_mag7f1630ff,448,14288,|vm_t6_ballista_mag|xmodel|t6_ballista_up|weapon|zone_source/zm_parkour_nothing0.zone|csv
2391,xmodel,vm_t6_ballista_mag,256,0,|t6_ballista_up|weapon|zone_source/zm_parkour_nothing0.zone|csv
2392,xmodelmesh,wm_t6_ballista_scopeeebb541d,456,19712,|wm_t6_ballista_scope|xmodel|t6_ballista|weapon|zone_source/zm_parkour_nothing0.zone|csv
2393,xmodel,wm_t6_ballista_scope,172,0,|t6_ballista|weapon|zone_source/zm_parkour_nothing0.zone|csv
2394,material,mc/mtl_attach_t7_smg_ap9_barrel_02,36,0,|attach_t7_smg_ap9_barrel_02_world|xmodel|acv_extbarrel_smg_standard|attachmentcosmeticvariant|t6_xpr50_up|weapon|zone_source/zm_parkour_nothing0.zone|csv
2395,xmodel,attach_t7_smg_ap9_barrel_02_view,34,0,|acv_extbarrel_smg_standard|attachmentcosmeticvariant|t6_xpr50_up|weapon|zone_source/zm_parkour_nothing0.zone|csv
2396,xmodel,attach_t7_smg_ap9_barrel_02_world,35,0,|acv_extbarrel_smg_standard|attachmentcosmeticvariant|t6_xpr50_up|weapon|zone_source/zm_parkour_nothing0.zone|csv
2397,attachmentcosmeticvariant,acv_extbarrel_smg_standard,28,0,|t6_xpr50_up|weapon|zone_source/zm_parkour_nothing0.zone|csv
2398,material,mc/mtl_wpn_t7_bullet_case,27,0,|attach_t7_smg_ap9_ext_mag_02_view|xmodel|acv_extclip_smg_standard|attachmentcosmeticvariant|t6_xpr50_up|weapon|zone_source/zm_parkour_nothing0.zone|csv
2399,material,mc/mtl_wpn_t7_bullet,22,0,|attach_t7_smg_ap9_ext_mag_02_view|xmodel|acv_extclip_smg_standard|attachmentcosmeticvariant|t6_xpr50_up|weapon|zone_source/zm_parkour_nothing0.zone|csv
2400,material,mc/mtl_wpn_t7_bullet_tip,26,0,|attach_t7_smg_ap9_ext_mag_02_view|xmodel|acv_extclip_smg_standard|attachmentcosmeticvariant|t6_xpr50_up|weapon|zone_source/zm_parkour_nothing0.zone|csv
2401,material,mc/mtl_attach_t7_smg_ap9_mag_ext_02,37,0,|attach_t7_smg_ap9_ext_mag_02_world|xmodel|acv_extclip_smg_standard|attachmentcosmeticvariant|t6_xpr50_up|weapon|zone_source/zm_parkour_nothing0.zone|csv
2402,xmodel,attach_t7_smg_ap9_ext_mag_02_view,35,0,|acv_extclip_smg_standard|attachmentcosmeticvariant|t6_xpr50_up|weapon|zone_source/zm_parkour_nothing0.zone|csv
2403,xmodel,attach_t7_smg_ap9_ext_mag_02_world,36,0,|acv_extclip_smg_standard|attachmentcosmeticvariant|t6_xpr50_up|weapon|zone_source/zm_parkour_nothing0.zone|csv
2404,attachmentcosmeticvariant,acv_extclip_smg_standard,26,0,|t6_xpr50_up|weapon|zone_source/zm_parkour_nothing0.zone|csv
2405,material,mc/mtl_wpn_t7_smg_ap9_mag,27,0,|wpn_t7_smg_ap9_mag_world|xmodel|acv_fastreload_smg_standard|attachmentcosmeticvariant|t6_xpr50_up|weapon|zone_source/zm_parkour_nothing0.zone|csv
2406,material,mc/mtl_wpn_t7_smg_standard_bullet,35,0,|wpn_t7_smg_ap9_mag_view|xmodel|acv_fastreload_smg_standard|attachmentcosmeticvariant|t6_xpr50_up|weapon|zone_source/zm_parkour_nothing0.zone|csv
2407,xmodel,wpn_t7_smg_ap9_mag_view,25,0,|acv_fastreload_smg_standard|attachmentcosmeticvariant|t6_xpr50_up|weapon|zone_source/zm_parkour_nothing0.zone|csv
2408,surfacesounddef,surface_clip_bounce,21,0,|wpn_clip_bounce|impactsoundstable|weapon_clip_empty|physpreset|wpn_t7_smg_ap9_mag_world|xmodel|acv_fastreload_smg_standard|attachmentcosmeticvariant|t6_xpr50_up|weapon|zone_source/zm_parkour_nothing0.zone|csv
2409,impactsoundstable,wpn_clip_bounce,17,0,|weapon_clip_empty|physpreset|wpn_t7_smg_ap9_mag_world|xmodel|acv_fastreload_smg_standard|attachmentcosmeticvariant|t6_xpr50_up|weapon|zone_source/zm_parkour_nothing0.zone|csv
2410,physpreset,weapon_clip_empty,19,0,|wpn_t7_smg_ap9_mag_world|xmodel|acv_fastreload_smg_standard|attachmentcosmeticvariant|t6_xpr50_up|weapon|zone_source/zm_parkour_nothing0.zone|csv
2411,xmodel,wpn_t7_smg_ap9_mag_world,26,0,|acv_fastreload_smg_standard|attachmentcosmeticvariant|t6_xpr50_up|weapon|zone_source/zm_parkour_nothing0.zone|csv
2412,material,mc/mtl_attach_t7_smg_ap9_fast_mag_02,38,0,|attach_t7_smg_ap9_fast_mag_02_world|xmodel|acv_fastreload_smg_standard|attachmentcosmeticvariant|t6_xpr50_up|weapon|zone_source/zm_parkour_nothing0.zone|csv
2413,xmodel,attach_t7_smg_ap9_fast_mag_02_view,36,0,|acv_fastreload_smg_standard|attachmentcosmeticvariant|t6_xpr50_up|weapon|zone_source/zm_parkour_nothing0.zone|csv
2414,xmodel,attach_t7_smg_ap9_fast_mag_02_world,37,0,|acv_fastreload_smg_standard|attachmentcosmeticvariant|t6_xpr50_up|weapon|zone_source/zm_parkour_nothing0.zone|csv
2415,attachmentcosmeticvariant,acv_fastreload_smg_standard,29,0,|t6_xpr50_up|weapon|zone_source/zm_parkour_nothing0.zone|csv
2416,material,mc/mtl_attach_t7_smg_ap9_handguard_02,39,0,|attach_t7_smg_ap9_handguard_02_world|xmodel|acv_fmj_smg_standard|attachmentcosmeticvariant|t6_xpr50_up|weapon|zone_source/zm_parkour_nothing0.zone|csv
2417,material,mc/mtl_attach_t7_smg_ap9_handgrd_02_decal,43,0,|attach_t7_smg_ap9_handguard_02_world|xmodel|acv_fmj_smg_standard|attachmentcosmeticvariant|t6_xpr50_up|weapon|zone_source/zm_parkour_nothing0.zone|csv
2418,xmodel,attach_t7_smg_ap9_handguard_02_view,37,0,|acv_fmj_smg_standard|attachmentcosmeticvariant|t6_xpr50_up|weapon|zone_source/zm_parkour_nothing0.zone|csv
2419,xmodel,attach_t7_smg_ap9_handguard_02_world,38,0,|acv_fmj_smg_standard|attachmentcosmeticvariant|t6_xpr50_up|weapon|zone_source/zm_parkour_nothing0.zone|csv
2420,attachmentcosmeticvariant,acv_fmj_smg_standard,22,0,|t6_xpr50_up|weapon|zone_source/zm_parkour_nothing0.zone|csv
2421,material,mc/mtl_attach_t7_smg_ap9_foregrip_02,38,0,|attach_t7_smg_ap9_foregrip_02_world|xmodel|acv_grip_smg_standard|attachmentcosmeticvariant|t6_xpr50_up|weapon|zone_source/zm_parkour_nothing0.zone|csv
2422,xmodel,attach_t7_smg_ap9_foregrip_02_view,36,0,|acv_grip_smg_standard|attachmentcosmeticvariant|t6_xpr50_up|weapon|zone_source/zm_parkour_nothing0.zone|csv
2423,xmodel,attach_t7_smg_ap9_foregrip_02_world,37,0,|acv_grip_smg_standard|attachmentcosmeticvariant|t6_xpr50_up|weapon|zone_source/zm_parkour_nothing0.zone|csv
2424,attachmentcosmeticvariant,acv_grip_smg_standard,23,0,|t6_xpr50_up|weapon|zone_source/zm_parkour_nothing0.zone|csv
2425,material,mc/mtl_attach_t7_smg_ap9_grip_02,34,0,|attach_t7_smg_ap9_grip_02_world|xmodel|acv_quickdraw_smg_standard|attachmentcosmeticvariant|t6_xpr50_up|weapon|zone_source/zm_parkour_nothing0.zone|csv
2426,xmodel,attach_t7_smg_ap9_grip_02_view,32,0,|acv_quickdraw_smg_standard|attachmentcosmeticvariant|t6_xpr50_up|weapon|zone_source/zm_parkour_nothing0.zone|csv
2427,xmodel,attach_t7_smg_ap9_grip_02_world,33,0,|acv_quickdraw_smg_standard|attachmentcosmeticvariant|t6_xpr50_up|weapon|zone_source/zm_parkour_nothing0.zone|csv
2428,attachmentcosmeticvariant,acv_quickdraw_smg_standard,28,0,|t6_xpr50_up|weapon|zone_source/zm_parkour_nothing0.zone|csv
2429,material,mc/mtl_attach_t7_smg_ap9_bolt_02,34,0,|attach_t7_smg_ap9_bolt_02_world|xmodel|acv_rf_smg_standard|attachmentcosmeticvariant|t6_xpr50_up|weapon|zone_source/zm_parkour_nothing0.zone|csv
2430,xmodel,attach_t7_smg_ap9_bolt_02_view,32,0,|acv_rf_smg_standard|attachmentcosmeticvariant|t6_xpr50_up|weapon|zone_source/zm_parkour_nothing0.zone|csv
2431,xmodel,attach_t7_smg_ap9_bolt_02_world,33,0,|acv_rf_smg_standard|attachmentcosmeticvariant|t6_xpr50_up|weapon|zone_source/zm_parkour_nothing0.zone|csv
2432,attachmentcosmeticvariant,acv_rf_smg_standard,21,0,|t6_xpr50_up|weapon|zone_source/zm_parkour_nothing0.zone|csv
2433,material,mc/mtl_attach_t7_smg_ap9_stock_02,35,0,|attach_t7_smg_ap9_stock_02_world|xmodel|acv_stalker_smg_standard|attachmentcosmeticvariant|t6_xpr50_up|weapon|zone_source/zm_parkour_nothing0.zone|csv
2434,xmodel,attach_t7_smg_ap9_stock_02_view,33,0,|acv_stalker_smg_standard|attachmentcosmeticvariant|t6_xpr50_up|weapon|zone_source/zm_parkour_nothing0.zone|csv
2435,xmodel,attach_t7_smg_ap9_stock_02_world,34,0,|acv_stalker_smg_standard|attachmentcosmeticvariant|t6_xpr50_up|weapon|zone_source/zm_parkour_nothing0.zone|csv
2436,attachmentcosmeticvariant,acv_stalker_smg_standard,26,0,|t6_xpr50_up|weapon|zone_source/zm_parkour_nothing0.zone|csv
2437,material,mc/mtl_attach_t7_smg_ap9_dbal_02,34,0,|attach_t7_smg_ap9_dbal_02_world|xmodel|acv_steadyaim_smg_standard|attachmentcosmeticvariant|t6_xpr50_up|weapon|zone_source/zm_parkour_nothing0.zone|csv
2438,xmodel,attach_t7_smg_ap9_dbal_02_view,32,0,|acv_steadyaim_smg_standard|attachmentcosmeticvariant|t6_xpr50_up|weapon|zone_source/zm_parkour_nothing0.zone|csv
2439,xmodel,attach_t7_smg_ap9_dbal_02_world,33,0,|acv_steadyaim_smg_standard|attachmentcosmeticvariant|t6_xpr50_up|weapon|zone_source/zm_parkour_nothing0.zone|csv
2440,attachmentcosmeticvariant,acv_steadyaim_smg_standard,28,0,|t6_xpr50_up|weapon|zone_source/zm_parkour_nothing0.zone|csv
2441,material,mc/mtl_attach_t7_smg_ap9_silencer_02,38,0,|attach_t7_smg_ap9_silencer_02_world|xmodel|acv_suppressed_smg_standard|attachmentcosmeticvariant|t6_xpr50_up|weapon|zone_source/zm_parkour_nothing0.zone|csv
2442,xmodel,attach_t7_smg_ap9_silencer_02_view,36,0,|acv_suppressed_smg_standard|attachmentcosmeticvariant|t6_xpr50_up|weapon|zone_source/zm_parkour_nothing0.zone|csv
2443,xmodel,attach_t7_smg_ap9_silencer_02_world,37,0,|acv_suppressed_smg_standard|attachmentcosmeticvariant|t6_xpr50_up|weapon|zone_source/zm_parkour_nothing0.zone|csv
2444,attachmentcosmeticvariant,acv_suppressed_smg_standard,29,0,|t6_xpr50_up|weapon|zone_source/zm_parkour_nothing0.zone|csv
2445,xanim,am_t6_ballista_idle,1629,0,|t6_ballista_up|weapon|zone_source/zm_parkour_nothing0.zone|csv
2446,xanim,am_t6_ballista_fire,2719,0,|t6_ballista_up|weapon|zone_source/zm_parkour_nothing0.zone|csv
2447,xanim,am_t6_ballista_bolt,7278,0,|t6_ballista_up|weapon|zone_source/zm_parkour_nothing0.zone|csv
2448,xanim,am_t6_ballista_reload,22911,0,|t6_ballista_up|weapon|zone_source/zm_parkour_nothing0.zone|csv
2449,xanim,am_t6_ballista_reload_empty,39800,0,|t6_ballista_up|weapon|zone_source/zm_parkour_nothing0.zone|csv
2450,xanim,am_t6_ballista_pullout,16344,0,|t6_ballista_up|weapon|zone_source/zm_parkour_nothing0.zone|csv
2451,xanim,am_t6_ballista_first_raise,17795,0,|t6_ballista_up|weapon|zone_source/zm_parkour_nothing0.zone|csv
2452,xanim,am_t6_ballista_putaway,11998,0,|t6_ballista_up|weapon|zone_source/zm_parkour_nothing0.zone|csv
2453,xanim,am_t6_ballista_pullout_quick,7672,0,|t6_ballista_up|weapon|zone_source/zm_parkour_nothing0.zone|csv
2454,xanim,am_t6_ballista_putaway_quick,6558,0,|t6_ballista_up|weapon|zone_source/zm_parkour_nothing0.zone|csv
2455,xanim,am_t6_ballista_sprint_in,3371,0,|t6_ballista_up|weapon|zone_source/zm_parkour_nothing0.zone|csv
2456,xanim,am_t6_ballista_sprint_loop,5408,0,|t6_ballista_up|weapon|zone_source/zm_parkour_nothing0.zone|csv
2457,xanim,am_t6_ballista_sprint_out,2982,0,|t6_ballista_up|weapon|zone_source/zm_parkour_nothing0.zone|csv
2458,xanim,am_t6_ballista_crawl_in,3620,0,|t6_ballista_up|weapon|zone_source/zm_parkour_nothing0.zone|csv
2459,xanim,am_t6_ballista_crawl_forward,6406,0,|t6_ballista_up|weapon|zone_source/zm_parkour_nothing0.zone|csv
2460,xanim,am_t6_ballista_crawl_back,5532,0,|t6_ballista_up|weapon|zone_source/zm_parkour_nothing0.zone|csv
2461,xanim,am_t6_ballista_crawl_right,6031,0,|t6_ballista_up|weapon|zone_source/zm_parkour_nothing0.zone|csv
2462,xanim,am_t6_ballista_crawl_left,5914,0,|t6_ballista_up|weapon|zone_source/zm_parkour_nothing0.zone|csv
2463,xanim,am_t6_ballista_crawl_out,3524,0,|t6_ballista_up|weapon|zone_source/zm_parkour_nothing0.zone|csv
2464,xanim,am_t6_ballista_ads_fire,2533,0,|t6_ballista_up|weapon|zone_source/zm_parkour_nothing0.zone|csv
2465,xanim,am_t6_ballista_ads_bolt,6950,0,|t6_ballista_up|weapon|zone_source/zm_parkour_nothing0.zone|csv
2466,xanim,am_t6_ballista_slide_in,3486,0,|t6_ballista_up|weapon|zone_source/zm_parkour_nothing0.zone|csv
2467,xanim,am_t6_ballista_slide_air_in,3237,0,|t6_ballista_up|weapon|zone_source/zm_parkour_nothing0.zone|csv
2468,xanim,am_t6_ballista_slide_loop,1953,0,|t6_ballista_up|weapon|zone_source/zm_parkour_nothing0.zone|csv
2469,xanim,am_t6_ballista_slide_out,2994,0,|t6_ballista_up|weapon|zone_source/zm_parkour_nothing0.zone|csv
2470,xanim,am_t6_ballista_scope_ads_up,253,0,|t6_ballista|weapon|zone_source/zm_parkour_nothing0.zone|csv
2471,xanim,am_t6_ballista_scope_ads_down,241,0,|t6_ballista|weapon|zone_source/zm_parkour_nothing0.zone|csv
2472,weapon,t6_ballista,7878,0,|zone_source/zm_parkour_nothing0.zone|csv
2473,weaponcamo,t6_camo_ballista_table,80552,0,|t6_ballista_up|weapon|zone_source/zm_parkour_nothing0.zone|csv
2474,xanim,am_t6_ballista_irons_ads_up,253,0,|t6_ballista_up|weapon|zone_source/zm_parkour_nothing0.zone|csv
2475,xanim,am_t6_ballista_irons_ads_down,236,0,|t6_ballista_up|weapon|zone_source/zm_parkour_nothing0.zone|csv
2476,weapon,t6_ballista_up,7831,0,|zone_source/zm_parkour_nothing0.zone|csv
2477,image,i_t6_wpn_sniper_m82_o,270,199112,|mc/mtl_t6_wpn_sniper_m82|material|t6_camo_m82a1_table|weaponcamo|t6_m82a1_up|weapon|zone_source/zm_parkour_nothing0.zone|csv
2478,image,i_t6_wpn_sniper_m82_n,286,1419960,|mc/mtl_t6_wpn_sniper_m82|material|t6_camo_m82a1_table|weaponcamo|t6_m82a1_up|weapon|zone_source/zm_parkour_nothing0.zone|csv
2479,image,i_t6_wpn_sniper_m82_g,270,742728,|mc/mtl_t6_wpn_sniper_m82|material|t6_camo_m82a1_table|weaponcamo|t6_m82a1_up|weapon|zone_source/zm_parkour_nothing0.zone|csv
2480,image,i_t6_wpn_sniper_m82_r,278,720896,|t6_camo_m82a1_table|weaponcamo|t6_m82a1_up|weapon|zone_source/zm_parkour_nothing0.zone|csv
2481,image,i_t6_wpn_sniper_m82_c,286,1419960,|mc/mtl_t6_wpn_sniper_m82|material|t6_camo_m82a1_table|weaponcamo|t6_m82a1_up|weapon|zone_source/zm_parkour_nothing0.zone|csv
2482,image,i_t6_wpn_sniper_m82_s,270,742728,|mc/mtl_t6_wpn_sniper_m82|material|t6_camo_m82a1_table|weaponcamo|t6_m82a1_up|weapon|zone_source/zm_parkour_nothing0.zone|csv
2483,material,mc/mtl_t6_wpn_sniper_m82,1124,0,|t6_camo_m82a1_table|weaponcamo|t6_m82a1_up|weapon|zone_source/zm_parkour_nothing0.zone|csv
2484,xmodelmesh,vm_t6_m82a15eec6126,432,146152,|vm_t6_m82a1|xmodel|t6_m82a1_up|weapon|zone_source/zm_parkour_nothing0.zone|csv
2485,xmodel,vm_t6_m82a1,888,0,|t6_m82a1_up|weapon|zone_source/zm_parkour_nothing0.zone|csv
2486,xmodelmesh,wpn_h1_shell_50cal_npce251f61d,224,4992,|wpn_h1_shell_50cal_npc|xmodel|_scobalula/shellejects/mwr/h1_shell_eject_50cal_rest|fx|_scobalula/shellejects/mwr/h1_shell_eject_50cal|fx|t6_xpr50_up|weapon|zone_source/zm_parkour_nothing0.zone|csv
2487,xmodel,wpn_h1_shell_50cal_npc,144,0,|_scobalula/shellejects/mwr/h1_shell_eject_50cal_rest|fx|_scobalula/shellejects/mwr/h1_shell_eject_50cal|fx|t6_xpr50_up|weapon|zone_source/zm_parkour_nothing0.zone|csv
2488,fx,_scobalula/shellejects/mwr/h1_shell_eject_50cal_rest,664,0,|_scobalula/shellejects/mwr/h1_shell_eject_50cal|fx|t6_xpr50_up|weapon|zone_source/zm_parkour_nothing0.zone|csv
2489,fx,_scobalula/shellejects/mwr/h1_shell_eject_50cal,1264,0,|t6_xpr50_up|weapon|zone_source/zm_parkour_nothing0.zone|csv
2490,image,i_t6_wpn_sniper_m82_scope_o,292,89160,|mc/mtl_t6_wpn_sniper_m82_scope|material|t6_camo_m82a1_table|weaponcamo|t6_m82a1_up|weapon|zone_source/zm_parkour_nothing0.zone|csv
2491,image,i_t6_wpn_sniper_m82_scope_n,300,742760,|mc/mtl_t6_wpn_sniper_m82_scope|material|t6_camo_m82a1_table|weaponcamo|t6_m82a1_up|weapon|zone_source/zm_parkour_nothing0.zone|csv
2492,image,i_t6_wpn_sniper_m82_scope_g,268,371352,|mc/mtl_t6_wpn_sniper_m82_scope|material|t6_camo_m82a1_table|weaponcamo|t6_m82a1_up|weapon|zone_source/zm_parkour_nothing0.zone|csv
2493,image,i_t6_wpn_sniper_m82_scope_r,284,393216,|t6_camo_m82a1_table|weaponcamo|t6_m82a1_up|weapon|zone_source/zm_parkour_nothing0.zone|csv
2494,image,i_t6_wpn_sniper_m82_scope_c,300,742760,|mc/mtl_t6_wpn_sniper_m82_scope|material|t6_camo_m82a1_table|weaponcamo|t6_m82a1_up|weapon|zone_source/zm_parkour_nothing0.zone|csv
2495,image,i_t6_wpn_sniper_m82_scope_s,268,371352,|mc/mtl_t6_wpn_sniper_m82_scope|material|t6_camo_m82a1_table|weaponcamo|t6_m82a1_up|weapon|zone_source/zm_parkour_nothing0.zone|csv
2496,material,mc/mtl_t6_wpn_sniper_m82_scope,1128,0,|t6_camo_m82a1_table|weaponcamo|t6_m82a1_up|weapon|zone_source/zm_parkour_nothing0.zone|csv
2497,xmodelmesh,wm_t6_m82a1f80bcccc,704,124440,|wm_t6_m82a1|xmodel|t6_m82a1_up|weapon|zone_source/zm_parkour_nothing0.zone|csv
2498,xmodel,wm_t6_m82a1,708,0,|t6_m82a1_up|weapon|zone_source/zm_parkour_nothing0.zone|csv
2499,xmodelmesh,vm_t6_m82a1_hip_scopeaf995fb7,488,107376,|vm_t6_m82a1_hip_scope|xmodel|t6_m82a1_up|weapon|zone_source/zm_parkour_nothing0.zone|csv
2500,xmodel,vm_t6_m82a1_hip_scope,380,0,|t6_m82a1_up|weapon|zone_source/zm_parkour_nothing0.zone|csv
2501,image,i_t6_wpn_sniper_m82_scope_reticle_c,292,1406592,|mc/mtl_t6_wpn_sniper_m82_scope_reticle|material|vm_t6_m82a1_ads_scope|xmodel|t6_m82a1_up|weapon|zone_source/zm_parkour_nothing0.zone|csv
2502,material,mc/mtl_t6_wpn_sniper_m82_scope_reticle,860,0,|vm_t6_m82a1_ads_scope|xmodel|t6_m82a1_up|weapon|zone_source/zm_parkour_nothing0.zone|csv
2503,xmodelmesh,vm_t6_m82a1_ads_scopec997a4ac,560,29472,|vm_t6_m82a1_ads_scope|xmodel|t6_m82a1_up|weapon|zone_source/zm_parkour_nothing0.zone|csv
2504,xmodel,vm_t6_m82a1_ads_scope,288,0,|t6_m82a1_up|weapon|zone_source/zm_parkour_nothing0.zone|csv
2505,xmodelmesh,vm_t6_m82a1_magf86dff22,328,8272,|vm_t6_m82a1_mag|xmodel|t6_m82a1_up|weapon|zone_source/zm_parkour_nothing0.zone|csv
2506,xmodel,vm_t6_m82a1_mag,240,0,|t6_m82a1_up|weapon|zone_source/zm_parkour_nothing0.zone|csv
2507,xanim,am_t6_m82a1_idle,1808,0,|t6_m82a1_up|weapon|zone_source/zm_parkour_nothing0.zone|csv
2508,xanim,am_t6_m82a1_fire,2901,0,|t6_m82a1_up|weapon|zone_source/zm_parkour_nothing0.zone|csv
2509,xanim,am_t6_m82a1_reload,21642,0,|t6_m82a1_up|weapon|zone_source/zm_parkour_nothing0.zone|csv
2510,xanim,am_t6_m82a1_reload_empty,29660,0,|t6_m82a1_up|weapon|zone_source/zm_parkour_nothing0.zone|csv
2511,xanim,am_t6_m82a1_pullout,17091,0,|t6_m82a1_up|weapon|zone_source/zm_parkour_nothing0.zone|csv
2512,xanim,am_t6_m82a1_first_raise,15320,0,|t6_m82a1_up|weapon|zone_source/zm_parkour_nothing0.zone|csv
2513,xanim,am_t6_m82a1_putaway,13227,0,|t6_m82a1_up|weapon|zone_source/zm_parkour_nothing0.zone|csv
2514,xanim,am_t6_m82a1_pullout_quick,7830,0,|t6_m82a1_up|weapon|zone_source/zm_parkour_nothing0.zone|csv
2515,xanim,am_t6_m82a1_putaway_quick,4916,0,|t6_m82a1_up|weapon|zone_source/zm_parkour_nothing0.zone|csv
2516,xanim,am_t6_m82a1_sprint_in,3262,0,|t6_m82a1_up|weapon|zone_source/zm_parkour_nothing0.zone|csv
2517,xanim,am_t6_m82a1_sprint_loop,5570,0,|t6_m82a1_up|weapon|zone_source/zm_parkour_nothing0.zone|csv
2518,xanim,am_t6_m82a1_sprint_out,2986,0,|t6_m82a1_up|weapon|zone_source/zm_parkour_nothing0.zone|csv
2519,xanim,am_t6_m82a1_crawl_in,3335,0,|t6_m82a1_up|weapon|zone_source/zm_parkour_nothing0.zone|csv
2520,xanim,am_t6_m82a1_crawl_forward,6308,0,|t6_m82a1_up|weapon|zone_source/zm_parkour_nothing0.zone|csv
2521,xanim,am_t6_m82a1_crawl_back,6031,0,|t6_m82a1_up|weapon|zone_source/zm_parkour_nothing0.zone|csv
2522,xanim,am_t6_m82a1_crawl_right,5947,0,|t6_m82a1_up|weapon|zone_source/zm_parkour_nothing0.zone|csv
2523,xanim,am_t6_m82a1_crawl_left,6400,0,|t6_m82a1_up|weapon|zone_source/zm_parkour_nothing0.zone|csv
2524,xanim,am_t6_m82a1_crawl_out,2974,0,|t6_m82a1_up|weapon|zone_source/zm_parkour_nothing0.zone|csv
2525,xanim,am_t6_m82a1_ads_fire,2712,0,|t6_m82a1_up|weapon|zone_source/zm_parkour_nothing0.zone|csv
2526,xanim,am_t6_m82a1_slide_in,3618,0,|t6_m82a1_up|weapon|zone_source/zm_parkour_nothing0.zone|csv
2527,xanim,am_t6_m82a1_slide_air_in,3357,0,|t6_m82a1_up|weapon|zone_source/zm_parkour_nothing0.zone|csv
2528,xanim,am_t6_m82a1_slide_loop,1917,0,|t6_m82a1_up|weapon|zone_source/zm_parkour_nothing0.zone|csv
2529,xanim,am_t6_m82a1_slide_out,3451,0,|t6_m82a1_up|weapon|zone_source/zm_parkour_nothing0.zone|csv
2530,xanim,am_t6_m82a1_scope_ads_up,230,0,|t6_m82a1_up|weapon|zone_source/zm_parkour_nothing0.zone|csv
2531,xanim,am_t6_m82a1_scope_ads_down,226,0,|t6_m82a1_up|weapon|zone_source/zm_parkour_nothing0.zone|csv
2532,weapon,t6_m82a1,7817,0,|zone_source/zm_parkour_nothing0.zone|csv
2533,weaponcamo,t6_camo_m82a1_table,80552,0,|t6_m82a1_up|weapon|zone_source/zm_parkour_nothing0.zone|csv
2534,weapon,t6_m82a1_up,6206,0,|zone_source/zm_parkour_nothing0.zone|csv
2535,image,i_t6_wpn_zmb_blundergat_n,282,1404048,|mc/mtl_t6_wpn_zmb_blundergat|material|wm_t6_blundergat|xmodel|t6_blundergat_up|weapon|zone_source/zm_parkour_nothing0.zone|csv
2536,image,i_t6_wpn_zmb_blundergat_g,274,742728,|mc/mtl_t6_wpn_zmb_blundergat|material|wm_t6_blundergat|xmodel|t6_blundergat_up|weapon|zone_source/zm_parkour_nothing0.zone|csv
2537,image,i_t6_wpn_zmb_blundergat_c,290,1419960,|mc/mtl_t6_wpn_zmb_blundergat|material|wm_t6_blundergat|xmodel|t6_blundergat_up|weapon|zone_source/zm_parkour_nothing0.zone|csv
2538,image,i_t6_wpn_zmb_blundergat_s,274,742728,|mc/mtl_t6_wpn_zmb_blundergat|material|wm_t6_blundergat|xmodel|t6_blundergat_up|weapon|zone_source/zm_parkour_nothing0.zone|csv
2539,material,mc/mtl_t6_wpn_zmb_blundergat,1130,0,|wm_t6_blundergat|xmodel|t6_blundergat_up|weapon|zone_source/zm_parkour_nothing0.zone|csv
2540,image,i_t6_wpn_zmb_blundergat_acid_n,295,371384,|mc/mtl_t6_wpn_zmb_blundergat_acid|material|vm_t6_blundergat_armor|xmodel|t6_blundergat_up|weapon|zone_source/zm_parkour_nothing0.zone|csv
2541,image,i_t6_wpn_zmb_blundergat_acid_g,279,218440,|mc/mtl_t6_wpn_zmb_blundergat_acid|material|vm_t6_blundergat_armor|xmodel|t6_blundergat_up|weapon|zone_source/zm_parkour_nothing0.zone|csv
2542,image,i_t6_wpn_zmb_blundergat_acid_c,295,371384,|mc/mtl_t6_wpn_zmb_blundergat_acid|material|vm_t6_blundergat_armor|xmodel|t6_blundergat_up|weapon|zone_source/zm_parkour_nothing0.zone|csv
2543,image,i_t6_wpn_zmb_blundergat_acid_s,279,218440,|mc/mtl_t6_wpn_zmb_blundergat_acid|material|vm_t6_blundergat_armor|xmodel|t6_blundergat_up|weapon|zone_source/zm_parkour_nothing0.zone|csv
2544,material,mc/mtl_t6_wpn_zmb_blundergat_acid,1140,0,|vm_t6_blundergat_armor|xmodel|t6_blundergat_up|weapon|zone_source/zm_parkour_nothing0.zone|csv
2545,xmodelmesh,vm_t6_blundergat68cb75b8,872,509896,|vm_t6_blundergat|xmodel|t6_blundergat_up|weapon|zone_source/zm_parkour_nothing0.zone|csv
2546,xmodel,vm_t6_blundergat,3980,0,|t6_blundergat_up|weapon|zone_source/zm_parkour_nothing0.zone|csv
2547,fx,weapon/fx_muz_lg_shtgun_1p,28,0,|t6_titus6_shotty_zm|weapon|zone_source/zm_parkour_nothing0.zone|csv
2548,fx,weapon/fx_muz_lg_shtgun_3p,28,0,|t6_titus6_shotty_zm|weapon|zone_source/zm_parkour_nothing0.zone|csv
2549,xmodelmesh,wm_t6_blundergat37423edb,456,157744,|wm_t6_blundergat|xmodel|t6_blundergat_up|weapon|zone_source/zm_parkour_nothing0.zone|csv
2550,xmodel,wm_t6_blundergat,1224,0,|t6_blundergat_up|weapon|zone_source/zm_parkour_nothing0.zone|csv
2551,xanim,am_t6_blundergat_idle,3972,0,|t6_blundergat_up|weapon|zone_source/zm_parkour_nothing0.zone|csv
2552,xanim,am_t6_blundergat_fire,3886,0,|t6_blundergat_up|weapon|zone_source/zm_parkour_nothing0.zone|csv
2553,xanim,am_t6_blundergat_reload,33179,0,|t6_blundergat_up|weapon|zone_source/zm_parkour_nothing0.zone|csv
2554,xanim,am_t6_blundergat_pullout,12108,0,|t6_blundergat_up|weapon|zone_source/zm_parkour_nothing0.zone|csv
2555,xanim,am_t6_blundergat_first_raise,12465,0,|t6_blundergat_up|weapon|zone_source/zm_parkour_nothing0.zone|csv
2556,xanim,am_t6_blundergat_putaway,11238,0,|t6_blundergat_up|weapon|zone_source/zm_parkour_nothing0.zone|csv
2557,xanim,am_t6_blundergat_pullout_quick,8517,0,|t6_blundergat_up|weapon|zone_source/zm_parkour_nothing0.zone|csv
2558,xanim,am_t6_blundergat_putaway_quick,6780,0,|t6_blundergat_up|weapon|zone_source/zm_parkour_nothing0.zone|csv
2559,xanim,am_t6_blundergat_sprint_in,4137,0,|t6_blundergat_up|weapon|zone_source/zm_parkour_nothing0.zone|csv
2560,xanim,am_t6_blundergat_sprint_loop,5150,0,|t6_blundergat_up|weapon|zone_source/zm_parkour_nothing0.zone|csv
2561,xanim,am_t6_blundergat_sprint_out,4546,0,|t6_blundergat_up|weapon|zone_source/zm_parkour_nothing0.zone|csv
2562,xanim,am_t6_blundergat_crawl_in,4069,0,|t6_blundergat_up|weapon|zone_source/zm_parkour_nothing0.zone|csv
2563,xanim,am_t6_blundergat_crawl_forward,7650,0,|t6_blundergat_up|weapon|zone_source/zm_parkour_nothing0.zone|csv
2564,xanim,am_t6_blundergat_crawl_back,6433,0,|t6_blundergat_up|weapon|zone_source/zm_parkour_nothing0.zone|csv
2565,xanim,am_t6_blundergat_crawl_right,6872,0,|t6_blundergat_up|weapon|zone_source/zm_parkour_nothing0.zone|csv
2566,xanim,am_t6_blundergat_crawl_left,6736,0,|t6_blundergat_up|weapon|zone_source/zm_parkour_nothing0.zone|csv
2567,xanim,am_t6_blundergat_crawl_out,5769,0,|t6_blundergat_up|weapon|zone_source/zm_parkour_nothing0.zone|csv
2568,xanim,am_t6_blundergat_ads_fire,3875,0,|t6_blundergat_up|weapon|zone_source/zm_parkour_nothing0.zone|csv
2569,xanim,am_t6_blundergat_slide_in,3915,0,|t6_blundergat_up|weapon|zone_source/zm_parkour_nothing0.zone|csv
2570,xanim,am_t6_blundergat_slide_air_in,3654,0,|t6_blundergat_up|weapon|zone_source/zm_parkour_nothing0.zone|csv
2571,xanim,am_t6_blundergat_slide_loop,2310,0,|t6_blundergat_up|weapon|zone_source/zm_parkour_nothing0.zone|csv
2572,xanim,am_t6_blundergat_slide_out,3261,0,|t6_blundergat_up|weapon|zone_source/zm_parkour_nothing0.zone|csv
2573,xanim,am_t6_blundergat_ads_up,228,0,|t6_blundergat_up|weapon|zone_source/zm_parkour_nothing0.zone|csv
2574,xanim,am_t6_blundergat_ads_down,199,0,|t6_blundergat_up|weapon|zone_source/zm_parkour_nothing0.zone|csv
2575,weapon,t6_blundergat,7887,0,|zone_source/zm_parkour_nothing0.zone|csv
2576,fx,zombie/fx_muz_lg_shotgun_1p_ug_zmb,36,0,|t6_titus6_shotty_up_zm|weapon|zone_source/zm_parkour_nothing0.zone|csv
2577,fx,zombie/fx_muz_lg_shotgun_3p_ug_zmb,36,0,|t6_titus6_shotty_up_zm|weapon|zone_source/zm_parkour_nothing0.zone|csv
2578,image,i_t6_wpn_zmb_blundergat_armor_n,296,359104,|mc/mtl_t6_wpn_zmb_blundergat_armor|material|wm_t6_blundergat_armor|xmodel|t6_blundergat_up|weapon|zone_source/zm_parkour_nothing0.zone|csv
2579,image,i_t6_wpn_zmb_blundergat_armor_g,280,218440,|mc/mtl_t6_wpn_zmb_blundergat_armor|material|wm_t6_blundergat_armor|xmodel|t6_blundergat_up|weapon|zone_source/zm_parkour_nothing0.zone|csv
2580,image,i_t6_wpn_zmb_blundergat_armor_c,296,371384,|mc/mtl_t6_wpn_zmb_blundergat_armor|material|wm_t6_blundergat_armor|xmodel|t6_blundergat_up|weapon|zone_source/zm_parkour_nothing0.zone|csv
2581,image,i_t6_wpn_zmb_blundergat_armor_s,280,218440,|mc/mtl_t6_wpn_zmb_blundergat_armor|material|wm_t6_blundergat_armor|xmodel|t6_blundergat_up|weapon|zone_source/zm_parkour_nothing0.zone|csv
2582,material,mc/mtl_t6_wpn_zmb_blundergat_armor,1144,0,|wm_t6_blundergat_armor|xmodel|t6_blundergat_up|weapon|zone_source/zm_parkour_nothing0.zone|csv
2583,techset,mc/lit_emissive#e6142445,26,0,|mc/mtl_t6_wpn_zmb_blundergat_ember|material|wm_t6_blundergat_armor|xmodel|t6_blundergat_up|weapon|zone_source/zm_parkour_nothing0.zone|csv
2584,image,i_t6_wpn_zmb_blundergat_armor_ember_e,86,109240,|mc/mtl_t6_wpn_zmb_blundergat_ember|material|wm_t6_blundergat_armor|xmodel|t6_blundergat_up|weapon|zone_source/zm_parkour_nothing0.zone|csv
2585,material,mc/mtl_t6_wpn_zmb_blundergat_ember,1264,0,|wm_t6_blundergat_armor|xmodel|t6_blundergat_up|weapon|zone_source/zm_parkour_nothing0.zone|csv
2586,xmodelmesh,vm_t6_blundergat_armorcef17216,544,165952,|vm_t6_blundergat_armor|xmodel|t6_blundergat_up|weapon|zone_source/zm_parkour_nothing0.zone|csv
2587,xmodel,vm_t6_blundergat_armor,816,0,|t6_blundergat_up|weapon|zone_source/zm_parkour_nothing0.zone|csv
2588,xmodelmesh,wm_t6_blundergat_armor109193a,360,55456,|wm_t6_blundergat_armor|xmodel|t6_blundergat_up|weapon|zone_source/zm_parkour_nothing0.zone|csv
2589,xmodel,wm_t6_blundergat_armor,256,0,|t6_blundergat_up|weapon|zone_source/zm_parkour_nothing0.zone|csv
2590,weapon,t6_blundergat_up,6514,0,|zone_source/zm_parkour_nothing0.zone|csv
2591,image,i_t6_wpn_pistol_browninghp_o,277,62568,|mc/mtl_t6_wpn_pistol_browninghp|material|t6_camo_browninghp_table|weaponcamo|t6_browninghp_up|weapon|zone_source/zm_parkour_nothing0.zone|csv
2592,image,i_t6_wpn_pistol_browninghp_n,293,371384,|mc/mtl_t6_wpn_pistol_browninghp|material|t6_camo_browninghp_table|weaponcamo|t6_browninghp_up|weapon|zone_source/zm_parkour_nothing0.zone|csv
2593,image,i_t6_wpn_pistol_browninghp_g,277,218440,|mc/mtl_t6_wpn_pistol_browninghp|material|t6_camo_browninghp_table|weaponcamo|t6_browninghp_up|weapon|zone_source/zm_parkour_nothing0.zone|csv
2594,image,i_t6_wpn_pistol_browninghp_r,285,196608,|t6_camo_browninghp_table|weaponcamo|t6_browninghp_up|weapon|zone_source/zm_parkour_nothing0.zone|csv
2595,image,i_t6_wpn_pistol_browninghp_c,293,371384,|mc/mtl_t6_wpn_pistol_browninghp|material|t6_camo_browninghp_table|weaponcamo|t6_browninghp_up|weapon|zone_source/zm_parkour_nothing0.zone|csv
2596,image,i_t6_wpn_pistol_browninghp_s,277,218440,|mc/mtl_t6_wpn_pistol_browninghp|material|t6_camo_browninghp_table|weaponcamo|t6_browninghp_up|weapon|zone_source/zm_parkour_nothing0.zone|csv
2597,material,mc/mtl_t6_wpn_pistol_browninghp,1136,0,|t6_camo_browninghp_table|weaponcamo|t6_browninghp_up|weapon|zone_source/zm_parkour_nothing0.zone|csv
2598,xmodelmesh,vm_t6_browninghp78e5efe,264,91576,|vm_t6_browninghp|xmodel|t6_browninghp_up|weapon|zone_source/zm_parkour_nothing0.zone|csv
2599,xmodel,vm_t6_browninghp,668,0,|t6_browninghp_up|weapon|zone_source/zm_parkour_nothing0.zone|csv
2600,xmodelmesh,wm_t6_browninghpacc975d9,232,28688,|wm_t6_browninghp|xmodel|t6_browninghp_up|weapon|zone_source/zm_parkour_nothing0.zone|csv
2601,xmodel,wm_t6_browninghp,340,0,|t6_browninghp_up|weapon|zone_source/zm_parkour_nothing0.zone|csv
2602,xanim,am_t6_browninghp_idle,1608,0,|t6_browninghp_up|weapon|zone_source/zm_parkour_nothing0.zone|csv
2603,xanim,am_t6_browninghp_fire,2785,0,|t6_browninghp_up|weapon|zone_source/zm_parkour_nothing0.zone|csv
2604,xanim,am_t6_browninghp_reload,13794,0,|t6_browninghp_up|weapon|zone_source/zm_parkour_nothing0.zone|csv
2605,xanim,am_t6_browninghp_reload_empty,15466,0,|t6_browninghp_up|weapon|zone_source/zm_parkour_nothing0.zone|csv
2606,xanim,am_t6_browninghp_pullout,7981,0,|t6_browninghp_up|weapon|zone_source/zm_parkour_nothing0.zone|csv
2607,xanim,am_t6_browninghp_first_raise,13467,0,|t6_browninghp_up|weapon|zone_source/zm_parkour_nothing0.zone|csv
2608,xanim,am_t6_browninghp_putaway,7423,0,|t6_browninghp_up|weapon|zone_source/zm_parkour_nothing0.zone|csv
2609,xanim,am_t6_browninghp_sprint_in,3762,0,|t6_browninghp_up|weapon|zone_source/zm_parkour_nothing0.zone|csv
2610,xanim,am_t6_browninghp_sprint_loop,3853,0,|t6_browninghp_up|weapon|zone_source/zm_parkour_nothing0.zone|csv
2611,xanim,am_t6_browninghp_sprint_out,4943,0,|t6_browninghp_up|weapon|zone_source/zm_parkour_nothing0.zone|csv
2612,xanim,am_t6_browninghp_crawl_in,4636,0,|t6_browninghp_up|weapon|zone_source/zm_parkour_nothing0.zone|csv
2613,xanim,am_t6_browninghp_crawl_forward,3778,0,|t6_browninghp_up|weapon|zone_source/zm_parkour_nothing0.zone|csv
2614,xanim,am_t6_browninghp_crawl_back,3420,0,|t6_browninghp_up|weapon|zone_source/zm_parkour_nothing0.zone|csv
2615,xanim,am_t6_browninghp_crawl_right,3538,0,|t6_browninghp_up|weapon|zone_source/zm_parkour_nothing0.zone|csv
2616,xanim,am_t6_browninghp_crawl_left,3385,0,|t6_browninghp_up|weapon|zone_source/zm_parkour_nothing0.zone|csv
2617,xanim,am_t6_browninghp_crawl_out,4335,0,|t6_browninghp_up|weapon|zone_source/zm_parkour_nothing0.zone|csv
2618,xanim,am_t6_browninghp_ads_fire,2747,0,|t6_browninghp_up|weapon|zone_source/zm_parkour_nothing0.zone|csv
2619,xanim,am_t6_browninghp_slide_in,2462,0,|t6_browninghp_up|weapon|zone_source/zm_parkour_nothing0.zone|csv
2620,xanim,am_t6_browninghp_slide_air_in,2981,0,|t6_browninghp_up|weapon|zone_source/zm_parkour_nothing0.zone|csv
2621,xanim,am_t6_browninghp_slide_loop,2181,0,|t6_browninghp_up|weapon|zone_source/zm_parkour_nothing0.zone|csv
2622,xanim,am_t6_browninghp_slide_out,3081,0,|t6_browninghp_up|weapon|zone_source/zm_parkour_nothing0.zone|csv
2623,xanim,am_t6_browninghp_ads_up,122,0,|t6_browninghp_up|weapon|zone_source/zm_parkour_nothing0.zone|csv
2624,xanim,am_t6_browninghp_ads_down,124,0,|t6_browninghp_up|weapon|zone_source/zm_parkour_nothing0.zone|csv
2625,weapon,t6_browninghp,7688,0,|zone_source/zm_parkour_nothing0.zone|csv
2626,weaponcamo,t6_camo_browninghp_table,78512,0,|t6_browninghp_up|weapon|zone_source/zm_parkour_nothing0.zone|csv
2627,weapon,t6_browninghp_up,6185,0,|zone_source/zm_parkour_nothing0.zone|csv
2628,image,i_t6_wpn_smg_chicom_camo1_o,284,207416,|mc/mtl_t6_wpn_smg_chicom_camo1|material|t6_camo_chicom_cqb_table|weaponcamo|t6_chicom_cqb_up|weapon|zone_source/zm_parkour_nothing0.zone|csv
2629,image,i_t6_wpn_smg_chicom_camo1_n,292,1419960,|mc/mtl_t6_wpn_smg_chicom_camo1|material|t6_camo_chicom_cqb_table|weaponcamo|t6_chicom_cqb_up|weapon|zone_source/zm_parkour_nothing0.zone|csv
2630,image,i_t6_wpn_smg_chicom_camo1_g,276,742728,|mc/mtl_t6_wpn_smg_chicom_camo1|material|t6_camo_chicom_cqb_table|weaponcamo|t6_chicom_cqb_up|weapon|zone_source/zm_parkour_nothing0.zone|csv
2631,image,i_t6_wpn_smg_chicom_camo1_r,284,720896,|t6_camo_chicom_cqb_table|weaponcamo|t6_chicom_cqb_up|weapon|zone_source/zm_parkour_nothing0.zone|csv
2632,image,i_t6_wpn_smg_chicom_camo1_c,292,1419960,|mc/mtl_t6_wpn_smg_chicom_camo1|material|t6_camo_chicom_cqb_table|weaponcamo|t6_chicom_cqb_up|weapon|zone_source/zm_parkour_nothing0.zone|csv
2633,image,i_t6_wpn_smg_chicom_camo1_s,276,742728,|mc/mtl_t6_wpn_smg_chicom_camo1|material|t6_camo_chicom_cqb_table|weaponcamo|t6_chicom_cqb_up|weapon|zone_source/zm_parkour_nothing0.zone|csv
2634,material,mc/mtl_t6_wpn_smg_chicom_camo1,1127,0,|t6_camo_chicom_cqb_table|weaponcamo|t6_chicom_cqb_up|weapon|zone_source/zm_parkour_nothing0.zone|csv
2635,xmodelmesh,vm_t6_chicom_cqb5e0f8522,952,152808,|vm_t6_chicom_cqb|xmodel|t6_chicom_cqb_up|weapon|zone_source/zm_parkour_nothing0.zone|csv
2636,xmodel,vm_t6_chicom_cqb,944,0,|t6_chicom_cqb_up|weapon|zone_source/zm_parkour_nothing0.zone|csv
2637,xmodelmesh,wm_t6_chicom_cqb781ad2b1,736,91616,|wm_t6_chicom_cqb|xmodel|t6_chicom_cqb_up|weapon|zone_source/zm_parkour_nothing0.zone|csv
2638,xmodel,wm_t6_chicom_cqb,608,0,|t6_chicom_cqb_up|weapon|zone_source/zm_parkour_nothing0.zone|csv
2639,xmodelmesh,vm_t6_chicom_cqb_mag8b531fbf,240,9552,|vm_t6_chicom_cqb_mag|xmodel|t6_chicom_cqb|weapon|zone_source/zm_parkour_nothing0.zone|csv
2640,xmodel,vm_t6_chicom_cqb_mag,236,0,|t6_chicom_cqb|weapon|zone_source/zm_parkour_nothing0.zone|csv
2641,xanim,am_t6_chicom_cqb_idle,1816,0,|t6_chicom_cqb_up|weapon|zone_source/zm_parkour_nothing0.zone|csv
2642,xanim,am_t6_chicom_cqb_fire,2505,0,|t6_chicom_cqb_up|weapon|zone_source/zm_parkour_nothing0.zone|csv
2643,xanim,am_t6_chicom_cqb_reload,23169,0,|t6_chicom_cqb|weapon|zone_source/zm_parkour_nothing0.zone|csv
2644,xanim,am_t6_chicom_cqb_reload_empty,27632,0,|t6_chicom_cqb|weapon|zone_source/zm_parkour_nothing0.zone|csv
2645,xanim,am_t6_chicom_cqb_pullout,7324,0,|t6_chicom_cqb_up|weapon|zone_source/zm_parkour_nothing0.zone|csv
2646,xanim,am_t6_chicom_cqb_first_raise,12505,0,|t6_chicom_cqb_up|weapon|zone_source/zm_parkour_nothing0.zone|csv
2647,xanim,am_t6_chicom_cqb_putaway,5799,0,|t6_chicom_cqb_up|weapon|zone_source/zm_parkour_nothing0.zone|csv
2648,xanim,am_t6_chicom_cqb_sprint_in,3478,0,|t6_chicom_cqb_up|weapon|zone_source/zm_parkour_nothing0.zone|csv
2649,xanim,am_t6_chicom_cqb_sprint_loop,4331,0,|t6_chicom_cqb_up|weapon|zone_source/zm_parkour_nothing0.zone|csv
2650,xanim,am_t6_chicom_cqb_sprint_out,3117,0,|t6_chicom_cqb_up|weapon|zone_source/zm_parkour_nothing0.zone|csv
2651,xanim,am_t6_chicom_cqb_crawl_in,3348,0,|t6_chicom_cqb_up|weapon|zone_source/zm_parkour_nothing0.zone|csv
2652,xanim,am_t6_chicom_cqb_crawl_forward,6927,0,|t6_chicom_cqb_up|weapon|zone_source/zm_parkour_nothing0.zone|csv
2653,xanim,am_t6_chicom_cqb_crawl_back,5776,0,|t6_chicom_cqb_up|weapon|zone_source/zm_parkour_nothing0.zone|csv
2654,xanim,am_t6_chicom_cqb_crawl_right,5790,0,|t6_chicom_cqb_up|weapon|zone_source/zm_parkour_nothing0.zone|csv
2655,xanim,am_t6_chicom_cqb_crawl_left,5799,0,|t6_chicom_cqb_up|weapon|zone_source/zm_parkour_nothing0.zone|csv
2656,xanim,am_t6_chicom_cqb_crawl_out,2844,0,|t6_chicom_cqb_up|weapon|zone_source/zm_parkour_nothing0.zone|csv
2657,xanim,am_t6_chicom_cqb_ads_fire,2433,0,|t6_chicom_cqb_up|weapon|zone_source/zm_parkour_nothing0.zone|csv
2658,xanim,am_t6_chicom_cqb_slide_in,3761,0,|t6_chicom_cqb_up|weapon|zone_source/zm_parkour_nothing0.zone|csv
2659,xanim,am_t6_chicom_cqb_slide_air_in,3403,0,|t6_chicom_cqb_up|weapon|zone_source/zm_parkour_nothing0.zone|csv
2660,xanim,am_t6_chicom_cqb_slide_loop,2224,0,|t6_chicom_cqb_up|weapon|zone_source/zm_parkour_nothing0.zone|csv
2661,xanim,am_t6_chicom_cqb_slide_out,3066,0,|t6_chicom_cqb_up|weapon|zone_source/zm_parkour_nothing0.zone|csv
2662,xanim,am_t6_chicom_cqb_ads_up,198,0,|t6_chicom_cqb|weapon|zone_source/zm_parkour_nothing0.zone|csv
2663,xanim,am_t6_chicom_cqb_ads_down,198,0,|t6_chicom_cqb|weapon|zone_source/zm_parkour_nothing0.zone|csv
2664,weapon,t6_chicom_cqb,7841,0,|zone_source/zm_parkour_nothing0.zone|csv
2665,xmodelmesh,vm_t6_chicom_cqb_fastmaga4f21d00,232,12576,|vm_t6_chicom_cqb_fastmag|xmodel|t6_chicom_cqb_up|weapon|zone_source/zm_parkour_nothing0.zone|csv
2666,xmodel,vm_t6_chicom_cqb_fastmag,152,0,|t6_chicom_cqb_up|weapon|zone_source/zm_parkour_nothing0.zone|csv
2667,weaponcamo,t6_camo_chicom_cqb_table,78512,0,|t6_chicom_cqb_up|weapon|zone_source/zm_parkour_nothing0.zone|csv
2668,xanim,am_t6_chicom_cqb_fastmag_reload,21152,0,|t6_chicom_cqb_up|weapon|zone_source/zm_parkour_nothing0.zone|csv
2669,xanim,am_t6_chicom_cqb_fastmag_reload_empty,25837,0,|t6_chicom_cqb_up|weapon|zone_source/zm_parkour_nothing0.zone|csv
2670,xanim,am_t6_chicom_cqb_fastmag_reload_quick,17227,0,|t6_chicom_cqb_up|weapon|zone_source/zm_parkour_nothing0.zone|csv
2671,xanim,am_t6_chicom_cqb_fastmag_reload_empty_quick,23734,0,|t6_chicom_cqb_up|weapon|zone_source/zm_parkour_nothing0.zone|csv
2672,xanim,am_t6_chicom_cqb_reflex_ads_up,197,0,|t6_chicom_cqb_up|weapon|zone_source/zm_parkour_nothing0.zone|csv
2673,xanim,am_t6_chicom_cqb_reflex_ads_down,189,0,|t6_chicom_cqb_up|weapon|zone_source/zm_parkour_nothing0.zone|csv
2674,weapon,t6_chicom_cqb_up,7936,0,|zone_source/zm_parkour_nothing0.zone|csv
2675,image,i_t6_wpn_minigun_o,275,192200,|mc/mtl_t6_wpn_minigun_camo|material|t6_camo_death_machine_table|weaponcamo|t6_death_machine_up|weapon|zone_source/zm_parkour_nothing0.zone|csv
2676,image,i_t6_wpn_minigun_n,283,1419960,|mc/mtl_t6_wpn_minigun_camo|material|t6_camo_death_machine_table|weaponcamo|t6_death_machine_up|weapon|zone_source/zm_parkour_nothing0.zone|csv
2677,image,i_t6_wpn_minigun_g,267,742728,|mc/mtl_t6_wpn_minigun_camo|material|t6_camo_death_machine_table|weaponcamo|t6_death_machine_up|weapon|zone_source/zm_parkour_nothing0.zone|csv
2678,image,i_t6_wpn_minigun_r,275,720896,|t6_camo_death_machine_table|weaponcamo|t6_death_machine_up|weapon|zone_source/zm_parkour_nothing0.zone|csv
2679,image,i_t6_wpn_minigun_c,283,1419960,|mc/mtl_t6_wpn_minigun_camo|material|t6_camo_death_machine_table|weaponcamo|t6_death_machine_up|weapon|zone_source/zm_parkour_nothing0.zone|csv
2680,image,i_t6_wpn_minigun_s,267,742728,|mc/mtl_t6_wpn_minigun_camo|material|t6_camo_death_machine_table|weaponcamo|t6_death_machine_up|weapon|zone_source/zm_parkour_nothing0.zone|csv
2681,material,mc/mtl_t6_wpn_minigun_camo,1126,0,|t6_camo_death_machine_table|weaponcamo|t6_death_machine_up|weapon|zone_source/zm_parkour_nothing0.zone|csv
2682,image,i_t6_wpn_minigun_ammo_n,288,109240,|mc/mtl_t6_wpn_minigun_ammo_noalpha_camo|material|wm_t6_death_machine|xmodel|t6_death_machine_up|weapon|zone_source/zm_parkour_nothing0.zone|csv
2683,image,i_t6_wpn_minigun_ammo_g,272,87368,|mc/mtl_t6_wpn_minigun_ammo_noalpha_camo|material|wm_t6_death_machine|xmodel|t6_death_machine_up|weapon|zone_source/zm_parkour_nothing0.zone|csv
2684,image,i_t6_wpn_minigun_ammo_c,288,109240,|mc/mtl_t6_wpn_minigun_ammo_noalpha_camo|material|wm_t6_death_machine|xmodel|t6_death_machine_up|weapon|zone_source/zm_parkour_nothing0.zone|csv
2685,image,i_t6_wpn_minigun_ammo_s,272,87368,|mc/mtl_t6_wpn_minigun_ammo_noalpha_camo|material|wm_t6_death_machine|xmodel|t6_death_machine_up|weapon|zone_source/zm_parkour_nothing0.zone|csv
2686,material,mc/mtl_t6_wpn_minigun_ammo_camo,968,0,|vm_t6_death_machine|xmodel|t6_death_machine_up|weapon|zone_source/zm_parkour_nothing0.zone|csv
2687,image,i_t6_attach_belt_links_camo_n,294,43704,|mc/mtl_t6_attach_belt_links_camo|material|vm_t6_death_machine|xmodel|t6_death_machine_up|weapon|zone_source/zm_parkour_nothing0.zone|csv
2688,image,i_t6_attach_belt_links_camo_g,11206,0,|mc/mtl_t6_attach_belt_links_camo|material|vm_t6_death_machine|xmodel|t6_death_machine_up|weapon|zone_source/zm_parkour_nothing0.zone|csv
2689,image,i_t6_attach_belt_links_camo_c,118,65536,|mc/mtl_t6_attach_belt_links_camo|material|vm_t6_death_machine|xmodel|t6_death_machine_up|weapon|zone_source/zm_parkour_nothing0.zone|csv
2690,image,i_t6_attach_belt_links_camo_s,11206,0,|mc/mtl_t6_attach_belt_links_camo|material|vm_t6_death_machine|xmodel|t6_death_machine_up|weapon|zone_source/zm_parkour_nothing0.zone|csv
2691,material,mc/mtl_t6_attach_belt_links_camo,968,0,|vm_t6_death_machine|xmodel|t6_death_machine_up|weapon|zone_source/zm_parkour_nothing0.zone|csv
2692,xmodelmesh,vm_t6_death_machinebd2aacbb,1104,476368,|vm_t6_death_machine|xmodel|t6_death_machine_up|weapon|zone_source/zm_parkour_nothing0.zone|csv
2693,xmodel,vm_t6_death_machine,2104,0,|t6_death_machine_up|weapon|zone_source/zm_parkour_nothing0.zone|csv
2694,fx,weapon/fx_muz_lg_mg_1p,24,0,|t6_rpd|weapon|zone_source/zm_parkour_nothing0.zone|csv
2695,fx,weapon/fx_muz_lg_mg_3p,24,0,|t6_rpd|weapon|zone_source/zm_parkour_nothing0.zone|csv
2696,fx,weapon/fx_shellejects_minigun,31,0,|t6_death_machine_up|weapon|zone_source/zm_parkour_nothing0.zone|csv
2697,material,mc/mtl_t6_wpn_minigun_ammo_noalpha_camo,1137,0,|wm_t6_death_machine|xmodel|t6_death_machine_up|weapon|zone_source/zm_parkour_nothing0.zone|csv
2698,xmodelmesh,wm_t6_death_machineb94853d5,360,188800,|wm_t6_death_machine|xmodel|t6_death_machine_up|weapon|zone_source/zm_parkour_nothing0.zone|csv
2699,xmodel,wm_t6_death_machine,572,0,|t6_death_machine_up|weapon|zone_source/zm_parkour_nothing0.zone|csv
2700,xanim,am_t6_death_machine_idle,1772,0,|t6_death_machine_up|weapon|zone_source/zm_parkour_nothing0.zone|csv
2701,xanim,am_t6_death_machine_fire,2360,0,|t6_death_machine_up|weapon|zone_source/zm_parkour_nothing0.zone|csv
2702,xanim,am_t6_death_machine_reload,12851,0,|t6_death_machine_up|weapon|zone_source/zm_parkour_nothing0.zone|csv
2703,xanim,am_t6_death_machine_pullout,8354,0,|t6_death_machine_up|weapon|zone_source/zm_parkour_nothing0.zone|csv
2704,xanim,am_t6_death_machine_putaway,7058,0,|t6_death_machine_up|weapon|zone_source/zm_parkour_nothing0.zone|csv
2705,xanim,am_t6_death_machine_pullout_quick,6238,0,|t6_death_machine_up|weapon|zone_source/zm_parkour_nothing0.zone|csv
2706,xanim,am_t6_death_machine_sprint_in,3457,0,|t6_death_machine_up|weapon|zone_source/zm_parkour_nothing0.zone|csv
2707,xanim,am_t6_death_machine_sprint_loop,4724,0,|t6_death_machine_up|weapon|zone_source/zm_parkour_nothing0.zone|csv
2708,xanim,am_t6_death_machine_sprint_out,2913,0,|t6_death_machine_up|weapon|zone_source/zm_parkour_nothing0.zone|csv
2709,xanim,am_t6_death_machine_slide_in,3234,0,|t6_death_machine_up|weapon|zone_source/zm_parkour_nothing0.zone|csv
2710,xanim,am_t6_death_machine_slide_air_in,2925,0,|t6_death_machine_up|weapon|zone_source/zm_parkour_nothing0.zone|csv
2711,xanim,am_t6_death_machine_slide_loop,2059,0,|t6_death_machine_up|weapon|zone_source/zm_parkour_nothing0.zone|csv
2712,xanim,am_t6_death_machine_slide_out,2417,0,|t6_death_machine_up|weapon|zone_source/zm_parkour_nothing0.zone|csv
2713,xanim,am_t6_death_machine_ads_up,62,0,|t6_death_machine_up|weapon|zone_source/zm_parkour_nothing0.zone|csv
2714,xanim,am_t6_death_machine_ads_down,64,0,|t6_death_machine_up|weapon|zone_source/zm_parkour_nothing0.zone|csv
2715,image,i_t6_minigun_center_reticle,5588,0,|t6_death_machine_up|weapon|zone_source/zm_parkour_nothing0.zone|csv
2716,weapon,t6_death_machine,7728,0,|zone_source/zm_parkour_nothing0.zone|csv
2717,fx,zombie/fx_muz_lg_mg_1p_ug_zm,30,0,|t6_rpd_up|weapon|zone_source/zm_parkour_nothing0.zone|csv
2718,fx,zombie/fx_muz_lg_mg_3p_ug_zm,30,0,|t6_rpd_up|weapon|zone_source/zm_parkour_nothing0.zone|csv
2719,weaponcamo,t6_camo_death_machine_table,78508,0,|t6_death_machine_up|weapon|zone_source/zm_parkour_nothing0.zone|csv
2720,weapon,t6_death_machine_up,6109,0,|zone_source/zm_parkour_nothing0.zone|csv
2721,image,i_t6_wpn_sniper_dragunov_camo1_o,185,208632,|mc/mtl_t6_wpn_sniper_dragunov_camo1|material|t6_camo_dragunov_table|weaponcamo|t6_dragunov_up|weapon|zone_source/zm_parkour_nothing0.zone|csv
2722,image,i_t6_wpn_sniper_dragunov_camo1_n,297,1419960,|mc/mtl_t6_wpn_sniper_dragunov_camo1|material|t6_camo_dragunov_table|weaponcamo|t6_dragunov_up|weapon|zone_source/zm_parkour_nothing0.zone|csv
2723,image,i_t6_wpn_sniper_dragunov_camo1_g,281,742728,|mc/mtl_t6_wpn_sniper_dragunov_camo1|material|t6_camo_dragunov_table|weaponcamo|t6_dragunov_up|weapon|zone_source/zm_parkour_nothing0.zone|csv
2724,image,i_t6_wpn_sniper_dragunov_camo1_r,289,720896,|t6_camo_dragunov_table|weaponcamo|t6_dragunov_up|weapon|zone_source/zm_parkour_nothing0.zone|csv
2725,image,i_t6_wpn_sniper_dragunov_camo1_c,297,1419960,|mc/mtl_t6_wpn_sniper_dragunov_camo1|material|t6_camo_dragunov_table|weaponcamo|t6_dragunov_up|weapon|zone_source/zm_parkour_nothing0.zone|csv
2726,image,i_t6_wpn_sniper_dragunov_camo1_s,281,742728,|mc/mtl_t6_wpn_sniper_dragunov_camo1|material|t6_camo_dragunov_table|weaponcamo|t6_dragunov_up|weapon|zone_source/zm_parkour_nothing0.zone|csv
2727,material,mc/mtl_t6_wpn_sniper_dragunov_camo1,1133,0,|t6_camo_dragunov_table|weaponcamo|t6_dragunov_up|weapon|zone_source/zm_parkour_nothing0.zone|csv
2728,xmodelmesh,vm_t6_dragunov2ccaa65,344,154744,|vm_t6_dragunov|xmodel|t6_dragunov_up|weapon|zone_source/zm_parkour_nothing0.zone|csv
2729,xmodel,vm_t6_dragunov,540,0,|t6_dragunov_up|weapon|zone_source/zm_parkour_nothing0.zone|csv
2730,xmodelmesh,wpn_h1_shell_762x54_npcb18360b0,224,4448,|wpn_h1_shell_762x54_npc|xmodel|_scobalula/shellejects/mwr/h1_shell_eject_762x54_rest|fx|_scobalula/shellejects/mwr/h1_shell_eject_762x54|fx|t6_svu_as_up|weapon|zone_source/zm_parkour_nothing0.zone|csv
2731,xmodel,wpn_h1_shell_762x54_npc,148,0,|_scobalula/shellejects/mwr/h1_shell_eject_762x54_rest|fx|_scobalula/shellejects/mwr/h1_shell_eject_762x54|fx|t6_svu_as_up|weapon|zone_source/zm_parkour_nothing0.zone|csv
2732,fx,_scobalula/shellejects/mwr/h1_shell_eject_762x54_rest,664,0,|_scobalula/shellejects/mwr/h1_shell_eject_762x54|fx|t6_svu_as_up|weapon|zone_source/zm_parkour_nothing0.zone|csv
2733,fx,_scobalula/shellejects/mwr/h1_shell_eject_762x54,1272,0,|t6_svu_as_up|weapon|zone_source/zm_parkour_nothing0.zone|csv
2734,image,i_t6_attach_dragunov_scope_o,285,102952,|mc/mtl_t6_attach_dragunov_scope|material|t6_camo_dragunov_table|weaponcamo|t6_dragunov_up|weapon|zone_source/zm_parkour_nothing0.zone|csv
2735,image,i_t6_attach_dragunov_scope_n,293,371384,|mc/mtl_t6_attach_dragunov_scope|material|t6_camo_dragunov_table|weaponcamo|t6_dragunov_up|weapon|zone_source/zm_parkour_nothing0.zone|csv
2736,image,i_t6_attach_dragunov_scope_g,277,218440,|mc/mtl_t6_attach_dragunov_scope|material|t6_camo_dragunov_table|weaponcamo|t6_dragunov_up|weapon|zone_source/zm_parkour_nothing0.zone|csv
2737,image,i_t6_attach_dragunov_scope_r,285,196608,|t6_camo_dragunov_table|weaponcamo|t6_dragunov_up|weapon|zone_source/zm_parkour_nothing0.zone|csv
2738,image,i_t6_attach_dragunov_scope_c,293,371384,|mc/mtl_t6_attach_dragunov_scope|material|t6_camo_dragunov_table|weaponcamo|t6_dragunov_up|weapon|zone_source/zm_parkour_nothing0.zone|csv
2739,image,i_t6_attach_dragunov_scope_s,277,218440,|mc/mtl_t6_attach_dragunov_scope|material|t6_camo_dragunov_table|weaponcamo|t6_dragunov_up|weapon|zone_source/zm_parkour_nothing0.zone|csv
2740,material,mc/mtl_t6_attach_dragunov_scope,1130,0,|t6_camo_dragunov_table|weaponcamo|t6_dragunov_up|weapon|zone_source/zm_parkour_nothing0.zone|csv
2741,xmodelmesh,wm_t6_dragunovebb68468,552,89288,|wm_t6_dragunov|xmodel|t6_dragunov_up|weapon|zone_source/zm_parkour_nothing0.zone|csv
2742,xmodel,wm_t6_dragunov,596,0,|t6_dragunov_up|weapon|zone_source/zm_parkour_nothing0.zone|csv
2743,image,i_t6_wpn_dragunov_scope_lens_n,295,151024,|mc/mtl_t6_wpn_dragunov_scope_lens|material|vm_t6_dragunov_hip_scope|xmodel|t6_dragunov_up|weapon|zone_source/zm_parkour_nothing0.zone|csv
2744,image,i_t6_wpn_dragunov_scope_lens_g,279,87368,|mc/mtl_t6_wpn_dragunov_scope_lens|material|vm_t6_dragunov_hip_scope|xmodel|t6_dragunov_up|weapon|zone_source/zm_parkour_nothing0.zone|csv
2745,image,i_t6_wpn_dragunov_scope_lens_c,295,109240,|mc/mtl_t6_wpn_dragunov_scope_lens|material|vm_t6_dragunov_hip_scope|xmodel|t6_dragunov_up|weapon|zone_source/zm_parkour_nothing0.zone|csv
2746,image,i_t6_wpn_dragunov_scope_lens_s,279,87368,|mc/mtl_t6_wpn_dragunov_scope_lens|material|vm_t6_dragunov_hip_scope|xmodel|t6_dragunov_up|weapon|zone_source/zm_parkour_nothing0.zone|csv
2747,material,mc/mtl_t6_wpn_dragunov_scope_lens,976,0,|vm_t6_dragunov_hip_scope|xmodel|t6_dragunov_up|weapon|zone_source/zm_parkour_nothing0.zone|csv
2748,xmodelmesh,vm_t6_dragunov_hip_scopeca69a036,344,53576,|vm_t6_dragunov_hip_scope|xmodel|t6_dragunov_up|weapon|zone_source/zm_parkour_nothing0.zone|csv
2749,xmodel,vm_t6_dragunov_hip_scope,164,0,|t6_dragunov_up|weapon|zone_source/zm_parkour_nothing0.zone|csv
2750,image,i_t6_wpn_dragunov_scope_reticle_c,298,1431920,|mc/mtl_t6_wpn_dragunov_scope_reticle|material|vm_t6_dragunov_ads_scope|xmodel|t6_dragunov_up|weapon|zone_source/zm_parkour_nothing0.zone|csv
2751,material,mc/mtl_t6_wpn_dragunov_scope_reticle,866,0,|vm_t6_dragunov_ads_scope|xmodel|t6_dragunov_up|weapon|zone_source/zm_parkour_nothing0.zone|csv
2752,xmodelmesh,vm_t6_dragunov_ads_scope72577762,456,13008,|vm_t6_dragunov_ads_scope|xmodel|t6_dragunov_up|weapon|zone_source/zm_parkour_nothing0.zone|csv
2753,xmodel,vm_t6_dragunov_ads_scope,176,0,|t6_dragunov_up|weapon|zone_source/zm_parkour_nothing0.zone|csv
2754,xmodelmesh,vm_t6_dragunov_mag860804b2,344,12352,|vm_t6_dragunov_mag|xmodel|t6_dragunov_up|weapon|zone_source/zm_parkour_nothing0.zone|csv
2755,xmodel,vm_t6_dragunov_mag,232,0,|t6_dragunov_up|weapon|zone_source/zm_parkour_nothing0.zone|csv
2756,xanim,am_t6_dragunov_idle,1608,0,|t6_dragunov_up|weapon|zone_source/zm_parkour_nothing0.zone|csv
2757,xanim,am_t6_dragunov_fire,2714,0,|t6_dragunov_up|weapon|zone_source/zm_parkour_nothing0.zone|csv
2758,xanim,am_t6_dragunov_reload,29066,0,|t6_dragunov_up|weapon|zone_source/zm_parkour_nothing0.zone|csv
2759,xanim,am_t6_dragunov_reload_empty,34845,0,|t6_dragunov_up|weapon|zone_source/zm_parkour_nothing0.zone|csv
2760,xanim,am_t6_dragunov_pullout,9449,0,|t6_dragunov_up|weapon|zone_source/zm_parkour_nothing0.zone|csv
2761,xanim,am_t6_dragunov_first_raise,14219,0,|t6_dragunov_up|weapon|zone_source/zm_parkour_nothing0.zone|csv
2762,xanim,am_t6_dragunov_putaway,9112,0,|t6_dragunov_up|weapon|zone_source/zm_parkour_nothing0.zone|csv
2763,xanim,am_t6_dragunov_pullout_quick,7035,0,|t6_dragunov_up|weapon|zone_source/zm_parkour_nothing0.zone|csv
2764,xanim,am_t6_dragunov_putaway_quick,6666,0,|t6_dragunov_up|weapon|zone_source/zm_parkour_nothing0.zone|csv
2765,xanim,am_t6_dragunov_sprint_in,3445,0,|t6_dragunov_up|weapon|zone_source/zm_parkour_nothing0.zone|csv
2766,xanim,am_t6_dragunov_sprint_loop,5281,0,|t6_dragunov_up|weapon|zone_source/zm_parkour_nothing0.zone|csv
2767,xanim,am_t6_dragunov_sprint_out,3208,0,|t6_dragunov_up|weapon|zone_source/zm_parkour_nothing0.zone|csv
2768,xanim,am_t6_dragunov_crawl_in,3590,0,|t6_dragunov_up|weapon|zone_source/zm_parkour_nothing0.zone|csv
2769,xanim,am_t6_dragunov_crawl_forward,6334,0,|t6_dragunov_up|weapon|zone_source/zm_parkour_nothing0.zone|csv
2770,xanim,am_t6_dragunov_crawl_back,5529,0,|t6_dragunov_up|weapon|zone_source/zm_parkour_nothing0.zone|csv
2771,xanim,am_t6_dragunov_crawl_right,5768,0,|t6_dragunov_up|weapon|zone_source/zm_parkour_nothing0.zone|csv
2772,xanim,am_t6_dragunov_crawl_left,5871,0,|t6_dragunov_up|weapon|zone_source/zm_parkour_nothing0.zone|csv
2773,xanim,am_t6_dragunov_crawl_out,3198,0,|t6_dragunov_up|weapon|zone_source/zm_parkour_nothing0.zone|csv
2774,xanim,am_t6_dragunov_ads_fire,2024,0,|t6_dragunov_up|weapon|zone_source/zm_parkour_nothing0.zone|csv
2775,xanim,am_t6_dragunov_slide_in,3680,0,|t6_dragunov_up|weapon|zone_source/zm_parkour_nothing0.zone|csv
2776,xanim,am_t6_dragunov_slide_air_in,3374,0,|t6_dragunov_up|weapon|zone_source/zm_parkour_nothing0.zone|csv
2777,xanim,am_t6_dragunov_slide_loop,2020,0,|t6_dragunov_up|weapon|zone_source/zm_parkour_nothing0.zone|csv
2778,xanim,am_t6_dragunov_slide_out,3170,0,|t6_dragunov_up|weapon|zone_source/zm_parkour_nothing0.zone|csv
2779,xanim,am_t6_dragunov_scope_ads_up,263,0,|t6_dragunov_up|weapon|zone_source/zm_parkour_nothing0.zone|csv
2780,xanim,am_t6_dragunov_scope_ads_down,236,0,|t6_dragunov_up|weapon|zone_source/zm_parkour_nothing0.zone|csv
2781,weapon,t6_dragunov,7849,0,|zone_source/zm_parkour_nothing0.zone|csv
2782,weaponcamo,t6_camo_dragunov_table,80558,0,|t6_dragunov_up|weapon|zone_source/zm_parkour_nothing0.zone|csv
2783,weapon,t6_dragunov_up,6196,0,|zone_source/zm_parkour_nothing0.zone|csv
2784,image,i_t6_wpn_sniper_dsr50_o,272,193080,|mc/mtl_t6_wpn_sniper_dsr50|material|t6_camo_dsr50_table|weaponcamo|t6_dsr50_up|weapon|zone_source/zm_parkour_nothing0.zone|csv
2785,image,i_t6_wpn_sniper_dsr50_n,288,1419960,|mc/mtl_t6_wpn_sniper_dsr50|material|t6_camo_dsr50_table|weaponcamo|t6_dsr50_up|weapon|zone_source/zm_parkour_nothing0.zone|csv
2786,image,i_t6_wpn_sniper_dsr50_g,272,742728,|mc/mtl_t6_wpn_sniper_dsr50|material|t6_camo_dsr50_table|weaponcamo|t6_dsr50_up|weapon|zone_source/zm_parkour_nothing0.zone|csv
2787,image,i_t6_wpn_sniper_dsr50_r,280,720896,|t6_camo_dsr50_table|weaponcamo|t6_dsr50_up|weapon|zone_source/zm_parkour_nothing0.zone|csv
2788,image,i_t6_wpn_sniper_dsr50_c,288,1419960,|mc/mtl_t6_wpn_sniper_dsr50|material|t6_camo_dsr50_table|weaponcamo|t6_dsr50_up|weapon|zone_source/zm_parkour_nothing0.zone|csv
2789,image,i_t6_wpn_sniper_dsr50_s,272,742728,|mc/mtl_t6_wpn_sniper_dsr50|material|t6_camo_dsr50_table|weaponcamo|t6_dsr50_up|weapon|zone_source/zm_parkour_nothing0.zone|csv
2790,material,mc/mtl_t6_wpn_sniper_dsr50,1132,0,|t6_camo_dsr50_table|weaponcamo|t6_dsr50_up|weapon|zone_source/zm_parkour_nothing0.zone|csv
2791,image,i_t6_wpn_sniper_dsr50_scope_o,294,109232,|mc/mtl_t6_wpn_sniper_dsr50_scope|material|t6_camo_dsr50_table|weaponcamo|t6_dsr50_up|weapon|zone_source/zm_parkour_nothing0.zone|csv
2792,image,i_t6_wpn_sniper_dsr50_scope_n,302,742760,|mc/mtl_t6_wpn_sniper_dsr50_scope|material|t6_camo_dsr50_table|weaponcamo|t6_dsr50_up|weapon|zone_source/zm_parkour_nothing0.zone|csv
2793,image,i_t6_wpn_sniper_dsr50_scope_g,270,371352,|mc/mtl_t6_wpn_sniper_dsr50_scope|material|t6_camo_dsr50_table|weaponcamo|t6_dsr50_up|weapon|zone_source/zm_parkour_nothing0.zone|csv
2794,image,i_t6_wpn_sniper_dsr50_scope_r,286,393216,|t6_camo_dsr50_table|weaponcamo|t6_dsr50_up|weapon|zone_source/zm_parkour_nothing0.zone|csv
2795,image,i_t6_wpn_sniper_dsr50_scope_c,302,742760,|mc/mtl_t6_wpn_sniper_dsr50_scope|material|t6_camo_dsr50_table|weaponcamo|t6_dsr50_up|weapon|zone_source/zm_parkour_nothing0.zone|csv
2796,image,i_t6_wpn_sniper_dsr50_scope_s,270,371352,|mc/mtl_t6_wpn_sniper_dsr50_scope|material|t6_camo_dsr50_table|weaponcamo|t6_dsr50_up|weapon|zone_source/zm_parkour_nothing0.zone|csv
2797,material,mc/mtl_t6_wpn_sniper_dsr50_scope,1132,0,|t6_camo_dsr50_table|weaponcamo|t6_dsr50_up|weapon|zone_source/zm_parkour_nothing0.zone|csv
2798,xmodelmesh,vm_t6_dsr5072585c5a,816,307320,|vm_t6_dsr50|xmodel|t6_dsr50_up|weapon|zone_source/zm_parkour_nothing0.zone|csv
2799,xmodel,vm_t6_dsr50,924,0,|t6_dsr50_up|weapon|zone_source/zm_parkour_nothing0.zone|csv
2800,xmodelmesh,wm_t6_dsr5086eabaca,616,102720,|wm_t6_dsr50|xmodel|t6_dsr50_up|weapon|zone_source/zm_parkour_nothing0.zone|csv
2801,xmodel,wm_t6_dsr50,692,0,|t6_dsr50_up|weapon|zone_source/zm_parkour_nothing0.zone|csv
2802,image,i_t6_wpn_sniper_dsr50_scope_lens_n,291,114256,|mc/mtl_t6_wpn_sniper_dsr50_scope_lens|material|vm_t6_dsr50_hip_scope|xmodel|t6_dsr50|weapon|zone_source/zm_parkour_nothing0.zone|csv
2803,image,i_t6_wpn_sniper_dsr50_scope_lens_g,283,87368,|mc/mtl_t6_wpn_sniper_dsr50_scope_lens|material|vm_t6_dsr50_hip_scope|xmodel|t6_dsr50|weapon|zone_source/zm_parkour_nothing0.zone|csv
2804,image,i_t6_wpn_sniper_dsr50_scope_lens_c,299,109240,|mc/mtl_t6_wpn_sniper_dsr50_scope_lens|material|vm_t6_dsr50_hip_scope|xmodel|t6_dsr50|weapon|zone_source/zm_parkour_nothing0.zone|csv
2805,image,i_t6_wpn_sniper_dsr50_scope_lens_s,283,87368,|mc/mtl_t6_wpn_sniper_dsr50_scope_lens|material|vm_t6_dsr50_hip_scope|xmodel|t6_dsr50|weapon|zone_source/zm_parkour_nothing0.zone|csv
2806,material,mc/mtl_t6_wpn_sniper_dsr50_scope_lens,980,0,|vm_t6_dsr50_hip_scope|xmodel|t6_dsr50|weapon|zone_source/zm_parkour_nothing0.zone|csv
2807,image,i_t6_attach_tritium_red_txt_c,78,109240,|mc/mtl_t6_tritium_red_txt|material|vm_t6_dsr50_ads_scope|xmodel|t6_dsr50|weapon|zone_source/zm_parkour_nothing0.zone|csv
2808,material,mc/mtl_t6_tritium_red_txt,1450,0,|vm_t6_dsr50_ads_scope|xmodel|t6_dsr50|weapon|zone_source/zm_parkour_nothing0.zone|csv
2809,xmodelmesh,vm_t6_dsr50_hip_scope49ad90c9,1072,99056,|vm_t6_dsr50_hip_scope|xmodel|t6_dsr50|weapon|zone_source/zm_parkour_nothing0.zone|csv
2810,xmodel,vm_t6_dsr50_hip_scope,428,0,|t6_dsr50|weapon|zone_source/zm_parkour_nothing0.zone|csv
2811,image,i_t6_wpn_sniper_dsr50_scope_reticle_c,294,1408272,|mc/mtl_t6_wpn_sniper_dsr50_scope_reticle|material|vm_t6_dsr50_ads_scope|xmodel|t6_dsr50|weapon|zone_source/zm_parkour_nothing0.zone|csv
2812,material,mc/mtl_t6_wpn_sniper_dsr50_scope_reticle,862,0,|vm_t6_dsr50_ads_scope|xmodel|t6_dsr50|weapon|zone_source/zm_parkour_nothing0.zone|csv
2813,xmodelmesh,vm_t6_dsr50_ads_scopeee88f958,896,31984,|vm_t6_dsr50_ads_scope|xmodel|t6_dsr50|weapon|zone_source/zm_parkour_nothing0.zone|csv
2814,xmodel,vm_t6_dsr50_ads_scope,368,0,|t6_dsr50|weapon|zone_source/zm_parkour_nothing0.zone|csv
2815,xmodelmesh,vm_t6_dsr50_maga2e9921c,440,20224,|vm_t6_dsr50_mag|xmodel|t6_dsr50_up|weapon|zone_source/zm_parkour_nothing0.zone|csv
2816,xmodel,vm_t6_dsr50_mag,252,0,|t6_dsr50_up|weapon|zone_source/zm_parkour_nothing0.zone|csv
2817,xmodelmesh,wm_t6_dsr50_scope7f404565,512,65696,|wm_t6_dsr50_scope|xmodel|t6_dsr50|weapon|zone_source/zm_parkour_nothing0.zone|csv
2818,xmodel,wm_t6_dsr50_scope,348,0,|t6_dsr50|weapon|zone_source/zm_parkour_nothing0.zone|csv
2819,xanim,am_t6_dsr50_idle,1624,0,|t6_dsr50_up|weapon|zone_source/zm_parkour_nothing0.zone|csv
2820,xanim,am_t6_dsr50_fire,2695,0,|t6_dsr50_up|weapon|zone_source/zm_parkour_nothing0.zone|csv
2821,xanim,am_t6_dsr50_bolt,9927,0,|t6_dsr50_up|weapon|zone_source/zm_parkour_nothing0.zone|csv
2822,xanim,am_t6_dsr50_reload,27548,0,|t6_dsr50_up|weapon|zone_source/zm_parkour_nothing0.zone|csv
2823,xanim,am_t6_dsr50_reload_empty,39787,0,|t6_dsr50_up|weapon|zone_source/zm_parkour_nothing0.zone|csv
2824,xanim,am_t6_dsr50_pullout,13485,0,|t6_dsr50_up|weapon|zone_source/zm_parkour_nothing0.zone|csv
2825,xanim,am_t6_dsr50_first_raise,14015,0,|t6_dsr50|weapon|zone_source/zm_parkour_nothing0.zone|csv
2826,xanim,am_t6_dsr50_putaway,12257,0,|t6_dsr50_up|weapon|zone_source/zm_parkour_nothing0.zone|csv
2827,xanim,am_t6_dsr50_pullout_quick,7538,0,|t6_dsr50_up|weapon|zone_source/zm_parkour_nothing0.zone|csv
2828,xanim,am_t6_dsr50_putaway_quick,5654,0,|t6_dsr50_up|weapon|zone_source/zm_parkour_nothing0.zone|csv
2829,xanim,am_t6_dsr50_sprint_in,3486,0,|t6_dsr50_up|weapon|zone_source/zm_parkour_nothing0.zone|csv
2830,xanim,am_t6_dsr50_sprint_loop,4583,0,|t6_dsr50_up|weapon|zone_source/zm_parkour_nothing0.zone|csv
2831,xanim,am_t6_dsr50_sprint_out,3505,0,|t6_dsr50_up|weapon|zone_source/zm_parkour_nothing0.zone|csv
2832,xanim,am_t6_dsr50_crawl_in,3372,0,|t6_dsr50_up|weapon|zone_source/zm_parkour_nothing0.zone|csv
2833,xanim,am_t6_dsr50_crawl_forward,6325,0,|t6_dsr50_up|weapon|zone_source/zm_parkour_nothing0.zone|csv
2834,xanim,am_t6_dsr50_crawl_back,5536,0,|t6_dsr50_up|weapon|zone_source/zm_parkour_nothing0.zone|csv
2835,xanim,am_t6_dsr50_crawl_right,5834,0,|t6_dsr50_up|weapon|zone_source/zm_parkour_nothing0.zone|csv
2836,xanim,am_t6_dsr50_crawl_left,5583,0,|t6_dsr50_up|weapon|zone_source/zm_parkour_nothing0.zone|csv
2837,xanim,am_t6_dsr50_crawl_out,3066,0,|t6_dsr50_up|weapon|zone_source/zm_parkour_nothing0.zone|csv
2838,xanim,am_t6_dsr50_ads_fire,2495,0,|t6_dsr50_up|weapon|zone_source/zm_parkour_nothing0.zone|csv
2839,xanim,am_t6_dsr50_ads_bolt,9586,0,|t6_dsr50_up|weapon|zone_source/zm_parkour_nothing0.zone|csv
2840,xanim,am_t6_dsr50_slide_in,3399,0,|t6_dsr50_up|weapon|zone_source/zm_parkour_nothing0.zone|csv
2841,xanim,am_t6_dsr50_slide_air_in,3160,0,|t6_dsr50_up|weapon|zone_source/zm_parkour_nothing0.zone|csv
2842,xanim,am_t6_dsr50_slide_loop,2184,0,|t6_dsr50_up|weapon|zone_source/zm_parkour_nothing0.zone|csv
2843,xanim,am_t6_dsr50_slide_out,2983,0,|t6_dsr50_up|weapon|zone_source/zm_parkour_nothing0.zone|csv
2844,xanim,am_t6_dsr50_scope_ads_up,250,0,|t6_dsr50|weapon|zone_source/zm_parkour_nothing0.zone|csv
2845,xanim,am_t6_dsr50_scope_ads_down,229,0,|t6_dsr50|weapon|zone_source/zm_parkour_nothing0.zone|csv
2846,weapon,t6_dsr50,7750,0,|zone_source/zm_parkour_nothing0.zone|csv
2847,weaponcamo,t6_camo_dsr50_table,80552,0,|t6_dsr50_up|weapon|zone_source/zm_parkour_nothing0.zone|csv
2848,xanim,am_t6_dsr50_irons_ads_up,233,0,|t6_dsr50_up|weapon|zone_source/zm_parkour_nothing0.zone|csv
2849,xanim,am_t6_dsr50_irons_ads_down,214,0,|t6_dsr50_up|weapon|zone_source/zm_parkour_nothing0.zone|csv
2850,weapon,t6_dsr50_up,7753,0,|zone_source/zm_parkour_nothing0.zone|csv
2851,image,i_t6_tritium_wht_n,3027,0,|mc/mtl_t6_tritium_wht|material|vm_t6_type25|xmodel|t6_type25_up|weapon|zone_source/zm_parkour_nothing0.zone|csv
2852,image,i_t6_tritium_wht_g,1451,0,|mc/mtl_t6_tritium_wht|material|vm_t6_type25|xmodel|t6_type25_up|weapon|zone_source/zm_parkour_nothing0.zone|csv
2853,image,i_t6_tritium_red_c,2939,0,|mc/mtl_t6_tritium_red_noalpha|material|vm_t6_executioner_ldw|xmodel|t6_executioner_ldw_up_zm|weapon|zone_source/zm_parkour_nothing0.zone|csv
2854,image,i_t6_tritium_red_s,1451,0,|mc/mtl_t6_tritium_red_noalpha|material|vm_t6_executioner_ldw|xmodel|t6_executioner_ldw_up_zm|weapon|zone_source/zm_parkour_nothing0.zone|csv
2855,material,mc/mtl_t6_tritium_red_noalpha,1132,0,|vm_t6_executioner_ldw|xmodel|t6_executioner_ldw_up_zm|weapon|zone_source/zm_parkour_nothing0.zone|csv
2856,image,i_t6_tritium_wht_c,2939,0,|mc/mtl_t6_tritium_wht|material|vm_t6_type25|xmodel|t6_type25_up|weapon|zone_source/zm_parkour_nothing0.zone|csv
2857,image,i_t6_tritium_wht_s,1451,0,|mc/mtl_t6_tritium_wht|material|vm_t6_type25|xmodel|t6_type25_up|weapon|zone_source/zm_parkour_nothing0.zone|csv
2858,material,mc/mtl_t6_tritium_wht,946,0,|vm_t6_type25|xmodel|t6_type25_up|weapon|zone_source/zm_parkour_nothing0.zone|csv
2859,image,i_t6_wpn_pistol_judge_shell_o,190,100536,|mc/mtl_t6_wpn_pistol_judge_shell|material|vm_t6_executioner_ldw|xmodel|t6_executioner_ldw_up_zm|weapon|zone_source/zm_parkour_nothing0.zone|csv
2860,image,i_t6_wpn_pistol_judge_shell_n,294,109240,|mc/mtl_t6_wpn_pistol_judge_shell|material|vm_t6_executioner_ldw|xmodel|t6_executioner_ldw_up_zm|weapon|zone_source/zm_parkour_nothing0.zone|csv
2861,image,i_t6_wpn_pistol_judge_shell_g,278,87368,|mc/mtl_t6_wpn_pistol_judge_shell|material|vm_t6_executioner_ldw|xmodel|t6_executioner_ldw_up_zm|weapon|zone_source/zm_parkour_nothing0.zone|csv
2862,image,i_t6_wpn_pistol_judge_shell_c,294,109240,|mc/mtl_t6_wpn_pistol_judge_shell|material|vm_t6_executioner_ldw|xmodel|t6_executioner_ldw_up_zm|weapon|zone_source/zm_parkour_nothing0.zone|csv
2863,image,i_t6_wpn_pistol_judge_shell_s,278,87368,|mc/mtl_t6_wpn_pistol_judge_shell|material|vm_t6_executioner_ldw|xmodel|t6_executioner_ldw_up_zm|weapon|zone_source/zm_parkour_nothing0.zone|csv
2864,material,mc/mtl_t6_wpn_pistol_judge_shell,1138,0,|vm_t6_executioner_ldw|xmodel|t6_executioner_ldw_up_zm|weapon|zone_source/zm_parkour_nothing0.zone|csv
2865,image,i_t6_wpn_pistol_judge_o,280,65536,|mc/mtl_t6_wpn_pistol_judge|material|wm_t6_executioner_ldw|xmodel|t6_executioner_ldw_up_zm|weapon|zone_source/zm_parkour_nothing0.zone|csv
2866,image,i_t6_wpn_pistol_judge_n,288,371384,|mc/mtl_t6_wpn_pistol_judge|material|wm_t6_executioner_ldw|xmodel|t6_executioner_ldw_up_zm|weapon|zone_source/zm_parkour_nothing0.zone|csv
2867,image,i_t6_wpn_pistol_judge_g,272,218440,|mc/mtl_t6_wpn_pistol_judge|material|wm_t6_executioner_ldw|xmodel|t6_executioner_ldw_up_zm|weapon|zone_source/zm_parkour_nothing0.zone|csv
2868,image,i_t6_wpn_pistol_judge_r,280,196608,|t6_camo_executioner_table|weaponcamo|t6_executioner_ldw_up_zm|weapon|zone_source/zm_parkour_nothing0.zone|csv
2869,image,i_t6_wpn_pistol_judge_c,288,371384,|mc/mtl_t6_wpn_pistol_judge|material|wm_t6_executioner_ldw|xmodel|t6_executioner_ldw_up_zm|weapon|zone_source/zm_parkour_nothing0.zone|csv
2870,image,i_t6_wpn_pistol_judge_s,272,218440,|mc/mtl_t6_wpn_pistol_judge|material|wm_t6_executioner_ldw|xmodel|t6_executioner_ldw_up_zm|weapon|zone_source/zm_parkour_nothing0.zone|csv
2871,material,mc/mtl_t6_wpn_pistol_judge,1136,0,|wm_t6_executioner_ldw|xmodel|t6_executioner_ldw_up_zm|weapon|zone_source/zm_parkour_nothing0.zone|csv
2872,xmodelmesh,vm_t6_executionerb19ed967,1224,166744,|vm_t6_executioner|xmodel|t6_executioner_rdw_up_zm|weapon|zone_source/zm_parkour_nothing0.zone|csv
2873,xmodel,vm_t6_executioner,1604,0,|t6_executioner_rdw_up_zm|weapon|zone_source/zm_parkour_nothing0.zone|csv
2874,xmodelmesh,wm_t6_executioner1eb89472,768,38960,|wm_t6_executioner|xmodel|t6_executioner_rdw_up_zm|weapon|zone_source/zm_parkour_nothing0.zone|csv
2875,xmodel,wm_t6_executioner,400,0,|t6_executioner_rdw_up_zm|weapon|zone_source/zm_parkour_nothing0.zone|csv
2876,image,i_t6_attach_speedloader_n,290,100144,|mc/mtl_t6_attach_speedloader|material|vm_t6_executioner_speed_loader|xmodel|t6_executioner|weapon|zone_source/zm_parkour_nothing0.zone|csv
2877,image,i_t6_attach_speedloader_g,274,87368,|mc/mtl_t6_attach_speedloader|material|vm_t6_executioner_speed_loader|xmodel|t6_executioner|weapon|zone_source/zm_parkour_nothing0.zone|csv
2878,image,i_t6_attach_speedloader_c,290,109240,|mc/mtl_t6_attach_speedloader|material|vm_t6_executioner_speed_loader|xmodel|t6_executioner|weapon|zone_source/zm_parkour_nothing0.zone|csv
2879,image,i_t6_attach_speedloader_s,274,87368,|mc/mtl_t6_attach_speedloader|material|vm_t6_executioner_speed_loader|xmodel|t6_executioner|weapon|zone_source/zm_parkour_nothing0.zone|csv
2880,material,mc/mtl_t6_attach_speedloader,1132,0,|vm_t6_executioner_speed_loader|xmodel|t6_executioner|weapon|zone_source/zm_parkour_nothing0.zone|csv
2881,xmodelmesh,vm_t6_executioner_speed_loader520791c9,352,54024,|vm_t6_executioner_speed_loader|xmodel|t6_executioner|weapon|zone_source/zm_parkour_nothing0.zone|csv
2882,xmodel,vm_t6_executioner_speed_loader,364,0,|t6_executioner|weapon|zone_source/zm_parkour_nothing0.zone|csv
2883,xanim,am_t6_executioner_idle,1668,0,|t6_executioner|weapon|zone_source/zm_parkour_nothing0.zone|csv
2884,xanim,am_t6_executioner_fire,3225,0,|t6_executioner|weapon|zone_source/zm_parkour_nothing0.zone|csv
2885,xanim,am_t6_executioner_reload,42717,0,|t6_executioner|weapon|zone_source/zm_parkour_nothing0.zone|csv
2886,xanim,am_t6_executioner_pullout,9841,0,|t6_executioner|weapon|zone_source/zm_parkour_nothing0.zone|csv
2887,xanim,am_t6_executioner_first_raise,13036,0,|t6_executioner|weapon|zone_source/zm_parkour_nothing0.zone|csv
2888,xanim,am_t6_executioner_putaway,8956,0,|t6_executioner|weapon|zone_source/zm_parkour_nothing0.zone|csv
2889,xanim,am_t6_executioner_sprint_in,3747,0,|t6_executioner|weapon|zone_source/zm_parkour_nothing0.zone|csv
2890,xanim,am_t6_executioner_sprint_loop,6077,0,|t6_executioner|weapon|zone_source/zm_parkour_nothing0.zone|csv
2891,xanim,am_t6_executioner_sprint_out,4213,0,|t6_executioner|weapon|zone_source/zm_parkour_nothing0.zone|csv
2892,xanim,am_t6_executioner_crawl_in,4298,0,|t6_executioner|weapon|zone_source/zm_parkour_nothing0.zone|csv
2893,xanim,am_t6_executioner_crawl_forward,3928,0,|t6_executioner|weapon|zone_source/zm_parkour_nothing0.zone|csv
2894,xanim,am_t6_executioner_crawl_back,3487,0,|t6_executioner|weapon|zone_source/zm_parkour_nothing0.zone|csv
2895,xanim,am_t6_executioner_crawl_right,3538,0,|t6_executioner|weapon|zone_source/zm_parkour_nothing0.zone|csv
2896,xanim,am_t6_executioner_crawl_left,3536,0,|t6_executioner|weapon|zone_source/zm_parkour_nothing0.zone|csv
2897,xanim,am_t6_executioner_crawl_out,3930,0,|t6_executioner|weapon|zone_source/zm_parkour_nothing0.zone|csv
2898,xanim,am_t6_executioner_ads_fire,2880,0,|t6_executioner|weapon|zone_source/zm_parkour_nothing0.zone|csv
2899,xanim,am_t6_executioner_slide_in,2877,0,|t6_executioner|weapon|zone_source/zm_parkour_nothing0.zone|csv
2900,xanim,am_t6_executioner_slide_air_in,3055,0,|t6_executioner|weapon|zone_source/zm_parkour_nothing0.zone|csv
2901,xanim,am_t6_executioner_slide_loop,1947,0,|t6_executioner|weapon|zone_source/zm_parkour_nothing0.zone|csv
2902,xanim,am_t6_executioner_slide_out,3191,0,|t6_executioner|weapon|zone_source/zm_parkour_nothing0.zone|csv
2903,xanim,am_t6_executioner_ads_up,121,0,|t6_executioner_ldw_up_zm|weapon|zone_source/zm_parkour_nothing0.zone|csv
2904,xanim,am_t6_executioner_ads_down,124,0,|t6_executioner_ldw_up_zm|weapon|zone_source/zm_parkour_nothing0.zone|csv
2905,weapon,t6_executioner,7924,0,|zone_source/zm_parkour_nothing0.zone|csv
2906,weaponcamo,t6_camo_executioner_table,78512,0,|t6_executioner_ldw_up_zm|weapon|zone_source/zm_parkour_nothing0.zone|csv
2907,xanim,am_t6_executioner_rdw_idle,7548,0,|t6_executioner_rdw_up_zm|weapon|zone_source/zm_parkour_nothing0.zone|csv
2908,xanim,am_t6_executioner_rdw_fire,2037,0,|t6_executioner_rdw_up_zm|weapon|zone_source/zm_parkour_nothing0.zone|csv
2909,xanim,am_t6_executioner_rdw_reload,10034,0,|t6_executioner_rdw_up_zm|weapon|zone_source/zm_parkour_nothing0.zone|csv
2910,xanim,am_t6_executioner_fdw_pullout,6617,0,|t6_executioner_ldw_up_zm|weapon|zone_source/zm_parkour_nothing0.zone|csv
2911,xanim,am_t6_executioner_fdw_first_raise,10739,0,|t6_executioner_rdw_up_zm|weapon|zone_source/zm_parkour_nothing0.zone|csv
2912,xanim,am_t6_executioner_fdw_putaway,6175,0,|t6_executioner_ldw_up_zm|weapon|zone_source/zm_parkour_nothing0.zone|csv
2913,xanim,am_t6_executioner_fdw_sprint_in,3211,0,|t6_executioner_ldw_up_zm|weapon|zone_source/zm_parkour_nothing0.zone|csv
2914,xanim,am_t6_executioner_fdw_sprint_loop,5018,0,|t6_executioner_ldw_up_zm|weapon|zone_source/zm_parkour_nothing0.zone|csv
2915,xanim,am_t6_executioner_fdw_sprint_out,3819,0,|t6_executioner_ldw_up_zm|weapon|zone_source/zm_parkour_nothing0.zone|csv
2916,xanim,am_t6_executioner_fdw_crawl_in,3698,0,|t6_executioner_rdw_up_zm|weapon|zone_source/zm_parkour_nothing0.zone|csv
2917,xanim,am_t6_executioner_fdw_crawl_forward,4066,0,|t6_executioner_rdw_up_zm|weapon|zone_source/zm_parkour_nothing0.zone|csv
2918,xanim,am_t6_executioner_fdw_crawl_back,3538,0,|t6_executioner_rdw_up_zm|weapon|zone_source/zm_parkour_nothing0.zone|csv
2919,xanim,am_t6_executioner_fdw_crawl_right,3507,0,|t6_executioner_rdw_up_zm|weapon|zone_source/zm_parkour_nothing0.zone|csv
2920,xanim,am_t6_executioner_fdw_crawl_left,3427,0,|t6_executioner_rdw_up_zm|weapon|zone_source/zm_parkour_nothing0.zone|csv
2921,xanim,am_t6_executioner_fdw_crawl_out,3374,0,|t6_executioner_rdw_up_zm|weapon|zone_source/zm_parkour_nothing0.zone|csv
2922,xanim,am_t6_executioner_fdw_slide_idle,1332,0,|t6_executioner_rdw_up_zm|weapon|zone_source/zm_parkour_nothing0.zone|csv
2923,weapon,t6_executioner_rdw_up_zm,7780,0,|zone_source/zm_parkour_nothing0.zone|csv
2924,xmodelmesh,vm_t6_executioner_ldwaef38729,1152,152688,|vm_t6_executioner_ldw|xmodel|t6_executioner_ldw_up_zm|weapon|zone_source/zm_parkour_nothing0.zone|csv
2925,xmodel,vm_t6_executioner_ldw,1496,0,|t6_executioner_ldw_up_zm|weapon|zone_source/zm_parkour_nothing0.zone|csv
2926,xmodelmesh,wm_t6_executioner_ldwbdeeaa3c,776,38608,|wm_t6_executioner_ldw|xmodel|t6_executioner_ldw_up_zm|weapon|zone_source/zm_parkour_nothing0.zone|csv
2927,xmodel,wm_t6_executioner_ldw,240,0,|t6_executioner_ldw_up_zm|weapon|zone_source/zm_parkour_nothing0.zone|csv
2928,xanim,am_t6_executioner_ldw_fire,2077,0,|t6_executioner_ldw_up_zm|weapon|zone_source/zm_parkour_nothing0.zone|csv
2929,xanim,am_t6_executioner_ldw_idle,7761,0,|t6_executioner_ldw_up_zm|weapon|zone_source/zm_parkour_nothing0.zone|csv
2930,xanim,am_t6_executioner_ldw_reload,9904,0,|t6_executioner_ldw_up_zm|weapon|zone_source/zm_parkour_nothing0.zone|csv
2931,weapon,t6_executioner_ldw_up_zm,7786,0,|zone_source/zm_parkour_nothing0.zone|csv
2932,image,i_t6_wpn_ar_fal_camo1_o,280,213432,|mc/mtl_t6_wpn_ar_fal_camo1|material|t6_camo_fal_table|weaponcamo|t6_fal_up|weapon|zone_source/zm_parkour_nothing0.zone|csv
2933,image,i_t6_wpn_ar_fal_camo1_n,288,1419960,|mc/mtl_t6_wpn_ar_fal_camo1|material|t6_camo_fal_table|weaponcamo|t6_fal_up|weapon|zone_source/zm_parkour_nothing0.zone|csv
2934,image,i_t6_wpn_ar_fal_camo1_g,272,742728,|mc/mtl_t6_wpn_ar_fal_camo1|material|t6_camo_fal_table|weaponcamo|t6_fal_up|weapon|zone_source/zm_parkour_nothing0.zone|csv
2935,image,i_t6_wpn_ar_fal_camo1_r,280,720896,|t6_camo_fal_table|weaponcamo|t6_fal_up|weapon|zone_source/zm_parkour_nothing0.zone|csv
2936,image,i_t6_wpn_ar_fal_camo1_c,288,1419960,|mc/mtl_t6_wpn_ar_fal_camo1|material|t6_camo_fal_table|weaponcamo|t6_fal_up|weapon|zone_source/zm_parkour_nothing0.zone|csv
2937,image,i_t6_wpn_ar_fal_camo1_s,272,742728,|mc/mtl_t6_wpn_ar_fal_camo1|material|t6_camo_fal_table|weaponcamo|t6_fal_up|weapon|zone_source/zm_parkour_nothing0.zone|csv
2938,material,mc/mtl_t6_wpn_ar_fal_camo1,1136,0,|t6_camo_fal_table|weaponcamo|t6_fal_up|weapon|zone_source/zm_parkour_nothing0.zone|csv
2939,xmodelmesh,vm_t6_fal53252adf,560,178616,|vm_t6_fal|xmodel|t6_fal_up|weapon|zone_source/zm_parkour_nothing0.zone|csv
2940,xmodel,vm_t6_fal,792,0,|t6_fal_up|weapon|zone_source/zm_parkour_nothing0.zone|csv
2941,xmodelmesh,wpn_h1_shell_762x51_npc1668ad37,224,4720,|wpn_h1_shell_762x51_npc|xmodel|_scobalula/shellejects/mwr/h1_shell_eject_762x51_rest|fx|_scobalula/shellejects/mwr/h1_shell_eject_762x51|fx|t6_stg44_up|weapon|zone_source/zm_parkour_nothing0.zone|csv
2942,xmodel,wpn_h1_shell_762x51_npc,144,0,|_scobalula/shellejects/mwr/h1_shell_eject_762x51_rest|fx|_scobalula/shellejects/mwr/h1_shell_eject_762x51|fx|t6_stg44_up|weapon|zone_source/zm_parkour_nothing0.zone|csv
2943,fx,_scobalula/shellejects/mwr/h1_shell_eject_762x51_rest,664,0,|_scobalula/shellejects/mwr/h1_shell_eject_762x51|fx|t6_stg44_up|weapon|zone_source/zm_parkour_nothing0.zone|csv
2944,fx,_scobalula/shellejects/mwr/h1_shell_eject_762x51,1272,0,|t6_stg44_up|weapon|zone_source/zm_parkour_nothing0.zone|csv
2945,xmodelmesh,wm_t6_falee2bf2fd,600,87104,|wm_t6_fal|xmodel|t6_fal_up|weapon|zone_source/zm_parkour_nothing0.zone|csv
2946,xmodel,wm_t6_fal,696,0,|t6_fal_up|weapon|zone_source/zm_parkour_nothing0.zone|csv
2947,xmodelmesh,vm_t6_fal_magd0dec5e7,328,7968,|vm_t6_fal_mag|xmodel|t6_fal|weapon|zone_source/zm_parkour_nothing0.zone|csv
2948,xmodel,vm_t6_fal_mag,240,0,|t6_fal|weapon|zone_source/zm_parkour_nothing0.zone|csv
2949,xanim,am_t6_fal_idle,1712,0,|t6_fal_up|weapon|zone_source/zm_parkour_nothing0.zone|csv
2950,xanim,am_t6_fal_fire,2370,0,|t6_fal_up|weapon|zone_source/zm_parkour_nothing0.zone|csv
2951,xanim,am_t6_fal_reload,20408,0,|t6_fal|weapon|zone_source/zm_parkour_nothing0.zone|csv
2952,xanim,am_t6_fal_reload_empty,25588,0,|t6_fal|weapon|zone_source/zm_parkour_nothing0.zone|csv
2953,xanim,am_t6_fal_pullout,7036,0,|t6_fal_up|weapon|zone_source/zm_parkour_nothing0.zone|csv
2954,xanim,am_t6_fal_first_raise,13463,0,|t6_fal_up|weapon|zone_source/zm_parkour_nothing0.zone|csv
2955,xanim,am_t6_fal_putaway,6005,0,|t6_fal_up|weapon|zone_source/zm_parkour_nothing0.zone|csv
2956,xanim,am_t6_fal_sprint_in,3354,0,|t6_fal_up|weapon|zone_source/zm_parkour_nothing0.zone|csv
2957,xanim,am_t6_fal_sprint_loop,4787,0,|t6_fal_up|weapon|zone_source/zm_parkour_nothing0.zone|csv
2958,xanim,am_t6_fal_sprint_out,3289,0,|t6_fal_up|weapon|zone_source/zm_parkour_nothing0.zone|csv
2959,xanim,am_t6_fal_crawl_in,3676,0,|t6_fal_up|weapon|zone_source/zm_parkour_nothing0.zone|csv
2960,xanim,am_t6_fal_crawl_forward,5704,0,|t6_fal_up|weapon|zone_source/zm_parkour_nothing0.zone|csv
2961,xanim,am_t6_fal_crawl_back,5950,0,|t6_fal_up|weapon|zone_source/zm_parkour_nothing0.zone|csv
2962,xanim,am_t6_fal_crawl_right,5674,0,|t6_fal_up|weapon|zone_source/zm_parkour_nothing0.zone|csv
2963,xanim,am_t6_fal_crawl_left,6230,0,|t6_fal_up|weapon|zone_source/zm_parkour_nothing0.zone|csv
2964,xanim,am_t6_fal_crawl_out,3414,0,|t6_fal_up|weapon|zone_source/zm_parkour_nothing0.zone|csv
2965,xanim,am_t6_fal_ads_fire,2302,0,|t6_fal_up|weapon|zone_source/zm_parkour_nothing0.zone|csv
2966,xanim,am_t6_fal_slide_in,3600,0,|t6_fal_up|weapon|zone_source/zm_parkour_nothing0.zone|csv
2967,xanim,am_t6_fal_slide_air_in,3339,0,|t6_fal_up|weapon|zone_source/zm_parkour_nothing0.zone|csv
2968,xanim,am_t6_fal_slide_loop,1980,0,|t6_fal_up|weapon|zone_source/zm_parkour_nothing0.zone|csv
2969,xanim,am_t6_fal_slide_out,3412,0,|t6_fal_up|weapon|zone_source/zm_parkour_nothing0.zone|csv
2970,xanim,am_t6_fal_ads_up,198,0,|t6_fal|weapon|zone_source/zm_parkour_nothing0.zone|csv
2971,xanim,am_t6_fal_ads_down,177,0,|t6_fal|weapon|zone_source/zm_parkour_nothing0.zone|csv
2972,weapon,t6_fal,7836,0,|zone_source/zm_parkour_nothing0.zone|csv
2973,image,i_t6_attach_optic_aimpoint_o,285,49272,|mc/mtl_t6_attach_optic_aimpoint|material|wm_t6_aimpoint|xmodel|t6_m60_up|weapon|zone_source/zm_parkour_nothing0.zone|csv
2974,image,i_t6_attach_optic_aimpoint_n,293,371384,|mc/mtl_t6_attach_optic_aimpoint|material|wm_t6_aimpoint|xmodel|t6_m60_up|weapon|zone_source/zm_parkour_nothing0.zone|csv
2975,image,i_t6_attach_optic_aimpoint_g,277,218440,|mc/mtl_t6_attach_optic_aimpoint|material|wm_t6_aimpoint|xmodel|t6_m60_up|weapon|zone_source/zm_parkour_nothing0.zone|csv
2976,image,i_t6_attach_optic_aimpoint_c,293,371384,|mc/mtl_t6_attach_optic_aimpoint|material|wm_t6_aimpoint|xmodel|t6_m60_up|weapon|zone_source/zm_parkour_nothing0.zone|csv
2977,image,i_t6_attach_optic_aimpoint_s,277,218440,|mc/mtl_t6_attach_optic_aimpoint|material|wm_t6_aimpoint|xmodel|t6_m60_up|weapon|zone_source/zm_parkour_nothing0.zone|csv
2978,material,mc/mtl_t6_attach_optic_aimpoint,1135,0,|wm_t6_aimpoint|xmodel|t6_m60_up|weapon|zone_source/zm_parkour_nothing0.zone|csv
2979,xmodelmesh,vm_t6_aimpoint983ed0c3,448,32920,|vm_t6_aimpoint|xmodel|t6_m60_up|weapon|zone_source/zm_parkour_nothing0.zone|csv
2980,xmodel,vm_t6_aimpoint,160,0,|t6_m60_up|weapon|zone_source/zm_parkour_nothing0.zone|csv
2981,image,i_t6_attach_mag_wrap_n,287,141856,|mc/mtl_t6_attach_mag_wrap|material|wm_t6_fal_fastmag|xmodel|t6_fal_up|weapon|zone_source/zm_parkour_nothing0.zone|csv
2982,image,i_t6_attach_mag_wrap_g,271,87368,|mc/mtl_t6_attach_mag_wrap|material|wm_t6_fal_fastmag|xmodel|t6_fal_up|weapon|zone_source/zm_parkour_nothing0.zone|csv
2983,image,i_t6_attach_mag_wrap_c,287,109240,|mc/mtl_t6_attach_mag_wrap|material|wm_t6_fal_fastmag|xmodel|t6_fal_up|weapon|zone_source/zm_parkour_nothing0.zone|csv
2984,image,i_t6_attach_mag_wrap_s,271,87368,|mc/mtl_t6_attach_mag_wrap|material|wm_t6_fal_fastmag|xmodel|t6_fal_up|weapon|zone_source/zm_parkour_nothing0.zone|csv
2985,material,mc/mtl_t6_attach_mag_wrap,1140,0,|wm_t6_fal_fastmag|xmodel|t6_fal_up|weapon|zone_source/zm_parkour_nothing0.zone|csv
2986,xmodelmesh,vm_t6_fal_fastmag2b17568b,448,17976,|vm_t6_fal_fastmag|xmodel|t6_fal_up|weapon|zone_source/zm_parkour_nothing0.zone|csv
2987,xmodel,vm_t6_fal_fastmag,252,0,|t6_fal_up|weapon|zone_source/zm_parkour_nothing0.zone|csv
2988,xmodelmesh,wm_t6_aimpoint5ab3cabc,224,16416,|wm_t6_aimpoint|xmodel|t6_m60_up|weapon|zone_source/zm_parkour_nothing0.zone|csv
2989,xmodel,wm_t6_aimpoint,140,0,|t6_m60_up|weapon|zone_source/zm_parkour_nothing0.zone|csv
2990,xmodelmesh,wm_t6_fal_fastmag63b368b,2840,0,|wm_t6_fal_fastmag|xmodel|t6_fal_up|weapon|zone_source/zm_parkour_nothing0.zone|csv
2991,xmodel,wm_t6_fal_fastmag,156,0,|t6_fal_up|weapon|zone_source/zm_parkour_nothing0.zone|csv
2992,weaponcamo,t6_camo_fal_table,78500,0,|t6_fal_up|weapon|zone_source/zm_parkour_nothing0.zone|csv
2993,xanim,am_t6_fal_fastmag_reload,23667,0,|t6_fal_up|weapon|zone_source/zm_parkour_nothing0.zone|csv
2994,xanim,am_t6_fal_fastmag_reload_empty,28158,0,|t6_fal_up|weapon|zone_source/zm_parkour_nothing0.zone|csv
2995,xanim,am_t6_fal_fastmag_reload_quick,16958,0,|t6_fal_up|weapon|zone_source/zm_parkour_nothing0.zone|csv
2996,xanim,am_t6_fal_fastmag_reload_empty_quick,22061,0,|t6_fal_up|weapon|zone_source/zm_parkour_nothing0.zone|csv
2997,xanim,am_t6_fal_reflex_ads_up,197,0,|t6_fal_up|weapon|zone_source/zm_parkour_nothing0.zone|csv
2998,xanim,am_t6_fal_reflex_ads_down,180,0,|t6_fal_up|weapon|zone_source/zm_parkour_nothing0.zone|csv
2999,weapon,t6_fal_up,7883,0,|zone_source/zm_parkour_nothing0.zone|csv
3000,image,i_t6_wpn_ar_sa58_o,75,227752,|mc/mtl_t6_wpn_ar_sa58|material|t6_camo_fal_osw_table|weaponcamo|t6_fal_osw_launcher_zm|weapon|zone_source/zm_parkour_nothing0.zone|csv
3001,image,i_t6_wpn_ar_sa58_n,283,1419960,|mc/mtl_t6_wpn_ar_sa58|material|t6_camo_fal_osw_table|weaponcamo|t6_fal_osw_launcher_zm|weapon|zone_source/zm_parkour_nothing0.zone|csv
3002,image,i_t6_wpn_ar_sa58_g,267,742728,|mc/mtl_t6_wpn_ar_sa58|material|t6_camo_fal_osw_table|weaponcamo|t6_fal_osw_launcher_zm|weapon|zone_source/zm_parkour_nothing0.zone|csv
3003,image,i_t6_wpn_ar_sa58_r,275,720896,|t6_camo_fal_osw_table|weaponcamo|t6_fal_osw_launcher_zm|weapon|zone_source/zm_parkour_nothing0.zone|csv
3004,image,i_t6_wpn_ar_sa58_c,283,1419960,|mc/mtl_t6_wpn_ar_sa58|material|t6_camo_fal_osw_table|weaponcamo|t6_fal_osw_launcher_zm|weapon|zone_source/zm_parkour_nothing0.zone|csv
3005,image,i_t6_wpn_ar_sa58_s,267,742728,|mc/mtl_t6_wpn_ar_sa58|material|t6_camo_fal_osw_table|weaponcamo|t6_fal_osw_launcher_zm|weapon|zone_source/zm_parkour_nothing0.zone|csv
3006,material,mc/mtl_t6_wpn_ar_sa58,1126,0,|t6_camo_fal_osw_table|weaponcamo|t6_fal_osw_launcher_zm|weapon|zone_source/zm_parkour_nothing0.zone|csv
3007,xmodelmesh,vm_t6_fal_osw217f7dd1,960,265176,|vm_t6_fal_osw|xmodel|t6_fal_osw_launcher_zm|weapon|zone_source/zm_parkour_nothing0.zone|csv
3008,xmodel,vm_t6_fal_osw,1044,0,|t6_fal_osw_launcher_zm|weapon|zone_source/zm_parkour_nothing0.zone|csv
3009,xmodelmesh,wm_t6_fal_oswc3d21763,576,83296,|wm_t6_fal_osw|xmodel|t6_fal_osw_launcher_zm|weapon|zone_source/zm_parkour_nothing0.zone|csv
3010,xmodel,wm_t6_fal_osw,476,0,|t6_fal_osw_launcher_zm|weapon|zone_source/zm_parkour_nothing0.zone|csv
3011,xmodelmesh,vm_t6_fal_osw_mage05c6794,344,18192,|vm_t6_fal_osw_mag|xmodel|t6_fal_osw_launcher_zm|weapon|zone_source/zm_parkour_nothing0.zone|csv
3012,xmodel,vm_t6_fal_osw_mag,248,0,|t6_fal_osw_launcher_zm|weapon|zone_source/zm_parkour_nothing0.zone|csv
3013,xanim,am_t6_fal_osw_idle,1856,0,|t6_fal_osw|weapon|zone_source/zm_parkour_nothing0.zone|csv
3014,xanim,am_t6_fal_osw_fire,2536,0,|t6_fal_osw|weapon|zone_source/zm_parkour_nothing0.zone|csv
3015,xanim,am_t6_fal_osw_reload,19226,0,|t6_fal_osw|weapon|zone_source/zm_parkour_nothing0.zone|csv
3016,xanim,am_t6_fal_osw_reload_empty,24207,0,|t6_fal_osw|weapon|zone_source/zm_parkour_nothing0.zone|csv
3017,xanim,am_t6_fal_osw_pullout,6308,0,|t6_fal_osw|weapon|zone_source/zm_parkour_nothing0.zone|csv
3018,xanim,am_t6_fal_osw_first_raise,12819,0,|t6_fal_osw|weapon|zone_source/zm_parkour_nothing0.zone|csv
3019,xanim,am_t6_fal_osw_putaway,5478,0,|t6_fal_osw|weapon|zone_source/zm_parkour_nothing0.zone|csv
3020,xanim,am_t6_fal_osw_sprint_in,3468,0,|t6_fal_osw|weapon|zone_source/zm_parkour_nothing0.zone|csv
3021,xanim,am_t6_fal_osw_sprint_loop,4503,0,|t6_fal_osw|weapon|zone_source/zm_parkour_nothing0.zone|csv
3022,xanim,am_t6_fal_osw_sprint_out,3465,0,|t6_fal_osw|weapon|zone_source/zm_parkour_nothing0.zone|csv
3023,xanim,am_t6_fal_osw_crawl_in,3773,0,|t6_fal_osw|weapon|zone_source/zm_parkour_nothing0.zone|csv
3024,xanim,am_t6_fal_osw_crawl_forward,5850,0,|t6_fal_osw|weapon|zone_source/zm_parkour_nothing0.zone|csv
3025,xanim,am_t6_fal_osw_crawl_back,5851,0,|t6_fal_osw|weapon|zone_source/zm_parkour_nothing0.zone|csv
3026,xanim,am_t6_fal_osw_crawl_right,5663,0,|t6_fal_osw|weapon|zone_source/zm_parkour_nothing0.zone|csv
3027,xanim,am_t6_fal_osw_crawl_left,6175,0,|t6_fal_osw|weapon|zone_source/zm_parkour_nothing0.zone|csv
3028,xanim,am_t6_fal_osw_crawl_out,3254,0,|t6_fal_osw|weapon|zone_source/zm_parkour_nothing0.zone|csv
3029,xanim,am_t6_fal_osw_ads_fire,2452,0,|t6_fal_osw|weapon|zone_source/zm_parkour_nothing0.zone|csv
3030,xanim,am_t6_fal_osw_slide_in,3589,0,|t6_fal_osw|weapon|zone_source/zm_parkour_nothing0.zone|csv
3031,xanim,am_t6_fal_osw_slide_air_in,3272,0,|t6_fal_osw|weapon|zone_source/zm_parkour_nothing0.zone|csv
3032,xanim,am_t6_fal_osw_slide_loop,1955,0,|t6_fal_osw|weapon|zone_source/zm_parkour_nothing0.zone|csv
3033,xanim,am_t6_fal_osw_slide_out,3051,0,|t6_fal_osw|weapon|zone_source/zm_parkour_nothing0.zone|csv
3034,xanim,am_t6_fal_osw_ads_up,200,0,|t6_fal_osw_launcher_zm|weapon|zone_source/zm_parkour_nothing0.zone|csv
3035,xanim,am_t6_fal_osw_ads_down,217,0,|t6_fal_osw_launcher_zm|weapon|zone_source/zm_parkour_nothing0.zone|csv
3036,weapon,t6_fal_osw,7704,0,|zone_source/zm_parkour_nothing0.zone|csv
3037,image,i_t6_attach_gl_m320_o,278,223160,|mc/mtl_t6_attach_gl_m320|material|wm_t6_m320|xmodel|t6_scarh_launcher_zm|weapon|zone_source/zm_parkour_nothing0.zone|csv
3038,image,i_t6_attach_gl_m320_n,286,371384,|mc/mtl_t6_attach_gl_m320|material|wm_t6_m320|xmodel|t6_scarh_launcher_zm|weapon|zone_source/zm_parkour_nothing0.zone|csv
3039,image,i_t6_attach_gl_m320_g,270,218440,|mc/mtl_t6_attach_gl_m320|material|wm_t6_m320|xmodel|t6_scarh_launcher_zm|weapon|zone_source/zm_parkour_nothing0.zone|csv
3040,image,i_t6_attach_gl_m320_c,286,371384,|mc/mtl_t6_attach_gl_m320|material|wm_t6_m320|xmodel|t6_scarh_launcher_zm|weapon|zone_source/zm_parkour_nothing0.zone|csv
3041,image,i_t6_attach_gl_m320_s,270,218440,|mc/mtl_t6_attach_gl_m320|material|wm_t6_m320|xmodel|t6_scarh_launcher_zm|weapon|zone_source/zm_parkour_nothing0.zone|csv
3042,material,mc/mtl_t6_attach_gl_m320,1130,0,|wm_t6_m320|xmodel|t6_scarh_launcher_zm|weapon|zone_source/zm_parkour_nothing0.zone|csv
3043,image,i_t6_attach_gl_ammo_o,286,43696,|mc/mtl_t6_attach_gl_ammo|material|vm_t6_m16a1_m203|xmodel|t6_m16a1_launcher_zm|weapon|zone_source/zm_parkour_nothing0.zone|csv
3044,image,i_t6_attach_gl_ammo_n,294,87400,|mc/mtl_t6_attach_gl_ammo|material|vm_t6_m16a1_m203|xmodel|t6_m16a1_launcher_zm|weapon|zone_source/zm_parkour_nothing0.zone|csv
3045,image,i_t6_attach_gl_ammo_g,262,43672,|mc/mtl_t6_attach_gl_ammo|material|vm_t6_m16a1_m203|xmodel|t6_m16a1_launcher_zm|weapon|zone_source/zm_parkour_nothing0.zone|csv
3046,image,i_t6_attach_gl_ammo_c,294,87400,|mc/mtl_t6_attach_gl_ammo|material|vm_t6_m16a1_m203|xmodel|t6_m16a1_launcher_zm|weapon|zone_source/zm_parkour_nothing0.zone|csv
3047,image,i_t6_attach_gl_ammo_s,262,43672,|mc/mtl_t6_attach_gl_ammo|material|vm_t6_m16a1_m203|xmodel|t6_m16a1_launcher_zm|weapon|zone_source/zm_parkour_nothing0.zone|csv
3048,material,mc/mtl_t6_attach_gl_ammo,1138,0,|vm_t6_m16a1_m203|xmodel|t6_m16a1_launcher_zm|weapon|zone_source/zm_parkour_nothing0.zone|csv
3049,xmodelmesh,vm_t6_m320b73aea9c,368,58696,|vm_t6_m320|xmodel|t6_scarh_launcher_zm|weapon|zone_source/zm_parkour_nothing0.zone|csv
3050,xmodel,vm_t6_m320,440,0,|t6_scarh_launcher_zm|weapon|zone_source/zm_parkour_nothing0.zone|csv
3051,xmodelmesh,wm_t6_m32032fadb7e,224,17008,|wm_t6_m320|xmodel|t6_scarh_launcher_zm|weapon|zone_source/zm_parkour_nothing0.zone|csv
3052,xmodel,wm_t6_m320,236,0,|t6_scarh_launcher_zm|weapon|zone_source/zm_parkour_nothing0.zone|csv
3053,weaponcamo,t6_camo_fal_osw_table,78508,0,|t6_fal_osw_launcher_zm|weapon|zone_source/zm_parkour_nothing0.zone|csv
3054,xanim,am_t6_fal_osw_gl_idle,1540,0,|t6_fal_osw_up_zm|weapon|zone_source/zm_parkour_nothing0.zone|csv
3055,xanim,am_t6_fal_osw_gl_fire,2279,0,|t6_fal_osw_up_zm|weapon|zone_source/zm_parkour_nothing0.zone|csv
3056,xanim,am_t6_fal_osw_gl_reload,18710,0,|t6_fal_osw_up_zm|weapon|zone_source/zm_parkour_nothing0.zone|csv
3057,xanim,am_t6_fal_osw_gl_reload_empty,23639,0,|t6_fal_osw_up_zm|weapon|zone_source/zm_parkour_nothing0.zone|csv
3058,xanim,am_t6_fal_osw_gl_pullout,5806,0,|t6_fal_osw_up_zm|weapon|zone_source/zm_parkour_nothing0.zone|csv
3059,xanim,am_t6_fal_osw_gl_first_raise,12260,0,|t6_fal_osw_up_zm|weapon|zone_source/zm_parkour_nothing0.zone|csv
3060,xanim,am_t6_fal_osw_gl_putaway,5209,0,|t6_fal_osw_up_zm|weapon|zone_source/zm_parkour_nothing0.zone|csv
3061,xanim,am_t6_fal_osw_out_gl,5807,0,|t6_fal_osw_up_zm|weapon|zone_source/zm_parkour_nothing0.zone|csv
3062,xanim,am_t6_fal_osw_to_gl,5813,0,|t6_fal_osw_up_zm|weapon|zone_source/zm_parkour_nothing0.zone|csv
3063,xanim,am_t6_fal_osw_gl_sprint_in,3534,0,|t6_fal_osw_up_zm|weapon|zone_source/zm_parkour_nothing0.zone|csv
3064,xanim,am_t6_fal_osw_gl_sprint_loop,5017,0,|t6_fal_osw_up_zm|weapon|zone_source/zm_parkour_nothing0.zone|csv
3065,xanim,am_t6_fal_osw_gl_sprint_out,3499,0,|t6_fal_osw_up_zm|weapon|zone_source/zm_parkour_nothing0.zone|csv
3066,xanim,am_t6_fal_osw_gl_crawl_in,3786,0,|t6_fal_osw_up_zm|weapon|zone_source/zm_parkour_nothing0.zone|csv
3067,xanim,am_t6_fal_osw_gl_crawl_forward,5905,0,|t6_fal_osw_up_zm|weapon|zone_source/zm_parkour_nothing0.zone|csv
3068,xanim,am_t6_fal_osw_gl_crawl_back,5882,0,|t6_fal_osw_up_zm|weapon|zone_source/zm_parkour_nothing0.zone|csv
3069,xanim,am_t6_fal_osw_gl_crawl_right,5787,0,|t6_fal_osw_up_zm|weapon|zone_source/zm_parkour_nothing0.zone|csv
3070,xanim,am_t6_fal_osw_gl_crawl_left,6046,0,|t6_fal_osw_up_zm|weapon|zone_source/zm_parkour_nothing0.zone|csv
3071,xanim,am_t6_fal_osw_gl_crawl_out,3564,0,|t6_fal_osw_up_zm|weapon|zone_source/zm_parkour_nothing0.zone|csv
3072,xanim,am_t6_fal_osw_gl_ads_fire,2137,0,|t6_fal_osw_up_zm|weapon|zone_source/zm_parkour_nothing0.zone|csv
3073,xanim,am_t6_fal_osw_gl_slide_in,3447,0,|t6_fal_osw_up_zm|weapon|zone_source/zm_parkour_nothing0.zone|csv
3074,xanim,am_t6_fal_osw_gl_slide_air_in,3137,0,|t6_fal_osw_up_zm|weapon|zone_source/zm_parkour_nothing0.zone|csv
3075,xanim,am_t6_fal_osw_gl_slide_loop,1863,0,|t6_fal_osw_up_zm|weapon|zone_source/zm_parkour_nothing0.zone|csv
3076,xanim,am_t6_fal_osw_gl_slide_out,3269,0,|t6_fal_osw_up_zm|weapon|zone_source/zm_parkour_nothing0.zone|csv
3077,weapon,t6_fal_osw_up_zm,7968,0,|zone_source/zm_parkour_nothing0.zone|csv
3078,fx,weapon/fx_muz_rocket_xm_1p,28,0,|t6_war_machine|weapon|zone_source/zm_parkour_nothing0.zone|csv
3079,fx,weapon/fx_muz_rocket_xm_3p,28,0,|t6_war_machine|weapon|zone_source/zm_parkour_nothing0.zone|csv
3080,xmodelmesh,wm_t6_gl_grenade97be465a,3608,0,|wm_t6_gl_grenade|xmodel|t6_war_machine_up|weapon|zone_source/zm_parkour_nothing0.zone|csv
3081,xmodel,wm_t6_gl_grenade,244,0,|t6_war_machine_up|weapon|zone_source/zm_parkour_nothing0.zone|csv
3082,fx,explosions/fx_exp_rocket_default_sm,37,0,|t6_war_machine_up|weapon|zone_source/zm_parkour_nothing0.zone|csv
3083,fx,weapon/fx_trail_grenade,25,0,|t6_war_machine_up|weapon|zone_source/zm_parkour_nothing0.zone|csv
3084,xanim,am_t6_fal_osw_in_gl_idle,1354,0,|t6_fal_osw_launcher_zm|weapon|zone_source/zm_parkour_nothing0.zone|csv
3085,xanim,am_t6_fal_osw_in_gl_fire,2786,0,|t6_fal_osw_launcher_zm|weapon|zone_source/zm_parkour_nothing0.zone|csv
3086,xanim,am_t6_fal_osw_in_gl_reload,24206,0,|t6_fal_osw_launcher_zm|weapon|zone_source/zm_parkour_nothing0.zone|csv
3087,xanim,am_t6_fal_osw_in_gl_pullout,6722,0,|t6_fal_osw_launcher_zm|weapon|zone_source/zm_parkour_nothing0.zone|csv
3088,xanim,am_t6_fal_osw_in_gl_putaway,6001,0,|t6_fal_osw_launcher_zm|weapon|zone_source/zm_parkour_nothing0.zone|csv
3089,xanim,am_t6_fal_osw_in_gl_sprint_in,3766,0,|t6_fal_osw_launcher_zm|weapon|zone_source/zm_parkour_nothing0.zone|csv
3090,xanim,am_t6_fal_osw_in_gl_sprint_loop,4689,0,|t6_fal_osw_launcher_zm|weapon|zone_source/zm_parkour_nothing0.zone|csv
3091,xanim,am_t6_fal_osw_in_gl_sprint_out,3755,0,|t6_fal_osw_launcher_zm|weapon|zone_source/zm_parkour_nothing0.zone|csv
3092,xanim,am_t6_fal_osw_in_gl_crawl_in,3750,0,|t6_fal_osw_launcher_zm|weapon|zone_source/zm_parkour_nothing0.zone|csv
3093,xanim,am_t6_fal_osw_in_gl_crawl_forward,5924,0,|t6_fal_osw_launcher_zm|weapon|zone_source/zm_parkour_nothing0.zone|csv
3094,xanim,am_t6_fal_osw_in_gl_crawl_back,5911,0,|t6_fal_osw_launcher_zm|weapon|zone_source/zm_parkour_nothing0.zone|csv
3095,xanim,am_t6_fal_osw_in_gl_crawl_right,5803,0,|t6_fal_osw_launcher_zm|weapon|zone_source/zm_parkour_nothing0.zone|csv
3096,xanim,am_t6_fal_osw_in_gl_crawl_left,6058,0,|t6_fal_osw_launcher_zm|weapon|zone_source/zm_parkour_nothing0.zone|csv
3097,xanim,am_t6_fal_osw_in_gl_crawl_out,3508,0,|t6_fal_osw_launcher_zm|weapon|zone_source/zm_parkour_nothing0.zone|csv
3098,xanim,am_t6_fal_osw_in_gl_slide_in,3747,0,|t6_fal_osw_launcher_zm|weapon|zone_source/zm_parkour_nothing0.zone|csv
3099,xanim,am_t6_fal_osw_in_gl_slide_air_in,3314,0,|t6_fal_osw_launcher_zm|weapon|zone_source/zm_parkour_nothing0.zone|csv
3100,xanim,am_t6_fal_osw_in_gl_slide_loop,2061,0,|t6_fal_osw_launcher_zm|weapon|zone_source/zm_parkour_nothing0.zone|csv
3101,xanim,am_t6_fal_osw_in_gl_slide_out,3492,0,|t6_fal_osw_launcher_zm|weapon|zone_source/zm_parkour_nothing0.zone|csv
3102,image,reticle_pineapplegun,22,0,|t6_war_machine_up|weapon|zone_source/zm_parkour_nothing0.zone|csv
3103,weapon,t6_fal_osw_launcher_zm,7889,0,|zone_source/zm_parkour_nothing0.zone|csv
3104,image,i_t6_wpn_launch_stinger_o,226,208280,|mc/mtl_t6_wpn_launch_stinger|material|t6_camo_stinger_table|weaponcamo|t6_stinger_up|weapon|zone_source/zm_parkour_nothing0.zone|csv
3105,image,i_t6_wpn_launch_stinger_n,290,1419960,|mc/mtl_t6_wpn_launch_stinger|material|t6_camo_stinger_table|weaponcamo|t6_stinger_up|weapon|zone_source/zm_parkour_nothing0.zone|csv
3106,image,i_t6_wpn_launch_stinger_g,274,742728,|mc/mtl_t6_wpn_launch_stinger|material|t6_camo_stinger_table|weaponcamo|t6_stinger_up|weapon|zone_source/zm_parkour_nothing0.zone|csv
3107,image,i_t6_wpn_launch_stinger_r,282,720896,|t6_camo_stinger_table|weaponcamo|t6_stinger_up|weapon|zone_source/zm_parkour_nothing0.zone|csv
3108,image,i_t6_wpn_launch_stinger_c,290,1419960,|mc/mtl_t6_wpn_launch_stinger|material|t6_camo_stinger_table|weaponcamo|t6_stinger_up|weapon|zone_source/zm_parkour_nothing0.zone|csv
3109,image,i_t6_wpn_launch_stinger_s,274,742728,|mc/mtl_t6_wpn_launch_stinger|material|t6_camo_stinger_table|weaponcamo|t6_stinger_up|weapon|zone_source/zm_parkour_nothing0.zone|csv
3110,material,mc/mtl_t6_wpn_launch_stinger,1132,0,|t6_camo_stinger_table|weaponcamo|t6_stinger_up|weapon|zone_source/zm_parkour_nothing0.zone|csv
3111,image,i_t6_wpn_launch_stinger_glass_g,5760,0,|mc/mtl_t6_wpn_launch_stinger_glass|material|wm_t6_stinger|xmodel|t6_stinger_up|weapon|zone_source/zm_parkour_nothing0.zone|csv
3112,image,i_t6_wpn_launch_stinger_glass_c,11144,0,|mc/mtl_t6_wpn_launch_stinger_glass|material|wm_t6_stinger|xmodel|t6_stinger_up|weapon|zone_source/zm_parkour_nothing0.zone|csv
3113,image,i_t6_wpn_launch_stinger_glass_s,5560,0,|mc/mtl_t6_wpn_launch_stinger_glass|material|wm_t6_stinger|xmodel|t6_stinger_up|weapon|zone_source/zm_parkour_nothing0.zone|csv
3114,material,mc/mtl_t6_wpn_launch_stinger_glass,968,0,|wm_t6_stinger|xmodel|t6_stinger_up|weapon|zone_source/zm_parkour_nothing0.zone|csv
3115,image,i_t6_wpn_launch_rpg7_camo_o,188,196608,|mc/mtl_t6_wpn_launch_rpg7_camo|material|wm_t6_launcher_rocket|xmodel|t6_rpg_up|weapon|zone_source/zm_parkour_nothing0.zone|csv
3116,image,i_t6_wpn_launch_rpg7_camo_n,292,1419960,|mc/mtl_t6_wpn_launch_rpg7_camo|material|wm_t6_launcher_rocket|xmodel|t6_rpg_up|weapon|zone_source/zm_parkour_nothing0.zone|csv
3117,image,i_t6_wpn_launch_rpg7_camo_g,276,742728,|mc/mtl_t6_wpn_launch_rpg7_camo|material|wm_t6_launcher_rocket|xmodel|t6_rpg_up|weapon|zone_source/zm_parkour_nothing0.zone|csv
3118,image,i_t6_wpn_launch_rpg7_camo_r,284,720896,|mc/mtl_t6_wpn_launch_rpg7_camo|material|wm_t6_launcher_rocket|xmodel|t6_rpg_up|weapon|zone_source/zm_parkour_nothing0.zone|csv
3119,image,i_t6_wpn_launch_rpg7_camo_c,292,1419960,|mc/mtl_t6_wpn_launch_rpg7_camo|material|wm_t6_launcher_rocket|xmodel|t6_rpg_up|weapon|zone_source/zm_parkour_nothing0.zone|csv
3120,image,i_t6_wpn_launch_rpg7_camo_s,276,742728,|mc/mtl_t6_wpn_launch_rpg7_camo|material|wm_t6_launcher_rocket|xmodel|t6_rpg_up|weapon|zone_source/zm_parkour_nothing0.zone|csv
3121,material,mc/mtl_t6_wpn_launch_rpg7_camo,1120,0,|wm_t6_launcher_rocket|xmodel|t6_rpg_up|weapon|zone_source/zm_parkour_nothing0.zone|csv
3122,xmodelmesh,vm_t6_stinger75b3b201,456,194296,|vm_t6_stinger|xmodel|t6_stinger_up|weapon|zone_source/zm_parkour_nothing0.zone|csv
3123,xmodel,vm_t6_stinger,460,0,|t6_stinger_up|weapon|zone_source/zm_parkour_nothing0.zone|csv
3124,xmodelmesh,wm_t6_stinger4b4a26d4,336,45344,|wm_t6_stinger|xmodel|t6_stinger_up|weapon|zone_source/zm_parkour_nothing0.zone|csv
3125,xmodel,wm_t6_stinger,252,0,|t6_stinger_up|weapon|zone_source/zm_parkour_nothing0.zone|csv
3126,xmodelmesh,wm_t6_launcher_rocket71102d02,232,5872,|wm_t6_launcher_rocket|xmodel|t6_rpg_up|weapon|zone_source/zm_parkour_nothing0.zone|csv
3127,xmodel,wm_t6_launcher_rocket,236,0,|t6_rpg_up|weapon|zone_source/zm_parkour_nothing0.zone|csv
3128,fx,weapon/fx_trail_rocket_md,27,0,|t6_smaw_up|weapon|zone_source/zm_parkour_nothing0.zone|csv
3129,xanim,am_t6_stinger_idle,1589,0,|t6_stinger_up|weapon|zone_source/zm_parkour_nothing0.zone|csv
3130,xanim,am_t6_stinger_ads_fire,2202,0,|t6_stinger_up|weapon|zone_source/zm_parkour_nothing0.zone|csv
3131,xanim,am_t6_stinger_reload,8822,0,|t6_stinger_up|weapon|zone_source/zm_parkour_nothing0.zone|csv
3132,xanim,am_t6_stinger_pullout,5971,0,|t6_stinger_up|weapon|zone_source/zm_parkour_nothing0.zone|csv
3133,xanim,am_t6_stinger_first_raise,9110,0,|t6_stinger_up|weapon|zone_source/zm_parkour_nothing0.zone|csv
3134,xanim,am_t6_stinger_putaway,4862,0,|t6_stinger_up|weapon|zone_source/zm_parkour_nothing0.zone|csv
3135,xanim,am_t6_stinger_sprint_in,3307,0,|t6_stinger_up|weapon|zone_source/zm_parkour_nothing0.zone|csv
3136,xanim,am_t6_stinger_sprint_loop,4569,0,|t6_stinger_up|weapon|zone_source/zm_parkour_nothing0.zone|csv
3137,xanim,am_t6_stinger_sprint_out,3095,0,|t6_stinger_up|weapon|zone_source/zm_parkour_nothing0.zone|csv
3138,xanim,am_t6_stinger_crawl_in,3652,0,|t6_stinger_up|weapon|zone_source/zm_parkour_nothing0.zone|csv
3139,xanim,am_t6_stinger_crawl_forward,5853,0,|t6_stinger_up|weapon|zone_source/zm_parkour_nothing0.zone|csv
3140,xanim,am_t6_stinger_crawl_back,5273,0,|t6_stinger_up|weapon|zone_source/zm_parkour_nothing0.zone|csv
3141,xanim,am_t6_stinger_crawl_right,5666,0,|t6_stinger_up|weapon|zone_source/zm_parkour_nothing0.zone|csv
3142,xanim,am_t6_stinger_crawl_left,5661,0,|t6_stinger_up|weapon|zone_source/zm_parkour_nothing0.zone|csv
3143,xanim,am_t6_stinger_crawl_out,3304,0,|t6_stinger_up|weapon|zone_source/zm_parkour_nothing0.zone|csv
3144,xanim,am_t6_stinger_slide_in,3501,0,|t6_stinger_up|weapon|zone_source/zm_parkour_nothing0.zone|csv
3145,xanim,am_t6_stinger_slide_air_in,3219,0,|t6_stinger_up|weapon|zone_source/zm_parkour_nothing0.zone|csv
3146,xanim,am_t6_stinger_slide_loop,2234,0,|t6_stinger_up|weapon|zone_source/zm_parkour_nothing0.zone|csv
3147,xanim,am_t6_stinger_slide_out,3142,0,|t6_stinger_up|weapon|zone_source/zm_parkour_nothing0.zone|csv
3148,xanim,am_t6_stinger_ads_up,261,0,|t6_stinger_up|weapon|zone_source/zm_parkour_nothing0.zone|csv
3149,xanim,am_t6_stinger_ads_down,272,0,|t6_stinger_up|weapon|zone_source/zm_parkour_nothing0.zone|csv
3150,image,i_t6_reticle_rocket_launcher,5737,0,|t6_smaw_up|weapon|zone_source/zm_parkour_nothing0.zone|csv
3151,weapon,t6_stinger,7783,0,|zone_source/zm_parkour_nothing0.zone|csv
3152,fx,zombie/fx_muz_rocket_xm_1p_ug_zmb,35,0,|t6_war_machine_up|weapon|zone_source/zm_parkour_nothing0.zone|csv
3153,fx,zombie/fx_muz_rocket_xm_3p_ug_zmb,35,0,|t6_war_machine_up|weapon|zone_source/zm_parkour_nothing0.zone|csv
3154,weaponcamo,t6_camo_stinger_table,78506,0,|t6_stinger_up|weapon|zone_source/zm_parkour_nothing0.zone|csv
3155,weapon,t6_stinger_up,6143,0,|zone_source/zm_parkour_nothing0.zone|csv
3156,image,i_t6_wpn_pistol_fiveseven_camo1_o,214,82168,|mc/mtl_t6_wpn_pistol_fiveseven_camo1|material|vm_t6_five_seven_ldw_up|xmodel|t6_fiveseven_ldw_up_zm|weapon|zone_source/zm_parkour_nothing0.zone|csv
3157,image,i_t6_wpn_pistol_fiveseven_camo1_n,298,371384,|mc/mtl_t6_wpn_pistol_fiveseven_camo1|material|vm_t6_five_seven_ldw_up|xmodel|t6_fiveseven_ldw_up_zm|weapon|zone_source/zm_parkour_nothing0.zone|csv
3158,image,i_t6_wpn_pistol_fiveseven_camo1_g,282,218440,|mc/mtl_t6_wpn_pistol_fiveseven_camo1|material|vm_t6_five_seven_ldw_up|xmodel|t6_fiveseven_ldw_up_zm|weapon|zone_source/zm_parkour_nothing0.zone|csv
3159,image,i_t6_wpn_pistol_fiveseven_camo1_r,290,196608,|t6_camo_fiveseven_table|weaponcamo|t6_fiveseven_ldw_up_zm|weapon|zone_source/zm_parkour_nothing0.zone|csv
3160,image,i_t6_wpn_pistol_fiveseven_camo1_c,298,371384,|mc/mtl_t6_wpn_pistol_fiveseven_camo1|material|vm_t6_five_seven_ldw_up|xmodel|t6_fiveseven_ldw_up_zm|weapon|zone_source/zm_parkour_nothing0.zone|csv
3161,image,i_t6_wpn_pistol_fiveseven_camo1_s,282,218440,|mc/mtl_t6_wpn_pistol_fiveseven_camo1|material|vm_t6_five_seven_ldw_up|xmodel|t6_fiveseven_ldw_up_zm|weapon|zone_source/zm_parkour_nothing0.zone|csv
3162,material,mc/mtl_t6_wpn_pistol_fiveseven_camo1,1141,0,|vm_t6_five_seven_ldw_up|xmodel|t6_fiveseven_ldw_up_zm|weapon|zone_source/zm_parkour_nothing0.zone|csv
3163,xmodelmesh,vm_t6_five_sevenf126284a,744,152696,|vm_t6_five_seven_up|xmodel|t6_fiveseven_rdw_up_zm|weapon|zone_source/zm_parkour_nothing0.zone|csv
3164,xmodel,vm_t6_five_seven,824,0,|t6_fiveseven_rdw_zm|weapon|zone_source/zm_parkour_nothing0.zone|csv
3165,xmodelmesh,wm_t6_five_sevenf4f09fde,456,19856,|wm_t6_five_seven|xmodel|t6_fiveseven_rdw_up_zm|weapon|zone_source/zm_parkour_nothing0.zone|csv
3166,xmodel,wm_t6_five_seven,352,0,|t6_fiveseven_rdw_up_zm|weapon|zone_source/zm_parkour_nothing0.zone|csv
3167,xanim,am_t6_five_seven_idle,1620,0,|t6_fiveseven_up|weapon|zone_source/zm_parkour_nothing0.zone|csv
3168,xanim,am_t6_five_seven_fire,2524,0,|t6_fiveseven_up|weapon|zone_source/zm_parkour_nothing0.zone|csv
3169,xanim,am_t6_five_seven_reload,15280,0,|t6_fiveseven_up|weapon|zone_source/zm_parkour_nothing0.zone|csv
3170,xanim,am_t6_five_seven_reload_empty,15910,0,|t6_fiveseven_up|weapon|zone_source/zm_parkour_nothing0.zone|csv
3171,xanim,am_t6_five_seven_pullout,8749,0,|t6_fiveseven_up|weapon|zone_source/zm_parkour_nothing0.zone|csv
3172,xanim,am_t6_five_seven_first_raise,11644,0,|t6_fiveseven_up|weapon|zone_source/zm_parkour_nothing0.zone|csv
3173,xanim,am_t6_five_seven_putaway,7144,0,|t6_fiveseven_up|weapon|zone_source/zm_parkour_nothing0.zone|csv
3174,xanim,am_t6_five_seven_sprint_in,2611,0,|t6_fiveseven_up|weapon|zone_source/zm_parkour_nothing0.zone|csv
3175,xanim,am_t6_five_seven_sprint_loop,3889,0,|t6_fiveseven_up|weapon|zone_source/zm_parkour_nothing0.zone|csv
3176,xanim,am_t6_five_seven_sprint_out,2612,0,|t6_fiveseven_up|weapon|zone_source/zm_parkour_nothing0.zone|csv
3177,xanim,am_t6_five_seven_crawl_in,2608,0,|t6_fiveseven_up|weapon|zone_source/zm_parkour_nothing0.zone|csv
3178,xanim,am_t6_five_seven_crawl_forward,3797,0,|t6_fiveseven_up|weapon|zone_source/zm_parkour_nothing0.zone|csv
3179,xanim,am_t6_five_seven_crawl_back,3416,0,|t6_fiveseven_up|weapon|zone_source/zm_parkour_nothing0.zone|csv
3180,xanim,am_t6_five_seven_crawl_right,3550,0,|t6_fiveseven_up|weapon|zone_source/zm_parkour_nothing0.zone|csv
3181,xanim,am_t6_five_seven_crawl_left,3409,0,|t6_fiveseven_up|weapon|zone_source/zm_parkour_nothing0.zone|csv
3182,xanim,am_t6_five_seven_crawl_out,2300,0,|t6_fiveseven_up|weapon|zone_source/zm_parkour_nothing0.zone|csv
3183,xanim,am_t6_five_seven_ads_fire,2553,0,|t6_fiveseven_up|weapon|zone_source/zm_parkour_nothing0.zone|csv
3184,xanim,am_t6_five_seven_slide_in,2398,0,|t6_fiveseven_up|weapon|zone_source/zm_parkour_nothing0.zone|csv
3185,xanim,am_t6_five_seven_slide_air_in,1609,0,|t6_fiveseven_up|weapon|zone_source/zm_parkour_nothing0.zone|csv
3186,xanim,am_t6_five_seven_slide_loop,1757,0,|t6_fiveseven_up|weapon|zone_source/zm_parkour_nothing0.zone|csv
3187,xanim,am_t6_five_seven_slide_out,1808,0,|t6_fiveseven_up|weapon|zone_source/zm_parkour_nothing0.zone|csv
3188,xanim,am_t6_five_seven_ads_up,100,0,|t6_fiveseven_ldw_up_zm|weapon|zone_source/zm_parkour_nothing0.zone|csv
3189,xanim,am_t6_five_seven_ads_down,104,0,|t6_fiveseven_ldw_up_zm|weapon|zone_source/zm_parkour_nothing0.zone|csv
3190,weapon,t6_fiveseven,7688,0,|zone_source/zm_parkour_nothing0.zone|csv
3191,xmodel,vm_t6_five_seven_up,332,0,|t6_fiveseven_rdw_up_zm|weapon|zone_source/zm_parkour_nothing0.zone|csv
3192,weaponcamo,t6_camo_fiveseven_table,78508,0,|t6_fiveseven_ldw_up_zm|weapon|zone_source/zm_parkour_nothing0.zone|csv
3193,weapon,t6_fiveseven_up,6094,0,|zone_source/zm_parkour_nothing0.zone|csv
3194,xanim,am_t6_five_seven_rdw_idle,7224,0,|t6_fiveseven_rdw_up_zm|weapon|zone_source/zm_parkour_nothing0.zone|csv
3195,xanim,am_t6_five_seven_rdw_fire,1555,0,|t6_fiveseven_rdw_up_zm|weapon|zone_source/zm_parkour_nothing0.zone|csv
3196,xanim,am_t6_five_seven_rdw_reload,9299,0,|t6_fiveseven_rdw_up_zm|weapon|zone_source/zm_parkour_nothing0.zone|csv
3197,xanim,am_t6_five_seven_rdw_reload_empty,10167,0,|t6_fiveseven_rdw_up_zm|weapon|zone_source/zm_parkour_nothing0.zone|csv
3198,xanim,am_t6_five_seven_fdw_pullout,7402,0,|t6_fiveseven_ldw_up_zm|weapon|zone_source/zm_parkour_nothing0.zone|csv
3199,xanim,am_t6_five_seven_fdw_first_raise,10853,0,|t6_fiveseven_ldw_up_zm|weapon|zone_source/zm_parkour_nothing0.zone|csv
3200,xanim,am_t6_five_seven_fdw_putaway,6321,0,|t6_fiveseven_ldw_up_zm|weapon|zone_source/zm_parkour_nothing0.zone|csv
3201,xanim,am_t6_five_seven_fdw_sprint_in,3481,0,|t6_fiveseven_ldw_up_zm|weapon|zone_source/zm_parkour_nothing0.zone|csv
3202,xanim,am_t6_five_seven_fdw_sprint_loop,5103,0,|t6_fiveseven_ldw_up_zm|weapon|zone_source/zm_parkour_nothing0.zone|csv
3203,xanim,am_t6_five_seven_fdw_sprint_out,3553,0,|t6_fiveseven_ldw_up_zm|weapon|zone_source/zm_parkour_nothing0.zone|csv
3204,xanim,am_t6_five_seven_fdw_crawl_in,3673,0,|t6_fiveseven_rdw_up_zm|weapon|zone_source/zm_parkour_nothing0.zone|csv
3205,xanim,am_t6_five_seven_fdw_crawl_forward,3858,0,|t6_fiveseven_rdw_up_zm|weapon|zone_source/zm_parkour_nothing0.zone|csv
3206,xanim,am_t6_five_seven_fdw_crawl_back,3689,0,|t6_fiveseven_rdw_up_zm|weapon|zone_source/zm_parkour_nothing0.zone|csv
3207,xanim,am_t6_five_seven_fdw_crawl_right,3660,0,|t6_fiveseven_rdw_up_zm|weapon|zone_source/zm_parkour_nothing0.zone|csv
3208,xanim,am_t6_five_seven_fdw_crawl_left,3482,0,|t6_fiveseven_rdw_up_zm|weapon|zone_source/zm_parkour_nothing0.zone|csv
3209,xanim,am_t6_five_seven_fdw_crawl_out,3348,0,|t6_fiveseven_rdw_up_zm|weapon|zone_source/zm_parkour_nothing0.zone|csv
3210,xanim,am_t6_five_seven_fdw_slide_idle,1354,0,|t6_fiveseven_rdw_up_zm|weapon|zone_source/zm_parkour_nothing0.zone|csv
3211,weapon,t6_fiveseven_rdw_zm,7740,0,|zone_source/zm_parkour_nothing0.zone|csv
3212,xmodelmesh,vm_t6_five_seven_ldwd5dd32c6,608,124976,|vm_t6_five_seven_ldw_up|xmodel|t6_fiveseven_ldw_up_zm|weapon|zone_source/zm_parkour_nothing0.zone|csv
3213,xmodel,vm_t6_five_seven_ldw,704,0,|t6_fiveseven_ldw_zm|weapon|zone_source/zm_parkour_nothing0.zone|csv
3214,xmodelmesh,wm_t6_five_seven_ldw969e186f,448,19664,|wm_t6_five_seven_ldw|xmodel|t6_fiveseven_ldw_up_zm|weapon|zone_source/zm_parkour_nothing0.zone|csv
3215,xmodel,wm_t6_five_seven_ldw,204,0,|t6_fiveseven_ldw_up_zm|weapon|zone_source/zm_parkour_nothing0.zone|csv
3216,xanim,am_t6_five_seven_ldw_fire,1528,0,|t6_fiveseven_ldw_up_zm|weapon|zone_source/zm_parkour_nothing0.zone|csv
3217,xanim,am_t6_five_seven_ldw_idle,7154,0,|t6_fiveseven_ldw_up_zm|weapon|zone_source/zm_parkour_nothing0.zone|csv
3218,xanim,am_t6_five_seven_ldw_reload_empty,10512,0,|t6_fiveseven_ldw_up_zm|weapon|zone_source/zm_parkour_nothing0.zone|csv
3219,xanim,am_t6_five_seven_ldw_reload,9082,0,|t6_fiveseven_ldw_up_zm|weapon|zone_source/zm_parkour_nothing0.zone|csv
3220,weapon,t6_fiveseven_ldw_zm,7592,0,|zone_source/zm_parkour_nothing0.zone|csv
3221,weapon,t6_fiveseven_rdw_up_zm,6163,0,|zone_source/zm_parkour_nothing0.zone|csv
3222,xmodel,vm_t6_five_seven_ldw_up,293,0,|t6_fiveseven_ldw_up_zm|weapon|zone_source/zm_parkour_nothing0.zone|csv
3223,weapon,t6_fiveseven_ldw_up_zm,6011,0,|zone_source/zm_parkour_nothing0.zone|csv
3224,image,i_t6_wpn_ar_galil_camo1_o,282,207096,|mc/mtl_t6_wpn_ar_galil_camo1|material|t6_camo_galil_table|weaponcamo|t6_galil_up|weapon|zone_source/zm_parkour_nothing0.zone|csv
3225,image,i_t6_wpn_ar_galil_camo1_n,290,1419960,|mc/mtl_t6_wpn_ar_galil_camo1|material|t6_camo_galil_table|weaponcamo|t6_galil_up|weapon|zone_source/zm_parkour_nothing0.zone|csv
3226,image,i_t6_wpn_ar_galil_camo1_g,274,742728,|mc/mtl_t6_wpn_ar_galil_camo1|material|t6_camo_galil_table|weaponcamo|t6_galil_up|weapon|zone_source/zm_parkour_nothing0.zone|csv
3227,image,i_t6_wpn_ar_galil_camo1_r,282,720896,|t6_camo_galil_table|weaponcamo|t6_galil_up|weapon|zone_source/zm_parkour_nothing0.zone|csv
3228,image,i_t6_wpn_ar_galil_camo1_c,290,1419960,|mc/mtl_t6_wpn_ar_galil_camo1|material|t6_camo_galil_table|weaponcamo|t6_galil_up|weapon|zone_source/zm_parkour_nothing0.zone|csv
3229,image,i_t6_wpn_ar_galil_camo1_s,274,742728,|mc/mtl_t6_wpn_ar_galil_camo1|material|t6_camo_galil_table|weaponcamo|t6_galil_up|weapon|zone_source/zm_parkour_nothing0.zone|csv
3230,material,mc/mtl_t6_wpn_ar_galil_camo1,1137,0,|t6_camo_galil_table|weaponcamo|t6_galil_up|weapon|zone_source/zm_parkour_nothing0.zone|csv
3231,image,i_t6_attach_rail_ak_o,278,65536,|mc/mtl_t6_attach_rail_ak|material|wm_t6_galil|xmodel|t6_galil_up|weapon|zone_source/zm_parkour_nothing0.zone|csv
3232,image,i_t6_attach_rail_ak_n,286,371384,|mc/mtl_t6_attach_rail_ak|material|wm_t6_galil|xmodel|t6_galil_up|weapon|zone_source/zm_parkour_nothing0.zone|csv
3233,image,i_t6_attach_rail_ak_g,270,218440,|mc/mtl_t6_attach_rail_ak|material|wm_t6_galil|xmodel|t6_galil_up|weapon|zone_source/zm_parkour_nothing0.zone|csv
3234,image,i_t6_attach_rail_ak_c,286,371384,|mc/mtl_t6_attach_rail_ak|material|wm_t6_galil|xmodel|t6_galil_up|weapon|zone_source/zm_parkour_nothing0.zone|csv
3235,image,i_t6_attach_rail_ak_s,270,218440,|mc/mtl_t6_attach_rail_ak|material|wm_t6_galil|xmodel|t6_galil_up|weapon|zone_source/zm_parkour_nothing0.zone|csv
3236,material,mc/mtl_t6_attach_rail_ak,1138,0,|wm_t6_galil|xmodel|t6_galil_up|weapon|zone_source/zm_parkour_nothing0.zone|csv
3237,xmodelmesh,vm_t6_galild15518b2,608,185544,|vm_t6_galil|xmodel|t6_galil_up|weapon|zone_source/zm_parkour_nothing0.zone|csv
3238,xmodel,vm_t6_galil,696,0,|t6_galil_up|weapon|zone_source/zm_parkour_nothing0.zone|csv
3239,xmodelmesh,wpn_h1_shell_556x45_npc369f22cc,224,4704,|wpn_h1_shell_556x45_npc|xmodel|_scobalula/shellejects/mwr/h1_shell_eject_556x45_saw|fx|t6_rpd_up|weapon|zone_source/zm_parkour_nothing0.zone|csv
3240,xmodel,wpn_h1_shell_556x45_npc,144,0,|_scobalula/shellejects/mwr/h1_shell_eject_556x45_saw|fx|t6_rpd_up|weapon|zone_source/zm_parkour_nothing0.zone|csv
3241,fx,_scobalula/shellejects/mwr/h1_shell_eject_556x45_rest,664,0,|_scobalula/shellejects/mwr/h1_shell_eject_556x45_saw|fx|t6_rpd_up|weapon|zone_source/zm_parkour_nothing0.zone|csv
3242,fx,_scobalula/shellejects/mwr/h1_shell_eject_556x45,1272,0,|t6_type25_up|weapon|zone_source/zm_parkour_nothing0.zone|csv
3243,xmodelmesh,wm_t6_galildf6ddea5,704,78576,|wm_t6_galil|xmodel|t6_galil_up|weapon|zone_source/zm_parkour_nothing0.zone|csv
3244,xmodel,wm_t6_galil,668,0,|t6_galil_up|weapon|zone_source/zm_parkour_nothing0.zone|csv
3245,xmodelmesh,vm_t6_galil_mag876e9b97,440,10656,|vm_t6_galil_mag|xmodel|t6_galil_up|weapon|zone_source/zm_parkour_nothing0.zone|csv
3246,xmodel,vm_t6_galil_mag,256,0,|t6_galil_up|weapon|zone_source/zm_parkour_nothing0.zone|csv
3247,xanim,am_t6_galil_idle,1608,0,|t6_galil_up|weapon|zone_source/zm_parkour_nothing0.zone|csv
3248,xanim,am_t6_galil_fire,2579,0,|t6_galil_up|weapon|zone_source/zm_parkour_nothing0.zone|csv
3249,xanim,am_t6_galil_reload,22473,0,|t6_galil_up|weapon|zone_source/zm_parkour_nothing0.zone|csv
3250,xanim,am_t6_galil_reload_empty,28416,0,|t6_galil_up|weapon|zone_source/zm_parkour_nothing0.zone|csv
3251,xanim,am_t6_galil_pullout,8520,0,|t6_galil_up|weapon|zone_source/zm_parkour_nothing0.zone|csv
3252,xanim,am_t6_galil_first_raise,20460,0,|t6_galil_up|weapon|zone_source/zm_parkour_nothing0.zone|csv
3253,xanim,am_t6_galil_putaway,7261,0,|t6_galil_up|weapon|zone_source/zm_parkour_nothing0.zone|csv
3254,xanim,am_t6_galil_sprint_in,3490,0,|t6_galil_up|weapon|zone_source/zm_parkour_nothing0.zone|csv
3255,xanim,am_t6_galil_sprint_loop,4906,0,|t6_galil_up|weapon|zone_source/zm_parkour_nothing0.zone|csv
3256,xanim,am_t6_galil_sprint_out,3165,0,|t6_galil_up|weapon|zone_source/zm_parkour_nothing0.zone|csv
3257,xanim,am_t6_galil_crawl_in,3678,0,|t6_galil_up|weapon|zone_source/zm_parkour_nothing0.zone|csv
3258,xanim,am_t6_galil_crawl_forward,5479,0,|t6_galil_up|weapon|zone_source/zm_parkour_nothing0.zone|csv
3259,xanim,am_t6_galil_crawl_back,5252,0,|t6_galil_up|weapon|zone_source/zm_parkour_nothing0.zone|csv
3260,xanim,am_t6_galil_crawl_right,5487,0,|t6_galil_up|weapon|zone_source/zm_parkour_nothing0.zone|csv
3261,xanim,am_t6_galil_crawl_left,5598,0,|t6_galil_up|weapon|zone_source/zm_parkour_nothing0.zone|csv
3262,xanim,am_t6_galil_crawl_out,3409,0,|t6_galil_up|weapon|zone_source/zm_parkour_nothing0.zone|csv
3263,xanim,am_t6_galil_ads_fire,2673,0,|t6_galil_up|weapon|zone_source/zm_parkour_nothing0.zone|csv
3264,xanim,am_t6_galil_slide_in,3446,0,|t6_galil_up|weapon|zone_source/zm_parkour_nothing0.zone|csv
3265,xanim,am_t6_galil_slide_air_in,3225,0,|t6_galil_up|weapon|zone_source/zm_parkour_nothing0.zone|csv
3266,xanim,am_t6_galil_slide_loop,2064,0,|t6_galil_up|weapon|zone_source/zm_parkour_nothing0.zone|csv
3267,xanim,am_t6_galil_slide_out,3037,0,|t6_galil_up|weapon|zone_source/zm_parkour_nothing0.zone|csv
3268,xanim,am_t6_galil_ads_up,224,0,|t6_galil|weapon|zone_source/zm_parkour_nothing0.zone|csv
3269,xanim,am_t6_galil_ads_down,185,0,|t6_galil|weapon|zone_source/zm_parkour_nothing0.zone|csv
3270,weapon,t6_galil,7833,0,|zone_source/zm_parkour_nothing0.zone|csv
3271,weaponcamo,t6_camo_galil_table,78504,0,|t6_galil_up|weapon|zone_source/zm_parkour_nothing0.zone|csv
3272,xanim,am_t6_galil_reflex_ads_up,230,0,|t6_galil_up|weapon|zone_source/zm_parkour_nothing0.zone|csv
3273,xanim,am_t6_galil_reflex_ads_down,229,0,|t6_galil_up|weapon|zone_source/zm_parkour_nothing0.zone|csv
3274,weapon,t6_galil_up,7773,0,|zone_source/zm_parkour_nothing0.zone|csv
3275,image,i_t6_wpn_lmg_hamr_strap_n,306,48224,|mc/mtl_t6_wpn_lmg_hamr_strap|material|vm_t6_hamr|xmodel|t6_hamr_up|weapon|zone_source/zm_parkour_nothing0.zone|csv
3276,image,i_t6_wpn_lmg_hamr_strap_g,266,43672,|mc/mtl_t6_wpn_lmg_hamr_strap|material|vm_t6_hamr|xmodel|t6_hamr_up|weapon|zone_source/zm_parkour_nothing0.zone|csv
3277,image,i_t6_wpn_lmg_hamr_strap_c,298,87400,|mc/mtl_t6_wpn_lmg_hamr_strap|material|vm_t6_hamr|xmodel|t6_hamr_up|weapon|zone_source/zm_parkour_nothing0.zone|csv
3278,image,i_t6_wpn_lmg_hamr_strap_s,266,43672,|mc/mtl_t6_wpn_lmg_hamr_strap|material|vm_t6_hamr|xmodel|t6_hamr_up|weapon|zone_source/zm_parkour_nothing0.zone|csv
3279,material,mc/mtl_t6_wpn_lmg_hamr_strap,1128,0,|vm_t6_hamr|xmodel|t6_hamr_up|weapon|zone_source/zm_parkour_nothing0.zone|csv
3280,image,i_t6_wpn_lmg_hamr_camo1_n,282,1441800,|mc/mtl_t6_wpn_lmg_hamr_camo1|material|t6_camo_hamr_table|weaponcamo|t6_hamr_up|weapon|zone_source/zm_parkour_nothing0.zone|csv
3281,image,i_t6_wpn_lmg_hamr_camo1_g,274,742728,|mc/mtl_t6_wpn_lmg_hamr_camo1|material|t6_camo_hamr_table|weaponcamo|t6_hamr_up|weapon|zone_source/zm_parkour_nothing0.zone|csv
3282,image,i_t6_wpn_lmg_hamr_camo1_r,282,720896,|t6_camo_hamr_table|weaponcamo|t6_hamr_up|weapon|zone_source/zm_parkour_nothing0.zone|csv
3283,image,i_t6_wpn_lmg_hamr_camo1_c,290,1419960,|mc/mtl_t6_wpn_lmg_hamr_camo1|material|t6_camo_hamr_table|weaponcamo|t6_hamr_up|weapon|zone_source/zm_parkour_nothing0.zone|csv
3284,image,i_t6_wpn_lmg_hamr_camo1_s,274,742728,|mc/mtl_t6_wpn_lmg_hamr_camo1|material|t6_camo_hamr_table|weaponcamo|t6_hamr_up|weapon|zone_source/zm_parkour_nothing0.zone|csv
3285,material,mc/mtl_t6_wpn_lmg_hamr_camo1,1134,0,|t6_camo_hamr_table|weaponcamo|t6_hamr_up|weapon|zone_source/zm_parkour_nothing0.zone|csv
3286,image,i_t6_wpn_lmg_hamr_parts_n,290,371384,|mc/mtl_t6_wpn_lmg_hamr_parts|material|t6_camo_hamr_table|weaponcamo|t6_hamr_up|weapon|zone_source/zm_parkour_nothing0.zone|csv
3287,image,i_t6_wpn_lmg_hamr_parts_g,274,218440,|mc/mtl_t6_wpn_lmg_hamr_parts|material|t6_camo_hamr_table|weaponcamo|t6_hamr_up|weapon|zone_source/zm_parkour_nothing0.zone|csv
3288,image,i_t6_wpn_lmg_hamr_parts_r,282,196608,|t6_camo_hamr_table|weaponcamo|t6_hamr_up|weapon|zone_source/zm_parkour_nothing0.zone|csv
3289,image,i_t6_wpn_lmg_hamr_parts_c,290,371384,|mc/mtl_t6_wpn_lmg_hamr_parts|material|t6_camo_hamr_table|weaponcamo|t6_hamr_up|weapon|zone_source/zm_parkour_nothing0.zone|csv
3290,image,i_t6_wpn_lmg_hamr_parts_s,274,218440,|mc/mtl_t6_wpn_lmg_hamr_parts|material|t6_camo_hamr_table|weaponcamo|t6_hamr_up|weapon|zone_source/zm_parkour_nothing0.zone|csv
3291,material,mc/mtl_t6_wpn_lmg_hamr_parts,1134,0,|t6_camo_hamr_table|weaponcamo|t6_hamr_up|weapon|zone_source/zm_parkour_nothing0.zone|csv
3292,xmodelmesh,vm_t6_hamr295cd70b,1016,429080,|vm_t6_hamr|xmodel|t6_hamr_up|weapon|zone_source/zm_parkour_nothing0.zone|csv
3293,xmodel,vm_t6_hamr,832,0,|t6_hamr_up|weapon|zone_source/zm_parkour_nothing0.zone|csv
3294,xmodelmesh,wm_t6_hamrbcd41f42,848,117488,|wm_t6_hamr|xmodel|t6_hamr_up|weapon|zone_source/zm_parkour_nothing0.zone|csv
3295,xmodel,wm_t6_hamr,680,0,|t6_hamr_up|weapon|zone_source/zm_parkour_nothing0.zone|csv
3296,xmodelmesh,vm_t6_hamr_maga1e5c64d,336,9792,|vm_t6_hamr_mag|xmodel|t6_hamr_up|weapon|zone_source/zm_parkour_nothing0.zone|csv
3297,xmodel,vm_t6_hamr_mag,240,0,|t6_hamr_up|weapon|zone_source/zm_parkour_nothing0.zone|csv
3298,xanim,am_t6_hamr_idle,1636,0,|t6_hamr|weapon|zone_source/zm_parkour_nothing0.zone|csv
3299,xanim,am_t6_hamr_fire,2859,0,|t6_hamr|weapon|zone_source/zm_parkour_nothing0.zone|csv
3300,xanim,am_t6_hamr_reload,25677,0,|t6_hamr|weapon|zone_source/zm_parkour_nothing0.zone|csv
3301,xanim,am_t6_hamr_reload_empty,31718,0,|t6_hamr|weapon|zone_source/zm_parkour_nothing0.zone|csv
3302,xanim,am_t6_hamr_pullout,6874,0,|t6_hamr|weapon|zone_source/zm_parkour_nothing0.zone|csv
3303,xanim,am_t6_hamr_first_raise,16717,0,|t6_hamr|weapon|zone_source/zm_parkour_nothing0.zone|csv
3304,xanim,am_t6_hamr_putaway,4975,0,|t6_hamr|weapon|zone_source/zm_parkour_nothing0.zone|csv
3305,xanim,am_t6_hamr_sprint_in,3694,0,|t6_hamr|weapon|zone_source/zm_parkour_nothing0.zone|csv
3306,xanim,am_t6_hamr_sprint_loop,4699,0,|t6_hamr|weapon|zone_source/zm_parkour_nothing0.zone|csv
3307,xanim,am_t6_hamr_sprint_out,3430,0,|t6_hamr|weapon|zone_source/zm_parkour_nothing0.zone|csv
3308,xanim,am_t6_hamr_crawl_in,3713,0,|t6_hamr|weapon|zone_source/zm_parkour_nothing0.zone|csv
3309,xanim,am_t6_hamr_crawl_forward,6807,0,|t6_hamr|weapon|zone_source/zm_parkour_nothing0.zone|csv
3310,xanim,am_t6_hamr_crawl_back,5898,0,|t6_hamr|weapon|zone_source/zm_parkour_nothing0.zone|csv
3311,xanim,am_t6_hamr_crawl_right,6075,0,|t6_hamr|weapon|zone_source/zm_parkour_nothing0.zone|csv
3312,xanim,am_t6_hamr_crawl_left,6153,0,|t6_hamr|weapon|zone_source/zm_parkour_nothing0.zone|csv
3313,xanim,am_t6_hamr_crawl_out,3376,0,|t6_hamr|weapon|zone_source/zm_parkour_nothing0.zone|csv
3314,xanim,am_t6_hamr_ads_fire,2315,0,|t6_hamr|weapon|zone_source/zm_parkour_nothing0.zone|csv
3315,xanim,am_t6_hamr_slide_in,3695,0,|t6_hamr|weapon|zone_source/zm_parkour_nothing0.zone|csv
3316,xanim,am_t6_hamr_slide_air_in,3280,0,|t6_hamr|weapon|zone_source/zm_parkour_nothing0.zone|csv
3317,xanim,am_t6_hamr_slide_loop,1987,0,|t6_hamr|weapon|zone_source/zm_parkour_nothing0.zone|csv
3318,xanim,am_t6_hamr_slide_out,3078,0,|t6_hamr|weapon|zone_source/zm_parkour_nothing0.zone|csv
3319,xanim,am_t6_hamr_ads_up,186,0,|t6_hamr|weapon|zone_source/zm_parkour_nothing0.zone|csv
3320,xanim,am_t6_hamr_ads_down,172,0,|t6_hamr|weapon|zone_source/zm_parkour_nothing0.zone|csv
3321,weapon,t6_hamr,7834,0,|zone_source/zm_parkour_nothing0.zone|csv
3322,image,i_t6_attach_grip_n,283,142704,|mc/mtl_t6_attach_grip|material|wm_t6_foregrip|xmodel|t6_type25_up|weapon|zone_source/zm_parkour_nothing0.zone|csv
3323,image,i_t6_attach_grip_g,267,87368,|mc/mtl_t6_attach_grip|material|wm_t6_foregrip|xmodel|t6_type25_up|weapon|zone_source/zm_parkour_nothing0.zone|csv
3324,image,i_t6_attach_grip_c,283,109240,|mc/mtl_t6_attach_grip|material|wm_t6_foregrip|xmodel|t6_type25_up|weapon|zone_source/zm_parkour_nothing0.zone|csv
3325,image,i_t6_attach_grip_s,267,87368,|mc/mtl_t6_attach_grip|material|wm_t6_foregrip|xmodel|t6_type25_up|weapon|zone_source/zm_parkour_nothing0.zone|csv
3326,material,mc/mtl_t6_attach_grip,1124,0,|wm_t6_foregrip|xmodel|t6_type25_up|weapon|zone_source/zm_parkour_nothing0.zone|csv
3327,xmodelmesh,vm_t6_foregrip953981a1,216,5320,|vm_t6_foregrip|xmodel|t6_type25_up|weapon|zone_source/zm_parkour_nothing0.zone|csv
3328,xmodel,vm_t6_foregrip,144,0,|t6_type25_up|weapon|zone_source/zm_parkour_nothing0.zone|csv
3329,xmodelmesh,wm_t6_foregrip4b8d5ab6,216,4816,|wm_t6_foregrip|xmodel|t6_type25_up|weapon|zone_source/zm_parkour_nothing0.zone|csv
3330,xmodel,wm_t6_foregrip,92,0,|t6_type25_up|weapon|zone_source/zm_parkour_nothing0.zone|csv
3331,weaponcamo,t6_camo_hamr_table,80548,0,|t6_hamr_up|weapon|zone_source/zm_parkour_nothing0.zone|csv
3332,xanim,am_t6_hamr_grip_idle,1328,0,|t6_hamr_up|weapon|zone_source/zm_parkour_nothing0.zone|csv
3333,xanim,am_t6_hamr_grip_fire,2543,0,|t6_hamr_up|weapon|zone_source/zm_parkour_nothing0.zone|csv
3334,xanim,am_t6_hamr_grip_reload,25767,0,|t6_hamr_up|weapon|zone_source/zm_parkour_nothing0.zone|csv
3335,xanim,am_t6_hamr_grip_reload_empty,31743,0,|t6_hamr_up|weapon|zone_source/zm_parkour_nothing0.zone|csv
3336,xanim,am_t6_hamr_grip_pullout,6867,0,|t6_hamr_up|weapon|zone_source/zm_parkour_nothing0.zone|csv
3337,xanim,am_t6_hamr_grip_first_raise,16586,0,|t6_hamr_up|weapon|zone_source/zm_parkour_nothing0.zone|csv
3338,xanim,am_t6_hamr_grip_putaway,6481,0,|t6_hamr_up|weapon|zone_source/zm_parkour_nothing0.zone|csv
3339,xanim,am_t6_hamr_grip_sprint_in,3739,0,|t6_hamr_up|weapon|zone_source/zm_parkour_nothing0.zone|csv
3340,xanim,am_t6_hamr_grip_sprint_loop,4951,0,|t6_hamr_up|weapon|zone_source/zm_parkour_nothing0.zone|csv
3341,xanim,am_t6_hamr_grip_sprint_out,3454,0,|t6_hamr_up|weapon|zone_source/zm_parkour_nothing0.zone|csv
3342,xanim,am_t6_hamr_grip_crawl_in,3741,0,|t6_hamr_up|weapon|zone_source/zm_parkour_nothing0.zone|csv
3343,xanim,am_t6_hamr_grip_crawl_forward,5835,0,|t6_hamr_up|weapon|zone_source/zm_parkour_nothing0.zone|csv
3344,xanim,am_t6_hamr_grip_crawl_back,6442,0,|t6_hamr_up|weapon|zone_source/zm_parkour_nothing0.zone|csv
3345,xanim,am_t6_hamr_grip_crawl_right,6047,0,|t6_hamr_up|weapon|zone_source/zm_parkour_nothing0.zone|csv
3346,xanim,am_t6_hamr_grip_crawl_left,6365,0,|t6_hamr_up|weapon|zone_source/zm_parkour_nothing0.zone|csv
3347,xanim,am_t6_hamr_grip_crawl_out,3388,0,|t6_hamr_up|weapon|zone_source/zm_parkour_nothing0.zone|csv
3348,xanim,am_t6_hamr_grip_ads_fire,2359,0,|t6_hamr_up|weapon|zone_source/zm_parkour_nothing0.zone|csv
3349,xanim,am_t6_hamr_grip_slide_in,3588,0,|t6_hamr_up|weapon|zone_source/zm_parkour_nothing0.zone|csv
3350,xanim,am_t6_hamr_grip_slide_air_in,3172,0,|t6_hamr_up|weapon|zone_source/zm_parkour_nothing0.zone|csv
3351,xanim,am_t6_hamr_grip_slide_loop,1674,0,|t6_hamr_up|weapon|zone_source/zm_parkour_nothing0.zone|csv
3352,xanim,am_t6_hamr_grip_slide_out,3294,0,|t6_hamr_up|weapon|zone_source/zm_parkour_nothing0.zone|csv
3353,xanim,am_t6_hamr_reflex_ads_up,171,0,|t6_hamr_up|weapon|zone_source/zm_parkour_nothing0.zone|csv
3354,xanim,am_t6_hamr_reflex_ads_down,182,0,|t6_hamr_up|weapon|zone_source/zm_parkour_nothing0.zone|csv
3355,weapon,t6_hamr_up,7971,0,|zone_source/zm_parkour_nothing0.zone|csv
3356,material,mc/mtl_t6_wpn_pistol_kard,27,0,|wm_t6_kap40_ldw|xmodel|t6_kap40_ldw_up_zm|weapon|zone_source/zm_parkour_nothing0.zone|csv
3357,xmodelmesh,vm_t6_kap405ebbafb1,688,151104,|vm_t6_kap40|xmodel|t6_kap40_rdw_up_zm|weapon|zone_source/zm_parkour_nothing0.zone|csv
3358,xmodel,vm_t6_kap40,909,0,|t6_kap40_rdw_up_zm|weapon|zone_source/zm_parkour_nothing0.zone|csv
3359,xmodelmesh,wm_t6_kap407eedd6c,592,43792,|wm_t6_kap40|xmodel|t6_kap40_rdw_up_zm|weapon|zone_source/zm_parkour_nothing0.zone|csv
3360,xmodel,wm_t6_kap40,448,0,|t6_kap40_rdw_up_zm|weapon|zone_source/zm_parkour_nothing0.zone|csv
3361,xanim,am_t6_kap40_idle,1616,0,|t6_kap40|weapon|zone_source/zm_parkour_nothing0.zone|csv
3362,xanim,am_t6_kap40_fire,2043,0,|t6_kap40|weapon|zone_source/zm_parkour_nothing0.zone|csv
3363,xanim,am_t6_kap40_reload,12081,0,|t6_kap40|weapon|zone_source/zm_parkour_nothing0.zone|csv
3364,xanim,am_t6_kap40_reload_empty,14280,0,|t6_kap40|weapon|zone_source/zm_parkour_nothing0.zone|csv
3365,xanim,am_t6_kap40_pullout,6635,0,|t6_kap40|weapon|zone_source/zm_parkour_nothing0.zone|csv
3366,xanim,am_t6_kap40_first_raise,12556,0,|t6_kap40|weapon|zone_source/zm_parkour_nothing0.zone|csv
3367,xanim,am_t6_kap40_putaway,5777,0,|t6_kap40|weapon|zone_source/zm_parkour_nothing0.zone|csv
3368,xanim,am_t6_kap40_sprint_in,2520,0,|t6_kap40|weapon|zone_source/zm_parkour_nothing0.zone|csv
3369,xanim,am_t6_kap40_sprint_loop,3526,0,|t6_kap40|weapon|zone_source/zm_parkour_nothing0.zone|csv
3370,xanim,am_t6_kap40_sprint_out,2425,0,|t6_kap40|weapon|zone_source/zm_parkour_nothing0.zone|csv
3371,xanim,am_t6_kap40_crawl_in,2641,0,|t6_kap40|weapon|zone_source/zm_parkour_nothing0.zone|csv
3372,xanim,am_t6_kap40_crawl_forward,3843,0,|t6_kap40|weapon|zone_source/zm_parkour_nothing0.zone|csv
3373,xanim,am_t6_kap40_crawl_back,3439,0,|t6_kap40|weapon|zone_source/zm_parkour_nothing0.zone|csv
3374,xanim,am_t6_kap40_crawl_right,3521,0,|t6_kap40|weapon|zone_source/zm_parkour_nothing0.zone|csv
3375,xanim,am_t6_kap40_crawl_left,3435,0,|t6_kap40|weapon|zone_source/zm_parkour_nothing0.zone|csv
3376,xanim,am_t6_kap40_crawl_out,2330,0,|t6_kap40|weapon|zone_source/zm_parkour_nothing0.zone|csv
3377,xanim,am_t6_kap40_ads_fire,1699,0,|t6_kap40|weapon|zone_source/zm_parkour_nothing0.zone|csv
3378,xanim,am_t6_kap40_slide_in,2433,0,|t6_kap40|weapon|zone_source/zm_parkour_nothing0.zone|csv
3379,xanim,am_t6_kap40_slide_air_in,1575,0,|t6_kap40|weapon|zone_source/zm_parkour_nothing0.zone|csv
3380,xanim,am_t6_kap40_slide_loop,1721,0,|t6_kap40|weapon|zone_source/zm_parkour_nothing0.zone|csv
3381,xanim,am_t6_kap40_slide_out,1804,0,|t6_kap40|weapon|zone_source/zm_parkour_nothing0.zone|csv
3382,xanim,am_t6_kap40_ads_up,96,0,|t6_kap40_ldw_up_zm|weapon|zone_source/zm_parkour_nothing0.zone|csv
3383,xanim,am_t6_kap40_ads_down,100,0,|t6_kap40_ldw_up_zm|weapon|zone_source/zm_parkour_nothing0.zone|csv
3384,weapon,t6_kap40,7664,0,|zone_source/zm_parkour_nothing0.zone|csv
3385,image,i_t6_wpn_pistol_kard_r,279,188184,|t6_camo_kap40_table|weaponcamo|t6_kap40_ldw_up_zm|weapon|zone_source/zm_parkour_nothing0.zone|csv
3386,weaponcamo,t6_camo_kap40_table,78505,0,|t6_kap40_ldw_up_zm|weapon|zone_source/zm_parkour_nothing0.zone|csv
3387,xanim,am_t6_kap40_rdw_idle,6877,0,|t6_kap40_rdw_up_zm|weapon|zone_source/zm_parkour_nothing0.zone|csv
3388,xanim,am_t6_kap40_rdw_fire,1661,0,|t6_kap40_rdw_up_zm|weapon|zone_source/zm_parkour_nothing0.zone|csv
3389,xanim,am_t6_kap40_rdw_reload,10112,0,|t6_kap40_rdw_up_zm|weapon|zone_source/zm_parkour_nothing0.zone|csv
3390,xanim,am_t6_kap40_rdw_reload_empty,10724,0,|t6_kap40_rdw_up_zm|weapon|zone_source/zm_parkour_nothing0.zone|csv
3391,xanim,am_t6_kap40_fdw_pullout,6696,0,|t6_kap40_ldw_up_zm|weapon|zone_source/zm_parkour_nothing0.zone|csv
3392,xanim,am_t6_kap40_fdw_first_raise,11694,0,|t6_kap40_ldw_up_zm|weapon|zone_source/zm_parkour_nothing0.zone|csv
3393,xanim,am_t6_kap40_fdw_putaway,6182,0,|t6_kap40_ldw_up_zm|weapon|zone_source/zm_parkour_nothing0.zone|csv
3394,xanim,am_t6_kap40_fdw_sprint_in,3644,0,|t6_kap40_ldw_up_zm|weapon|zone_source/zm_parkour_nothing0.zone|csv
3395,xanim,am_t6_kap40_fdw_sprint_loop,5078,0,|t6_kap40_ldw_up_zm|weapon|zone_source/zm_parkour_nothing0.zone|csv
3396,xanim,am_t6_kap40_fdw_sprint_out,3578,0,|t6_kap40_ldw_up_zm|weapon|zone_source/zm_parkour_nothing0.zone|csv
3397,xanim,am_t6_kap40_fdw_crawl_in,3390,0,|t6_kap40_rdw_up_zm|weapon|zone_source/zm_parkour_nothing0.zone|csv
3398,xanim,am_t6_kap40_fdw_crawl_forward,3868,0,|t6_kap40_rdw_up_zm|weapon|zone_source/zm_parkour_nothing0.zone|csv
3399,xanim,am_t6_kap40_fdw_crawl_back,3433,0,|t6_kap40_rdw_up_zm|weapon|zone_source/zm_parkour_nothing0.zone|csv
3400,xanim,am_t6_kap40_fdw_crawl_right,3502,0,|t6_kap40_rdw_up_zm|weapon|zone_source/zm_parkour_nothing0.zone|csv
3401,xanim,am_t6_kap40_fdw_crawl_left,3443,0,|t6_kap40_rdw_up_zm|weapon|zone_source/zm_parkour_nothing0.zone|csv
3402,xanim,am_t6_kap40_fdw_crawl_out,3110,0,|t6_kap40_rdw_up_zm|weapon|zone_source/zm_parkour_nothing0.zone|csv
3403,xanim,am_t6_kap40_fdw_slide_idle,1368,0,|t6_kap40_rdw_up_zm|weapon|zone_source/zm_parkour_nothing0.zone|csv
3404,weapon,t6_kap40_rdw_up_zm,7776,0,|zone_source/zm_parkour_nothing0.zone|csv
3405,xmodelmesh,vm_t6_kap40_ldw603089f4,680,149912,|vm_t6_kap40_ldw|xmodel|t6_kap40_ldw_up_zm|weapon|zone_source/zm_parkour_nothing0.zone|csv
3406,xmodel,vm_t6_kap40_ldw,384,0,|t6_kap40_ldw_up_zm|weapon|zone_source/zm_parkour_nothing0.zone|csv
3407,xmodelmesh,wm_t6_kap40_ldwbbf3d64f,592,43856,|wm_t6_kap40_ldw|xmodel|t6_kap40_ldw_up_zm|weapon|zone_source/zm_parkour_nothing0.zone|csv
3408,xmodel,wm_t6_kap40_ldw,240,0,|t6_kap40_ldw_up_zm|weapon|zone_source/zm_parkour_nothing0.zone|csv
3409,xanim,am_t6_kap40_ldw_fire,1588,0,|t6_kap40_ldw_up_zm|weapon|zone_source/zm_parkour_nothing0.zone|csv
3410,xanim,am_t6_kap40_ldw_idle,6430,0,|t6_kap40_ldw_up_zm|weapon|zone_source/zm_parkour_nothing0.zone|csv
3411,xanim,am_t6_kap40_ldw_reload_empty,10272,0,|t6_kap40_ldw_up_zm|weapon|zone_source/zm_parkour_nothing0.zone|csv
3412,xanim,am_t6_kap40_ldw_reload,9623,0,|t6_kap40_ldw_up_zm|weapon|zone_source/zm_parkour_nothing0.zone|csv
3413,weapon,t6_kap40_ldw_up_zm,7607,0,|zone_source/zm_parkour_nothing0.zone|csv
3414,image,i_t6_wpn_shotty_ksg_camo1_o,284,199448,|mc/mtl_t6_wpn_shotty_ksg_camo1|material|t6_camo_ksg_table|weaponcamo|t6_ksg_up|weapon|zone_source/zm_parkour_nothing0.zone|csv
3415,image,i_t6_wpn_shotty_ksg_camo1_n,292,1419960,|mc/mtl_t6_wpn_shotty_ksg_camo1|material|t6_camo_ksg_table|weaponcamo|t6_ksg_up|weapon|zone_source/zm_parkour_nothing0.zone|csv
3416,image,i_t6_wpn_shotty_ksg_camo1_g,276,742728,|mc/mtl_t6_wpn_shotty_ksg_camo1|material|t6_camo_ksg_table|weaponcamo|t6_ksg_up|weapon|zone_source/zm_parkour_nothing0.zone|csv
3417,image,i_t6_wpn_shotty_ksg_camo1_r,284,720896,|t6_camo_ksg_table|weaponcamo|t6_ksg_up|weapon|zone_source/zm_parkour_nothing0.zone|csv
3418,image,i_t6_wpn_shotty_ksg_camo1_c,292,1419960,|mc/mtl_t6_wpn_shotty_ksg_camo1|material|t6_camo_ksg_table|weaponcamo|t6_ksg_up|weapon|zone_source/zm_parkour_nothing0.zone|csv
3419,image,i_t6_wpn_shotty_ksg_camo1_s,276,742728,|mc/mtl_t6_wpn_shotty_ksg_camo1|material|t6_camo_ksg_table|weaponcamo|t6_ksg_up|weapon|zone_source/zm_parkour_nothing0.zone|csv
3420,material,mc/mtl_t6_wpn_shotty_ksg_camo1,1128,0,|t6_camo_ksg_table|weaponcamo|t6_ksg_up|weapon|zone_source/zm_parkour_nothing0.zone|csv
3421,material,mc/mtl_t6_wpn_shotgun_shells,30,0,|wm_t6_remington870mcs|xmodel|t6_rem870mcs_up|weapon|zone_source/zm_parkour_nothing0.zone|csv
3422,xmodelmesh,vm_t6_ksge3c85e92,776,227288,|vm_t6_ksg|xmodel|t6_ksg_up|weapon|zone_source/zm_parkour_nothing0.zone|csv
3423,xmodel,vm_t6_ksg,810,0,|t6_ksg_up|weapon|zone_source/zm_parkour_nothing0.zone|csv
3424,xmodelmesh,wpn_h1_shell_12ga_npc853a93b9,232,4944,|wpn_h1_shell_12ga_npc|xmodel|_scobalula/shellejects/mwr/h1_shell_eject_12ga_rest|fx|_scobalula/shellejects/mwr/h1_shell_eject_12ga|fx|t6_titus6_shotty_up_zm|weapon|zone_source/zm_parkour_nothing0.zone|csv
3425,xmodel,wpn_h1_shell_12ga_npc,144,0,|_scobalula/shellejects/mwr/h1_shell_eject_12ga_rest|fx|_scobalula/shellejects/mwr/h1_shell_eject_12ga|fx|t6_titus6_shotty_up_zm|weapon|zone_source/zm_parkour_nothing0.zone|csv
3426,fx,_scobalula/shellejects/mwr/h1_shell_eject_12ga_rest,664,0,|_scobalula/shellejects/mwr/h1_shell_eject_12ga|fx|t6_titus6_shotty_up_zm|weapon|zone_source/zm_parkour_nothing0.zone|csv
3427,fx,_scobalula/shellejects/mwr/h1_shell_eject_12ga,1264,0,|t6_titus6_shotty_up_zm|weapon|zone_source/zm_parkour_nothing0.zone|csv
3428,xmodelmesh,wm_t6_ksgd47b63ac,592,77616,|wm_t6_ksg|xmodel|t6_ksg_up|weapon|zone_source/zm_parkour_nothing0.zone|csv
3429,xmodel,wm_t6_ksg,464,0,|t6_ksg_up|weapon|zone_source/zm_parkour_nothing0.zone|csv
3430,xanim,am_t6_ksg_idle,1624,0,|t6_ksg_up|weapon|zone_source/zm_parkour_nothing0.zone|csv
3431,xanim,am_t6_ksg_fire,3030,0,|t6_ksg_up|weapon|zone_source/zm_parkour_nothing0.zone|csv
3432,xanim,am_t6_ksg_pump,5035,0,|t6_ksg_up|weapon|zone_source/zm_parkour_nothing0.zone|csv
3433,xanim,am_t6_ksg_reload_loop,7665,0,|t6_ksg|weapon|zone_source/zm_parkour_nothing0.zone|csv
3434,xanim,am_t6_ksg_reload_in,14216,0,|t6_ksg|weapon|zone_source/zm_parkour_nothing0.zone|csv
3435,xanim,am_t6_ksg_reload_out,9221,0,|t6_ksg|weapon|zone_source/zm_parkour_nothing0.zone|csv
3436,xanim,am_t6_ksg_pullout,10251,0,|t6_ksg_up|weapon|zone_source/zm_parkour_nothing0.zone|csv
3437,xanim,am_t6_ksg_first_raise,14448,0,|t6_ksg_up|weapon|zone_source/zm_parkour_nothing0.zone|csv
3438,xanim,am_t6_ksg_putaway,8712,0,|t6_ksg_up|weapon|zone_source/zm_parkour_nothing0.zone|csv
3439,xanim,am_t6_ksg_pullout_quick,8296,0,|t6_ksg_up|weapon|zone_source/zm_parkour_nothing0.zone|csv
3440,xanim,am_t6_ksg_putaway_quick,5608,0,|t6_ksg_up|weapon|zone_source/zm_parkour_nothing0.zone|csv
3441,xanim,am_t6_ksg_sprint_in,3802,0,|t6_ksg_up|weapon|zone_source/zm_parkour_nothing0.zone|csv
3442,xanim,am_t6_ksg_sprint_loop,5092,0,|t6_ksg_up|weapon|zone_source/zm_parkour_nothing0.zone|csv
3443,xanim,am_t6_ksg_sprint_out,3437,0,|t6_ksg_up|weapon|zone_source/zm_parkour_nothing0.zone|csv
3444,xanim,am_t6_ksg_crawl_in,3914,0,|t6_ksg_up|weapon|zone_source/zm_parkour_nothing0.zone|csv
3445,xanim,am_t6_ksg_crawl_forward,7085,0,|t6_ksg_up|weapon|zone_source/zm_parkour_nothing0.zone|csv
3446,xanim,am_t6_ksg_crawl_back,6400,0,|t6_ksg_up|weapon|zone_source/zm_parkour_nothing0.zone|csv
3447,xanim,am_t6_ksg_crawl_right,6884,0,|t6_ksg_up|weapon|zone_source/zm_parkour_nothing0.zone|csv
3448,xanim,am_t6_ksg_crawl_left,6188,0,|t6_ksg_up|weapon|zone_source/zm_parkour_nothing0.zone|csv
3449,xanim,am_t6_ksg_crawl_out,3596,0,|t6_ksg_up|weapon|zone_source/zm_parkour_nothing0.zone|csv
3450,xanim,am_t6_ksg_ads_fire,2713,0,|t6_ksg_up|weapon|zone_source/zm_parkour_nothing0.zone|csv
3451,xanim,am_t6_ksg_ads_pump,4436,0,|t6_ksg_up|weapon|zone_source/zm_parkour_nothing0.zone|csv
3452,xanim,am_t6_ksg_slide_in,4142,0,|t6_ksg_up|weapon|zone_source/zm_parkour_nothing0.zone|csv
3453,xanim,am_t6_ksg_slide_air_in,3579,0,|t6_ksg_up|weapon|zone_source/zm_parkour_nothing0.zone|csv
3454,xanim,am_t6_ksg_slide_loop,2201,0,|t6_ksg_up|weapon|zone_source/zm_parkour_nothing0.zone|csv
3455,xanim,am_t6_ksg_slide_out,3225,0,|t6_ksg_up|weapon|zone_source/zm_parkour_nothing0.zone|csv
3456,xanim,am_t6_ksg_ads_up,225,0,|t6_ksg|weapon|zone_source/zm_parkour_nothing0.zone|csv
3457,xanim,am_t6_ksg_ads_down,188,0,|t6_ksg|weapon|zone_source/zm_parkour_nothing0.zone|csv
3458,weapon,t6_ksg,7747,0,|zone_source/zm_parkour_nothing0.zone|csv
3459,weaponcamo,t6_camo_ksg_table,78504,0,|t6_ksg_up|weapon|zone_source/zm_parkour_nothing0.zone|csv
3460,xanim,am_t6_ksg_fastmag_reload_loop,7341,0,|t6_ksg_up|weapon|zone_source/zm_parkour_nothing0.zone|csv
3461,xanim,am_t6_ksg_fastmag_reload_in,13862,0,|t6_ksg_up|weapon|zone_source/zm_parkour_nothing0.zone|csv
3462,xanim,am_t6_ksg_fastmag_reload_out,9161,0,|t6_ksg_up|weapon|zone_source/zm_parkour_nothing0.zone|csv
3463,xanim,am_t6_ksg_reflex_ads_up,201,0,|t6_ksg_up|weapon|zone_source/zm_parkour_nothing0.zone|csv
3464,xanim,am_t6_ksg_reflex_ads_down,214,0,|t6_ksg_up|weapon|zone_source/zm_parkour_nothing0.zone|csv
3465,weapon,t6_ksg_up,7813,0,|zone_source/zm_parkour_nothing0.zone|csv
3466,image,i_t6_wpn_lmg_lsat_camo1_o,282,214440,|mc/mtl_t6_wpn_lmg_lsat_camo1|material|t6_camo_lsat_table|weaponcamo|t6_lsat_up|weapon|zone_source/zm_parkour_nothing0.zone|csv
3467,image,i_t6_wpn_lmg_lsat_camo1_n,290,1419960,|mc/mtl_t6_wpn_lmg_lsat_camo1|material|t6_camo_lsat_table|weaponcamo|t6_lsat_up|weapon|zone_source/zm_parkour_nothing0.zone|csv
3468,image,i_t6_wpn_lmg_lsat_camo1_g,274,742728,|mc/mtl_t6_wpn_lmg_lsat_camo1|material|t6_camo_lsat_table|weaponcamo|t6_lsat_up|weapon|zone_source/zm_parkour_nothing0.zone|csv
3469,image,i_t6_wpn_lmg_lsat_camo1_r,282,720896,|t6_camo_lsat_table|weaponcamo|t6_lsat_up|weapon|zone_source/zm_parkour_nothing0.zone|csv
3470,image,i_t6_wpn_lmg_lsat_camo1_c,290,1419960,|mc/mtl_t6_wpn_lmg_lsat_camo1|material|t6_camo_lsat_table|weaponcamo|t6_lsat_up|weapon|zone_source/zm_parkour_nothing0.zone|csv
3471,image,i_t6_wpn_lmg_lsat_camo1_s,274,742728,|mc/mtl_t6_wpn_lmg_lsat_camo1|material|t6_camo_lsat_table|weaponcamo|t6_lsat_up|weapon|zone_source/zm_parkour_nothing0.zone|csv
3472,material,mc/mtl_t6_wpn_lmg_lsat_camo1,1132,0,|t6_camo_lsat_table|weaponcamo|t6_lsat_up|weapon|zone_source/zm_parkour_nothing0.zone|csv
3473,image,i_t6_wpn_lmg_lsat_ammo_o,281,65536,|mc/mtl_t6_wpn_lmg_lsat_ammo|material|t6_camo_lsat_table|weaponcamo|t6_lsat_up|weapon|zone_source/zm_parkour_nothing0.zone|csv
3474,image,i_t6_wpn_lmg_lsat_ammo_n,289,371384,|mc/mtl_t6_wpn_lmg_lsat_ammo|material|t6_camo_lsat_table|weaponcamo|t6_lsat_up|weapon|zone_source/zm_parkour_nothing0.zone|csv
3475,image,i_t6_wpn_lmg_lsat_ammo_g,273,218440,|mc/mtl_t6_wpn_lmg_lsat_ammo|material|t6_camo_lsat_table|weaponcamo|t6_lsat_up|weapon|zone_source/zm_parkour_nothing0.zone|csv
3476,image,i_t6_wpn_lmg_lsat_ammo_r,281,196608,|t6_camo_lsat_table|weaponcamo|t6_lsat_up|weapon|zone_source/zm_parkour_nothing0.zone|csv
3477,image,i_t6_wpn_lmg_lsat_ammo_c,289,371384,|mc/mtl_t6_wpn_lmg_lsat_ammo|material|t6_camo_lsat_table|weaponcamo|t6_lsat_up|weapon|zone_source/zm_parkour_nothing0.zone|csv
3478,image,i_t6_wpn_lmg_lsat_ammo_s,273,218440,|mc/mtl_t6_wpn_lmg_lsat_ammo|material|t6_camo_lsat_table|weaponcamo|t6_lsat_up|weapon|zone_source/zm_parkour_nothing0.zone|csv
3479,material,mc/mtl_t6_wpn_lmg_lsat_ammo,1130,0,|t6_camo_lsat_table|weaponcamo|t6_lsat_up|weapon|zone_source/zm_parkour_nothing0.zone|csv
3480,xmodelmesh,vm_t6_lsatf7310afc,1392,441208,|vm_t6_lsat|xmodel|t6_lsat_up|weapon|zone_source/zm_parkour_nothing0.zone|csv
3481,xmodel,vm_t6_lsat,3064,0,|t6_lsat_up|weapon|zone_source/zm_parkour_nothing0.zone|csv
3482,xmodelmesh,wpn_h1_shell_saw_linker_npc6a095b53,232,8160,|wpn_h1_shell_saw_linker_npc|xmodel|_scobalula/shellejects/mwr/h1_shell_eject_556x45_rest_linker|fx|_scobalula/shellejects/mwr/h1_shell_eject_556x45_saw|fx|t6_rpd_up|weapon|zone_source/zm_parkour_nothing0.zone|csv
3483,xmodel,wpn_h1_shell_saw_linker_npc,152,0,|_scobalula/shellejects/mwr/h1_shell_eject_556x45_rest_linker|fx|_scobalula/shellejects/mwr/h1_shell_eject_556x45_saw|fx|t6_rpd_up|weapon|zone_source/zm_parkour_nothing0.zone|csv
3484,fx,_scobalula/shellejects/mwr/h1_shell_eject_556x45_rest_linker,672,0,|_scobalula/shellejects/mwr/h1_shell_eject_556x45_saw|fx|t6_rpd_up|weapon|zone_source/zm_parkour_nothing0.zone|csv
3485,fx,_scobalula/shellejects/mwr/h1_shell_eject_556x45_saw,2488,0,|t6_rpd_up|weapon|zone_source/zm_parkour_nothing0.zone|csv
3486,xmodelmesh,wm_t6_lsat7236a431,840,150576,|wm_t6_lsat|xmodel|t6_lsat_up|weapon|zone_source/zm_parkour_nothing0.zone|csv
3487,xmodel,wm_t6_lsat,808,0,|t6_lsat_up|weapon|zone_source/zm_parkour_nothing0.zone|csv
3488,xanim,am_t6_lsat_idle,2672,0,|t6_lsat|weapon|zone_source/zm_parkour_nothing0.zone|csv
3489,xanim,am_t6_lsat_fire,4025,0,|t6_lsat|weapon|zone_source/zm_parkour_nothing0.zone|csv
3490,xanim,am_t6_lsat_reload,76570,0,|t6_lsat|weapon|zone_source/zm_parkour_nothing0.zone|csv
3491,xanim,am_t6_lsat_pullout,9816,0,|t6_lsat|weapon|zone_source/zm_parkour_nothing0.zone|csv
3492,xanim,am_t6_lsat_first_raise,19834,0,|t6_lsat|weapon|zone_source/zm_parkour_nothing0.zone|csv
3493,xanim,am_t6_lsat_putaway,7166,0,|t6_lsat|weapon|zone_source/zm_parkour_nothing0.zone|csv
3494,xanim,am_t6_lsat_sprint_in,4023,0,|t6_lsat|weapon|zone_source/zm_parkour_nothing0.zone|csv
3495,xanim,am_t6_lsat_sprint_loop,4998,0,|t6_lsat|weapon|zone_source/zm_parkour_nothing0.zone|csv
3496,xanim,am_t6_lsat_sprint_out,5099,0,|t6_lsat|weapon|zone_source/zm_parkour_nothing0.zone|csv
3497,xanim,am_t6_lsat_crawl_in,4127,0,|t6_lsat|weapon|zone_source/zm_parkour_nothing0.zone|csv
3498,xanim,am_t6_lsat_crawl_forward,9457,0,|t6_lsat|weapon|zone_source/zm_parkour_nothing0.zone|csv
3499,xanim,am_t6_lsat_crawl_back,6317,0,|t6_lsat|weapon|zone_source/zm_parkour_nothing0.zone|csv
3500,xanim,am_t6_lsat_crawl_right,8750,0,|t6_lsat|weapon|zone_source/zm_parkour_nothing0.zone|csv
3501,xanim,am_t6_lsat_crawl_left,5926,0,|t6_lsat|weapon|zone_source/zm_parkour_nothing0.zone|csv
3502,xanim,am_t6_lsat_crawl_out,3669,0,|t6_lsat|weapon|zone_source/zm_parkour_nothing0.zone|csv
3503,xanim,am_t6_lsat_ads_fire,3621,0,|t6_lsat|weapon|zone_source/zm_parkour_nothing0.zone|csv
3504,xanim,am_t6_lsat_slide_in,4039,0,|t6_lsat|weapon|zone_source/zm_parkour_nothing0.zone|csv
3505,xanim,am_t6_lsat_slide_air_in,3733,0,|t6_lsat|weapon|zone_source/zm_parkour_nothing0.zone|csv
3506,xanim,am_t6_lsat_slide_loop,2342,0,|t6_lsat|weapon|zone_source/zm_parkour_nothing0.zone|csv
3507,xanim,am_t6_lsat_slide_out,3472,0,|t6_lsat|weapon|zone_source/zm_parkour_nothing0.zone|csv
3508,xanim,am_t6_lsat_ads_up,197,0,|t6_lsat|weapon|zone_source/zm_parkour_nothing0.zone|csv
3509,xanim,am_t6_lsat_ads_down,194,0,|t6_lsat|weapon|zone_source/zm_parkour_nothing0.zone|csv
3510,weapon,t6_lsat,7793,0,|zone_source/zm_parkour_nothing0.zone|csv
3511,weaponcamo,t6_camo_lsat_table,80552,0,|t6_lsat_up|weapon|zone_source/zm_parkour_nothing0.zone|csv
3512,xanim,am_t6_lsat_grip_idle,2288,0,|t6_lsat_up|weapon|zone_source/zm_parkour_nothing0.zone|csv
3513,xanim,am_t6_lsat_grip_fire,3905,0,|t6_lsat_up|weapon|zone_source/zm_parkour_nothing0.zone|csv
3514,xanim,am_t6_lsat_grip_reload,76066,0,|t6_lsat_up|weapon|zone_source/zm_parkour_nothing0.zone|csv
3515,xanim,am_t6_lsat_grip_pullout,9736,0,|t6_lsat_up|weapon|zone_source/zm_parkour_nothing0.zone|csv
3516,xanim,am_t6_lsat_grip_first_raise,20078,0,|t6_lsat_up|weapon|zone_source/zm_parkour_nothing0.zone|csv
3517,xanim,am_t6_lsat_grip_putaway,7386,0,|t6_lsat_up|weapon|zone_source/zm_parkour_nothing0.zone|csv
3518,xanim,am_t6_lsat_grip_sprint_in,4043,0,|t6_lsat_up|weapon|zone_source/zm_parkour_nothing0.zone|csv
3519,xanim,am_t6_lsat_grip_sprint_loop,5194,0,|t6_lsat_up|weapon|zone_source/zm_parkour_nothing0.zone|csv
3520,xanim,am_t6_lsat_grip_sprint_out,5051,0,|t6_lsat_up|weapon|zone_source/zm_parkour_nothing0.zone|csv
3521,xanim,am_t6_lsat_grip_crawl_in,4011,0,|t6_lsat_up|weapon|zone_source/zm_parkour_nothing0.zone|csv
3522,xanim,am_t6_lsat_grip_crawl_forward,9069,0,|t6_lsat_up|weapon|zone_source/zm_parkour_nothing0.zone|csv
3523,xanim,am_t6_lsat_grip_crawl_back,5741,0,|t6_lsat_up|weapon|zone_source/zm_parkour_nothing0.zone|csv
3524,xanim,am_t6_lsat_grip_crawl_right,8646,0,|t6_lsat_up|weapon|zone_source/zm_parkour_nothing0.zone|csv
3525,xanim,am_t6_lsat_grip_crawl_left,5874,0,|t6_lsat_up|weapon|zone_source/zm_parkour_nothing0.zone|csv
3526,xanim,am_t6_lsat_grip_crawl_out,3597,0,|t6_lsat_up|weapon|zone_source/zm_parkour_nothing0.zone|csv
3527,xanim,am_t6_lsat_grip_ads_fire,3993,0,|t6_lsat_up|weapon|zone_source/zm_parkour_nothing0.zone|csv
3528,xanim,am_t6_lsat_grip_slide_in,3724,0,|t6_lsat_up|weapon|zone_source/zm_parkour_nothing0.zone|csv
3529,xanim,am_t6_lsat_grip_slide_air_in,3449,0,|t6_lsat_up|weapon|zone_source/zm_parkour_nothing0.zone|csv
3530,xanim,am_t6_lsat_grip_slide_loop,2173,0,|t6_lsat_up|weapon|zone_source/zm_parkour_nothing0.zone|csv
3531,xanim,am_t6_lsat_grip_slide_out,3713,0,|t6_lsat_up|weapon|zone_source/zm_parkour_nothing0.zone|csv
3532,xanim,am_t6_lsat_reflex_ads_up,190,0,|t6_lsat_up|weapon|zone_source/zm_parkour_nothing0.zone|csv
3533,xanim,am_t6_lsat_reflex_ads_down,213,0,|t6_lsat_up|weapon|zone_source/zm_parkour_nothing0.zone|csv
3534,weapon,t6_lsat_up,7892,0,|zone_source/zm_parkour_nothing0.zone|csv
3535,image,i_t6_wpn_ar_xm8_camo1_o,280,186488,|mc/mtl_t6_wpn_ar_xm8_camo1|material|t6_camo_m8a1_table|weaponcamo|t6_m8a1_up|weapon|zone_source/zm_parkour_nothing0.zone|csv
3536,image,i_t6_wpn_ar_xm8_camo1_n,288,1419960,|mc/mtl_t6_wpn_ar_xm8_camo1|material|t6_camo_m8a1_table|weaponcamo|t6_m8a1_up|weapon|zone_source/zm_parkour_nothing0.zone|csv
3537,image,i_t6_wpn_ar_xm8_camo1_g,272,742728,|mc/mtl_t6_wpn_ar_xm8_camo1|material|t6_camo_m8a1_table|weaponcamo|t6_m8a1_up|weapon|zone_source/zm_parkour_nothing0.zone|csv
3538,image,i_t6_wpn_ar_xm8_camo1_r,280,720896,|t6_camo_m8a1_table|weaponcamo|t6_m8a1_up|weapon|zone_source/zm_parkour_nothing0.zone|csv
3539,image,i_t6_wpn_ar_xm8_camo1_c,288,1419960,|mc/mtl_t6_wpn_ar_xm8_camo1|material|t6_camo_m8a1_table|weaponcamo|t6_m8a1_up|weapon|zone_source/zm_parkour_nothing0.zone|csv
3540,image,i_t6_wpn_ar_xm8_camo1_s,272,742728,|mc/mtl_t6_wpn_ar_xm8_camo1|material|t6_camo_m8a1_table|weaponcamo|t6_m8a1_up|weapon|zone_source/zm_parkour_nothing0.zone|csv
3541,material,mc/mtl_t6_wpn_ar_xm8_camo1,1128,0,|t6_camo_m8a1_table|weaponcamo|t6_m8a1_up|weapon|zone_source/zm_parkour_nothing0.zone|csv
3542,image,i_t6_tritium_grn_c,1443,0,|mc/mtl_t6_tritium_grn|material|vm_t6_m8a1|xmodel|t6_m8a1_up|weapon|zone_source/zm_parkour_nothing0.zone|csv
3543,material,mc/mtl_t6_tritium_grn,1437,0,|vm_t6_m8a1|xmodel|t6_m8a1_up|weapon|zone_source/zm_parkour_nothing0.zone|csv
3544,xmodelmesh,vm_t6_m8a1cc09d056,952,246984,|vm_t6_m8a1|xmodel|t6_m8a1_up|weapon|zone_source/zm_parkour_nothing0.zone|csv
3545,xmodel,vm_t6_m8a1,1028,0,|t6_m8a1_up|weapon|zone_source/zm_parkour_nothing0.zone|csv
3546,xmodelmesh,wm_t6_m8a1659fa913,976,113936,|wm_t6_m8a1|xmodel|t6_m8a1_up|weapon|zone_source/zm_parkour_nothing0.zone|csv
3547,xmodel,wm_t6_m8a1,836,0,|t6_m8a1_up|weapon|zone_source/zm_parkour_nothing0.zone|csv
3548,xmodelmesh,vm_t6_m8a1_mag852b0053,440,23392,|vm_t6_m8a1_mag|xmodel|t6_m8a1|weapon|zone_source/zm_parkour_nothing0.zone|csv
3549,xmodel,vm_t6_m8a1_mag,252,0,|t6_m8a1|weapon|zone_source/zm_parkour_nothing0.zone|csv
3550,xanim,am_t6_m8a1_idle,1616,0,|t6_m8a1_up|weapon|zone_source/zm_parkour_nothing0.zone|csv
3551,xanim,am_t6_m8a1_fire,2355,0,|t6_m8a1_up|weapon|zone_source/zm_parkour_nothing0.zone|csv
3552,xanim,am_t6_m8a1_reload,21530,0,|t6_m8a1|weapon|zone_source/zm_parkour_nothing0.zone|csv
3553,xanim,am_t6_m8a1_reload_empty,27664,0,|t6_m8a1|weapon|zone_source/zm_parkour_nothing0.zone|csv
3554,xanim,am_t6_m8a1_pullout,8901,0,|t6_m8a1_up|weapon|zone_source/zm_parkour_nothing0.zone|csv
3555,xanim,am_t6_m8a1_first_raise,13467,0,|t6_m8a1_up|weapon|zone_source/zm_parkour_nothing0.zone|csv
3556,xanim,am_t6_m8a1_putaway,6952,0,|t6_m8a1_up|weapon|zone_source/zm_parkour_nothing0.zone|csv
3557,xanim,am_t6_m8a1_putaway_quick,3867,0,|t6_m8a1_up|weapon|zone_source/zm_parkour_nothing0.zone|csv
3558,xanim,am_t6_m8a1_sprint_in,3453,0,|t6_m8a1_up|weapon|zone_source/zm_parkour_nothing0.zone|csv
3559,xanim,am_t6_m8a1_sprint_loop,4417,0,|t6_m8a1_up|weapon|zone_source/zm_parkour_nothing0.zone|csv
3560,xanim,am_t6_m8a1_sprint_out,3123,0,|t6_m8a1_up|weapon|zone_source/zm_parkour_nothing0.zone|csv
3561,xanim,am_t6_m8a1_crawl_in,3633,0,|t6_m8a1_up|weapon|zone_source/zm_parkour_nothing0.zone|csv
3562,xanim,am_t6_m8a1_crawl_forward,6059,0,|t6_m8a1_up|weapon|zone_source/zm_parkour_nothing0.zone|csv
3563,xanim,am_t6_m8a1_crawl_back,5467,0,|t6_m8a1_up|weapon|zone_source/zm_parkour_nothing0.zone|csv
3564,xanim,am_t6_m8a1_crawl_right,5989,0,|t6_m8a1_up|weapon|zone_source/zm_parkour_nothing0.zone|csv
3565,xanim,am_t6_m8a1_crawl_left,6016,0,|t6_m8a1_up|weapon|zone_source/zm_parkour_nothing0.zone|csv
3566,xanim,am_t6_m8a1_crawl_out,3562,0,|t6_m8a1_up|weapon|zone_source/zm_parkour_nothing0.zone|csv
3567,xanim,am_t6_m8a1_ads_fire,2312,0,|t6_m8a1_up|weapon|zone_source/zm_parkour_nothing0.zone|csv
3568,xanim,am_t6_m8a1_slide_in,3418,0,|t6_m8a1_up|weapon|zone_source/zm_parkour_nothing0.zone|csv
3569,xanim,am_t6_m8a1_slide_air_in,3177,0,|t6_m8a1_up|weapon|zone_source/zm_parkour_nothing0.zone|csv
3570,xanim,am_t6_m8a1_slide_loop,2054,0,|t6_m8a1_up|weapon|zone_source/zm_parkour_nothing0.zone|csv
3571,xanim,am_t6_m8a1_slide_out,2986,0,|t6_m8a1_up|weapon|zone_source/zm_parkour_nothing0.zone|csv
3572,xanim,am_t6_m8a1_ads_up,220,0,|t6_m8a1|weapon|zone_source/zm_parkour_nothing0.zone|csv
3573,xanim,am_t6_m8a1_ads_down,185,0,|t6_m8a1|weapon|zone_source/zm_parkour_nothing0.zone|csv
3574,weapon,t6_m8a1,7709,0,|zone_source/zm_parkour_nothing0.zone|csv
3575,image,i_t6_holo_reticle_c,84,52608,|mc/mtl_t6_holo_reticle|material|vm_t6_eotech_ads_scope|xmodel|t6_qbb_lsw_up|weapon|zone_source/zm_parkour_nothing0.zone|csv
3576,material,mc/mtl_t6_holo_reticle,1028,0,|vm_t6_eotech_ads_scope|xmodel|t6_qbb_lsw_up|weapon|zone_source/zm_parkour_nothing0.zone|csv
3577,image,i_t6_attach_optic_holo_o,273,87368,|mc/mtl_t6_attach_optic_holo|material|wm_t6_eotech|xmodel|t6_qbb_lsw_up|weapon|zone_source/zm_parkour_nothing0.zone|csv
3578,image,i_t6_attach_optic_holo_n,289,371384,|mc/mtl_t6_attach_optic_holo|material|wm_t6_eotech|xmodel|t6_qbb_lsw_up|weapon|zone_source/zm_parkour_nothing0.zone|csv
3579,image,i_t6_attach_optic_holo_g,273,218440,|mc/mtl_t6_attach_optic_holo|material|wm_t6_eotech|xmodel|t6_qbb_lsw_up|weapon|zone_source/zm_parkour_nothing0.zone|csv
3580,image,i_t6_attach_optic_holo_c,289,371384,|mc/mtl_t6_attach_optic_holo|material|wm_t6_eotech|xmodel|t6_qbb_lsw_up|weapon|zone_source/zm_parkour_nothing0.zone|csv
3581,image,i_t6_attach_optic_holo_s,273,218440,|mc/mtl_t6_attach_optic_holo|material|wm_t6_eotech|xmodel|t6_qbb_lsw_up|weapon|zone_source/zm_parkour_nothing0.zone|csv
3582,material,mc/mtl_t6_attach_optic_holo,1131,0,|wm_t6_eotech|xmodel|t6_qbb_lsw_up|weapon|zone_source/zm_parkour_nothing0.zone|csv
3583,image,i_t6_attach_optic_holo_lens_n,294,43704,|mc/mtl_t6_attach_optic_holo_lens|material|vm_t6_eotech_ads_scope|xmodel|t6_qbb_lsw_up|weapon|zone_source/zm_parkour_nothing0.zone|csv
3584,image,i_t6_attach_optic_holo_lens_g,11206,0,|mc/mtl_t6_attach_optic_holo_lens|material|vm_t6_eotech_ads_scope|xmodel|t6_qbb_lsw_up|weapon|zone_source/zm_parkour_nothing0.zone|csv
3585,image,i_t6_attach_optic_holo_lens_c,118,65536,|mc/mtl_t6_attach_optic_holo_lens|material|vm_t6_eotech_ads_scope|xmodel|t6_qbb_lsw_up|weapon|zone_source/zm_parkour_nothing0.zone|csv
3586,image,i_t6_attach_optic_holo_lens_s,11206,0,|mc/mtl_t6_attach_optic_holo_lens|material|vm_t6_eotech_ads_scope|xmodel|t6_qbb_lsw_up|weapon|zone_source/zm_parkour_nothing0.zone|csv
3587,material,mc/mtl_t6_attach_optic_holo_lens,960,0,|vm_t6_eotech_ads_scope|xmodel|t6_qbb_lsw_up|weapon|zone_source/zm_parkour_nothing0.zone|csv
3588,xmodelmesh,vm_t6_eotech_hip_scopeb89deed,680,55280,|vm_t6_eotech_hip_scope|xmodel|t6_qbb_lsw_up|weapon|zone_source/zm_parkour_nothing0.zone|csv
3589,xmodel,vm_t6_eotech_hip_scope,200,0,|t6_qbb_lsw_up|weapon|zone_source/zm_parkour_nothing0.zone|csv
3590,xmodelmesh,vm_t6_eotech_ads_scope5a473c15,672,35472,|vm_t6_eotech_ads_scope|xmodel|t6_qbb_lsw_up|weapon|zone_source/zm_parkour_nothing0.zone|csv
3591,xmodel,vm_t6_eotech_ads_scope,192,0,|t6_qbb_lsw_up|weapon|zone_source/zm_parkour_nothing0.zone|csv
3592,xmodelmesh,vm_t6_m8a1_fastmagc4d60121,448,29664,|vm_t6_m8a1_fastmag|xmodel|t6_m8a1_up|weapon|zone_source/zm_parkour_nothing0.zone|csv
3593,xmodel,vm_t6_m8a1_fastmag,168,0,|t6_m8a1_up|weapon|zone_source/zm_parkour_nothing0.zone|csv
3594,xmodelmesh,wm_t6_eoteche45b9675,448,16448,|wm_t6_eotech|xmodel|t6_qbb_lsw_up|weapon|zone_source/zm_parkour_nothing0.zone|csv
3595,xmodel,wm_t6_eotech,160,0,|t6_qbb_lsw_up|weapon|zone_source/zm_parkour_nothing0.zone|csv
3596,xmodelmesh,wm_t6_m8a1_fastmag876c5001,344,14576,|wm_t6_m8a1_fastmag|xmodel|t6_m8a1_up|weapon|zone_source/zm_parkour_nothing0.zone|csv
3597,xmodel,wm_t6_m8a1_fastmag,156,0,|t6_m8a1_up|weapon|zone_source/zm_parkour_nothing0.zone|csv
3598,weaponcamo,t6_camo_m8a1_table,78500,0,|t6_m8a1_up|weapon|zone_source/zm_parkour_nothing0.zone|csv
3599,xanim,am_t6_m8a1_fastmag_reload,17405,0,|t6_m8a1_up|weapon|zone_source/zm_parkour_nothing0.zone|csv
3600,xanim,am_t6_m8a1_fastmag_reload_empty,20159,0,|t6_m8a1_up|weapon|zone_source/zm_parkour_nothing0.zone|csv
3601,xanim,am_t6_m8a1_fastmag_reload_quick,15385,0,|t6_m8a1_up|weapon|zone_source/zm_parkour_nothing0.zone|csv
3602,xanim,am_t6_m8a1_fastmag_reload_empty_quick,19569,0,|t6_m8a1_up|weapon|zone_source/zm_parkour_nothing0.zone|csv
3603,xanim,am_t6_m8a1_eotech_ads_up,118,0,|t6_m8a1_up|weapon|zone_source/zm_parkour_nothing0.zone|csv
3604,xanim,am_t6_m8a1_eotech_ads_down,120,0,|t6_m8a1_up|weapon|zone_source/zm_parkour_nothing0.zone|csv
3605,weapon,t6_m8a1_up,7825,0,|zone_source/zm_parkour_nothing0.zone|csv
3606,image,i_t6_wpn_ar_m14_camo_o,103,198072,|mc/mtl_t6_wpn_ar_m14_camo|material|t6_camo_m14_table|weaponcamo|t6_m14_up|weapon|zone_source/zm_parkour_nothing0.zone|csv
3607,image,i_t6_wpn_ar_m14_camo_n,287,1419960,|mc/mtl_t6_wpn_ar_m14_camo|material|t6_camo_m14_table|weaponcamo|t6_m14_up|weapon|zone_source/zm_parkour_nothing0.zone|csv
3608,image,i_t6_wpn_ar_m14_camo_g,271,742728,|mc/mtl_t6_wpn_ar_m14_camo|material|t6_camo_m14_table|weaponcamo|t6_m14_up|weapon|zone_source/zm_parkour_nothing0.zone|csv
3609,image,i_t6_wpn_ar_m14_camo_r,279,720896,|t6_camo_m14_table|weaponcamo|t6_m14_up|weapon|zone_source/zm_parkour_nothing0.zone|csv
3610,image,i_t6_wpn_ar_m14_camo_c,287,1419960,|mc/mtl_t6_wpn_ar_m14_camo|material|t6_camo_m14_table|weaponcamo|t6_m14_up|weapon|zone_source/zm_parkour_nothing0.zone|csv
3611,image,i_t6_wpn_ar_m14_camo_s,271,742728,|mc/mtl_t6_wpn_ar_m14_camo|material|t6_camo_m14_table|weaponcamo|t6_m14_up|weapon|zone_source/zm_parkour_nothing0.zone|csv
3612,material,mc/mtl_t6_wpn_ar_m14_camo,1129,0,|t6_camo_m14_table|weaponcamo|t6_m14_up|weapon|zone_source/zm_parkour_nothing0.zone|csv
3613,image,i_weapon_m14_scope_rail_n,290,371384,|mc/mtl_weapon_m14_scope_rail|material|wm_t6_m14|xmodel|t6_m14_up|weapon|zone_source/zm_parkour_nothing0.zone|csv
3614,image,i_weapon_m14_scope_rail_g,274,218440,|mc/mtl_weapon_m14_scope_rail|material|wm_t6_m14|xmodel|t6_m14_up|weapon|zone_source/zm_parkour_nothing0.zone|csv
3615,image,i_weapon_m14_scope_rail_c,290,371384,|mc/mtl_weapon_m14_scope_rail|material|wm_t6_m14|xmodel|t6_m14_up|weapon|zone_source/zm_parkour_nothing0.zone|csv
3616,image,$specular,11,0,|mc/mtl_t6_attach_optic_scope_inside|material|vm_t6_acog|xmodel|t6_xpr50_up|weapon|zone_source/zm_parkour_nothing0.zone|csv
3617,material,mc/mtl_weapon_m14_scope_rail,1143,0,|wm_t6_m14|xmodel|t6_m14_up|weapon|zone_source/zm_parkour_nothing0.zone|csv
3618,xmodelmesh,vm_t6_m14986db3ff,600,277856,|vm_t6_m14|xmodel|t6_m14_up|weapon|zone_source/zm_parkour_nothing0.zone|csv
3619,xmodel,vm_t6_m14,748,0,|t6_m14_up|weapon|zone_source/zm_parkour_nothing0.zone|csv
3620,xmodelmesh,wm_t6_m14d63beac3,688,78432,|wm_t6_m14|xmodel|t6_m14_up|weapon|zone_source/zm_parkour_nothing0.zone|csv
3621,xmodel,wm_t6_m14,704,0,|t6_m14_up|weapon|zone_source/zm_parkour_nothing0.zone|csv
3622,xmodelmesh,vm_t6_m14_magea5f7016,216,7136,|vm_t6_m14_mag|xmodel|t6_m14_up|weapon|zone_source/zm_parkour_nothing0.zone|csv
3623,xmodel,vm_t6_m14_mag,140,0,|t6_m14_up|weapon|zone_source/zm_parkour_nothing0.zone|csv
3624,xanim,am_t6_m14_idle,1592,0,|t6_m14|weapon|zone_source/zm_parkour_nothing0.zone|csv
3625,xanim,am_t6_m14_fire,2452,0,|t6_m14|weapon|zone_source/zm_parkour_nothing0.zone|csv
3626,xanim,am_t6_m14_reload,17339,0,|t6_m14|weapon|zone_source/zm_parkour_nothing0.zone|csv
3627,xanim,am_t6_m14_reload_empty,27184,0,|t6_m14|weapon|zone_source/zm_parkour_nothing0.zone|csv
3628,xanim,am_t6_m14_pullout,6300,0,|t6_m14|weapon|zone_source/zm_parkour_nothing0.zone|csv
3629,xanim,am_t6_m14_first_raise,12368,0,|t6_m14|weapon|zone_source/zm_parkour_nothing0.zone|csv
3630,xanim,am_t6_m14_putaway,5434,0,|t6_m14|weapon|zone_source/zm_parkour_nothing0.zone|csv
3631,xanim,am_t6_m14_pullout_quick,8219,0,|t6_m14|weapon|zone_source/zm_parkour_nothing0.zone|csv
3632,xanim,am_t6_m14_putaway_quick,3705,0,|t6_m14|weapon|zone_source/zm_parkour_nothing0.zone|csv
3633,xanim,am_t6_m14_sprint_in,3629,0,|t6_m14|weapon|zone_source/zm_parkour_nothing0.zone|csv
3634,xanim,am_t6_m14_sprint_loop,5085,0,|t6_m14|weapon|zone_source/zm_parkour_nothing0.zone|csv
3635,xanim,am_t6_m14_sprint_out,3627,0,|t6_m14|weapon|zone_source/zm_parkour_nothing0.zone|csv
3636,xanim,am_t6_m14_crawl_in,3508,0,|t6_m14|weapon|zone_source/zm_parkour_nothing0.zone|csv
3637,xanim,am_t6_m14_crawl_forward,6675,0,|t6_m14|weapon|zone_source/zm_parkour_nothing0.zone|csv
3638,xanim,am_t6_m14_crawl_back,6134,0,|t6_m14|weapon|zone_source/zm_parkour_nothing0.zone|csv
3639,xanim,am_t6_m14_crawl_right,5994,0,|t6_m14|weapon|zone_source/zm_parkour_nothing0.zone|csv
3640,xanim,am_t6_m14_crawl_left,6276,0,|t6_m14|weapon|zone_source/zm_parkour_nothing0.zone|csv
3641,xanim,am_t6_m14_crawl_out,3425,0,|t6_m14|weapon|zone_source/zm_parkour_nothing0.zone|csv
3642,xanim,am_t6_m14_ads_fire,2255,0,|t6_m14|weapon|zone_source/zm_parkour_nothing0.zone|csv
3643,xanim,am_t6_m14_slide_in,3349,0,|t6_m14|weapon|zone_source/zm_parkour_nothing0.zone|csv
3644,xanim,am_t6_m14_slide_air_in,2979,0,|t6_m14|weapon|zone_source/zm_parkour_nothing0.zone|csv
3645,xanim,am_t6_m14_slide_loop,1919,0,|t6_m14|weapon|zone_source/zm_parkour_nothing0.zone|csv
3646,xanim,am_t6_m14_slide_out,2871,0,|t6_m14|weapon|zone_source/zm_parkour_nothing0.zone|csv
3647,xanim,am_t6_m14_ads_up,198,0,|t6_m14_up|weapon|zone_source/zm_parkour_nothing0.zone|csv
3648,xanim,am_t6_m14_ads_down,218,0,|t6_m14_up|weapon|zone_source/zm_parkour_nothing0.zone|csv
3649,weapon,t6_m14,7833,0,|zone_source/zm_parkour_nothing0.zone|csv
3650,weaponcamo,t6_camo_m14_table,78504,0,|t6_m14_up|weapon|zone_source/zm_parkour_nothing0.zone|csv
3651,xanim,am_t6_m14_grip_idle,1600,0,|t6_m14_up|weapon|zone_source/zm_parkour_nothing0.zone|csv
3652,xanim,am_t6_m14_grip_fire,2404,0,|t6_m14_up|weapon|zone_source/zm_parkour_nothing0.zone|csv
3653,xanim,am_t6_m14_grip_reload,17836,0,|t6_m14_up|weapon|zone_source/zm_parkour_nothing0.zone|csv
3654,xanim,am_t6_m14_grip_reload_empty,27623,0,|t6_m14_up|weapon|zone_source/zm_parkour_nothing0.zone|csv
3655,xanim,am_t6_m14_grip_pullout,6235,0,|t6_m14_up|weapon|zone_source/zm_parkour_nothing0.zone|csv
3656,xanim,am_t6_m14_grip_first_raise,12261,0,|t6_m14_up|weapon|zone_source/zm_parkour_nothing0.zone|csv
3657,xanim,am_t6_m14_grip_putaway,5540,0,|t6_m14_up|weapon|zone_source/zm_parkour_nothing0.zone|csv
3658,xanim,am_t6_m14_grip_pullout_quick,8489,0,|t6_m14_up|weapon|zone_source/zm_parkour_nothing0.zone|csv
3659,xanim,am_t6_m14_grip_putaway_quick,3818,0,|t6_m14_up|weapon|zone_source/zm_parkour_nothing0.zone|csv
3660,xanim,am_t6_m14_grip_sprint_in,3616,0,|t6_m14_up|weapon|zone_source/zm_parkour_nothing0.zone|csv
3661,xanim,am_t6_m14_grip_sprint_loop,5518,0,|t6_m14_up|weapon|zone_source/zm_parkour_nothing0.zone|csv
3662,xanim,am_t6_m14_grip_sprint_out,3326,0,|t6_m14_up|weapon|zone_source/zm_parkour_nothing0.zone|csv
3663,xanim,am_t6_m14_grip_crawl_in,3560,0,|t6_m14_up|weapon|zone_source/zm_parkour_nothing0.zone|csv
3664,xanim,am_t6_m14_grip_crawl_forward,6291,0,|t6_m14_up|weapon|zone_source/zm_parkour_nothing0.zone|csv
3665,xanim,am_t6_m14_grip_crawl_back,5703,0,|t6_m14_up|weapon|zone_source/zm_parkour_nothing0.zone|csv
3666,xanim,am_t6_m14_grip_crawl_right,5928,0,|t6_m14_up|weapon|zone_source/zm_parkour_nothing0.zone|csv
3667,xanim,am_t6_m14_grip_crawl_left,6301,0,|t6_m14_up|weapon|zone_source/zm_parkour_nothing0.zone|csv
3668,xanim,am_t6_m14_grip_crawl_out,3471,0,|t6_m14_up|weapon|zone_source/zm_parkour_nothing0.zone|csv
3669,xanim,am_t6_m14_grip_ads_fire,2241,0,|t6_m14_up|weapon|zone_source/zm_parkour_nothing0.zone|csv
3670,xanim,am_t6_m14_grip_slide_in,2955,0,|t6_m14_up|weapon|zone_source/zm_parkour_nothing0.zone|csv
3671,xanim,am_t6_m14_grip_slide_air_in,3078,0,|t6_m14_up|weapon|zone_source/zm_parkour_nothing0.zone|csv
3672,xanim,am_t6_m14_grip_slide_loop,2010,0,|t6_m14_up|weapon|zone_source/zm_parkour_nothing0.zone|csv
3673,xanim,am_t6_m14_grip_slide_out,2990,0,|t6_m14_up|weapon|zone_source/zm_parkour_nothing0.zone|csv
3674,weapon,t6_m14_up,7894,0,|zone_source/zm_parkour_nothing0.zone|csv
3675,image,i_t6_wpn_ar_m16_camo1_o,272,182696,|mc/mtl_t6_wpn_ar_m16_camo1|material|t6_camo_m16a1_table|weaponcamo|t6_m16a1_launcher_zm|weapon|zone_source/zm_parkour_nothing0.zone|csv
3676,image,i_t6_wpn_ar_m16_camo1_n,288,1419960,|mc/mtl_t6_wpn_ar_m16_camo1|material|t6_camo_m16a1_table|weaponcamo|t6_m16a1_launcher_zm|weapon|zone_source/zm_parkour_nothing0.zone|csv
3677,image,i_t6_wpn_ar_m16_camo1_g,272,742728,|mc/mtl_t6_wpn_ar_m16_camo1|material|t6_camo_m16a1_table|weaponcamo|t6_m16a1_launcher_zm|weapon|zone_source/zm_parkour_nothing0.zone|csv
3678,image,i_t6_wpn_ar_m16_camo1_r,280,720896,|t6_camo_m16a1_table|weaponcamo|t6_m16a1_launcher_zm|weapon|zone_source/zm_parkour_nothing0.zone|csv
3679,image,i_t6_wpn_ar_m16_camo1_c,288,1419960,|mc/mtl_t6_wpn_ar_m16_camo1|material|t6_camo_m16a1_table|weaponcamo|t6_m16a1_launcher_zm|weapon|zone_source/zm_parkour_nothing0.zone|csv
3680,image,i_t6_wpn_ar_m16_camo1_s,272,742728,|mc/mtl_t6_wpn_ar_m16_camo1|material|t6_camo_m16a1_table|weaponcamo|t6_m16a1_launcher_zm|weapon|zone_source/zm_parkour_nothing0.zone|csv
3681,material,mc/mtl_t6_wpn_ar_m16_camo1,1128,0,|t6_camo_m16a1_table|weaponcamo|t6_m16a1_launcher_zm|weapon|zone_source/zm_parkour_nothing0.zone|csv
3682,image,i_t6_weapon_flat_rail_o,5752,0,|mc/mtl_t6_weapon_flat_rail|material|vm_t6_m16a1|xmodel|t6_m16a1_launcher_zm|weapon|zone_source/zm_parkour_nothing0.zone|csv
3683,image,i_t6_weapon_flat_rail_n,208,196632,|mc/mtl_t6_weapon_flat_rail|material|vm_t6_m16a1|xmodel|t6_m16a1_launcher_zm|weapon|zone_source/zm_parkour_nothing0.zone|csv
3684,image,i_t6_weapon_flat_rail_g,264,109208,|mc/mtl_t6_weapon_flat_rail|material|vm_t6_m16a1|xmodel|t6_m16a1_launcher_zm|weapon|zone_source/zm_parkour_nothing0.zone|csv
3685,image,i_t6_weapon_flat_rail_c,296,218472,|mc/mtl_t6_weapon_flat_rail|material|vm_t6_m16a1|xmodel|t6_m16a1_launcher_zm|weapon|zone_source/zm_parkour_nothing0.zone|csv
3686,image,i_t6_weapon_flat_rail_s,264,109208,|mc/mtl_t6_weapon_flat_rail|material|vm_t6_m16a1|xmodel|t6_m16a1_launcher_zm|weapon|zone_source/zm_parkour_nothing0.zone|csv
3687,material,mc/mtl_t6_weapon_flat_rail,1128,0,|vm_t6_m16a1|xmodel|t6_m16a1_launcher_zm|weapon|zone_source/zm_parkour_nothing0.zone|csv
3688,xmodelmesh,vm_t6_m16a13100255a,488,258456,|vm_t6_m16a1|xmodel|t6_m16a1_launcher_zm|weapon|zone_source/zm_parkour_nothing0.zone|csv
3689,xmodel,vm_t6_m16a1,736,0,|t6_m16a1_launcher_zm|weapon|zone_source/zm_parkour_nothing0.zone|csv
3690,xmodelmesh,wm_t6_m16a1867da90e,480,82928,|wm_t6_m16a1|xmodel|t6_m16a1_launcher_zm|weapon|zone_source/zm_parkour_nothing0.zone|csv
3691,xmodel,wm_t6_m16a1,784,0,|t6_m16a1_launcher_zm|weapon|zone_source/zm_parkour_nothing0.zone|csv
3692,xmodelmesh,vm_t6_m16a1_magb1d7340,328,9328,|vm_t6_m16a1_mag|xmodel|t6_m16a1_launcher_zm|weapon|zone_source/zm_parkour_nothing0.zone|csv
3693,xmodel,vm_t6_m16a1_mag,240,0,|t6_m16a1_launcher_zm|weapon|zone_source/zm_parkour_nothing0.zone|csv
3694,xanim,am_t6_m16a1_idle,1624,0,|t6_m16a1|weapon|zone_source/zm_parkour_nothing0.zone|csv
3695,xanim,am_t6_m16a1_fire,2282,0,|t6_m16a1|weapon|zone_source/zm_parkour_nothing0.zone|csv
3696,xanim,am_t6_m16a1_reload,15915,0,|t6_m16a1|weapon|zone_source/zm_parkour_nothing0.zone|csv
3697,xanim,am_t6_m16a1_reload_empty,18780,0,|t6_m16a1|weapon|zone_source/zm_parkour_nothing0.zone|csv
3698,xanim,am_t6_m16a1_pullout,6234,0,|t6_m16a1|weapon|zone_source/zm_parkour_nothing0.zone|csv
3699,xanim,am_t6_m16a1_first_raise,13915,0,|t6_m16a1|weapon|zone_source/zm_parkour_nothing0.zone|csv
3700,xanim,am_t6_m16a1_putaway,8102,0,|t6_m16a1|weapon|zone_source/zm_parkour_nothing0.zone|csv
3701,xanim,am_t6_m16a1_pullout_quick,11027,0,|t6_m16a1|weapon|zone_source/zm_parkour_nothing0.zone|csv
3702,xanim,am_t6_m16a1_putaway_quick,5627,0,|t6_m16a1|weapon|zone_source/zm_parkour_nothing0.zone|csv
3703,xanim,am_t6_m16a1_sprint_in,3334,0,|t6_m16a1|weapon|zone_source/zm_parkour_nothing0.zone|csv
3704,xanim,am_t6_m16a1_sprint_loop,4496,0,|t6_m16a1|weapon|zone_source/zm_parkour_nothing0.zone|csv
3705,xanim,am_t6_m16a1_sprint_out,3052,0,|t6_m16a1|weapon|zone_source/zm_parkour_nothing0.zone|csv
3706,xanim,am_t6_m16a1_crawl_in,3569,0,|t6_m16a1|weapon|zone_source/zm_parkour_nothing0.zone|csv
3707,xanim,am_t6_m16a1_crawl_forward,6090,0,|t6_m16a1|weapon|zone_source/zm_parkour_nothing0.zone|csv
3708,xanim,am_t6_m16a1_crawl_back,5228,0,|t6_m16a1|weapon|zone_source/zm_parkour_nothing0.zone|csv
3709,xanim,am_t6_m16a1_crawl_right,5491,0,|t6_m16a1|weapon|zone_source/zm_parkour_nothing0.zone|csv
3710,xanim,am_t6_m16a1_crawl_left,5543,0,|t6_m16a1|weapon|zone_source/zm_parkour_nothing0.zone|csv
3711,xanim,am_t6_m16a1_crawl_out,3622,0,|t6_m16a1|weapon|zone_source/zm_parkour_nothing0.zone|csv
3712,xanim,am_t6_m16a1_ads_fire,2060,0,|t6_m16a1|weapon|zone_source/zm_parkour_nothing0.zone|csv
3713,xanim,am_t6_m16a1_slide_in,3429,0,|t6_m16a1|weapon|zone_source/zm_parkour_nothing0.zone|csv
3714,xanim,am_t6_m16a1_slide_air_in,3173,0,|t6_m16a1|weapon|zone_source/zm_parkour_nothing0.zone|csv
3715,xanim,am_t6_m16a1_slide_loop,1888,0,|t6_m16a1|weapon|zone_source/zm_parkour_nothing0.zone|csv
3716,xanim,am_t6_m16a1_slide_out,2997,0,|t6_m16a1|weapon|zone_source/zm_parkour_nothing0.zone|csv
3717,xanim,am_t6_m16a1_ads_up,232,0,|t6_m16a1_launcher_zm|weapon|zone_source/zm_parkour_nothing0.zone|csv
3718,xanim,am_t6_m16a1_ads_down,198,0,|t6_m16a1_launcher_zm|weapon|zone_source/zm_parkour_nothing0.zone|csv
3719,weapon,t6_m16a1,7716,0,|zone_source/zm_parkour_nothing0.zone|csv
3720,image,i_t6_attach_gl_m203_o,270,195416,|mc/mtl_t6_attach_gl_m203|material|t6_camo_m16a1_table|weaponcamo|t6_m16a1_launcher_zm|weapon|zone_source/zm_parkour_nothing0.zone|csv
3721,image,i_t6_attach_gl_m203_n,286,371384,|mc/mtl_t6_attach_gl_m203|material|t6_camo_m16a1_table|weaponcamo|t6_m16a1_launcher_zm|weapon|zone_source/zm_parkour_nothing0.zone|csv
3722,image,i_t6_attach_gl_m203_g,270,218440,|mc/mtl_t6_attach_gl_m203|material|t6_camo_m16a1_table|weaponcamo|t6_m16a1_launcher_zm|weapon|zone_source/zm_parkour_nothing0.zone|csv
3723,image,i_t6_attach_gl_m203_r,278,196608,|t6_camo_m16a1_table|weaponcamo|t6_m16a1_launcher_zm|weapon|zone_source/zm_parkour_nothing0.zone|csv
3724,image,i_t6_attach_gl_m203_c,286,371384,|mc/mtl_t6_attach_gl_m203|material|t6_camo_m16a1_table|weaponcamo|t6_m16a1_launcher_zm|weapon|zone_source/zm_parkour_nothing0.zone|csv
3725,image,i_t6_attach_gl_m203_s,270,218440,|mc/mtl_t6_attach_gl_m203|material|t6_camo_m16a1_table|weaponcamo|t6_m16a1_launcher_zm|weapon|zone_source/zm_parkour_nothing0.zone|csv
3726,material,mc/mtl_t6_attach_gl_m203,1124,0,|t6_camo_m16a1_table|weaponcamo|t6_m16a1_launcher_zm|weapon|zone_source/zm_parkour_nothing0.zone|csv
3727,xmodelmesh,vm_t6_m16a1_m203ff94865a,352,123624,|vm_t6_m16a1_m203|xmodel|t6_m16a1_launcher_zm|weapon|zone_source/zm_parkour_nothing0.zone|csv
3728,xmodel,vm_t6_m16a1_m203,364,0,|t6_m16a1_launcher_zm|weapon|zone_source/zm_parkour_nothing0.zone|csv
3729,xmodelmesh,wm_t6_m16a1_m203495a2fa3,224,20128,|wm_t6_m16a1_m203|xmodel|t6_m16a1_launcher_zm|weapon|zone_source/zm_parkour_nothing0.zone|csv
3730,xmodel,wm_t6_m16a1_m203,232,0,|t6_m16a1_launcher_zm|weapon|zone_source/zm_parkour_nothing0.zone|csv
3731,weaponcamo,t6_camo_m16a1_table,80548,0,|t6_m16a1_launcher_zm|weapon|zone_source/zm_parkour_nothing0.zone|csv
3732,xanim,am_t6_m16a1_gl_idle,1308,0,|t6_m16a1_up_zm|weapon|zone_source/zm_parkour_nothing0.zone|csv
3733,xanim,am_t6_m16a1_gl_fire,2378,0,|t6_m16a1_up_zm|weapon|zone_source/zm_parkour_nothing0.zone|csv
3734,xanim,am_t6_m16a1_gl_reload,19237,0,|t6_m16a1_up_zm|weapon|zone_source/zm_parkour_nothing0.zone|csv
3735,xanim,am_t6_m16a1_gl_reload_empty,21422,0,|t6_m16a1_up_zm|weapon|zone_source/zm_parkour_nothing0.zone|csv
3736,xanim,am_t6_m16a1_gl_pullout,7826,0,|t6_m16a1_up_zm|weapon|zone_source/zm_parkour_nothing0.zone|csv
3737,xanim,am_t6_m16a1_gl_first_raise,14195,0,|t6_m16a1_up_zm|weapon|zone_source/zm_parkour_nothing0.zone|csv
3738,xanim,am_t6_m16a1_gl_putaway,7525,0,|t6_m16a1_up_zm|weapon|zone_source/zm_parkour_nothing0.zone|csv
3739,xanim,am_t6_m16a1_out_gl,8304,0,|t6_m16a1_up_zm|weapon|zone_source/zm_parkour_nothing0.zone|csv
3740,xanim,am_t6_m16a1_to_gl,8339,0,|t6_m16a1_up_zm|weapon|zone_source/zm_parkour_nothing0.zone|csv
3741,xanim,am_t6_m16a1_gl_pullout_quick,10547,0,|t6_m16a1_up_zm|weapon|zone_source/zm_parkour_nothing0.zone|csv
3742,xanim,am_t6_m16a1_gl_putaway_quick,4748,0,|t6_m16a1_up_zm|weapon|zone_source/zm_parkour_nothing0.zone|csv
3743,xanim,am_t6_m16a1_gl_sprint_in,4390,0,|t6_m16a1_up_zm|weapon|zone_source/zm_parkour_nothing0.zone|csv
3744,xanim,am_t6_m16a1_gl_sprint_loop,5501,0,|t6_m16a1_up_zm|weapon|zone_source/zm_parkour_nothing0.zone|csv
3745,xanim,am_t6_m16a1_gl_sprint_out,5242,0,|t6_m16a1_up_zm|weapon|zone_source/zm_parkour_nothing0.zone|csv
3746,xanim,am_t6_m16a1_gl_crawl_in,4140,0,|t6_m16a1_up_zm|weapon|zone_source/zm_parkour_nothing0.zone|csv
3747,xanim,am_t6_m16a1_gl_crawl_forward,6743,0,|t6_m16a1_up_zm|weapon|zone_source/zm_parkour_nothing0.zone|csv
3748,xanim,am_t6_m16a1_gl_crawl_back,5834,0,|t6_m16a1_up_zm|weapon|zone_source/zm_parkour_nothing0.zone|csv
3749,xanim,am_t6_m16a1_gl_crawl_right,5935,0,|t6_m16a1_up_zm|weapon|zone_source/zm_parkour_nothing0.zone|csv
3750,xanim,am_t6_m16a1_gl_crawl_left,6310,0,|t6_m16a1_up_zm|weapon|zone_source/zm_parkour_nothing0.zone|csv
3751,xanim,am_t6_m16a1_gl_crawl_out,3851,0,|t6_m16a1_up_zm|weapon|zone_source/zm_parkour_nothing0.zone|csv
3752,xanim,am_t6_m16a1_gl_ads_fire,2164,0,|t6_m16a1_up_zm|weapon|zone_source/zm_parkour_nothing0.zone|csv
3753,xanim,am_t6_m16a1_gl_slide_in,3117,0,|t6_m16a1_up_zm|weapon|zone_source/zm_parkour_nothing0.zone|csv
3754,xanim,am_t6_m16a1_gl_slide_air_in,2857,0,|t6_m16a1_up_zm|weapon|zone_source/zm_parkour_nothing0.zone|csv
3755,xanim,am_t6_m16a1_gl_slide_loop,1568,0,|t6_m16a1_up_zm|weapon|zone_source/zm_parkour_nothing0.zone|csv
3756,xanim,am_t6_m16a1_gl_slide_out,3013,0,|t6_m16a1_up_zm|weapon|zone_source/zm_parkour_nothing0.zone|csv
3757,weapon,t6_m16a1_up_zm,7985,0,|zone_source/zm_parkour_nothing0.zone|csv
3758,xanim,am_t6_m16a1_in_gl_idle,2025,0,|t6_m16a1_launcher_zm|weapon|zone_source/zm_parkour_nothing0.zone|csv
3759,xanim,am_t6_m16a1_in_gl_fire,3405,0,|t6_m16a1_launcher_zm|weapon|zone_source/zm_parkour_nothing0.zone|csv
3760,xanim,am_t6_m16a1_in_gl_reload,24924,0,|t6_m16a1_launcher_zm|weapon|zone_source/zm_parkour_nothing0.zone|csv
3761,xanim,am_t6_m16a1_in_gl_pullout,9474,0,|t6_m16a1_launcher_zm|weapon|zone_source/zm_parkour_nothing0.zone|csv
3762,xanim,am_t6_m16a1_in_gl_putaway,5312,0,|t6_m16a1_launcher_zm|weapon|zone_source/zm_parkour_nothing0.zone|csv
3763,xanim,am_t6_m16a1_in_gl_sprint_in,3758,0,|t6_m16a1_launcher_zm|weapon|zone_source/zm_parkour_nothing0.zone|csv
3764,xanim,am_t6_m16a1_in_gl_sprint_loop,5673,0,|t6_m16a1_launcher_zm|weapon|zone_source/zm_parkour_nothing0.zone|csv
3765,xanim,am_t6_m16a1_in_gl_sprint_out,3735,0,|t6_m16a1_launcher_zm|weapon|zone_source/zm_parkour_nothing0.zone|csv
3766,xanim,am_t6_m16a1_in_gl_crawl_in,4428,0,|t6_m16a1_launcher_zm|weapon|zone_source/zm_parkour_nothing0.zone|csv
3767,xanim,am_t6_m16a1_in_gl_crawl_forward,6728,0,|t6_m16a1_launcher_zm|weapon|zone_source/zm_parkour_nothing0.zone|csv
3768,xanim,am_t6_m16a1_in_gl_crawl_back,6800,0,|t6_m16a1_launcher_zm|weapon|zone_source/zm_parkour_nothing0.zone|csv
3769,xanim,am_t6_m16a1_in_gl_crawl_right,6552,0,|t6_m16a1_launcher_zm|weapon|zone_source/zm_parkour_nothing0.zone|csv
3770,xanim,am_t6_m16a1_in_gl_crawl_left,6621,0,|t6_m16a1_launcher_zm|weapon|zone_source/zm_parkour_nothing0.zone|csv
3771,xanim,am_t6_m16a1_in_gl_crawl_out,3395,0,|t6_m16a1_launcher_zm|weapon|zone_source/zm_parkour_nothing0.zone|csv
3772,xanim,am_t6_m16a1_in_gl_slide_in,3629,0,|t6_m16a1_launcher_zm|weapon|zone_source/zm_parkour_nothing0.zone|csv
3773,xanim,am_t6_m16a1_in_gl_slide_air_in,3400,0,|t6_m16a1_launcher_zm|weapon|zone_source/zm_parkour_nothing0.zone|csv
3774,xanim,am_t6_m16a1_in_gl_slide_loop,1591,0,|t6_m16a1_launcher_zm|weapon|zone_source/zm_parkour_nothing0.zone|csv
3775,xanim,am_t6_m16a1_in_gl_slide_out,3564,0,|t6_m16a1_launcher_zm|weapon|zone_source/zm_parkour_nothing0.zone|csv
3776,weapon,t6_m16a1_launcher_zm,7619,0,|zone_source/zm_parkour_nothing0.zone|csv
3777,image,i_t6_wpn_ar_hk416_camo1_o,282,183928,|mc/mtl_t6_wpn_ar_hk416_camo1|material|t6_camo_m27_table|weaponcamo|t6_m27_up|weapon|zone_source/zm_parkour_nothing0.zone|csv
3778,image,i_t6_wpn_ar_hk416_camo1_n,290,1419960,|mc/mtl_t6_wpn_ar_hk416_camo1|material|t6_camo_m27_table|weaponcamo|t6_m27_up|weapon|zone_source/zm_parkour_nothing0.zone|csv
3779,image,i_t6_wpn_ar_hk416_camo1_g,274,742728,|mc/mtl_t6_wpn_ar_hk416_camo1|material|t6_camo_m27_table|weaponcamo|t6_m27_up|weapon|zone_source/zm_parkour_nothing0.zone|csv
3780,image,i_t6_wpn_ar_hk416_camo1_r,282,720896,|t6_camo_m27_table|weaponcamo|t6_m27_up|weapon|zone_source/zm_parkour_nothing0.zone|csv
3781,image,i_t6_wpn_ar_hk416_camo1_c,290,1419960,|mc/mtl_t6_wpn_ar_hk416_camo1|material|t6_camo_m27_table|weaponcamo|t6_m27_up|weapon|zone_source/zm_parkour_nothing0.zone|csv
3782,image,i_t6_wpn_ar_hk416_camo1_s,274,742728,|mc/mtl_t6_wpn_ar_hk416_camo1|material|t6_camo_m27_table|weaponcamo|t6_m27_up|weapon|zone_source/zm_parkour_nothing0.zone|csv
3783,material,mc/mtl_t6_wpn_ar_hk416_camo1,1140,0,|t6_camo_m27_table|weaponcamo|t6_m27_up|weapon|zone_source/zm_parkour_nothing0.zone|csv
3784,image,i_t6_wpn_ar_hk416_grip_camo1_n,295,371384,|mc/mtl_t6_wpn_ar_hk416_grip_camo1|material|wm_t6_m27_grip|xmodel|t6_m27_up|weapon|zone_source/zm_parkour_nothing0.zone|csv
3785,image,i_t6_wpn_ar_hk416_grip_camo1_g,279,218440,|mc/mtl_t6_wpn_ar_hk416_grip_camo1|material|wm_t6_m27_grip|xmodel|t6_m27_up|weapon|zone_source/zm_parkour_nothing0.zone|csv
3786,image,i_t6_wpn_ar_hk416_grip_camo1_c,295,371384,|mc/mtl_t6_wpn_ar_hk416_grip_camo1|material|wm_t6_m27_grip|xmodel|t6_m27_up|weapon|zone_source/zm_parkour_nothing0.zone|csv
3787,image,i_t6_wpn_ar_hk416_grip_camo1_s,279,218440,|mc/mtl_t6_wpn_ar_hk416_grip_camo1|material|wm_t6_m27_grip|xmodel|t6_m27_up|weapon|zone_source/zm_parkour_nothing0.zone|csv
3788,material,mc/mtl_t6_wpn_ar_hk416_grip_camo1,1140,0,|wm_t6_m27_grip|xmodel|t6_m27_up|weapon|zone_source/zm_parkour_nothing0.zone|csv
3789,xmodelmesh,vm_t6_m276db43a48,1008,449576,|vm_t6_m27|xmodel|t6_m27_up|weapon|zone_source/zm_parkour_nothing0.zone|csv
3790,xmodel,vm_t6_m27,732,0,|t6_m27_up|weapon|zone_source/zm_parkour_nothing0.zone|csv
3791,xmodelmesh,wm_t6_m272511007,896,83968,|wm_t6_m27|xmodel|t6_m27_up|weapon|zone_source/zm_parkour_nothing0.zone|csv
3792,xmodel,wm_t6_m27,688,0,|t6_m27_up|weapon|zone_source/zm_parkour_nothing0.zone|csv
3793,xmodelmesh,vm_t6_m27_mag51a047b7,448,12448,|vm_t6_m27_mag|xmodel|t6_m27|weapon|zone_source/zm_parkour_nothing0.zone|csv
3794,xmodel,vm_t6_m27_mag,256,0,|t6_m27|weapon|zone_source/zm_parkour_nothing0.zone|csv
3795,xanim,am_t6_m27_idle,1600,0,|t6_m27|weapon|zone_source/zm_parkour_nothing0.zone|csv
3796,xanim,am_t6_m27_fire,2932,0,|t6_m27|weapon|zone_source/zm_parkour_nothing0.zone|csv
3797,xanim,am_t6_m27_reload,17939,0,|t6_m27|weapon|zone_source/zm_parkour_nothing0.zone|csv
3798,xanim,am_t6_m27_reload_empty,23946,0,|t6_m27|weapon|zone_source/zm_parkour_nothing0.zone|csv
3799,xanim,am_t6_m27_pullout,7558,0,|t6_m27|weapon|zone_source/zm_parkour_nothing0.zone|csv
3800,xanim,am_t6_m27_first_raise,14814,0,|t6_m27|weapon|zone_source/zm_parkour_nothing0.zone|csv
3801,xanim,am_t6_m27_putaway,6933,0,|t6_m27|weapon|zone_source/zm_parkour_nothing0.zone|csv
3802,xanim,am_t6_m27_sprint_in,3319,0,|t6_m27|weapon|zone_source/zm_parkour_nothing0.zone|csv
3803,xanim,am_t6_m27_sprint_loop,4705,0,|t6_m27|weapon|zone_source/zm_parkour_nothing0.zone|csv
3804,xanim,am_t6_m27_sprint_out,3026,0,|t6_m27|weapon|zone_source/zm_parkour_nothing0.zone|csv
3805,xanim,am_t6_m27_crawl_in,3670,0,|t6_m27|weapon|zone_source/zm_parkour_nothing0.zone|csv
3806,xanim,am_t6_m27_crawl_forward,5510,0,|t6_m27|weapon|zone_source/zm_parkour_nothing0.zone|csv
3807,xanim,am_t6_m27_crawl_back,5247,0,|t6_m27|weapon|zone_source/zm_parkour_nothing0.zone|csv
3808,xanim,am_t6_m27_crawl_right,5597,0,|t6_m27|weapon|zone_source/zm_parkour_nothing0.zone|csv
3809,xanim,am_t6_m27_crawl_left,5784,0,|t6_m27|weapon|zone_source/zm_parkour_nothing0.zone|csv
3810,xanim,am_t6_m27_crawl_out,3421,0,|t6_m27|weapon|zone_source/zm_parkour_nothing0.zone|csv
3811,xanim,am_t6_m27_ads_fire,2249,0,|t6_m27|weapon|zone_source/zm_parkour_nothing0.zone|csv
3812,xanim,am_t6_m27_slide_in,3413,0,|t6_m27|weapon|zone_source/zm_parkour_nothing0.zone|csv
3813,xanim,am_t6_m27_slide_air_in,3141,0,|t6_m27|weapon|zone_source/zm_parkour_nothing0.zone|csv
3814,xanim,am_t6_m27_slide_loop,1837,0,|t6_m27|weapon|zone_source/zm_parkour_nothing0.zone|csv
3815,xanim,am_t6_m27_slide_out,2965,0,|t6_m27|weapon|zone_source/zm_parkour_nothing0.zone|csv
3816,xanim,am_t6_m27_ads_up,217,0,|t6_m27|weapon|zone_source/zm_parkour_nothing0.zone|csv
3817,xanim,am_t6_m27_ads_down,177,0,|t6_m27|weapon|zone_source/zm_parkour_nothing0.zone|csv
3818,weapon,t6_m27,7708,0,|zone_source/zm_parkour_nothing0.zone|csv
3819,material,mc/mtl_t6_wpn_ar_hk416_grip,29,0,|vm_t6_m27_grip|xmodel|t6_m27_up|weapon|zone_source/zm_parkour_nothing0.zone|csv
3820,techset,mc/default#e6142445,67395,0,|mc/$default|material|vm_t6_m27_grip|xmodel|t6_m27_up|weapon|zone_source/zm_parkour_nothing0.zone|csv
3821,image,$default,10,0,|mc/$default|material|vm_t6_m27_grip|xmodel|t6_m27_up|weapon|zone_source/zm_parkour_nothing0.zone|csv
3822,material,mc/$default,54,0,|vm_t6_m27_grip|xmodel|t6_m27_up|weapon|zone_source/zm_parkour_nothing0.zone|csv
3823,material,mc/mtl_t6_wpn_ar_hk416_grip_camo2,35,0,|vm_t6_m27_grip|xmodel|t6_m27_up|weapon|zone_source/zm_parkour_nothing0.zone|csv
3824,xmodelmesh,vm_t6_m27_grip55f7e90b,560,39392,|vm_t6_m27_grip|xmodel|t6_m27_up|weapon|zone_source/zm_parkour_nothing0.zone|csv
3825,xmodel,vm_t6_m27_grip,177,0,|t6_m27_up|weapon|zone_source/zm_parkour_nothing0.zone|csv
3826,xmodelmesh,vm_t6_m27_fastmagdab8c362,464,32432,|vm_t6_m27_fastmag|xmodel|t6_m27_up|weapon|zone_source/zm_parkour_nothing0.zone|csv
3827,xmodel,vm_t6_m27_fastmag,380,0,|t6_m27_up|weapon|zone_source/zm_parkour_nothing0.zone|csv
3828,xmodelmesh,wm_t6_m27_gripc04fe6f3,328,15888,|wm_t6_m27_grip|xmodel|t6_m27_up|weapon|zone_source/zm_parkour_nothing0.zone|csv
3829,xmodel,wm_t6_m27_grip,148,0,|t6_m27_up|weapon|zone_source/zm_parkour_nothing0.zone|csv
3830,xmodelmesh,wm_t6_m27_fastmaga38c3328,4464,0,|wm_t6_m27_fastmag|xmodel|t6_m27_up|weapon|zone_source/zm_parkour_nothing0.zone|csv
3831,xmodel,wm_t6_m27_fastmag,152,0,|t6_m27_up|weapon|zone_source/zm_parkour_nothing0.zone|csv
3832,weaponcamo,t6_camo_m27_table,78500,0,|t6_m27_up|weapon|zone_source/zm_parkour_nothing0.zone|csv
3833,xanim,am_t6_m27_grip_idle,1288,0,|t6_m27_up|weapon|zone_source/zm_parkour_nothing0.zone|csv
3834,xanim,am_t6_m27_grip_fire,2920,0,|t6_m27_up|weapon|zone_source/zm_parkour_nothing0.zone|csv
3835,xanim,am_t6_m27_grip_fastmag_reload,16791,0,|t6_m27_up|weapon|zone_source/zm_parkour_nothing0.zone|csv
3836,xanim,am_t6_m27_grip_fastmag_reload_empty,19740,0,|t6_m27_up|weapon|zone_source/zm_parkour_nothing0.zone|csv
3837,xanim,am_t6_m27_grip_fastmag_reload_quick,14636,0,|t6_m27_up|weapon|zone_source/zm_parkour_nothing0.zone|csv
3838,xanim,am_t6_m27_grip_fastmag_reload_empty_quick,18584,0,|t6_m27_up|weapon|zone_source/zm_parkour_nothing0.zone|csv
3839,xanim,am_t6_m27_grip_pullout,7308,0,|t6_m27_up|weapon|zone_source/zm_parkour_nothing0.zone|csv
3840,xanim,am_t6_m27_grip_first_raise,15342,0,|t6_m27_up|weapon|zone_source/zm_parkour_nothing0.zone|csv
3841,xanim,am_t6_m27_grip_putaway,6571,0,|t6_m27_up|weapon|zone_source/zm_parkour_nothing0.zone|csv
3842,xanim,am_t6_m27_grip_sprint_in,3385,0,|t6_m27_up|weapon|zone_source/zm_parkour_nothing0.zone|csv
3843,xanim,am_t6_m27_grip_sprint_loop,5033,0,|t6_m27_up|weapon|zone_source/zm_parkour_nothing0.zone|csv
3844,xanim,am_t6_m27_grip_sprint_out,3098,0,|t6_m27_up|weapon|zone_source/zm_parkour_nothing0.zone|csv
3845,xanim,am_t6_m27_grip_crawl_in,3694,0,|t6_m27_up|weapon|zone_source/zm_parkour_nothing0.zone|csv
3846,xanim,am_t6_m27_grip_crawl_forward,5106,0,|t6_m27_up|weapon|zone_source/zm_parkour_nothing0.zone|csv
3847,xanim,am_t6_m27_grip_crawl_back,5107,0,|t6_m27_up|weapon|zone_source/zm_parkour_nothing0.zone|csv
3848,xanim,am_t6_m27_grip_crawl_right,5377,0,|t6_m27_up|weapon|zone_source/zm_parkour_nothing0.zone|csv
3849,xanim,am_t6_m27_grip_crawl_left,5636,0,|t6_m27_up|weapon|zone_source/zm_parkour_nothing0.zone|csv
3850,xanim,am_t6_m27_grip_crawl_out,3449,0,|t6_m27_up|weapon|zone_source/zm_parkour_nothing0.zone|csv
3851,xanim,am_t6_m27_grip_ads_fire,1961,0,|t6_m27_up|weapon|zone_source/zm_parkour_nothing0.zone|csv
3852,xanim,am_t6_m27_grip_slide_in,3232,0,|t6_m27_up|weapon|zone_source/zm_parkour_nothing0.zone|csv
3853,xanim,am_t6_m27_grip_slide_air_in,2966,0,|t6_m27_up|weapon|zone_source/zm_parkour_nothing0.zone|csv
3854,xanim,am_t6_m27_grip_slide_loop,1889,0,|t6_m27_up|weapon|zone_source/zm_parkour_nothing0.zone|csv
3855,xanim,am_t6_m27_grip_slide_out,3154,0,|t6_m27_up|weapon|zone_source/zm_parkour_nothing0.zone|csv
3856,xanim,am_t6_m27_eotech_ads_up,202,0,|t6_m27_up|weapon|zone_source/zm_parkour_nothing0.zone|csv
3857,xanim,am_t6_m27_eotech_ads_down,209,0,|t6_m27_up|weapon|zone_source/zm_parkour_nothing0.zone|csv
3858,weapon,t6_m27_up,7978,0,|zone_source/zm_parkour_nothing0.zone|csv
3859,image,i_t6_wpn_lmg_m60_camo1_o,257,218264,|mc/mtl_t6_wpn_lmg_m60_camo1|material|t6_camo_m60_table|weaponcamo|t6_m60_up|weapon|zone_source/zm_parkour_nothing0.zone|csv
3860,image,i_t6_wpn_lmg_m60_camo1_n,289,1419960,|mc/mtl_t6_wpn_lmg_m60_camo1|material|t6_camo_m60_table|weaponcamo|t6_m60_up|weapon|zone_source/zm_parkour_nothing0.zone|csv
3861,image,i_t6_wpn_lmg_m60_camo1_g,273,742728,|mc/mtl_t6_wpn_lmg_m60_camo1|material|t6_camo_m60_table|weaponcamo|t6_m60_up|weapon|zone_source/zm_parkour_nothing0.zone|csv
3862,image,i_t6_wpn_lmg_m60_camo1_r,281,720896,|t6_camo_m60_table|weaponcamo|t6_m60_up|weapon|zone_source/zm_parkour_nothing0.zone|csv
3863,image,i_t6_wpn_lmg_m60_camo1_c,289,1419960,|mc/mtl_t6_wpn_lmg_m60_camo1|material|t6_camo_m60_table|weaponcamo|t6_m60_up|weapon|zone_source/zm_parkour_nothing0.zone|csv
3864,image,i_t6_wpn_lmg_m60_camo1_s,273,742728,|mc/mtl_t6_wpn_lmg_m60_camo1|material|t6_camo_m60_table|weaponcamo|t6_m60_up|weapon|zone_source/zm_parkour_nothing0.zone|csv
3865,material,mc/mtl_t6_wpn_lmg_m60_camo1,1122,0,|t6_camo_m60_table|weaponcamo|t6_m60_up|weapon|zone_source/zm_parkour_nothing0.zone|csv
3866,xmodelmesh,vm_t6_m60e34a532c,792,772344,|vm_t6_m60|xmodel|t6_m60_up|weapon|zone_source/zm_parkour_nothing0.zone|csv
3867,xmodel,vm_t6_m60,2712,0,|t6_m60_up|weapon|zone_source/zm_parkour_nothing0.zone|csv
3868,xmodelmesh,wm_t6_m608f0b70fa,520,198272,|wm_t6_m60|xmodel|t6_m60_up|weapon|zone_source/zm_parkour_nothing0.zone|csv
3869,xmodel,wm_t6_m60,1124,0,|t6_m60_up|weapon|zone_source/zm_parkour_nothing0.zone|csv
3870,xanim,am_t6_m60_idle,2256,0,|t6_m60|weapon|zone_source/zm_parkour_nothing0.zone|csv
3871,xanim,am_t6_m60_fire,3373,0,|t6_m60|weapon|zone_source/zm_parkour_nothing0.zone|csv
3872,xanim,am_t6_m60_reload,68194,0,|t6_m60|weapon|zone_source/zm_parkour_nothing0.zone|csv
3873,xanim,am_t6_m60_pullout,8272,0,|t6_m60|weapon|zone_source/zm_parkour_nothing0.zone|csv
3874,xanim,am_t6_m60_first_raise,7451,0,|t6_m60|weapon|zone_source/zm_parkour_nothing0.zone|csv
3875,xanim,am_t6_m60_putaway,4985,0,|t6_m60|weapon|zone_source/zm_parkour_nothing0.zone|csv
3876,xanim,am_t6_m60_sprint_in,3861,0,|t6_m60|weapon|zone_source/zm_parkour_nothing0.zone|csv
3877,xanim,am_t6_m60_sprint_loop,4853,0,|t6_m60|weapon|zone_source/zm_parkour_nothing0.zone|csv
3878,xanim,am_t6_m60_sprint_out,3863,0,|t6_m60|weapon|zone_source/zm_parkour_nothing0.zone|csv
3879,xanim,am_t6_m60_crawl_in,3841,0,|t6_m60|weapon|zone_source/zm_parkour_nothing0.zone|csv
3880,xanim,am_t6_m60_crawl_forward,6476,0,|t6_m60|weapon|zone_source/zm_parkour_nothing0.zone|csv
3881,xanim,am_t6_m60_crawl_back,6489,0,|t6_m60|weapon|zone_source/zm_parkour_nothing0.zone|csv
3882,xanim,am_t6_m60_crawl_right,7258,0,|t6_m60|weapon|zone_source/zm_parkour_nothing0.zone|csv
3883,xanim,am_t6_m60_crawl_left,6628,0,|t6_m60|weapon|zone_source/zm_parkour_nothing0.zone|csv
3884,xanim,am_t6_m60_crawl_out,3741,0,|t6_m60|weapon|zone_source/zm_parkour_nothing0.zone|csv
3885,xanim,am_t6_m60_ads_fire,3028,0,|t6_m60|weapon|zone_source/zm_parkour_nothing0.zone|csv
3886,xanim,am_t6_m60_slide_in,3702,0,|t6_m60|weapon|zone_source/zm_parkour_nothing0.zone|csv
3887,xanim,am_t6_m60_slide_air_in,3415,0,|t6_m60|weapon|zone_source/zm_parkour_nothing0.zone|csv
3888,xanim,am_t6_m60_slide_loop,2150,0,|t6_m60|weapon|zone_source/zm_parkour_nothing0.zone|csv
3889,xanim,am_t6_m60_slide_out,3271,0,|t6_m60|weapon|zone_source/zm_parkour_nothing0.zone|csv
3890,xanim,am_t6_m60_ads_up,193,0,|t6_m60|weapon|zone_source/zm_parkour_nothing0.zone|csv
3891,xanim,am_t6_m60_ads_down,173,0,|t6_m60|weapon|zone_source/zm_parkour_nothing0.zone|csv
3892,weapon,t6_m60,7667,0,|zone_source/zm_parkour_nothing0.zone|csv
3893,weaponcamo,t6_camo_m60_table,78504,0,|t6_m60_up|weapon|zone_source/zm_parkour_nothing0.zone|csv
3894,xanim,am_t6_m60_grip_idle,1856,0,|t6_m60_up|weapon|zone_source/zm_parkour_nothing0.zone|csv
3895,xanim,am_t6_m60_grip_fire,3029,0,|t6_m60_up|weapon|zone_source/zm_parkour_nothing0.zone|csv
3896,xanim,am_t6_m60_grip_reload,70843,0,|t6_m60_up|weapon|zone_source/zm_parkour_nothing0.zone|csv
3897,xanim,am_t6_m60_grip_pullout,8347,0,|t6_m60_up|weapon|zone_source/zm_parkour_nothing0.zone|csv
3898,xanim,am_t6_m60_grip_first_raise,7495,0,|t6_m60_up|weapon|zone_source/zm_parkour_nothing0.zone|csv
3899,xanim,am_t6_m60_grip_putaway,4949,0,|t6_m60_up|weapon|zone_source/zm_parkour_nothing0.zone|csv
3900,xanim,am_t6_m60_grip_sprint_in,3941,0,|t6_m60_up|weapon|zone_source/zm_parkour_nothing0.zone|csv
3901,xanim,am_t6_m60_grip_sprint_loop,5209,0,|t6_m60_up|weapon|zone_source/zm_parkour_nothing0.zone|csv
3902,xanim,am_t6_m60_grip_sprint_out,3527,0,|t6_m60_up|weapon|zone_source/zm_parkour_nothing0.zone|csv
3903,xanim,am_t6_m60_grip_crawl_in,3924,0,|t6_m60_up|weapon|zone_source/zm_parkour_nothing0.zone|csv
3904,xanim,am_t6_m60_grip_crawl_forward,6653,0,|t6_m60_up|weapon|zone_source/zm_parkour_nothing0.zone|csv
3905,xanim,am_t6_m60_grip_crawl_back,6501,0,|t6_m60_up|weapon|zone_source/zm_parkour_nothing0.zone|csv
3906,xanim,am_t6_m60_grip_crawl_right,7502,0,|t6_m60_up|weapon|zone_source/zm_parkour_nothing0.zone|csv
3907,xanim,am_t6_m60_grip_crawl_left,6905,0,|t6_m60_up|weapon|zone_source/zm_parkour_nothing0.zone|csv
3908,xanim,am_t6_m60_grip_crawl_out,3748,0,|t6_m60_up|weapon|zone_source/zm_parkour_nothing0.zone|csv
3909,xanim,am_t6_m60_grip_ads_fire,2880,0,|t6_m60_up|weapon|zone_source/zm_parkour_nothing0.zone|csv
3910,xanim,am_t6_m60_grip_slide_in,3513,0,|t6_m60_up|weapon|zone_source/zm_parkour_nothing0.zone|csv
3911,xanim,am_t6_m60_grip_slide_air_in,3217,0,|t6_m60_up|weapon|zone_source/zm_parkour_nothing0.zone|csv
3912,xanim,am_t6_m60_grip_slide_loop,2153,0,|t6_m60_up|weapon|zone_source/zm_parkour_nothing0.zone|csv
3913,xanim,am_t6_m60_grip_slide_out,3475,0,|t6_m60_up|weapon|zone_source/zm_parkour_nothing0.zone|csv
3914,xanim,am_t6_m60_reflex_ads_up,222,0,|t6_m60_up|weapon|zone_source/zm_parkour_nothing0.zone|csv
3915,xanim,am_t6_m60_reflex_ads_down,172,0,|t6_m60_up|weapon|zone_source/zm_parkour_nothing0.zone|csv
3916,weapon,t6_m60_up,7959,0,|zone_source/zm_parkour_nothing0.zone|csv
3917,image,i_t6_wpn_shotty_srm1216_camo1_o,288,209032,|mc/mtl_t6_wpn_shotty_srm1216_camo1|material|t6_camo_m1216_table|weaponcamo|t6_m1216_up|weapon|zone_source/zm_parkour_nothing0.zone|csv
3918,image,i_t6_wpn_shotty_srm1216_camo1_n,296,1419960,|mc/mtl_t6_wpn_shotty_srm1216_camo1|material|t6_camo_m1216_table|weaponcamo|t6_m1216_up|weapon|zone_source/zm_parkour_nothing0.zone|csv
3919,image,i_t6_wpn_shotty_srm1216_camo1_g,280,742728,|mc/mtl_t6_wpn_shotty_srm1216_camo1|material|t6_camo_m1216_table|weaponcamo|t6_m1216_up|weapon|zone_source/zm_parkour_nothing0.zone|csv
3920,image,i_t6_wpn_shotty_srm1216_camo1_r,288,720896,|t6_camo_m1216_table|weaponcamo|t6_m1216_up|weapon|zone_source/zm_parkour_nothing0.zone|csv
3921,image,i_t6_wpn_shotty_srm1216_camo1_c,296,1419960,|mc/mtl_t6_wpn_shotty_srm1216_camo1|material|t6_camo_m1216_table|weaponcamo|t6_m1216_up|weapon|zone_source/zm_parkour_nothing0.zone|csv
3922,image,i_t6_wpn_shotty_srm1216_camo1_s,280,742728,|mc/mtl_t6_wpn_shotty_srm1216_camo1|material|t6_camo_m1216_table|weaponcamo|t6_m1216_up|weapon|zone_source/zm_parkour_nothing0.zone|csv
3923,material,mc/mtl_t6_wpn_shotty_srm1216_camo1,1140,0,|t6_camo_m1216_table|weaponcamo|t6_m1216_up|weapon|zone_source/zm_parkour_nothing0.zone|csv
3924,xmodelmesh,vm_t6_m1216c25694d4,760,352488,|vm_t6_m1216|xmodel|t6_m1216_up|weapon|zone_source/zm_parkour_nothing0.zone|csv
3925,xmodel,vm_t6_m1216,808,0,|t6_m1216_up|weapon|zone_source/zm_parkour_nothing0.zone|csv
3926,xmodelmesh,wm_t6_m121672ce48aa,560,61952,|wm_t6_m1216|xmodel|t6_m1216_up|weapon|zone_source/zm_parkour_nothing0.zone|csv
3927,xmodel,wm_t6_m1216,372,0,|t6_m1216_up|weapon|zone_source/zm_parkour_nothing0.zone|csv
3928,xanim,am_t6_m1216_idle,1596,0,|t6_m1216_up|weapon|zone_source/zm_parkour_nothing0.zone|csv
3929,xanim,am_t6_m1216_fire,2196,0,|t6_m1216_up|weapon|zone_source/zm_parkour_nothing0.zone|csv
3930,xanim,am_t6_m1216_rotate,8007,0,|t6_m1216_up|weapon|zone_source/zm_parkour_nothing0.zone|csv
3931,xanim,am_t6_m1216_reload,20978,0,|t6_m1216_up|weapon|zone_source/zm_parkour_nothing0.zone|csv
3932,xanim,am_t6_m1216_reload_empty,26207,0,|t6_m1216_up|weapon|zone_source/zm_parkour_nothing0.zone|csv
3933,xanim,am_t6_m1216_pullout,8705,0,|t6_m1216_up|weapon|zone_source/zm_parkour_nothing0.zone|csv
3934,xanim,am_t6_m1216_first_raise,11555,0,|t6_m1216_up|weapon|zone_source/zm_parkour_nothing0.zone|csv
3935,xanim,am_t6_m1216_putaway,7576,0,|t6_m1216_up|weapon|zone_source/zm_parkour_nothing0.zone|csv
3936,xanim,am_t6_m1216_pullout_quick,7613,0,|t6_m1216_up|weapon|zone_source/zm_parkour_nothing0.zone|csv
3937,xanim,am_t6_m1216_putaway_quick,5169,0,|t6_m1216_up|weapon|zone_source/zm_parkour_nothing0.zone|csv
3938,xanim,am_t6_m1216_sprint_in,3318,0,|t6_m1216_up|weapon|zone_source/zm_parkour_nothing0.zone|csv
3939,xanim,am_t6_m1216_sprint_loop,4526,0,|t6_m1216_up|weapon|zone_source/zm_parkour_nothing0.zone|csv
3940,xanim,am_t6_m1216_sprint_out,3042,0,|t6_m1216_up|weapon|zone_source/zm_parkour_nothing0.zone|csv
3941,xanim,am_t6_m1216_crawl_in,3366,0,|t6_m1216_up|weapon|zone_source/zm_parkour_nothing0.zone|csv
3942,xanim,am_t6_m1216_crawl_forward,5853,0,|t6_m1216_up|weapon|zone_source/zm_parkour_nothing0.zone|csv
3943,xanim,am_t6_m1216_crawl_back,5033,0,|t6_m1216_up|weapon|zone_source/zm_parkour_nothing0.zone|csv
3944,xanim,am_t6_m1216_crawl_right,5514,0,|t6_m1216_up|weapon|zone_source/zm_parkour_nothing0.zone|csv
3945,xanim,am_t6_m1216_crawl_left,5537,0,|t6_m1216_up|weapon|zone_source/zm_parkour_nothing0.zone|csv
3946,xanim,am_t6_m1216_crawl_out,3510,0,|t6_m1216_up|weapon|zone_source/zm_parkour_nothing0.zone|csv
3947,xanim,am_t6_m1216_ads_fire,2319,0,|t6_m1216_up|weapon|zone_source/zm_parkour_nothing0.zone|csv
3948,xanim,am_t6_m1216_ads_rotate,7639,0,|t6_m1216_up|weapon|zone_source/zm_parkour_nothing0.zone|csv
3949,xanim,am_t6_m1216_slide_in,3343,0,|t6_m1216_up|weapon|zone_source/zm_parkour_nothing0.zone|csv
3950,xanim,am_t6_m1216_slide_air_in,3092,0,|t6_m1216_up|weapon|zone_source/zm_parkour_nothing0.zone|csv
3951,xanim,am_t6_m1216_slide_loop,1614,0,|t6_m1216_up|weapon|zone_source/zm_parkour_nothing0.zone|csv
3952,xanim,am_t6_m1216_slide_out,2978,0,|t6_m1216_up|weapon|zone_source/zm_parkour_nothing0.zone|csv
3953,xanim,am_t6_m1216_ads_up,191,0,|t6_m1216|weapon|zone_source/zm_parkour_nothing0.zone|csv
3954,xanim,am_t6_m1216_ads_down,215,0,|t6_m1216|weapon|zone_source/zm_parkour_nothing0.zone|csv
3955,weapon,t6_m1216,7752,0,|zone_source/zm_parkour_nothing0.zone|csv
3956,weaponcamo,t6_camo_m1216_table,78504,0,|t6_m1216_up|weapon|zone_source/zm_parkour_nothing0.zone|csv
3957,xanim,am_t6_m1216_reflex_ads_up,194,0,|t6_m1216_up|weapon|zone_source/zm_parkour_nothing0.zone|csv
3958,xanim,am_t6_m1216_reflex_ads_down,227,0,|t6_m1216_up|weapon|zone_source/zm_parkour_nothing0.zone|csv
3959,weapon,t6_m1216_up,7683,0,|zone_source/zm_parkour_nothing0.zone|csv
3960,image,i_t6_wpn_pistol_m1911_camo_n,293,350160,|mc/mtl_t6_wpn_pistol_m1911_camo|material|wm_t6_m1911_ldw|xmodel|t6_m1911_ldw_up_zm|weapon|zone_source/zm_parkour_nothing0.zone|csv
3961,image,i_t6_wpn_pistol_m1911_camo_g,277,218440,|mc/mtl_t6_wpn_pistol_m1911_camo|material|wm_t6_m1911_ldw|xmodel|t6_m1911_ldw_up_zm|weapon|zone_source/zm_parkour_nothing0.zone|csv
3962,image,i_t6_wpn_pistol_m1911_camo_r,285,196608,|t6_camo_m1911_table|weaponcamo|t6_m1911_ldw_up_zm|weapon|zone_source/zm_parkour_nothing0.zone|csv
3963,image,i_t6_wpn_pistol_m1911_camo_c,293,371384,|mc/mtl_t6_wpn_pistol_m1911_camo|material|wm_t6_m1911_ldw|xmodel|t6_m1911_ldw_up_zm|weapon|zone_source/zm_parkour_nothing0.zone|csv
3964,image,i_t6_wpn_pistol_m1911_camo_s,277,218440,|mc/mtl_t6_wpn_pistol_m1911_camo|material|wm_t6_m1911_ldw|xmodel|t6_m1911_ldw_up_zm|weapon|zone_source/zm_parkour_nothing0.zone|csv
3965,material,mc/mtl_t6_wpn_pistol_m1911_camo,1135,0,|wm_t6_m1911_ldw|xmodel|t6_m1911_ldw_up_zm|weapon|zone_source/zm_parkour_nothing0.zone|csv
3966,xmodelmesh,vm_t6_m19116d3f1016,392,155880,|vm_t6_m1911|xmodel|t6_m1911_rdw_up_zm|weapon|zone_source/zm_parkour_nothing0.zone|csv
3967,xmodel,vm_t6_m1911,648,0,|t6_m1911_rdw_up_zm|weapon|zone_source/zm_parkour_nothing0.zone|csv
3968,xmodelmesh,wm_t6_m1911b60d6837,336,25552,|wm_t6_m1911|xmodel|t6_m1911_rdw_up_zm|weapon|zone_source/zm_parkour_nothing0.zone|csv
3969,xmodel,wm_t6_m1911,348,0,|t6_m1911_rdw_up_zm|weapon|zone_source/zm_parkour_nothing0.zone|csv
3970,xanim,am_t6_m1911_idle,1612,0,|t6_m1911|weapon|zone_source/zm_parkour_nothing0.zone|csv
3971,xanim,am_t6_m1911_fire,3125,0,|t6_m1911|weapon|zone_source/zm_parkour_nothing0.zone|csv
3972,xanim,am_t6_m1911_reload,13229,0,|t6_m1911|weapon|zone_source/zm_parkour_nothing0.zone|csv
3973,xanim,am_t6_m1911_reload_empty,15450,0,|t6_m1911|weapon|zone_source/zm_parkour_nothing0.zone|csv
3974,xanim,am_t6_m1911_pullout,8560,0,|t6_m1911|weapon|zone_source/zm_parkour_nothing0.zone|csv
3975,xanim,am_t6_m1911_first_raise,13404,0,|t6_m1911|weapon|zone_source/zm_parkour_nothing0.zone|csv
3976,xanim,am_t6_m1911_putaway,7098,0,|t6_m1911|weapon|zone_source/zm_parkour_nothing0.zone|csv
3977,xanim,am_t6_m1911_sprint_in,3993,0,|t6_m1911|weapon|zone_source/zm_parkour_nothing0.zone|csv
3978,xanim,am_t6_m1911_sprint_loop,3368,0,|t6_m1911|weapon|zone_source/zm_parkour_nothing0.zone|csv
3979,xanim,am_t6_m1911_sprint_out,4772,0,|t6_m1911|weapon|zone_source/zm_parkour_nothing0.zone|csv
3980,xanim,am_t6_m1911_crawl_in,4668,0,|t6_m1911|weapon|zone_source/zm_parkour_nothing0.zone|csv
3981,xanim,am_t6_m1911_crawl_forward,3781,0,|t6_m1911|weapon|zone_source/zm_parkour_nothing0.zone|csv
3982,xanim,am_t6_m1911_crawl_back,3440,0,|t6_m1911|weapon|zone_source/zm_parkour_nothing0.zone|csv
3983,xanim,am_t6_m1911_crawl_right,3546,0,|t6_m1911|weapon|zone_source/zm_parkour_nothing0.zone|csv
3984,xanim,am_t6_m1911_crawl_left,3397,0,|t6_m1911|weapon|zone_source/zm_parkour_nothing0.zone|csv
3985,xanim,am_t6_m1911_crawl_out,4368,0,|t6_m1911|weapon|zone_source/zm_parkour_nothing0.zone|csv
3986,xanim,am_t6_m1911_ads_fire,3006,0,|t6_m1911|weapon|zone_source/zm_parkour_nothing0.zone|csv
3987,xanim,am_t6_m1911_slide_in,3298,0,|t6_m1911|weapon|zone_source/zm_parkour_nothing0.zone|csv
3988,xanim,am_t6_m1911_slide_air_in,3088,0,|t6_m1911|weapon|zone_source/zm_parkour_nothing0.zone|csv
3989,xanim,am_t6_m1911_slide_loop,1802,0,|t6_m1911|weapon|zone_source/zm_parkour_nothing0.zone|csv
3990,xanim,am_t6_m1911_slide_out,2941,0,|t6_m1911|weapon|zone_source/zm_parkour_nothing0.zone|csv
3991,xanim,am_t6_m1911_ads_up,118,0,|t6_m1911_ldw_up_zm|weapon|zone_source/zm_parkour_nothing0.zone|csv
3992,xanim,am_t6_m1911_ads_down,120,0,|t6_m1911_ldw_up_zm|weapon|zone_source/zm_parkour_nothing0.zone|csv
3993,weapon,t6_m1911,7668,0,|zone_source/zm_parkour_nothing0.zone|csv
3994,fx,weapon/fx_trail_crossbow,26,0,|t6_m1911_ldw_up_zm|weapon|zone_source/zm_parkour_nothing0.zone|csv
3995,weaponcamo,t6_camo_m1911_table,78502,0,|t6_m1911_ldw_up_zm|weapon|zone_source/zm_parkour_nothing0.zone|csv
3996,xanim,am_t6_m1911_rdw_idle,7004,0,|t6_m1911_rdw_up_zm|weapon|zone_source/zm_parkour_nothing0.zone|csv
3997,xanim,am_t6_m1911_rdw_fire,1739,0,|t6_m1911_rdw_up_zm|weapon|zone_source/zm_parkour_nothing0.zone|csv
3998,xanim,am_t6_m1911_rdw_reload,17173,0,|t6_m1911_rdw_up_zm|weapon|zone_source/zm_parkour_nothing0.zone|csv
3999,xanim,am_t6_m1911_fdw_pullout,7305,0,|t6_m1911_ldw_up_zm|weapon|zone_source/zm_parkour_nothing0.zone|csv
4000,xanim,am_t6_m1911_fdw_first_raise,10819,0,|t6_m1911_ldw_up_zm|weapon|zone_source/zm_parkour_nothing0.zone|csv
4001,xanim,am_t6_m1911_fdw_putaway,6228,0,|t6_m1911_ldw_up_zm|weapon|zone_source/zm_parkour_nothing0.zone|csv
4002,xanim,am_t6_m1911_fdw_sprint_in,3493,0,|t6_m1911_ldw_up_zm|weapon|zone_source/zm_parkour_nothing0.zone|csv
4003,xanim,am_t6_m1911_fdw_sprint_loop,4742,0,|t6_m1911_ldw_up_zm|weapon|zone_source/zm_parkour_nothing0.zone|csv
4004,xanim,am_t6_m1911_fdw_sprint_out,3403,0,|t6_m1911_ldw_up_zm|weapon|zone_source/zm_parkour_nothing0.zone|csv
4005,xanim,am_t6_m1911_fdw_crawl_in,3640,0,|t6_m1911_rdw_up_zm|weapon|zone_source/zm_parkour_nothing0.zone|csv
4006,xanim,am_t6_m1911_fdw_crawl_forward,3803,0,|t6_m1911_rdw_up_zm|weapon|zone_source/zm_parkour_nothing0.zone|csv
4007,xanim,am_t6_m1911_fdw_crawl_back,3627,0,|t6_m1911_rdw_up_zm|weapon|zone_source/zm_parkour_nothing0.zone|csv
4008,xanim,am_t6_m1911_fdw_crawl_right,3583,0,|t6_m1911_rdw_up_zm|weapon|zone_source/zm_parkour_nothing0.zone|csv
4009,xanim,am_t6_m1911_fdw_crawl_left,3411,0,|t6_m1911_rdw_up_zm|weapon|zone_source/zm_parkour_nothing0.zone|csv
4010,xanim,am_t6_m1911_fdw_crawl_out,3364,0,|t6_m1911_rdw_up_zm|weapon|zone_source/zm_parkour_nothing0.zone|csv
4011,xanim,am_t6_m1911_fdw_slide_idle,1358,0,|t6_m1911_ldw_up_zm|weapon|zone_source/zm_parkour_nothing0.zone|csv
4012,weapon,t6_m1911_rdw_up_zm,7716,0,|zone_source/zm_parkour_nothing0.zone|csv
4013,xmodelmesh,vm_t6_m1911_ldwa0ad979f,392,155952,|vm_t6_m1911_ldw|xmodel|t6_m1911_ldw_up_zm|weapon|zone_source/zm_parkour_nothing0.zone|csv
4014,xmodel,vm_t6_m1911_ldw,288,0,|t6_m1911_ldw_up_zm|weapon|zone_source/zm_parkour_nothing0.zone|csv
4015,xmodelmesh,wm_t6_m1911_ldw543f156,328,25552,|wm_t6_m1911_ldw|xmodel|t6_m1911_ldw_up_zm|weapon|zone_source/zm_parkour_nothing0.zone|csv
4016,xmodel,wm_t6_m1911_ldw,168,0,|t6_m1911_ldw_up_zm|weapon|zone_source/zm_parkour_nothing0.zone|csv
4017,xanim,am_t6_m1911_ldw_fire,1875,0,|t6_m1911_ldw_up_zm|weapon|zone_source/zm_parkour_nothing0.zone|csv
4018,xanim,am_t6_m1911_ldw_idle,6813,0,|t6_m1911_ldw_up_zm|weapon|zone_source/zm_parkour_nothing0.zone|csv
4019,xanim,am_t6_m1911_ldw_reload,16483,0,|t6_m1911_ldw_up_zm|weapon|zone_source/zm_parkour_nothing0.zone|csv
4020,weapon,t6_m1911_ldw_up_zm,7565,0,|zone_source/zm_parkour_nothing0.zone|csv
4021,image,i_t6_wpn_zmb_thompson_camo1_o,286,751176,|mc/mtl_t6_wpn_zmb_thompson_camo1|material|t6_camo_m1927_table|weaponcamo|t6_m1927_up|weapon|zone_source/zm_parkour_nothing0.zone|csv
4022,image,i_t6_wpn_zmb_thompson_camo1_n,294,1419960,|mc/mtl_t6_wpn_zmb_thompson_camo1|material|t6_camo_m1927_table|weaponcamo|t6_m1927_up|weapon|zone_source/zm_parkour_nothing0.zone|csv
4023,image,i_t6_wpn_zmb_thompson_camo1_g,278,742728,|mc/mtl_t6_wpn_zmb_thompson_camo1|material|t6_camo_m1927_table|weaponcamo|t6_m1927_up|weapon|zone_source/zm_parkour_nothing0.zone|csv
4024,image,i_t6_wpn_zmb_thompson_camo1_r,286,720896,|t6_camo_m1927_table|weaponcamo|t6_m1927_up|weapon|zone_source/zm_parkour_nothing0.zone|csv
4025,image,i_t6_wpn_zmb_thompson_camo1_c,294,1419960,|mc/mtl_t6_wpn_zmb_thompson_camo1|material|t6_camo_m1927_table|weaponcamo|t6_m1927_up|weapon|zone_source/zm_parkour_nothing0.zone|csv
4026,image,i_t6_wpn_zmb_thompson_camo1_s,278,742728,|mc/mtl_t6_wpn_zmb_thompson_camo1|material|t6_camo_m1927_table|weaponcamo|t6_m1927_up|weapon|zone_source/zm_parkour_nothing0.zone|csv
4027,material,mc/mtl_t6_wpn_zmb_thompson_camo1,1140,0,|t6_camo_m1927_table|weaponcamo|t6_m1927_up|weapon|zone_source/zm_parkour_nothing0.zone|csv
4028,xmodelmesh,vm_t6_m19275ee785f7,432,207896,|vm_t6_m1927|xmodel|t6_m1927_up|weapon|zone_source/zm_parkour_nothing0.zone|csv
4029,xmodel,vm_t6_m1927,780,0,|t6_m1927_up|weapon|zone_source/zm_parkour_nothing0.zone|csv
4030,xmodelmesh,wm_t6_m19271b675beb,352,73152,|wm_t6_m1927|xmodel|t6_m1927_up|weapon|zone_source/zm_parkour_nothing0.zone|csv
4031,xmodel,wm_t6_m1927,444,0,|t6_m1927_up|weapon|zone_source/zm_parkour_nothing0.zone|csv
4032,xanim,am_t6_m1927_idle,1596,0,|t6_m1927_up|weapon|zone_source/zm_parkour_nothing0.zone|csv
4033,xanim,am_t6_m1927_fire,2296,0,|t6_m1927_up|weapon|zone_source/zm_parkour_nothing0.zone|csv
4034,xanim,am_t6_m1927_reload,23605,0,|t6_m1927_up|weapon|zone_source/zm_parkour_nothing0.zone|csv
4035,xanim,am_t6_m1927_reload_empty,30184,0,|t6_m1927_up|weapon|zone_source/zm_parkour_nothing0.zone|csv
4036,xanim,am_t6_m1927_pullout,7856,0,|t6_m1927_up|weapon|zone_source/zm_parkour_nothing0.zone|csv
4037,xanim,am_t6_m1927_first_raise,15193,0,|t6_m1927_up|weapon|zone_source/zm_parkour_nothing0.zone|csv
4038,xanim,am_t6_m1927_putaway,8049,0,|t6_m1927_up|weapon|zone_source/zm_parkour_nothing0.zone|csv
4039,xanim,am_t6_m1927_sprint_in,3442,0,|t6_m1927_up|weapon|zone_source/zm_parkour_nothing0.zone|csv
4040,xanim,am_t6_m1927_sprint_loop,5299,0,|t6_m1927_up|weapon|zone_source/zm_parkour_nothing0.zone|csv
4041,xanim,am_t6_m1927_sprint_out,3110,0,|t6_m1927_up|weapon|zone_source/zm_parkour_nothing0.zone|csv
4042,xanim,am_t6_m1927_crawl_in,3514,0,|t6_m1927_up|weapon|zone_source/zm_parkour_nothing0.zone|csv
4043,xanim,am_t6_m1927_crawl_forward,5570,0,|t6_m1927_up|weapon|zone_source/zm_parkour_nothing0.zone|csv
4044,xanim,am_t6_m1927_crawl_back,5113,0,|t6_m1927_up|weapon|zone_source/zm_parkour_nothing0.zone|csv
4045,xanim,am_t6_m1927_crawl_right,5444,0,|t6_m1927_up|weapon|zone_source/zm_parkour_nothing0.zone|csv
4046,xanim,am_t6_m1927_crawl_left,5523,0,|t6_m1927_up|weapon|zone_source/zm_parkour_nothing0.zone|csv
4047,xanim,am_t6_m1927_crawl_out,3226,0,|t6_m1927_up|weapon|zone_source/zm_parkour_nothing0.zone|csv
4048,xanim,am_t6_m1927_ads_fire,2263,0,|t6_m1927_up|weapon|zone_source/zm_parkour_nothing0.zone|csv
4049,xanim,am_t6_m1927_slide_in,3603,0,|t6_m1927_up|weapon|zone_source/zm_parkour_nothing0.zone|csv
4050,xanim,am_t6_m1927_slide_air_in,3283,0,|t6_m1927_up|weapon|zone_source/zm_parkour_nothing0.zone|csv
4051,xanim,am_t6_m1927_slide_loop,1943,0,|t6_m1927_up|weapon|zone_source/zm_parkour_nothing0.zone|csv
4052,xanim,am_t6_m1927_slide_out,3197,0,|t6_m1927_up|weapon|zone_source/zm_parkour_nothing0.zone|csv
4053,xanim,am_t6_m1927_ads_up,226,0,|t6_m1927_up|weapon|zone_source/zm_parkour_nothing0.zone|csv
4054,xanim,am_t6_m1927_ads_down,197,0,|t6_m1927_up|weapon|zone_source/zm_parkour_nothing0.zone|csv
4055,weapon,t6_m1927,7668,0,|zone_source/zm_parkour_nothing0.zone|csv
4056,weaponcamo,t6_camo_m1927_table,78504,0,|t6_m1927_up|weapon|zone_source/zm_parkour_nothing0.zone|csv
4057,weapon,t6_m1927_up,6106,0,|zone_source/zm_parkour_nothing0.zone|csv
4058,image,i_t6_wpn_zmb_mc96_camo_n,289,1401056,|mc/mtl_t6_wpn_zmb_mc96_camo|material|t6_camo_mauser_c96_table|weaponcamo|t6_mauser_c96_up|weapon|zone_source/zm_parkour_nothing0.zone|csv
4059,image,i_t6_wpn_zmb_mc96_camo_g,273,742728,|mc/mtl_t6_wpn_zmb_mc96_camo|material|t6_camo_mauser_c96_table|weaponcamo|t6_mauser_c96_up|weapon|zone_source/zm_parkour_nothing0.zone|csv
4060,image,i_t6_wpn_zmb_mc96_camo_r,281,720896,|t6_camo_mauser_c96_table|weaponcamo|t6_mauser_c96_up|weapon|zone_source/zm_parkour_nothing0.zone|csv
4061,image,i_t6_wpn_zmb_mc96_camo_c,289,1419960,|mc/mtl_t6_wpn_zmb_mc96_camo|material|t6_camo_mauser_c96_table|weaponcamo|t6_mauser_c96_up|weapon|zone_source/zm_parkour_nothing0.zone|csv
4062,image,i_t6_wpn_zmb_mc96_camo_s,273,742728,|mc/mtl_t6_wpn_zmb_mc96_camo|material|t6_camo_mauser_c96_table|weaponcamo|t6_mauser_c96_up|weapon|zone_source/zm_parkour_nothing0.zone|csv
4063,material,mc/mtl_t6_wpn_zmb_mc96_camo,1137,0,|t6_camo_mauser_c96_table|weaponcamo|t6_mauser_c96_up|weapon|zone_source/zm_parkour_nothing0.zone|csv
4064,xmodelmesh,vm_t6_mauser_c96d45fff09,576,251896,|vm_t6_mauser_c96|xmodel|t6_mauser_c96_up|weapon|zone_source/zm_parkour_nothing0.zone|csv
4065,xmodel,vm_t6_mauser_c96,1008,0,|t6_mauser_c96_up|weapon|zone_source/zm_parkour_nothing0.zone|csv
4066,xmodelmesh,wm_t6_mauser_c96bb061dd2,376,69840,|wm_t6_mauser_c96|xmodel|t6_mauser_c96_up|weapon|zone_source/zm_parkour_nothing0.zone|csv
4067,xmodel,wm_t6_mauser_c96,572,0,|t6_mauser_c96_up|weapon|zone_source/zm_parkour_nothing0.zone|csv
4068,xanim,am_t6_mauser_c96_idle,1616,0,|t6_mauser_c96_up|weapon|zone_source/zm_parkour_nothing0.zone|csv
4069,xanim,am_t6_mauser_c96_fire,3021,0,|t6_mauser_c96|weapon|zone_source/zm_parkour_nothing0.zone|csv
4070,xanim,am_t6_mauser_c96_reload,13441,0,|t6_mauser_c96_up|weapon|zone_source/zm_parkour_nothing0.zone|csv
4071,xanim,am_t6_mauser_c96_reload_empty,18668,0,|t6_mauser_c96|weapon|zone_source/zm_parkour_nothing0.zone|csv
4072,xanim,am_t6_mauser_c96_pullout,8395,0,|t6_mauser_c96_up|weapon|zone_source/zm_parkour_nothing0.zone|csv
4073,xanim,am_t6_mauser_c96_putaway,7196,0,|t6_mauser_c96_up|weapon|zone_source/zm_parkour_nothing0.zone|csv
4074,xanim,am_t6_mauser_c96_sprint_in,3749,0,|t6_mauser_c96_up|weapon|zone_source/zm_parkour_nothing0.zone|csv
4075,xanim,am_t6_mauser_c96_sprint_loop,3838,0,|t6_mauser_c96_up|weapon|zone_source/zm_parkour_nothing0.zone|csv
4076,xanim,am_t6_mauser_c96_sprint_out,4614,0,|t6_mauser_c96_up|weapon|zone_source/zm_parkour_nothing0.zone|csv
4077,xanim,am_t6_mauser_c96_crawl_in,4432,0,|t6_mauser_c96_up|weapon|zone_source/zm_parkour_nothing0.zone|csv
4078,xanim,am_t6_mauser_c96_crawl_forward,3786,0,|t6_mauser_c96_up|weapon|zone_source/zm_parkour_nothing0.zone|csv
4079,xanim,am_t6_mauser_c96_crawl_back,3388,0,|t6_mauser_c96_up|weapon|zone_source/zm_parkour_nothing0.zone|csv
4080,xanim,am_t6_mauser_c96_crawl_right,3530,0,|t6_mauser_c96_up|weapon|zone_source/zm_parkour_nothing0.zone|csv
4081,xanim,am_t6_mauser_c96_crawl_left,3389,0,|t6_mauser_c96_up|weapon|zone_source/zm_parkour_nothing0.zone|csv
4082,xanim,am_t6_mauser_c96_crawl_out,4119,0,|t6_mauser_c96_up|weapon|zone_source/zm_parkour_nothing0.zone|csv
4083,xanim,am_t6_mauser_c96_ads_fire,2952,0,|t6_mauser_c96|weapon|zone_source/zm_parkour_nothing0.zone|csv
4084,xanim,am_t6_mauser_c96_slide_in,3093,0,|t6_mauser_c96_up|weapon|zone_source/zm_parkour_nothing0.zone|csv
4085,xanim,am_t6_mauser_c96_slide_air_in,2995,0,|t6_mauser_c96_up|weapon|zone_source/zm_parkour_nothing0.zone|csv
4086,xanim,am_t6_mauser_c96_slide_loop,1935,0,|t6_mauser_c96_up|weapon|zone_source/zm_parkour_nothing0.zone|csv
4087,xanim,am_t6_mauser_c96_slide_out,3121,0,|t6_mauser_c96_up|weapon|zone_source/zm_parkour_nothing0.zone|csv
4088,xanim,am_t6_mauser_c96_ads_up,102,0,|t6_mauser_c96|weapon|zone_source/zm_parkour_nothing0.zone|csv
4089,xanim,am_t6_mauser_c96_ads_down,104,0,|t6_mauser_c96|weapon|zone_source/zm_parkour_nothing0.zone|csv
4090,weapon,t6_mauser_c96,7800,0,|zone_source/zm_parkour_nothing0.zone|csv
4091,fx,dlc3/stalingrad/fx_raygun_r_1p_red_zmb,40,0,|t6_mauser_c96_up|weapon|zone_source/zm_parkour_nothing0.zone|csv
4092,fx,dlc3/stalingrad/fx_raygun_r_3p_red_zmb,40,0,|t6_mauser_c96_up|weapon|zone_source/zm_parkour_nothing0.zone|csv
4093,image,i_t6_attach_zmb_mc96_reticle_c,295,377328,|mc/mtl_t6_attach_zmb_mc96_reticle|material|vm_t6_mauser_c96_ads_scope|xmodel|t6_mauser_c96_up|weapon|zone_source/zm_parkour_nothing0.zone|csv
4094,material,mc/mtl_t6_attach_zmb_mc96_reticle,865,0,|vm_t6_mauser_c96_ads_scope|xmodel|t6_mauser_c96_up|weapon|zone_source/zm_parkour_nothing0.zone|csv
4095,image,i_t6_attach_optic_acog_lens1_n,287,131072,|mc/mtl_t6_attach_optic_m32_lens|material|vm_t6_war_machine_ads_scope|xmodel|t6_war_machine_up|weapon|zone_source/zm_parkour_nothing0.zone|csv
4096,image,i_t6_attach_optic_acog_lens1_g,279,87368,|mc/mtl_t6_attach_optic_acog_lens1|material|vm_t6_mauser_c96_ads_scope|xmodel|t6_mauser_c96_up|weapon|zone_source/zm_parkour_nothing0.zone|csv
4097,image,i_t6_attach_optic_acog_lens1_c,295,109240,|mc/mtl_t6_attach_optic_m32_lens|material|vm_t6_war_machine_ads_scope|xmodel|t6_war_machine_up|weapon|zone_source/zm_parkour_nothing0.zone|csv
4098,image,i_t6_attach_optic_acog_lens1_s,279,87368,|mc/mtl_t6_attach_optic_acog_lens1|material|vm_t6_mauser_c96_ads_scope|xmodel|t6_mauser_c96_up|weapon|zone_source/zm_parkour_nothing0.zone|csv
4099,material,mc/mtl_t6_attach_optic_acog_lens1,980,0,|vm_t6_mauser_c96_ads_scope|xmodel|t6_mauser_c96_up|weapon|zone_source/zm_parkour_nothing0.zone|csv
4100,image,i_t6_attach_optic_acog_shade_c,5767,0,|mc/mtl_t6_attach_optic_acog_shade|material|vm_t6_acog|xmodel|t6_xpr50_up|weapon|zone_source/zm_parkour_nothing0.zone|csv
4101,material,mc/mtl_t6_attach_optic_acog_shade,865,0,|vm_t6_acog|xmodel|t6_xpr50_up|weapon|zone_source/zm_parkour_nothing0.zone|csv
4102,xmodelmesh,vm_t6_mauser_c96_hip_scopee5b31cf1,680,82824,|vm_t6_mauser_c96_hip_scope|xmodel|t6_mauser_c96_up|weapon|zone_source/zm_parkour_nothing0.zone|csv
4103,xmodel,vm_t6_mauser_c96_hip_scope,200,0,|t6_mauser_c96_up|weapon|zone_source/zm_parkour_nothing0.zone|csv
4104,xmodelmesh,vm_t6_mauser_c96_ads_scope6ba6fd70,680,41856,|vm_t6_mauser_c96_ads_scope|xmodel|t6_mauser_c96_up|weapon|zone_source/zm_parkour_nothing0.zone|csv
4105,xmodel,vm_t6_mauser_c96_ads_scope,200,0,|t6_mauser_c96_up|weapon|zone_source/zm_parkour_nothing0.zone|csv
4106,xmodelmesh,wm_t6_mauser_c96_scope1231eaea,336,25440,|wm_t6_mauser_c96_scope|xmodel|t6_mauser_c96_up|weapon|zone_source/zm_parkour_nothing0.zone|csv
4107,xmodel,wm_t6_mauser_c96_scope,156,0,|t6_mauser_c96_up|weapon|zone_source/zm_parkour_nothing0.zone|csv
4108,material,mc/lambert1,13,0,|tag_flash|xmodel|t6_mauser_c96_up|weapon|zone_source/zm_parkour_nothing0.zone|csv
4109,xmodelmesh,tag_flash6f4ef484,472,0,|tag_flash|xmodel|t6_mauser_c96_up|weapon|zone_source/zm_parkour_nothing0.zone|csv
4110,xmodel,tag_flash,295,0,|t6_mauser_c96_up|weapon|zone_source/zm_parkour_nothing0.zone|csv
4111,material,el/gfx_green_tracer,21,0,|skye_efx/t6_efx/fx_t6_raygun_mark2_tracer_up|fx|t6_mauser_c96_up|weapon|zone_source/zm_parkour_nothing0.zone|csv
4112,techset,el/effect_lit_emissive_blend#3236dcd6,39,0,|el/gfx_lightning_beam_trail_em|material|skye_efx/t6_efx/fx_t6_raygun_mark2_tracer_up|fx|t6_mauser_c96_up|weapon|zone_source/zm_parkour_nothing0.zone|csv
4113,image,fxt_lightning_beam_trail_mask,87478,0,|el/gfx_lightning_beam_trail_em|material|skye_efx/t6_efx/fx_t6_raygun_mark2_tracer_up|fx|t6_mauser_c96_up|weapon|zone_source/zm_parkour_nothing0.zone|csv
4114,image,fxt_lightning_beam_trail,175009,0,|el/gfx_lightning_beam_trail_em|material|skye_efx/t6_efx/fx_t6_raygun_mark2_tracer_up|fx|t6_mauser_c96_up|weapon|zone_source/zm_parkour_nothing0.zone|csv
4115,material,el/gfx_lightning_beam_trail_em,3533,0,|skye_efx/t6_efx/fx_t6_raygun_mark2_tracer_up|fx|t6_mauser_c96_up|weapon|zone_source/zm_parkour_nothing0.zone|csv
4116,material,ei/gfx_light_core_hot_em,26,0,|skye_efx/t6_efx/fx_t6_raygun_mark2_tracer_up|fx|t6_mauser_c96_up|weapon|zone_source/zm_parkour_nothing0.zone|csv
4117,fx,skye_efx/t6_efx/fx_t6_raygun_mark2_tracer_up,5022,0,|t6_mauser_c96_up|weapon|zone_source/zm_parkour_nothing0.zone|csv
4118,material,ei/gfx_smk_whisp_anim_em,26,0,|skye_efx/t6_efx/fx_t6_raygun_mark2_flesh_impact_up|fx|t6_raygun_mark2_up_entity_impactfx|entityfximpacts|t6_raygun_mark2_up_impactfx|impactsfxtable|t6_mauser_c96_up|weapon|zone_source/zm_parkour_nothing0.zone|csv
4119,fx,skye_efx/t6_efx/fx_t6_raygun_mark2_impact_up,12414,0,|t6_raygun_mark2_up_surface_impactfx|surfacefxtable|t6_raygun_mark2_up_impactfx|impactsfxtable|t6_mauser_c96_up|weapon|zone_source/zm_parkour_nothing0.zone|csv
4120,fx,skye_efx/t6_efx/fx_t6_raygun_mark2_flesh_impact_up,8280,0,|t6_raygun_mark2_up_entity_impactfx|entityfximpacts|t6_raygun_mark2_up_impactfx|impactsfxtable|t6_mauser_c96_up|weapon|zone_source/zm_parkour_nothing0.zone|csv
4121,surfacefxtable,t6_raygun_mark2_up_surface_impactfx,36,0,|t6_raygun_mark2_up_impactfx|impactsfxtable|t6_mauser_c96_up|weapon|zone_source/zm_parkour_nothing0.zone|csv
4122,entityfximpacts,t6_raygun_mark2_up_entity_impactfx,35,0,|t6_raygun_mark2_up_impactfx|impactsfxtable|t6_mauser_c96_up|weapon|zone_source/zm_parkour_nothing0.zone|csv
4123,impactsfxtable,t6_raygun_mark2_up_impactfx,28,0,|t6_mauser_c96_up|weapon|zone_source/zm_parkour_nothing0.zone|csv
4124,weaponcamo,t6_camo_mauser_c96_table,78509,0,|t6_mauser_c96_up|weapon|zone_source/zm_parkour_nothing0.zone|csv
4125,xanim,am_t6_mauser_c96_scope_fire,2223,0,|t6_mauser_c96_up|weapon|zone_source/zm_parkour_nothing0.zone|csv
4126,xanim,am_t6_mauser_c96_scope_reload_empty,18347,0,|t6_mauser_c96_up|weapon|zone_source/zm_parkour_nothing0.zone|csv
4127,xanim,am_t6_mauser_c96_scope_ads_up,106,0,|t6_mauser_c96_up|weapon|zone_source/zm_parkour_nothing0.zone|csv
4128,xanim,am_t6_mauser_c96_scope_ads_down,108,0,|t6_mauser_c96_up|weapon|zone_source/zm_parkour_nothing0.zone|csv
4129,weapon,t6_mauser_c96_up,7816,0,|zone_source/zm_parkour_nothing0.zone|csv
4130,image,i_t6_wpn_zmb_mg08_camo_n,281,1400912,|mc/mtl_t6_wpn_zmb_mg08_camo|material|t6_camo_mg0815_table|weaponcamo|t6_mg0815_up|weapon|zone_source/zm_parkour_nothing0.zone|csv
4131,image,i_t6_wpn_zmb_mg08_camo_g,273,742728,|mc/mtl_t6_wpn_zmb_mg08_camo|material|t6_camo_mg0815_table|weaponcamo|t6_mg0815_up|weapon|zone_source/zm_parkour_nothing0.zone|csv
4132,image,i_t6_wpn_zmb_mg08_camo_r,281,720896,|t6_camo_mg0815_table|weaponcamo|t6_mg0815_up|weapon|zone_source/zm_parkour_nothing0.zone|csv
4133,image,i_t6_wpn_zmb_mg08_camo_c,289,1419960,|mc/mtl_t6_wpn_zmb_mg08_camo|material|t6_camo_mg0815_table|weaponcamo|t6_mg0815_up|weapon|zone_source/zm_parkour_nothing0.zone|csv
4134,image,i_t6_wpn_zmb_mg08_camo_s,273,742728,|mc/mtl_t6_wpn_zmb_mg08_camo|material|t6_camo_mg0815_table|weaponcamo|t6_mg0815_up|weapon|zone_source/zm_parkour_nothing0.zone|csv
4135,material,mc/mtl_t6_wpn_zmb_mg08_camo,1139,0,|t6_camo_mg0815_table|weaponcamo|t6_mg0815_up|weapon|zone_source/zm_parkour_nothing0.zone|csv
4136,image,i_t6_wpn_zmb_mg08_mag_camo_n,293,371384,|mc/mtl_t6_wpn_zmb_mg08_mag_camo|material|t6_camo_mg0815_table|weaponcamo|t6_mg0815_up|weapon|zone_source/zm_parkour_nothing0.zone|csv
4137,image,i_t6_wpn_zmb_mg08_mag_camo_g,277,218440,|mc/mtl_t6_wpn_zmb_mg08_mag_camo|material|t6_camo_mg0815_table|weaponcamo|t6_mg0815_up|weapon|zone_source/zm_parkour_nothing0.zone|csv
4138,image,i_t6_wpn_zmb_mg08_mag_camo_r,285,196608,|t6_camo_mg0815_table|weaponcamo|t6_mg0815_up|weapon|zone_source/zm_parkour_nothing0.zone|csv
4139,image,i_t6_wpn_zmb_mg08_mag_camo_c,293,371384,|mc/mtl_t6_wpn_zmb_mg08_mag_camo|material|t6_camo_mg0815_table|weaponcamo|t6_mg0815_up|weapon|zone_source/zm_parkour_nothing0.zone|csv
4140,image,i_t6_wpn_zmb_mg08_mag_camo_s,277,218440,|mc/mtl_t6_wpn_zmb_mg08_mag_camo|material|t6_camo_mg0815_table|weaponcamo|t6_mg0815_up|weapon|zone_source/zm_parkour_nothing0.zone|csv
4141,material,mc/mtl_t6_wpn_zmb_mg08_mag_camo,1135,0,|t6_camo_mg0815_table|weaponcamo|t6_mg0815_up|weapon|zone_source/zm_parkour_nothing0.zone|csv
4142,xmodelmesh,vm_t6_mg08158f9e058b,624,366680,|vm_t6_mg0815|xmodel|t6_mg0815_up|weapon|zone_source/zm_parkour_nothing0.zone|csv
4143,xmodel,vm_t6_mg0815,1128,0,|t6_mg0815_up|weapon|zone_source/zm_parkour_nothing0.zone|csv
4144,xmodelmesh,wm_t6_mg0815417048d1,560,84112,|wm_t6_mg0815|xmodel|t6_mg0815_up|weapon|zone_source/zm_parkour_nothing0.zone|csv
4145,xmodel,wm_t6_mg0815,472,0,|t6_mg0815_up|weapon|zone_source/zm_parkour_nothing0.zone|csv
4146,xanim,am_t6_mg0815_idle,1808,0,|t6_mg0815_up|weapon|zone_source/zm_parkour_nothing0.zone|csv
4147,xanim,am_t6_mg0815_fire,2264,0,|t6_mg0815_up|weapon|zone_source/zm_parkour_nothing0.zone|csv
4148,xanim,am_t6_mg0815_reload,30164,0,|t6_mg0815_up|weapon|zone_source/zm_parkour_nothing0.zone|csv
4149,xanim,am_t6_mg0815_reload_empty,38238,0,|t6_mg0815_up|weapon|zone_source/zm_parkour_nothing0.zone|csv
4150,xanim,am_t6_mg0815_pullout,6684,0,|t6_mg0815_up|weapon|zone_source/zm_parkour_nothing0.zone|csv
4151,xanim,am_t6_mg0815_first_raise,14294,0,|t6_mg0815_up|weapon|zone_source/zm_parkour_nothing0.zone|csv
4152,xanim,am_t6_mg0815_putaway,4701,0,|t6_mg0815_up|weapon|zone_source/zm_parkour_nothing0.zone|csv
4153,xanim,am_t6_mg0815_sprint_in,3567,0,|t6_mg0815_up|weapon|zone_source/zm_parkour_nothing0.zone|csv
4154,xanim,am_t6_mg0815_sprint_loop,4936,0,|t6_mg0815_up|weapon|zone_source/zm_parkour_nothing0.zone|csv
4155,xanim,am_t6_mg0815_sprint_out,3634,0,|t6_mg0815_up|weapon|zone_source/zm_parkour_nothing0.zone|csv
4156,xanim,am_t6_mg0815_crawl_in,3520,0,|t6_mg0815_up|weapon|zone_source/zm_parkour_nothing0.zone|csv
4157,xanim,am_t6_mg0815_crawl_forward,6109,0,|t6_mg0815_up|weapon|zone_source/zm_parkour_nothing0.zone|csv
4158,xanim,am_t6_mg0815_crawl_back,5189,0,|t6_mg0815_up|weapon|zone_source/zm_parkour_nothing0.zone|csv
4159,xanim,am_t6_mg0815_crawl_right,5430,0,|t6_mg0815_up|weapon|zone_source/zm_parkour_nothing0.zone|csv
4160,xanim,am_t6_mg0815_crawl_left,5415,0,|t6_mg0815_up|weapon|zone_source/zm_parkour_nothing0.zone|csv
4161,xanim,am_t6_mg0815_crawl_out,3248,0,|t6_mg0815_up|weapon|zone_source/zm_parkour_nothing0.zone|csv
4162,xanim,am_t6_mg0815_ads_fire,1947,0,|t6_mg0815_up|weapon|zone_source/zm_parkour_nothing0.zone|csv
4163,xanim,am_t6_mg0815_slide_in,3695,0,|t6_mg0815_up|weapon|zone_source/zm_parkour_nothing0.zone|csv
4164,xanim,am_t6_mg0815_slide_air_in,3365,0,|t6_mg0815_up|weapon|zone_source/zm_parkour_nothing0.zone|csv
4165,xanim,am_t6_mg0815_slide_loop,2020,0,|t6_mg0815_up|weapon|zone_source/zm_parkour_nothing0.zone|csv
4166,xanim,am_t6_mg0815_slide_out,3273,0,|t6_mg0815_up|weapon|zone_source/zm_parkour_nothing0.zone|csv
4167,xanim,am_t6_mg0815_ads_up,109,0,|t6_mg0815_up|weapon|zone_source/zm_parkour_nothing0.zone|csv
4168,xanim,am_t6_mg0815_ads_down,108,0,|t6_mg0815_up|weapon|zone_source/zm_parkour_nothing0.zone|csv
4169,weapon,t6_mg0815,7666,0,|zone_source/zm_parkour_nothing0.zone|csv
4170,weaponcamo,t6_camo_mg0815_table,80552,0,|t6_mg0815_up|weapon|zone_source/zm_parkour_nothing0.zone|csv
4171,weapon,t6_mg0815_up,6199,0,|zone_source/zm_parkour_nothing0.zone|csv
4172,image,i_t6_wpn_lmg_mk48_camo1_o,282,204568,|mc/mtl_t6_wpn_lmg_mk48_camo1|material|t6_camo_mk48_table|weaponcamo|t6_mk48_up|weapon|zone_source/zm_parkour_nothing0.zone|csv
4173,image,i_t6_wpn_lmg_mk48_camo1_n,290,1419960,|mc/mtl_t6_wpn_lmg_mk48_camo1|material|t6_camo_mk48_table|weaponcamo|t6_mk48_up|weapon|zone_source/zm_parkour_nothing0.zone|csv
4174,image,i_t6_wpn_lmg_mk48_camo1_g,274,742728,|mc/mtl_t6_wpn_lmg_mk48_camo1|material|t6_camo_mk48_table|weaponcamo|t6_mk48_up|weapon|zone_source/zm_parkour_nothing0.zone|csv
4175,image,i_t6_wpn_lmg_mk48_camo1_r,282,720896,|t6_camo_mk48_table|weaponcamo|t6_mk48_up|weapon|zone_source/zm_parkour_nothing0.zone|csv
4176,image,i_t6_wpn_lmg_mk48_camo1_c,290,1419960,|mc/mtl_t6_wpn_lmg_mk48_camo1|material|t6_camo_mk48_table|weaponcamo|t6_mk48_up|weapon|zone_source/zm_parkour_nothing0.zone|csv
4177,image,i_t6_wpn_lmg_mk48_camo1_s,274,742728,|mc/mtl_t6_wpn_lmg_mk48_camo1|material|t6_camo_mk48_table|weaponcamo|t6_mk48_up|weapon|zone_source/zm_parkour_nothing0.zone|csv
4178,material,mc/mtl_t6_wpn_lmg_mk48_camo1,1133,0,|t6_camo_mk48_table|weaponcamo|t6_mk48_up|weapon|zone_source/zm_parkour_nothing0.zone|csv
4179,image,i_t6_wpn_lmg_mk48_ammo_camo1_o,287,65536,|mc/mtl_t6_wpn_lmg_mk48_ammo_camo1|material|t6_camo_mk48_table|weaponcamo|t6_mk48_up|weapon|zone_source/zm_parkour_nothing0.zone|csv
4180,image,i_t6_wpn_lmg_mk48_ammo_camo1_n,295,371384,|mc/mtl_t6_wpn_lmg_mk48_ammo_camo1|material|t6_camo_mk48_table|weaponcamo|t6_mk48_up|weapon|zone_source/zm_parkour_nothing0.zone|csv
4181,image,i_t6_wpn_lmg_mk48_ammo_camo1_g,279,218440,|mc/mtl_t6_wpn_lmg_mk48_ammo_camo1|material|t6_camo_mk48_table|weaponcamo|t6_mk48_up|weapon|zone_source/zm_parkour_nothing0.zone|csv
4182,image,i_t6_wpn_lmg_mk48_ammo_camo1_r,287,196608,|t6_camo_mk48_table|weaponcamo|t6_mk48_up|weapon|zone_source/zm_parkour_nothing0.zone|csv
4183,image,i_t6_wpn_lmg_mk48_ammo_camo1_c,295,371384,|mc/mtl_t6_wpn_lmg_mk48_ammo_camo1|material|t6_camo_mk48_table|weaponcamo|t6_mk48_up|weapon|zone_source/zm_parkour_nothing0.zone|csv
4184,image,i_t6_wpn_lmg_mk48_ammo_camo1_s,279,218440,|mc/mtl_t6_wpn_lmg_mk48_ammo_camo1|material|t6_camo_mk48_table|weaponcamo|t6_mk48_up|weapon|zone_source/zm_parkour_nothing0.zone|csv
4185,material,mc/mtl_t6_wpn_lmg_mk48_ammo_camo1,1142,0,|t6_camo_mk48_table|weaponcamo|t6_mk48_up|weapon|zone_source/zm_parkour_nothing0.zone|csv
4186,xmodelmesh,vm_t6_mk48f2e439fc,1528,313864,|vm_t6_mk48|xmodel|t6_mk48_up|weapon|zone_source/zm_parkour_nothing0.zone|csv
4187,xmodel,vm_t6_mk48,2652,0,|t6_mk48_up|weapon|zone_source/zm_parkour_nothing0.zone|csv
4188,xmodelmesh,wm_t6_mk48cd704707,928,79008,|wm_t6_mk48|xmodel|t6_mk48_up|weapon|zone_source/zm_parkour_nothing0.zone|csv
4189,xmodel,wm_t6_mk48,604,0,|t6_mk48_up|weapon|zone_source/zm_parkour_nothing0.zone|csv
4190,xanim,am_t6_mk48_idle,2808,0,|t6_mk48|weapon|zone_source/zm_parkour_nothing0.zone|csv
4191,xanim,am_t6_mk48_fire,4324,0,|t6_mk48|weapon|zone_source/zm_parkour_nothing0.zone|csv
4192,xanim,am_t6_mk48_reload,77332,0,|t6_mk48|weapon|zone_source/zm_parkour_nothing0.zone|csv
4193,xanim,am_t6_mk48_pullout,9204,0,|t6_mk48|weapon|zone_source/zm_parkour_nothing0.zone|csv
4194,xanim,am_t6_mk48_first_raise,24056,0,|t6_mk48|weapon|zone_source/zm_parkour_nothing0.zone|csv
4195,xanim,am_t6_mk48_putaway,5400,0,|t6_mk48|weapon|zone_source/zm_parkour_nothing0.zone|csv
4196,xanim,am_t6_mk48_sprint_in,3264,0,|t6_mk48|weapon|zone_source/zm_parkour_nothing0.zone|csv
4197,xanim,am_t6_mk48_sprint_loop,4114,0,|t6_mk48|weapon|zone_source/zm_parkour_nothing0.zone|csv
4198,xanim,am_t6_mk48_sprint_out,2883,0,|t6_mk48|weapon|zone_source/zm_parkour_nothing0.zone|csv
4199,xanim,am_t6_mk48_crawl_in,3968,0,|t6_mk48|weapon|zone_source/zm_parkour_nothing0.zone|csv
4200,xanim,am_t6_mk48_crawl_forward,9295,0,|t6_mk48|weapon|zone_source/zm_parkour_nothing0.zone|csv
4201,xanim,am_t6_mk48_crawl_back,6549,0,|t6_mk48|weapon|zone_source/zm_parkour_nothing0.zone|csv
4202,xanim,am_t6_mk48_crawl_right,7668,0,|t6_mk48|weapon|zone_source/zm_parkour_nothing0.zone|csv
4203,xanim,am_t6_mk48_crawl_left,7604,0,|t6_mk48|weapon|zone_source/zm_parkour_nothing0.zone|csv
4204,xanim,am_t6_mk48_crawl_out,3604,0,|t6_mk48|weapon|zone_source/zm_parkour_nothing0.zone|csv
4205,xanim,am_t6_mk48_ads_fire,3916,0,|t6_mk48|weapon|zone_source/zm_parkour_nothing0.zone|csv
4206,xanim,am_t6_mk48_slide_in,4005,0,|t6_mk48|weapon|zone_source/zm_parkour_nothing0.zone|csv
4207,xanim,am_t6_mk48_slide_air_in,3745,0,|t6_mk48|weapon|zone_source/zm_parkour_nothing0.zone|csv
4208,xanim,am_t6_mk48_slide_loop,2499,0,|t6_mk48|weapon|zone_source/zm_parkour_nothing0.zone|csv
4209,xanim,am_t6_mk48_slide_out,3531,0,|t6_mk48|weapon|zone_source/zm_parkour_nothing0.zone|csv
4210,xanim,am_t6_mk48_ads_up,247,0,|t6_mk48|weapon|zone_source/zm_parkour_nothing0.zone|csv
4211,xanim,am_t6_mk48_ads_down,209,0,|t6_mk48|weapon|zone_source/zm_parkour_nothing0.zone|csv
4212,weapon,t6_mk48,7671,0,|zone_source/zm_parkour_nothing0.zone|csv
4213,weaponcamo,t6_camo_mk48_table,80552,0,|t6_mk48_up|weapon|zone_source/zm_parkour_nothing0.zone|csv
4214,xanim,am_t6_mk48_grip_idle,2440,0,|t6_mk48_up|weapon|zone_source/zm_parkour_nothing0.zone|csv
4215,xanim,am_t6_mk48_grip_fire,4048,0,|t6_mk48_up|weapon|zone_source/zm_parkour_nothing0.zone|csv
4216,xanim,am_t6_mk48_grip_reload,77972,0,|t6_mk48_up|weapon|zone_source/zm_parkour_nothing0.zone|csv
4217,xanim,am_t6_mk48_grip_pullout,9195,0,|t6_mk48_up|weapon|zone_source/zm_parkour_nothing0.zone|csv
4218,xanim,am_t6_mk48_grip_first_raise,23127,0,|t6_mk48_up|weapon|zone_source/zm_parkour_nothing0.zone|csv
4219,xanim,am_t6_mk48_grip_putaway,6278,0,|t6_mk48_up|weapon|zone_source/zm_parkour_nothing0.zone|csv
4220,xanim,am_t6_mk48_grip_sprint_in,3869,0,|t6_mk48_up|weapon|zone_source/zm_parkour_nothing0.zone|csv
4221,xanim,am_t6_mk48_grip_sprint_loop,4939,0,|t6_mk48_up|weapon|zone_source/zm_parkour_nothing0.zone|csv
4222,xanim,am_t6_mk48_grip_sprint_out,3493,0,|t6_mk48_up|weapon|zone_source/zm_parkour_nothing0.zone|csv
4223,xanim,am_t6_mk48_grip_crawl_in,4024,0,|t6_mk48_up|weapon|zone_source/zm_parkour_nothing0.zone|csv
4224,xanim,am_t6_mk48_grip_crawl_forward,8696,0,|t6_mk48_up|weapon|zone_source/zm_parkour_nothing0.zone|csv
4225,xanim,am_t6_mk48_grip_crawl_back,5962,0,|t6_mk48_up|weapon|zone_source/zm_parkour_nothing0.zone|csv
4226,xanim,am_t6_mk48_grip_crawl_right,7786,0,|t6_mk48_up|weapon|zone_source/zm_parkour_nothing0.zone|csv
4227,xanim,am_t6_mk48_grip_crawl_left,7756,0,|t6_mk48_up|weapon|zone_source/zm_parkour_nothing0.zone|csv
4228,xanim,am_t6_mk48_grip_crawl_out,3596,0,|t6_mk48_up|weapon|zone_source/zm_parkour_nothing0.zone|csv
4229,xanim,am_t6_mk48_grip_ads_fire,3560,0,|t6_mk48_up|weapon|zone_source/zm_parkour_nothing0.zone|csv
4230,xanim,am_t6_mk48_grip_slide_in,3780,0,|t6_mk48_up|weapon|zone_source/zm_parkour_nothing0.zone|csv
4231,xanim,am_t6_mk48_grip_slide_air_in,3504,0,|t6_mk48_up|weapon|zone_source/zm_parkour_nothing0.zone|csv
4232,xanim,am_t6_mk48_grip_slide_loop,2622,0,|t6_mk48_up|weapon|zone_source/zm_parkour_nothing0.zone|csv
4233,xanim,am_t6_mk48_grip_slide_out,3745,0,|t6_mk48_up|weapon|zone_source/zm_parkour_nothing0.zone|csv
4234,xanim,am_t6_mk48_reflex_ads_up,197,0,|t6_mk48_up|weapon|zone_source/zm_parkour_nothing0.zone|csv
4235,xanim,am_t6_mk48_reflex_ads_down,193,0,|t6_mk48_up|weapon|zone_source/zm_parkour_nothing0.zone|csv
4236,weapon,t6_mk48_up,7783,0,|zone_source/zm_parkour_nothing0.zone|csv
4237,image,i_t6_wpn_launch_mm1_camo_o,283,65880,|mc/mtl_t6_wpn_launch_mm1_camo|material|t6_camo_mm1_table|weaponcamo|t6_mm1_up|weapon|zone_source/zm_parkour_nothing0.zone|csv
4238,image,i_t6_wpn_launch_mm1_camo_n,291,1419960,|mc/mtl_t6_wpn_launch_mm1_camo|material|t6_camo_mm1_table|weaponcamo|t6_mm1_up|weapon|zone_source/zm_parkour_nothing0.zone|csv
4239,image,i_t6_wpn_launch_mm1_camo_g,275,742728,|mc/mtl_t6_wpn_launch_mm1_camo|material|t6_camo_mm1_table|weaponcamo|t6_mm1_up|weapon|zone_source/zm_parkour_nothing0.zone|csv
4240,image,i_t6_wpn_launch_mm1_camo_r,283,720896,|t6_camo_mm1_table|weaponcamo|t6_mm1_up|weapon|zone_source/zm_parkour_nothing0.zone|csv
4241,image,i_t6_wpn_launch_mm1_camo_c,291,1419960,|mc/mtl_t6_wpn_launch_mm1_camo|material|t6_camo_mm1_table|weaponcamo|t6_mm1_up|weapon|zone_source/zm_parkour_nothing0.zone|csv
4242,image,i_t6_wpn_launch_mm1_camo_s,275,742728,|mc/mtl_t6_wpn_launch_mm1_camo|material|t6_camo_mm1_table|weaponcamo|t6_mm1_up|weapon|zone_source/zm_parkour_nothing0.zone|csv
4243,material,mc/mtl_t6_wpn_launch_mm1_camo,1129,0,|t6_camo_mm1_table|weaponcamo|t6_mm1_up|weapon|zone_source/zm_parkour_nothing0.zone|csv
4244,xmodelmesh,vm_t6_mm17327964e,280,159544,|vm_t6_mm1|xmodel|t6_mm1_up|weapon|zone_source/zm_parkour_nothing0.zone|csv
4245,xmodel,vm_t6_mm1,668,0,|t6_mm1_up|weapon|zone_source/zm_parkour_nothing0.zone|csv
4246,xmodelmesh,wm_t6_mm12b25705f,224,38848,|wm_t6_mm1|xmodel|t6_mm1_up|weapon|zone_source/zm_parkour_nothing0.zone|csv
4247,xmodel,wm_t6_mm1,224,0,|t6_mm1_up|weapon|zone_source/zm_parkour_nothing0.zone|csv
4248,xanim,am_t6_mm1_idle,1588,0,|t6_titus6_gl_up_zm|weapon|zone_source/zm_parkour_nothing0.zone|csv
4249,xanim,am_t6_mm1_fire,3254,0,|t6_mm1_up|weapon|zone_source/zm_parkour_nothing0.zone|csv
4250,xanim,am_t6_mm1_reload,24504,0,|t6_mm1_up|weapon|zone_source/zm_parkour_nothing0.zone|csv
4251,xanim,am_t6_mm1_pullout,4951,0,|t6_mm1_up|weapon|zone_source/zm_parkour_nothing0.zone|csv
4252,xanim,am_t6_mm1_first_raise,8717,0,|t6_mm1_up|weapon|zone_source/zm_parkour_nothing0.zone|csv
4253,xanim,am_t6_mm1_putaway,5710,0,|t6_mm1_up|weapon|zone_source/zm_parkour_nothing0.zone|csv
4254,xanim,am_t6_mm1_sprint_in,3495,0,|t6_mm1_up|weapon|zone_source/zm_parkour_nothing0.zone|csv
4255,xanim,am_t6_mm1_sprint_loop,5416,0,|t6_mm1_up|weapon|zone_source/zm_parkour_nothing0.zone|csv
4256,xanim,am_t6_mm1_sprint_out,3056,0,|t6_mm1_up|weapon|zone_source/zm_parkour_nothing0.zone|csv
4257,xanim,am_t6_mm1_crawl_in,3651,0,|t6_mm1_up|weapon|zone_source/zm_parkour_nothing0.zone|csv
4258,xanim,am_t6_mm1_crawl_forward,5766,0,|t6_mm1_up|weapon|zone_source/zm_parkour_nothing0.zone|csv
4259,xanim,am_t6_mm1_crawl_back,5587,0,|t6_mm1_up|weapon|zone_source/zm_parkour_nothing0.zone|csv
4260,xanim,am_t6_mm1_crawl_right,5908,0,|t6_mm1_up|weapon|zone_source/zm_parkour_nothing0.zone|csv
4261,xanim,am_t6_mm1_crawl_left,5104,0,|t6_mm1_up|weapon|zone_source/zm_parkour_nothing0.zone|csv
4262,xanim,am_t6_mm1_crawl_out,3672,0,|t6_mm1_up|weapon|zone_source/zm_parkour_nothing0.zone|csv
4263,xanim,am_t6_mm1_slide_in,3594,0,|t6_mm1_up|weapon|zone_source/zm_parkour_nothing0.zone|csv
4264,xanim,am_t6_mm1_slide_air_in,3320,0,|t6_mm1_up|weapon|zone_source/zm_parkour_nothing0.zone|csv
4265,xanim,am_t6_mm1_slide_loop,2179,0,|t6_mm1_up|weapon|zone_source/zm_parkour_nothing0.zone|csv
4266,xanim,am_t6_mm1_slide_out,3335,0,|t6_mm1_up|weapon|zone_source/zm_parkour_nothing0.zone|csv
4267,xanim,am_t6_mm1_ads_up,49,0,|t6_mm1_up|weapon|zone_source/zm_parkour_nothing0.zone|csv
4268,xanim,am_t6_mm1_ads_down,52,0,|t6_mm1_up|weapon|zone_source/zm_parkour_nothing0.zone|csv
4269,weapon,t6_mm1,7704,0,|zone_source/zm_parkour_nothing0.zone|csv
4270,weaponcamo,t6_camo_mm1_table,78504,0,|t6_mm1_up|weapon|zone_source/zm_parkour_nothing0.zone|csv
4271,weapon,t6_mm1_up,6132,0,|zone_source/zm_parkour_nothing0.zone|csv
4272,image,i_t6_wpn_smg_mp5_camo1_o,281,194824,|mc/mtl_t6_wpn_smg_mp5_camo1|material|t6_camo_mp5_table|weaponcamo|t6_mp5_up|weapon|zone_source/zm_parkour_nothing0.zone|csv
4273,image,i_t6_wpn_smg_mp5_camo1_n,289,1419960,|mc/mtl_t6_wpn_smg_mp5_camo1|material|t6_camo_mp5_table|weaponcamo|t6_mp5_up|weapon|zone_source/zm_parkour_nothing0.zone|csv
4274,image,i_t6_wpn_smg_mp5_camo1_g,273,742728,|mc/mtl_t6_wpn_smg_mp5_camo1|material|t6_camo_mp5_table|weaponcamo|t6_mp5_up|weapon|zone_source/zm_parkour_nothing0.zone|csv
4275,image,i_t6_wpn_smg_mp5_camo1_r,281,720896,|t6_camo_mp5_table|weaponcamo|t6_mp5_up|weapon|zone_source/zm_parkour_nothing0.zone|csv
4276,image,i_t6_wpn_smg_mp5_camo1_c,289,1419960,|mc/mtl_t6_wpn_smg_mp5_camo1|material|t6_camo_mp5_table|weaponcamo|t6_mp5_up|weapon|zone_source/zm_parkour_nothing0.zone|csv
4277,image,i_t6_wpn_smg_mp5_camo1_s,273,742728,|mc/mtl_t6_wpn_smg_mp5_camo1|material|t6_camo_mp5_table|weaponcamo|t6_mp5_up|weapon|zone_source/zm_parkour_nothing0.zone|csv
4278,material,mc/mtl_t6_wpn_smg_mp5_camo1,1126,0,|t6_camo_mp5_table|weaponcamo|t6_mp5_up|weapon|zone_source/zm_parkour_nothing0.zone|csv
4279,image,i_t6_attach_rail_mp5_o,287,43696,|mc/mtl_t6_attach_rail_mp5|material|wm_t6_mp5|xmodel|t6_mp5_up|weapon|zone_source/zm_parkour_nothing0.zone|csv
4280,image,i_t6_attach_rail_mp5_n,295,218472,|mc/mtl_t6_attach_rail_mp5|material|wm_t6_mp5|xmodel|t6_mp5_up|weapon|zone_source/zm_parkour_nothing0.zone|csv
4281,image,i_t6_attach_rail_mp5_g,263,109208,|mc/mtl_t6_attach_rail_mp5|material|wm_t6_mp5|xmodel|t6_mp5_up|weapon|zone_source/zm_parkour_nothing0.zone|csv
4282,image,i_t6_attach_rail_mp5_c,295,218472,|mc/mtl_t6_attach_rail_mp5|material|wm_t6_mp5|xmodel|t6_mp5_up|weapon|zone_source/zm_parkour_nothing0.zone|csv
4283,image,i_t6_attach_rail_mp5_s,263,109208,|mc/mtl_t6_attach_rail_mp5|material|wm_t6_mp5|xmodel|t6_mp5_up|weapon|zone_source/zm_parkour_nothing0.zone|csv
4284,material,mc/mtl_t6_attach_rail_mp5,1133,0,|wm_t6_mp5|xmodel|t6_mp5_up|weapon|zone_source/zm_parkour_nothing0.zone|csv
4285,xmodelmesh,vm_t6_mp557016502,552,202408,|vm_t6_mp5|xmodel|t6_mp5_up|weapon|zone_source/zm_parkour_nothing0.zone|csv
4286,xmodel,vm_t6_mp5,1200,0,|t6_mp5_up|weapon|zone_source/zm_parkour_nothing0.zone|csv
4287,xmodelmesh,wm_t6_mp57243d783,616,109904,|wm_t6_mp5|xmodel|t6_mp5_up|weapon|zone_source/zm_parkour_nothing0.zone|csv
4288,xmodel,wm_t6_mp5,1112,0,|t6_mp5_up|weapon|zone_source/zm_parkour_nothing0.zone|csv
4289,xmodelmesh,vm_t6_mp5_magc311106a,328,6096,|vm_t6_mp5_mag|xmodel|t6_mp5_up|weapon|zone_source/zm_parkour_nothing0.zone|csv
4290,xmodel,vm_t6_mp5_mag,224,0,|t6_mp5_up|weapon|zone_source/zm_parkour_nothing0.zone|csv
4291,xanim,am_t6_mp5_idle,1620,0,|t6_mp5_up|weapon|zone_source/zm_parkour_nothing0.zone|csv
4292,xanim,am_t6_mp5_fire,2315,0,|t6_mp5_up|weapon|zone_source/zm_parkour_nothing0.zone|csv
4293,xanim,am_t6_mp5_reload,21345,0,|t6_mp5_up|weapon|zone_source/zm_parkour_nothing0.zone|csv
4294,xanim,am_t6_mp5_reload_empty,25618,0,|t6_mp5_up|weapon|zone_source/zm_parkour_nothing0.zone|csv
4295,xanim,am_t6_mp5_pullout,8498,0,|t6_mp5_up|weapon|zone_source/zm_parkour_nothing0.zone|csv
4296,xanim,am_t6_mp5_first_raise,13468,0,|t6_mp5_up|weapon|zone_source/zm_parkour_nothing0.zone|csv
4297,xanim,am_t6_mp5_putaway,8697,0,|t6_mp5_up|weapon|zone_source/zm_parkour_nothing0.zone|csv
4298,xanim,am_t6_mp5_sprint_in,3447,0,|t6_mp5_up|weapon|zone_source/zm_parkour_nothing0.zone|csv
4299,xanim,am_t6_mp5_sprint_loop,4777,0,|t6_mp5_up|weapon|zone_source/zm_parkour_nothing0.zone|csv
4300,xanim,am_t6_mp5_sprint_out,3123,0,|t6_mp5_up|weapon|zone_source/zm_parkour_nothing0.zone|csv
4301,xanim,am_t6_mp5_crawl_in,3483,0,|t6_mp5_up|weapon|zone_source/zm_parkour_nothing0.zone|csv
4302,xanim,am_t6_mp5_crawl_forward,5964,0,|t6_mp5_up|weapon|zone_source/zm_parkour_nothing0.zone|csv
4303,xanim,am_t6_mp5_crawl_back,5299,0,|t6_mp5_up|weapon|zone_source/zm_parkour_nothing0.zone|csv
4304,xanim,am_t6_mp5_crawl_right,5714,0,|t6_mp5_up|weapon|zone_source/zm_parkour_nothing0.zone|csv
4305,xanim,am_t6_mp5_crawl_left,5790,0,|t6_mp5_up|weapon|zone_source/zm_parkour_nothing0.zone|csv
4306,xanim,am_t6_mp5_crawl_out,3166,0,|t6_mp5_up|weapon|zone_source/zm_parkour_nothing0.zone|csv
4307,xanim,am_t6_mp5_ads_fire,2047,0,|t6_mp5_up|weapon|zone_source/zm_parkour_nothing0.zone|csv
4308,xanim,am_t6_mp5_slide_in,3497,0,|t6_mp5_up|weapon|zone_source/zm_parkour_nothing0.zone|csv
4309,xanim,am_t6_mp5_slide_air_in,3160,0,|t6_mp5_up|weapon|zone_source/zm_parkour_nothing0.zone|csv
4310,xanim,am_t6_mp5_slide_loop,1956,0,|t6_mp5_up|weapon|zone_source/zm_parkour_nothing0.zone|csv
4311,xanim,am_t6_mp5_slide_out,2979,0,|t6_mp5_up|weapon|zone_source/zm_parkour_nothing0.zone|csv
4312,xanim,am_t6_mp5_ads_up,230,0,|t6_mp5_up|weapon|zone_source/zm_parkour_nothing0.zone|csv
4313,xanim,am_t6_mp5_ads_down,208,0,|t6_mp5_up|weapon|zone_source/zm_parkour_nothing0.zone|csv
4314,weapon,t6_mp5,7839,0,|zone_source/zm_parkour_nothing0.zone|csv
4315,weaponcamo,t6_camo_mp5_table,78504,0,|t6_mp5_up|weapon|zone_source/zm_parkour_nothing0.zone|csv
4316,weapon,t6_mp5_up,6115,0,|zone_source/zm_parkour_nothing0.zone|csv
4317,image,i_t6_wpn_smg_mp7_camo1_o,273,227720,|mc/mtl_t6_wpn_smg_mp7_camo1|material|t6_camo_mp7_table|weaponcamo|t6_mp7_up|weapon|zone_source/zm_parkour_nothing0.zone|csv
4318,image,i_t6_wpn_smg_mp7_camo1_n,289,1419960,|mc/mtl_t6_wpn_smg_mp7_camo1|material|t6_camo_mp7_table|weaponcamo|t6_mp7_up|weapon|zone_source/zm_parkour_nothing0.zone|csv
4319,image,i_t6_wpn_smg_mp7_camo1_g,273,742728,|mc/mtl_t6_wpn_smg_mp7_camo1|material|t6_camo_mp7_table|weaponcamo|t6_mp7_up|weapon|zone_source/zm_parkour_nothing0.zone|csv
4320,image,i_t6_wpn_smg_mp7_camo1_r,281,720896,|t6_camo_mp7_table|weaponcamo|t6_mp7_up|weapon|zone_source/zm_parkour_nothing0.zone|csv
4321,image,i_t6_wpn_smg_mp7_camo1_c,289,1419960,|mc/mtl_t6_wpn_smg_mp7_camo1|material|t6_camo_mp7_table|weaponcamo|t6_mp7_up|weapon|zone_source/zm_parkour_nothing0.zone|csv
4322,image,i_t6_wpn_smg_mp7_camo1_s,273,742728,|mc/mtl_t6_wpn_smg_mp7_camo1|material|t6_camo_mp7_table|weaponcamo|t6_mp7_up|weapon|zone_source/zm_parkour_nothing0.zone|csv
4323,material,mc/mtl_t6_wpn_smg_mp7_camo1,1119,0,|t6_camo_mp7_table|weaponcamo|t6_mp7_up|weapon|zone_source/zm_parkour_nothing0.zone|csv
4324,xmodelmesh,vm_t6_mp7f920a21f,920,202136,|vm_t6_mp7|xmodel|t6_mp7_up|weapon|zone_source/zm_parkour_nothing0.zone|csv
4325,xmodel,vm_t6_mp7,1264,0,|t6_mp7_up|weapon|zone_source/zm_parkour_nothing0.zone|csv
4326,xmodelmesh,wm_t6_mp791bd1bf5,776,93184,|wm_t6_mp7|xmodel|t6_mp7_up|weapon|zone_source/zm_parkour_nothing0.zone|csv
4327,xmodel,wm_t6_mp7,924,0,|t6_mp7_up|weapon|zone_source/zm_parkour_nothing0.zone|csv
4328,xmodelmesh,vm_t6_mp7_magfbdeb43f,448,17216,|vm_t6_mp7_mag|xmodel|t6_mp7_up|weapon|zone_source/zm_parkour_nothing0.zone|csv
4329,xmodel,vm_t6_mp7_mag,256,0,|t6_mp7_up|weapon|zone_source/zm_parkour_nothing0.zone|csv
4330,xanim,am_t6_mp7_idle,2136,0,|t6_mp7_up|weapon|zone_source/zm_parkour_nothing0.zone|csv
4331,xanim,am_t6_mp7_fire,2574,0,|t6_mp7_up|weapon|zone_source/zm_parkour_nothing0.zone|csv
4332,xanim,am_t6_mp7_reload,22510,0,|t6_mp7_up|weapon|zone_source/zm_parkour_nothing0.zone|csv
4333,xanim,am_t6_mp7_reload_empty,31665,0,|t6_mp7_up|weapon|zone_source/zm_parkour_nothing0.zone|csv
4334,xanim,am_t6_mp7_pullout,10261,0,|t6_mp7_up|weapon|zone_source/zm_parkour_nothing0.zone|csv
4335,xanim,am_t6_mp7_first_raise,12387,0,|t6_mp7_up|weapon|zone_source/zm_parkour_nothing0.zone|csv
4336,xanim,am_t6_mp7_putaway,5984,0,|t6_mp7_up|weapon|zone_source/zm_parkour_nothing0.zone|csv
4337,xanim,am_t6_mp7_sprint_in,3728,0,|t6_mp7_up|weapon|zone_source/zm_parkour_nothing0.zone|csv
4338,xanim,am_t6_mp7_sprint_loop,5097,0,|t6_mp7_up|weapon|zone_source/zm_parkour_nothing0.zone|csv
4339,xanim,am_t6_mp7_sprint_out,3403,0,|t6_mp7_up|weapon|zone_source/zm_parkour_nothing0.zone|csv
4340,xanim,am_t6_mp7_crawl_in,3559,0,|t6_mp7_up|weapon|zone_source/zm_parkour_nothing0.zone|csv
4341,xanim,am_t6_mp7_crawl_forward,6491,0,|t6_mp7_up|weapon|zone_source/zm_parkour_nothing0.zone|csv
4342,xanim,am_t6_mp7_crawl_back,5636,0,|t6_mp7_up|weapon|zone_source/zm_parkour_nothing0.zone|csv
4343,xanim,am_t6_mp7_crawl_right,5963,0,|t6_mp7_up|weapon|zone_source/zm_parkour_nothing0.zone|csv
4344,xanim,am_t6_mp7_crawl_left,5463,0,|t6_mp7_up|weapon|zone_source/zm_parkour_nothing0.zone|csv
4345,xanim,am_t6_mp7_crawl_out,3211,0,|t6_mp7_up|weapon|zone_source/zm_parkour_nothing0.zone|csv
4346,xanim,am_t6_mp7_ads_fire,2462,0,|t6_mp7_up|weapon|zone_source/zm_parkour_nothing0.zone|csv
4347,xanim,am_t6_mp7_slide_in,3850,0,|t6_mp7_up|weapon|zone_source/zm_parkour_nothing0.zone|csv
4348,xanim,am_t6_mp7_slide_air_in,3565,0,|t6_mp7_up|weapon|zone_source/zm_parkour_nothing0.zone|csv
4349,xanim,am_t6_mp7_slide_loop,2383,0,|t6_mp7_up|weapon|zone_source/zm_parkour_nothing0.zone|csv
4350,xanim,am_t6_mp7_slide_out,3219,0,|t6_mp7_up|weapon|zone_source/zm_parkour_nothing0.zone|csv
4351,xanim,am_t6_mp7_ads_up,137,0,|t6_mp7|weapon|zone_source/zm_parkour_nothing0.zone|csv
4352,xanim,am_t6_mp7_ads_down,132,0,|t6_mp7|weapon|zone_source/zm_parkour_nothing0.zone|csv
4353,weapon,t6_mp7,7836,0,|zone_source/zm_parkour_nothing0.zone|csv
4354,weaponcamo,t6_camo_mp7_table,78504,0,|t6_mp7_up|weapon|zone_source/zm_parkour_nothing0.zone|csv
4355,xanim,am_t6_mp7_reflex_ads_up,141,0,|t6_mp7_up|weapon|zone_source/zm_parkour_nothing0.zone|csv
4356,xanim,am_t6_mp7_reflex_ads_down,180,0,|t6_mp7_up|weapon|zone_source/zm_parkour_nothing0.zone|csv
4357,weapon,t6_mp7_up,7863,0,|zone_source/zm_parkour_nothing0.zone|csv
4358,image,i_t6_wpn_smg_mp40_camo1_n,290,1435104,|mc/mtl_t6_wpn_smg_mp40_camo1|material|t6_camo_mp40_table|weaponcamo|t6_mp40_up|weapon|zone_source/zm_parkour_nothing0.zone|csv
4359,image,i_t6_wpn_smg_mp40_camo1_g,274,742728,|mc/mtl_t6_wpn_smg_mp40_camo1|material|t6_camo_mp40_table|weaponcamo|t6_mp40_up|weapon|zone_source/zm_parkour_nothing0.zone|csv
4360,image,i_t6_wpn_smg_mp40_camo1_r,282,720896,|t6_camo_mp40_table|weaponcamo|t6_mp40_up|weapon|zone_source/zm_parkour_nothing0.zone|csv
4361,image,i_t6_wpn_smg_mp40_camo1_c,290,1419960,|mc/mtl_t6_wpn_smg_mp40_camo1|material|t6_camo_mp40_table|weaponcamo|t6_mp40_up|weapon|zone_source/zm_parkour_nothing0.zone|csv
4362,image,i_t6_wpn_smg_mp40_camo1_s,274,742728,|mc/mtl_t6_wpn_smg_mp40_camo1|material|t6_camo_mp40_table|weaponcamo|t6_mp40_up|weapon|zone_source/zm_parkour_nothing0.zone|csv
4363,material,mc/mtl_t6_wpn_smg_mp40_camo1,1134,0,|t6_camo_mp40_table|weaponcamo|t6_mp40_up|weapon|zone_source/zm_parkour_nothing0.zone|csv
4364,xmodelmesh,vm_t6_mp4023938da1,408,257400,|vm_t6_mp40|xmodel|t6_mp40_up|weapon|zone_source/zm_parkour_nothing0.zone|csv
4365,xmodel,vm_t6_mp40,772,0,|t6_mp40_up|weapon|zone_source/zm_parkour_nothing0.zone|csv
4366,xmodelmesh,wm_t6_mp407d18ff47,448,74672,|wm_t6_mp40|xmodel|t6_mp40_up|weapon|zone_source/zm_parkour_nothing0.zone|csv
4367,xmodel,wm_t6_mp40,456,0,|t6_mp40_up|weapon|zone_source/zm_parkour_nothing0.zone|csv
4368,xmodelmesh,vm_t6_mp40_mag4aa922b6,328,10992,|vm_t6_mp40_mag|xmodel|t6_mp40_up|weapon|zone_source/zm_parkour_nothing0.zone|csv
4369,xmodel,vm_t6_mp40_mag,244,0,|t6_mp40_up|weapon|zone_source/zm_parkour_nothing0.zone|csv
4370,xanim,am_t6_mp40_idle,1612,0,|t6_mp40_up|weapon|zone_source/zm_parkour_nothing0.zone|csv
4371,xanim,am_t6_mp40_fire,2344,0,|t6_mp40_up|weapon|zone_source/zm_parkour_nothing0.zone|csv
4372,xanim,am_t6_mp40_reload,21964,0,|t6_mp40_up|weapon|zone_source/zm_parkour_nothing0.zone|csv
4373,xanim,am_t6_mp40_reload_empty,27826,0,|t6_mp40_up|weapon|zone_source/zm_parkour_nothing0.zone|csv
4374,xanim,am_t6_mp40_pullout,8174,0,|t6_mp40_up|weapon|zone_source/zm_parkour_nothing0.zone|csv
4375,xanim,am_t6_mp40_putaway,8182,0,|t6_mp40_up|weapon|zone_source/zm_parkour_nothing0.zone|csv
4376,xanim,am_t6_mp40_sprint_in,3438,0,|t6_mp40_up|weapon|zone_source/zm_parkour_nothing0.zone|csv
4377,xanim,am_t6_mp40_sprint_loop,4736,0,|t6_mp40_up|weapon|zone_source/zm_parkour_nothing0.zone|csv
4378,xanim,am_t6_mp40_sprint_out,3080,0,|t6_mp40_up|weapon|zone_source/zm_parkour_nothing0.zone|csv
4379,xanim,am_t6_mp40_crawl_in,3409,0,|t6_mp40_up|weapon|zone_source/zm_parkour_nothing0.zone|csv
4380,xanim,am_t6_mp40_crawl_forward,5001,0,|t6_mp40_up|weapon|zone_source/zm_parkour_nothing0.zone|csv
4381,xanim,am_t6_mp40_crawl_back,5501,0,|t6_mp40_up|weapon|zone_source/zm_parkour_nothing0.zone|csv
4382,xanim,am_t6_mp40_crawl_right,5365,0,|t6_mp40_up|weapon|zone_source/zm_parkour_nothing0.zone|csv
4383,xanim,am_t6_mp40_crawl_left,5715,0,|t6_mp40_up|weapon|zone_source/zm_parkour_nothing0.zone|csv
4384,xanim,am_t6_mp40_crawl_out,3074,0,|t6_mp40_up|weapon|zone_source/zm_parkour_nothing0.zone|csv
4385,xanim,am_t6_mp40_ads_fire,2318,0,|t6_mp40_up|weapon|zone_source/zm_parkour_nothing0.zone|csv
4386,xanim,am_t6_mp40_slide_in,3583,0,|t6_mp40_up|weapon|zone_source/zm_parkour_nothing0.zone|csv
4387,xanim,am_t6_mp40_slide_air_in,3321,0,|t6_mp40_up|weapon|zone_source/zm_parkour_nothing0.zone|csv
4388,xanim,am_t6_mp40_slide_loop,2014,0,|t6_mp40_up|weapon|zone_source/zm_parkour_nothing0.zone|csv
4389,xanim,am_t6_mp40_slide_out,3203,0,|t6_mp40_up|weapon|zone_source/zm_parkour_nothing0.zone|csv
4390,xanim,am_t6_mp40_ads_up,233,0,|t6_mp40_up|weapon|zone_source/zm_parkour_nothing0.zone|csv
4391,xanim,am_t6_mp40_ads_down,205,0,|t6_mp40_up|weapon|zone_source/zm_parkour_nothing0.zone|csv
4392,weapon,t6_mp40,7710,0,|zone_source/zm_parkour_nothing0.zone|csv
4393,weaponcamo,t6_camo_mp40_table,78504,0,|t6_mp40_up|weapon|zone_source/zm_parkour_nothing0.zone|csv
4394,weapon,t6_mp40_up,6116,0,|zone_source/zm_parkour_nothing0.zone|csv
4395,image,i_t6_wpn_smg_msmc_camo1_o,282,181224,|mc/mtl_t6_wpn_smg_msmc_camo1|material|t6_camo_msmc_table|weaponcamo|t6_msmc_up|weapon|zone_source/zm_parkour_nothing0.zone|csv
4396,image,i_t6_wpn_smg_msmc_camo1_n,290,1419960,|mc/mtl_t6_wpn_smg_msmc_camo1|material|t6_camo_msmc_table|weaponcamo|t6_msmc_up|weapon|zone_source/zm_parkour_nothing0.zone|csv
4397,image,i_t6_wpn_smg_msmc_camo1_g,274,742728,|mc/mtl_t6_wpn_smg_msmc_camo1|material|t6_camo_msmc_table|weaponcamo|t6_msmc_up|weapon|zone_source/zm_parkour_nothing0.zone|csv
4398,image,i_t6_wpn_smg_msmc_camo1_r,282,720896,|t6_camo_msmc_table|weaponcamo|t6_msmc_up|weapon|zone_source/zm_parkour_nothing0.zone|csv
4399,image,i_t6_wpn_smg_msmc_camo1_c,290,1419960,|mc/mtl_t6_wpn_smg_msmc_camo1|material|t6_camo_msmc_table|weaponcamo|t6_msmc_up|weapon|zone_source/zm_parkour_nothing0.zone|csv
4400,image,i_t6_wpn_smg_msmc_camo1_s,274,742728,|mc/mtl_t6_wpn_smg_msmc_camo1|material|t6_camo_msmc_table|weaponcamo|t6_msmc_up|weapon|zone_source/zm_parkour_nothing0.zone|csv
4401,material,mc/mtl_t6_wpn_smg_msmc_camo1,1136,0,|t6_camo_msmc_table|weaponcamo|t6_msmc_up|weapon|zone_source/zm_parkour_nothing0.zone|csv
4402,xmodelmesh,vm_t6_msmc33d156a8,696,207064,|vm_t6_msmc|xmodel|t6_msmc_up|weapon|zone_source/zm_parkour_nothing0.zone|csv
4403,xmodel,vm_t6_msmc,904,0,|t6_msmc_up|weapon|zone_source/zm_parkour_nothing0.zone|csv
4404,xmodelmesh,wm_t6_msmcf42bd5f8,704,112448,|wm_t6_msmc|xmodel|t6_msmc_up|weapon|zone_source/zm_parkour_nothing0.zone|csv
4405,xmodel,wm_t6_msmc,600,0,|t6_msmc_up|weapon|zone_source/zm_parkour_nothing0.zone|csv
4406,xmodelmesh,vm_t6_msmc_magf52a1314,328,8912,|vm_t6_msmc_mag|xmodel|t6_msmc_up|weapon|zone_source/zm_parkour_nothing0.zone|csv
4407,xmodel,vm_t6_msmc_mag,240,0,|t6_msmc_up|weapon|zone_source/zm_parkour_nothing0.zone|csv
4408,xanim,am_t6_msmc_idle,1604,0,|t6_msmc_up|weapon|zone_source/zm_parkour_nothing0.zone|csv
4409,xanim,am_t6_msmc_fire,2335,0,|t6_msmc_up|weapon|zone_source/zm_parkour_nothing0.zone|csv
4410,xanim,am_t6_msmc_reload,23703,0,|t6_msmc|weapon|zone_source/zm_parkour_nothing0.zone|csv
4411,xanim,am_t6_msmc_reload_empty,29256,0,|t6_msmc|weapon|zone_source/zm_parkour_nothing0.zone|csv
4412,xanim,am_t6_msmc_pullout,7071,0,|t6_msmc_up|weapon|zone_source/zm_parkour_nothing0.zone|csv
4413,xanim,am_t6_msmc_first_raise,12344,0,|t6_msmc_up|weapon|zone_source/zm_parkour_nothing0.zone|csv
4414,xanim,am_t6_msmc_putaway,5789,0,|t6_msmc_up|weapon|zone_source/zm_parkour_nothing0.zone|csv
4415,xanim,am_t6_msmc_sprint_in,3628,0,|t6_msmc_up|weapon|zone_source/zm_parkour_nothing0.zone|csv
4416,xanim,am_t6_msmc_sprint_loop,4401,0,|t6_msmc_up|weapon|zone_source/zm_parkour_nothing0.zone|csv
4417,xanim,am_t6_msmc_sprint_out,3311,0,|t6_msmc_up|weapon|zone_source/zm_parkour_nothing0.zone|csv
4418,xanim,am_t6_msmc_crawl_in,4006,0,|t6_msmc_up|weapon|zone_source/zm_parkour_nothing0.zone|csv
4419,xanim,am_t6_msmc_crawl_forward,6206,0,|t6_msmc_up|weapon|zone_source/zm_parkour_nothing0.zone|csv
4420,xanim,am_t6_msmc_crawl_back,5069,0,|t6_msmc_up|weapon|zone_source/zm_parkour_nothing0.zone|csv
4421,xanim,am_t6_msmc_crawl_right,5342,0,|t6_msmc_up|weapon|zone_source/zm_parkour_nothing0.zone|csv
4422,xanim,am_t6_msmc_crawl_left,5463,0,|t6_msmc_up|weapon|zone_source/zm_parkour_nothing0.zone|csv
4423,xanim,am_t6_msmc_crawl_out,4016,0,|t6_msmc_up|weapon|zone_source/zm_parkour_nothing0.zone|csv
4424,xanim,am_t6_msmc_ads_fire,2243,0,|t6_msmc_up|weapon|zone_source/zm_parkour_nothing0.zone|csv
4425,xanim,am_t6_msmc_slide_in,3442,0,|t6_msmc_up|weapon|zone_source/zm_parkour_nothing0.zone|csv
4426,xanim,am_t6_msmc_slide_air_in,3173,0,|t6_msmc_up|weapon|zone_source/zm_parkour_nothing0.zone|csv
4427,xanim,am_t6_msmc_slide_loop,2078,0,|t6_msmc_up|weapon|zone_source/zm_parkour_nothing0.zone|csv
4428,xanim,am_t6_msmc_slide_out,3021,0,|t6_msmc_up|weapon|zone_source/zm_parkour_nothing0.zone|csv
4429,xanim,am_t6_msmc_ads_up,201,0,|t6_msmc|weapon|zone_source/zm_parkour_nothing0.zone|csv
4430,xanim,am_t6_msmc_ads_down,201,0,|t6_msmc|weapon|zone_source/zm_parkour_nothing0.zone|csv
4431,weapon,t6_msmc,7833,0,|zone_source/zm_parkour_nothing0.zone|csv
4432,weaponcamo,t6_camo_msmc_table,78504,0,|t6_msmc_up|weapon|zone_source/zm_parkour_nothing0.zone|csv
4433,xanim,am_t6_msmc_fastmag_reload,18515,0,|t6_msmc_up|weapon|zone_source/zm_parkour_nothing0.zone|csv
4434,xanim,am_t6_msmc_fastmag_reload_empty,22535,0,|t6_msmc_up|weapon|zone_source/zm_parkour_nothing0.zone|csv
4435,xanim,am_t6_msmc_reflex_ads_up,198,0,|t6_msmc_up|weapon|zone_source/zm_parkour_nothing0.zone|csv
4436,xanim,am_t6_msmc_reflex_ads_down,197,0,|t6_msmc_up|weapon|zone_source/zm_parkour_nothing0.zone|csv
4437,weapon,t6_msmc_up,7779,0,|zone_source/zm_parkour_nothing0.zone|csv
4438,image,i_t6_wpn_ar_x95l_camo1_o,281,195864,|mc/mtl_t6_wpn_ar_x95l_camo1|material|t6_camo_mtar_table|weaponcamo|t6_mtar_launcher_zm|weapon|zone_source/zm_parkour_nothing0.zone|csv
4439,image,i_t6_wpn_ar_x95l_camo1_n,289,1419960,|mc/mtl_t6_wpn_ar_x95l_camo1|material|t6_camo_mtar_table|weaponcamo|t6_mtar_launcher_zm|weapon|zone_source/zm_parkour_nothing0.zone|csv
4440,image,i_t6_wpn_ar_x95l_camo1_g,273,742728,|mc/mtl_t6_wpn_ar_x95l_camo1|material|t6_camo_mtar_table|weaponcamo|t6_mtar_launcher_zm|weapon|zone_source/zm_parkour_nothing0.zone|csv
4441,image,i_t6_wpn_ar_x95l_camo1_r,281,720896,|t6_camo_mtar_table|weaponcamo|t6_mtar_launcher_zm|weapon|zone_source/zm_parkour_nothing0.zone|csv
4442,image,i_t6_wpn_ar_x95l_camo1_c,289,1419960,|mc/mtl_t6_wpn_ar_x95l_camo1|material|t6_camo_mtar_table|weaponcamo|t6_mtar_launcher_zm|weapon|zone_source/zm_parkour_nothing0.zone|csv
4443,image,i_t6_wpn_ar_x95l_camo1_s,273,742728,|mc/mtl_t6_wpn_ar_x95l_camo1|material|t6_camo_mtar_table|weaponcamo|t6_mtar_launcher_zm|weapon|zone_source/zm_parkour_nothing0.zone|csv
4444,material,mc/mtl_t6_wpn_ar_x95l_camo1,1122,0,|t6_camo_mtar_table|weaponcamo|t6_mtar_launcher_zm|weapon|zone_source/zm_parkour_nothing0.zone|csv
4445,image,i_t6_wpn_ar_x95l_alpha_n,289,43704,|mc/mtl_t6_wpn_ar_x95l_alpha|material|vm_t6_mtar|xmodel|t6_mtar_launcher_zm|weapon|zone_source/zm_parkour_nothing0.zone|csv
4446,image,i_t6_wpn_ar_x95l_alpha_g,11201,0,|mc/mtl_t6_wpn_ar_x95l_alpha|material|vm_t6_mtar|xmodel|t6_mtar_launcher_zm|weapon|zone_source/zm_parkour_nothing0.zone|csv
4447,image,i_t6_wpn_ar_x95l_alpha_c,113,65536,|mc/mtl_t6_wpn_ar_x95l_alpha|material|vm_t6_mtar|xmodel|t6_mtar_launcher_zm|weapon|zone_source/zm_parkour_nothing0.zone|csv
4448,image,i_t6_wpn_ar_x95l_alpha_s,11201,0,|mc/mtl_t6_wpn_ar_x95l_alpha|material|vm_t6_mtar|xmodel|t6_mtar_launcher_zm|weapon|zone_source/zm_parkour_nothing0.zone|csv
4449,material,mc/mtl_t6_wpn_ar_x95l_alpha,964,0,|vm_t6_mtar|xmodel|t6_mtar_launcher_zm|weapon|zone_source/zm_parkour_nothing0.zone|csv
4450,image,i_t6_wpn_ar_x95l_cord_o,2856,0,|mc/mtl_t6_wpn_ar_x95l_cord|material|vm_t6_mtar|xmodel|t6_mtar_launcher_zm|weapon|zone_source/zm_parkour_nothing0.zone|csv
4451,image,i_t6_wpn_ar_x95l_cord_n,5600,0,|mc/mtl_t6_wpn_ar_x95l_cord|material|vm_t6_mtar|xmodel|t6_mtar_launcher_zm|weapon|zone_source/zm_parkour_nothing0.zone|csv
4452,image,i_t6_wpn_ar_x95l_cord_g,2896,0,|mc/mtl_t6_wpn_ar_x95l_cord|material|vm_t6_mtar|xmodel|t6_mtar_launcher_zm|weapon|zone_source/zm_parkour_nothing0.zone|csv
4453,image,i_t6_wpn_ar_x95l_cord_c,5600,0,|mc/mtl_t6_wpn_ar_x95l_cord|material|vm_t6_mtar|xmodel|t6_mtar_launcher_zm|weapon|zone_source/zm_parkour_nothing0.zone|csv
4454,image,i_t6_wpn_ar_x95l_cord_s,2896,0,|mc/mtl_t6_wpn_ar_x95l_cord|material|vm_t6_mtar|xmodel|t6_mtar_launcher_zm|weapon|zone_source/zm_parkour_nothing0.zone|csv
4455,material,mc/mtl_t6_wpn_ar_x95l_cord,1120,0,|vm_t6_mtar|xmodel|t6_mtar_launcher_zm|weapon|zone_source/zm_parkour_nothing0.zone|csv
4456,xmodelmesh,vm_t6_mtarb6a0a9e4,1072,352464,|vm_t6_mtar|xmodel|t6_mtar_launcher_zm|weapon|zone_source/zm_parkour_nothing0.zone|csv
4457,xmodel,vm_t6_mtar,1148,0,|t6_mtar_launcher_zm|weapon|zone_source/zm_parkour_nothing0.zone|csv
4458,xmodelmesh,wm_t6_mtar95e8e444,792,112288,|wm_t6_mtar|xmodel|t6_mtar_launcher_zm|weapon|zone_source/zm_parkour_nothing0.zone|csv
4459,xmodel,wm_t6_mtar,1028,0,|t6_mtar_launcher_zm|weapon|zone_source/zm_parkour_nothing0.zone|csv
4460,xmodelmesh,vm_t6_mtar_mage4d5e30b,328,12992,|vm_t6_mtar_mag|xmodel|t6_mtar|weapon|zone_source/zm_parkour_nothing0.zone|csv
4461,xmodel,vm_t6_mtar_mag,240,0,|t6_mtar|weapon|zone_source/zm_parkour_nothing0.zone|csv
4462,xanim,am_t6_mtar_idle,1652,0,|t6_mtar|weapon|zone_source/zm_parkour_nothing0.zone|csv
4463,xanim,am_t6_mtar_fire,2926,0,|t6_mtar|weapon|zone_source/zm_parkour_nothing0.zone|csv
4464,xanim,am_t6_mtar_reload,25458,0,|t6_mtar|weapon|zone_source/zm_parkour_nothing0.zone|csv
4465,xanim,am_t6_mtar_reload_empty,29750,0,|t6_mtar|weapon|zone_source/zm_parkour_nothing0.zone|csv
4466,xanim,am_t6_mtar_pullout,10648,0,|t6_mtar|weapon|zone_source/zm_parkour_nothing0.zone|csv
4467,xanim,am_t6_mtar_first_raise,14870,0,|t6_mtar|weapon|zone_source/zm_parkour_nothing0.zone|csv
4468,xanim,am_t6_mtar_putaway,7010,0,|t6_mtar|weapon|zone_source/zm_parkour_nothing0.zone|csv
4469,xanim,am_t6_mtar_sprint_in,3482,0,|t6_mtar|weapon|zone_source/zm_parkour_nothing0.zone|csv
4470,xanim,am_t6_mtar_sprint_loop,4422,0,|t6_mtar|weapon|zone_source/zm_parkour_nothing0.zone|csv
4471,xanim,am_t6_mtar_sprint_out,3278,0,|t6_mtar|weapon|zone_source/zm_parkour_nothing0.zone|csv
4472,xanim,am_t6_mtar_crawl_in,3684,0,|t6_mtar|weapon|zone_source/zm_parkour_nothing0.zone|csv
4473,xanim,am_t6_mtar_crawl_forward,6008,0,|t6_mtar|weapon|zone_source/zm_parkour_nothing0.zone|csv
4474,xanim,am_t6_mtar_crawl_back,5647,0,|t6_mtar|weapon|zone_source/zm_parkour_nothing0.zone|csv
4475,xanim,am_t6_mtar_crawl_right,6009,0,|t6_mtar|weapon|zone_source/zm_parkour_nothing0.zone|csv
4476,xanim,am_t6_mtar_crawl_left,5648,0,|t6_mtar|weapon|zone_source/zm_parkour_nothing0.zone|csv
4477,xanim,am_t6_mtar_crawl_out,3421,0,|t6_mtar|weapon|zone_source/zm_parkour_nothing0.zone|csv
4478,xanim,am_t6_mtar_ads_fire,2765,0,|t6_mtar|weapon|zone_source/zm_parkour_nothing0.zone|csv
4479,xanim,am_t6_mtar_slide_in,3520,0,|t6_mtar|weapon|zone_source/zm_parkour_nothing0.zone|csv
4480,xanim,am_t6_mtar_slide_air_in,3291,0,|t6_mtar|weapon|zone_source/zm_parkour_nothing0.zone|csv
4481,xanim,am_t6_mtar_slide_loop,2023,0,|t6_mtar|weapon|zone_source/zm_parkour_nothing0.zone|csv
4482,xanim,am_t6_mtar_slide_out,3108,0,|t6_mtar|weapon|zone_source/zm_parkour_nothing0.zone|csv
4483,xanim,am_t6_mtar_ads_up,222,0,|t6_mtar_launcher_zm|weapon|zone_source/zm_parkour_nothing0.zone|csv
4484,xanim,am_t6_mtar_ads_down,177,0,|t6_mtar_launcher_zm|weapon|zone_source/zm_parkour_nothing0.zone|csv
4485,weapon,t6_mtar,7837,0,|zone_source/zm_parkour_nothing0.zone|csv
4486,xmodelmesh,vm_t6_mtar_fastmagde5eac7f,464,27792,|vm_t6_mtar_fastmag|xmodel|t6_mtar_launcher_zm|weapon|zone_source/zm_parkour_nothing0.zone|csv
4487,xmodel,vm_t6_mtar_fastmag,368,0,|t6_mtar_launcher_zm|weapon|zone_source/zm_parkour_nothing0.zone|csv
4488,xmodelmesh,wm_t6_mtar_fastmagfc632fc4,3720,0,|wm_t6_mtar_fastmag|xmodel|t6_mtar_launcher_zm|weapon|zone_source/zm_parkour_nothing0.zone|csv
4489,xmodel,wm_t6_mtar_fastmag,156,0,|t6_mtar_launcher_zm|weapon|zone_source/zm_parkour_nothing0.zone|csv
4490,weaponcamo,t6_camo_mtar_table,78500,0,|t6_mtar_launcher_zm|weapon|zone_source/zm_parkour_nothing0.zone|csv
4491,xanim,am_t6_mtar_gl_idle,1332,0,|t6_mtar_up_zm|weapon|zone_source/zm_parkour_nothing0.zone|csv
4492,xanim,am_t6_mtar_gl_fire,2548,0,|t6_mtar_up_zm|weapon|zone_source/zm_parkour_nothing0.zone|csv
4493,xanim,am_t6_mtar_gl_fastmag_reload,16570,0,|t6_mtar_up_zm|weapon|zone_source/zm_parkour_nothing0.zone|csv
4494,xanim,am_t6_mtar_gl_fastmag_reload_empty,20327,0,|t6_mtar_up_zm|weapon|zone_source/zm_parkour_nothing0.zone|csv
4495,xanim,am_t6_mtar_gl_pullout,10272,0,|t6_mtar_up_zm|weapon|zone_source/zm_parkour_nothing0.zone|csv
4496,xanim,am_t6_mtar_gl_first_raise,14711,0,|t6_mtar_up_zm|weapon|zone_source/zm_parkour_nothing0.zone|csv
4497,xanim,am_t6_mtar_gl_putaway,7741,0,|t6_mtar_up_zm|weapon|zone_source/zm_parkour_nothing0.zone|csv
4498,xanim,am_t6_mtar_out_gl,5434,0,|t6_mtar_up_zm|weapon|zone_source/zm_parkour_nothing0.zone|csv
4499,xanim,am_t6_mtar_to_gl,5821,0,|t6_mtar_up_zm|weapon|zone_source/zm_parkour_nothing0.zone|csv
4500,xanim,am_t6_mtar_gl_sprint_in,3564,0,|t6_mtar_up_zm|weapon|zone_source/zm_parkour_nothing0.zone|csv
4501,xanim,am_t6_mtar_gl_sprint_loop,4606,0,|t6_mtar_up_zm|weapon|zone_source/zm_parkour_nothing0.zone|csv
4502,xanim,am_t6_mtar_gl_sprint_out,3370,0,|t6_mtar_up_zm|weapon|zone_source/zm_parkour_nothing0.zone|csv
4503,xanim,am_t6_mtar_gl_crawl_in,3760,0,|t6_mtar_up_zm|weapon|zone_source/zm_parkour_nothing0.zone|csv
4504,xanim,am_t6_mtar_gl_crawl_forward,6188,0,|t6_mtar_up_zm|weapon|zone_source/zm_parkour_nothing0.zone|csv
4505,xanim,am_t6_mtar_gl_crawl_back,6047,0,|t6_mtar_up_zm|weapon|zone_source/zm_parkour_nothing0.zone|csv
4506,xanim,am_t6_mtar_gl_crawl_right,6229,0,|t6_mtar_up_zm|weapon|zone_source/zm_parkour_nothing0.zone|csv
4507,xanim,am_t6_mtar_gl_crawl_left,5592,0,|t6_mtar_up_zm|weapon|zone_source/zm_parkour_nothing0.zone|csv
4508,xanim,am_t6_mtar_gl_crawl_out,3509,0,|t6_mtar_up_zm|weapon|zone_source/zm_parkour_nothing0.zone|csv
4509,xanim,am_t6_mtar_gl_ads_fire,2359,0,|t6_mtar_up_zm|weapon|zone_source/zm_parkour_nothing0.zone|csv
4510,xanim,am_t6_mtar_gl_slide_in,3267,0,|t6_mtar_up_zm|weapon|zone_source/zm_parkour_nothing0.zone|csv
4511,xanim,am_t6_mtar_gl_slide_air_in,3059,0,|t6_mtar_up_zm|weapon|zone_source/zm_parkour_nothing0.zone|csv
4512,xanim,am_t6_mtar_gl_slide_loop,2098,0,|t6_mtar_up_zm|weapon|zone_source/zm_parkour_nothing0.zone|csv
4513,xanim,am_t6_mtar_gl_slide_out,3247,0,|t6_mtar_up_zm|weapon|zone_source/zm_parkour_nothing0.zone|csv
4514,xanim,am_t6_mtar_eotech_ads_up,155,0,|t6_mtar_up_zm|weapon|zone_source/zm_parkour_nothing0.zone|csv
4515,xanim,am_t6_mtar_eotech_ads_down,165,0,|t6_mtar_up_zm|weapon|zone_source/zm_parkour_nothing0.zone|csv
4516,weapon,t6_mtar_up_zm,7989,0,|zone_source/zm_parkour_nothing0.zone|csv
4517,xanim,am_t6_mtar_in_gl_idle,1356,0,|t6_mtar_launcher_zm|weapon|zone_source/zm_parkour_nothing0.zone|csv
4518,xanim,am_t6_mtar_in_gl_fire,2925,0,|t6_mtar_launcher_zm|weapon|zone_source/zm_parkour_nothing0.zone|csv
4519,xanim,am_t6_mtar_in_gl_reload,23846,0,|t6_mtar_launcher_zm|weapon|zone_source/zm_parkour_nothing0.zone|csv
4520,xanim,am_t6_mtar_in_gl_pullout,6403,0,|t6_mtar_launcher_zm|weapon|zone_source/zm_parkour_nothing0.zone|csv
4521,xanim,am_t6_mtar_in_gl_putaway,4805,0,|t6_mtar_launcher_zm|weapon|zone_source/zm_parkour_nothing0.zone|csv
4522,xanim,am_t6_mtar_in_gl_sprint_in,3581,0,|t6_mtar_launcher_zm|weapon|zone_source/zm_parkour_nothing0.zone|csv
4523,xanim,am_t6_mtar_in_gl_sprint_loop,4622,0,|t6_mtar_launcher_zm|weapon|zone_source/zm_parkour_nothing0.zone|csv
4524,xanim,am_t6_mtar_in_gl_sprint_out,3334,0,|t6_mtar_launcher_zm|weapon|zone_source/zm_parkour_nothing0.zone|csv
4525,xanim,am_t6_mtar_in_gl_crawl_in,3683,0,|t6_mtar_launcher_zm|weapon|zone_source/zm_parkour_nothing0.zone|csv
4526,xanim,am_t6_mtar_in_gl_crawl_forward,6213,0,|t6_mtar_launcher_zm|weapon|zone_source/zm_parkour_nothing0.zone|csv
4527,xanim,am_t6_mtar_in_gl_crawl_back,6059,0,|t6_mtar_launcher_zm|weapon|zone_source/zm_parkour_nothing0.zone|csv
4528,xanim,am_t6_mtar_in_gl_crawl_right,6241,0,|t6_mtar_launcher_zm|weapon|zone_source/zm_parkour_nothing0.zone|csv
4529,xanim,am_t6_mtar_in_gl_crawl_left,5592,0,|t6_mtar_launcher_zm|weapon|zone_source/zm_parkour_nothing0.zone|csv
4530,xanim,am_t6_mtar_in_gl_crawl_out,3565,0,|t6_mtar_launcher_zm|weapon|zone_source/zm_parkour_nothing0.zone|csv
4531,xanim,am_t6_mtar_in_gl_slide_in,3686,0,|t6_mtar_launcher_zm|weapon|zone_source/zm_parkour_nothing0.zone|csv
4532,xanim,am_t6_mtar_in_gl_slide_air_in,3423,0,|t6_mtar_launcher_zm|weapon|zone_source/zm_parkour_nothing0.zone|csv
4533,xanim,am_t6_mtar_in_gl_slide_loop,1730,0,|t6_mtar_launcher_zm|weapon|zone_source/zm_parkour_nothing0.zone|csv
4534,xanim,am_t6_mtar_in_gl_slide_out,3287,0,|t6_mtar_launcher_zm|weapon|zone_source/zm_parkour_nothing0.zone|csv
4535,weapon,t6_mtar_launcher_zm,7729,0,|zone_source/zm_parkour_nothing0.zone|csv
4536,image,i_t6_wpn_shotty_olympia_o,34,237192,|mc/mtl_t6_wpn_shotty_olympia|material|t6_camo_olympia_table|weaponcamo|t6_olympia_up|weapon|zone_source/zm_parkour_nothing0.zone|csv
4537,image,i_t6_wpn_shotty_olympia_n,290,1419960,|mc/mtl_t6_wpn_shotty_olympia|material|t6_camo_olympia_table|weaponcamo|t6_olympia_up|weapon|zone_source/zm_parkour_nothing0.zone|csv
4538,image,i_t6_wpn_shotty_olympia_g,274,742728,|mc/mtl_t6_wpn_shotty_olympia|material|t6_camo_olympia_table|weaponcamo|t6_olympia_up|weapon|zone_source/zm_parkour_nothing0.zone|csv
4539,image,i_t6_wpn_shotty_olympia_r,282,720896,|t6_camo_olympia_table|weaponcamo|t6_olympia_up|weapon|zone_source/zm_parkour_nothing0.zone|csv
4540,image,i_t6_wpn_shotty_olympia_c,290,1419960,|mc/mtl_t6_wpn_shotty_olympia|material|t6_camo_olympia_table|weaponcamo|t6_olympia_up|weapon|zone_source/zm_parkour_nothing0.zone|csv
4541,image,i_t6_wpn_shotty_olympia_s,274,742728,|mc/mtl_t6_wpn_shotty_olympia|material|t6_camo_olympia_table|weaponcamo|t6_olympia_up|weapon|zone_source/zm_parkour_nothing0.zone|csv
4542,material,mc/mtl_t6_wpn_shotty_olympia,1140,0,|t6_camo_olympia_table|weaponcamo|t6_olympia_up|weapon|zone_source/zm_parkour_nothing0.zone|csv
4543,xmodelmesh,vm_t6_olympiad9597c8,472,181272,|vm_t6_olympia|xmodel|t6_olympia_up|weapon|zone_source/zm_parkour_nothing0.zone|csv
4544,xmodel,vm_t6_olympia,1124,0,|t6_olympia_up|weapon|zone_source/zm_parkour_nothing0.zone|csv
4545,xmodelmesh,wm_t6_olympia5c5dcfa5,368,61520,|wm_t6_olympia|xmodel|t6_olympia_up|weapon|zone_source/zm_parkour_nothing0.zone|csv
4546,xmodel,wm_t6_olympia,444,0,|t6_olympia_up|weapon|zone_source/zm_parkour_nothing0.zone|csv
4547,xanim,am_t6_olympia_idle,1632,0,|t6_olympia_up|weapon|zone_source/zm_parkour_nothing0.zone|csv
4548,xanim,am_t6_olympia_fire,3402,0,|t6_olympia_up|weapon|zone_source/zm_parkour_nothing0.zone|csv
4549,xanim,am_t6_olympia_reload,28990,0,|t6_olympia_up|weapon|zone_source/zm_parkour_nothing0.zone|csv
4550,xanim,am_t6_olympia_reload_empty,37002,0,|t6_olympia_up|weapon|zone_source/zm_parkour_nothing0.zone|csv
4551,xanim,am_t6_olympia_pullout,8683,0,|t6_olympia_up|weapon|zone_source/zm_parkour_nothing0.zone|csv
4552,xanim,am_t6_olympia_first_raise,8839,0,|t6_olympia_up|weapon|zone_source/zm_parkour_nothing0.zone|csv
4553,xanim,am_t6_olympia_putaway,7725,0,|t6_olympia_up|weapon|zone_source/zm_parkour_nothing0.zone|csv
4554,xanim,am_t6_olympia_pullout_quick,8407,0,|t6_olympia_up|weapon|zone_source/zm_parkour_nothing0.zone|csv
4555,xanim,am_t6_olympia_putaway_quick,4161,0,|t6_olympia_up|weapon|zone_source/zm_parkour_nothing0.zone|csv
4556,xanim,am_t6_olympia_sprint_in,3595,0,|t6_olympia_up|weapon|zone_source/zm_parkour_nothing0.zone|csv
4557,xanim,am_t6_olympia_sprint_loop,4747,0,|t6_olympia_up|weapon|zone_source/zm_parkour_nothing0.zone|csv
4558,xanim,am_t6_olympia_sprint_out,3470,0,|t6_olympia_up|weapon|zone_source/zm_parkour_nothing0.zone|csv
4559,xanim,am_t6_olympia_crawl_in,3741,0,|t6_olympia_up|weapon|zone_source/zm_parkour_nothing0.zone|csv
4560,xanim,am_t6_olympia_crawl_forward,6370,0,|t6_olympia_up|weapon|zone_source/zm_parkour_nothing0.zone|csv
4561,xanim,am_t6_olympia_crawl_back,5504,0,|t6_olympia_up|weapon|zone_source/zm_parkour_nothing0.zone|csv
4562,xanim,am_t6_olympia_crawl_right,6293,0,|t6_olympia_up|weapon|zone_source/zm_parkour_nothing0.zone|csv
4563,xanim,am_t6_olympia_crawl_left,5968,0,|t6_olympia_up|weapon|zone_source/zm_parkour_nothing0.zone|csv
4564,xanim,am_t6_olympia_crawl_out,3287,0,|t6_olympia_up|weapon|zone_source/zm_parkour_nothing0.zone|csv
4565,xanim,am_t6_olympia_ads_fire,2827,0,|t6_olympia_up|weapon|zone_source/zm_parkour_nothing0.zone|csv
4566,xanim,am_t6_olympia_slide_in,3488,0,|t6_olympia_up|weapon|zone_source/zm_parkour_nothing0.zone|csv
4567,xanim,am_t6_olympia_slide_air_in,3158,0,|t6_olympia_up|weapon|zone_source/zm_parkour_nothing0.zone|csv
4568,xanim,am_t6_olympia_slide_loop,1971,0,|t6_olympia_up|weapon|zone_source/zm_parkour_nothing0.zone|csv
4569,xanim,am_t6_olympia_slide_out,3009,0,|t6_olympia_up|weapon|zone_source/zm_parkour_nothing0.zone|csv
4570,xanim,am_t6_olympia_ads_up,109,0,|t6_olympia_up|weapon|zone_source/zm_parkour_nothing0.zone|csv
4571,xanim,am_t6_olympia_ads_down,105,0,|t6_olympia_up|weapon|zone_source/zm_parkour_nothing0.zone|csv
4572,weapon,t6_olympia,7797,0,|zone_source/zm_parkour_nothing0.zone|csv
4573,weaponcamo,t6_camo_olympia_table,78504,0,|t6_olympia_up|weapon|zone_source/zm_parkour_nothing0.zone|csv
4574,weapon,t6_olympia_up,6098,0,|zone_source/zm_parkour_nothing0.zone|csv
4575,image,i_t6_wpn_smg_pdw57_camo1_o,283,215960,|mc/mtl_t6_wpn_smg_pdw57_camo1|material|t6_camo_pdw57_table|weaponcamo|t6_pdw57_up|weapon|zone_source/zm_parkour_nothing0.zone|csv
4576,image,i_t6_wpn_smg_pdw57_camo1_n,291,1419960,|mc/mtl_t6_wpn_smg_pdw57_camo1|material|t6_camo_pdw57_table|weaponcamo|t6_pdw57_up|weapon|zone_source/zm_parkour_nothing0.zone|csv
4577,image,i_t6_wpn_smg_pdw57_camo1_g,275,742728,|mc/mtl_t6_wpn_smg_pdw57_camo1|material|t6_camo_pdw57_table|weaponcamo|t6_pdw57_up|weapon|zone_source/zm_parkour_nothing0.zone|csv
4578,image,i_t6_wpn_smg_pdw57_camo1_r,283,720896,|t6_camo_pdw57_table|weaponcamo|t6_pdw57_up|weapon|zone_source/zm_parkour_nothing0.zone|csv
4579,image,i_t6_wpn_smg_pdw57_camo1_c,291,1419960,|mc/mtl_t6_wpn_smg_pdw57_camo1|material|t6_camo_pdw57_table|weaponcamo|t6_pdw57_up|weapon|zone_source/zm_parkour_nothing0.zone|csv
4580,image,i_t6_wpn_smg_pdw57_camo1_s,275,742728,|mc/mtl_t6_wpn_smg_pdw57_camo1|material|t6_camo_pdw57_table|weaponcamo|t6_pdw57_up|weapon|zone_source/zm_parkour_nothing0.zone|csv
4581,material,mc/mtl_t6_wpn_smg_pdw57_camo1,1124,0,|t6_camo_pdw57_table|weaponcamo|t6_pdw57_up|weapon|zone_source/zm_parkour_nothing0.zone|csv
4582,xmodelmesh,vm_t6_pdw574db12a95,1008,167080,|vm_t6_pdw57|xmodel|t6_pdw57_up|weapon|zone_source/zm_parkour_nothing0.zone|csv
4583,xmodel,vm_t6_pdw57,1368,0,|t6_pdw57_up|weapon|zone_source/zm_parkour_nothing0.zone|csv
4584,xmodelmesh,wpn_h1_shell_57x28_npc45d5ee63,224,4736,|wpn_h1_shell_57x28_npc|xmodel|_scobalula/shellejects/mwr/h1_shell_eject_57x28_rest|fx|_scobalula/shellejects/mwr/h1_shell_eject_57x28|fx|t6_pdw57_up|weapon|zone_source/zm_parkour_nothing0.zone|csv
4585,xmodel,wpn_h1_shell_57x28_npc,144,0,|_scobalula/shellejects/mwr/h1_shell_eject_57x28_rest|fx|_scobalula/shellejects/mwr/h1_shell_eject_57x28|fx|t6_pdw57_up|weapon|zone_source/zm_parkour_nothing0.zone|csv
4586,fx,_scobalula/shellejects/mwr/h1_shell_eject_57x28_rest,664,0,|_scobalula/shellejects/mwr/h1_shell_eject_57x28|fx|t6_pdw57_up|weapon|zone_source/zm_parkour_nothing0.zone|csv
4587,fx,_scobalula/shellejects/mwr/h1_shell_eject_57x28,1264,0,|t6_pdw57_up|weapon|zone_source/zm_parkour_nothing0.zone|csv
4588,xmodelmesh,wm_t6_pdw57f8a29155,704,105600,|wm_t6_pdw57|xmodel|t6_pdw57_up|weapon|zone_source/zm_parkour_nothing0.zone|csv
4589,xmodel,wm_t6_pdw57,584,0,|t6_pdw57_up|weapon|zone_source/zm_parkour_nothing0.zone|csv
4590,xmodelmesh,vm_t6_pdw57_magf4f7185a,216,20832,|vm_t6_pdw57_mag|xmodel|t6_pdw57_up|weapon|zone_source/zm_parkour_nothing0.zone|csv
4591,xmodel,vm_t6_pdw57_mag,136,0,|t6_pdw57_up|weapon|zone_source/zm_parkour_nothing0.zone|csv
4592,xanim,am_t6_pdw57_idle,2040,0,|t6_pdw57_up|weapon|zone_source/zm_parkour_nothing0.zone|csv
4593,xanim,am_t6_pdw57_fire,2422,0,|t6_pdw57_up|weapon|zone_source/zm_parkour_nothing0.zone|csv
4594,xanim,am_t6_pdw57_reload,24110,0,|t6_pdw57_up|weapon|zone_source/zm_parkour_nothing0.zone|csv
4595,xanim,am_t6_pdw57_reload_empty,29670,0,|t6_pdw57_up|weapon|zone_source/zm_parkour_nothing0.zone|csv
4596,xanim,am_t6_pdw57_pullout,7978,0,|t6_pdw57_up|weapon|zone_source/zm_parkour_nothing0.zone|csv
4597,xanim,am_t6_pdw57_first_raise,14177,0,|t6_pdw57_up|weapon|zone_source/zm_parkour_nothing0.zone|csv
4598,xanim,am_t6_pdw57_putaway,6305,0,|t6_pdw57_up|weapon|zone_source/zm_parkour_nothing0.zone|csv
4599,xanim,am_t6_pdw57_sprint_in,3494,0,|t6_pdw57_up|weapon|zone_source/zm_parkour_nothing0.zone|csv
4600,xanim,am_t6_pdw57_sprint_loop,4827,0,|t6_pdw57_up|weapon|zone_source/zm_parkour_nothing0.zone|csv
4601,xanim,am_t6_pdw57_sprint_out,3165,0,|t6_pdw57_up|weapon|zone_source/zm_parkour_nothing0.zone|csv
4602,xanim,am_t6_pdw57_crawl_in,3425,0,|t6_pdw57_up|weapon|zone_source/zm_parkour_nothing0.zone|csv
4603,xanim,am_t6_pdw57_crawl_forward,6654,0,|t6_pdw57_up|weapon|zone_source/zm_parkour_nothing0.zone|csv
4604,xanim,am_t6_pdw57_crawl_back,6205,0,|t6_pdw57_up|weapon|zone_source/zm_parkour_nothing0.zone|csv
4605,xanim,am_t6_pdw57_crawl_right,6102,0,|t6_pdw57_up|weapon|zone_source/zm_parkour_nothing0.zone|csv
4606,xanim,am_t6_pdw57_crawl_left,6203,0,|t6_pdw57_up|weapon|zone_source/zm_parkour_nothing0.zone|csv
4607,xanim,am_t6_pdw57_crawl_out,3051,0,|t6_pdw57_up|weapon|zone_source/zm_parkour_nothing0.zone|csv
4608,xanim,am_t6_pdw57_ads_fire,2290,0,|t6_pdw57_up|weapon|zone_source/zm_parkour_nothing0.zone|csv
4609,xanim,am_t6_pdw57_slide_in,3648,0,|t6_pdw57_up|weapon|zone_source/zm_parkour_nothing0.zone|csv
4610,xanim,am_t6_pdw57_slide_air_in,3619,0,|t6_pdw57_up|weapon|zone_source/zm_parkour_nothing0.zone|csv
4611,xanim,am_t6_pdw57_slide_loop,2259,0,|t6_pdw57_up|weapon|zone_source/zm_parkour_nothing0.zone|csv
4612,xanim,am_t6_pdw57_slide_out,3668,0,|t6_pdw57_up|weapon|zone_source/zm_parkour_nothing0.zone|csv
4613,xanim,am_t6_pdw57_ads_up,225,0,|t6_pdw57|weapon|zone_source/zm_parkour_nothing0.zone|csv
4614,xanim,am_t6_pdw57_ads_down,205,0,|t6_pdw57|weapon|zone_source/zm_parkour_nothing0.zone|csv
4615,weapon,t6_pdw57,7706,0,|zone_source/zm_parkour_nothing0.zone|csv
4616,weaponcamo,t6_camo_pdw57_table,78504,0,|t6_pdw57_up|weapon|zone_source/zm_parkour_nothing0.zone|csv
4617,xanim,am_t6_pdw57_eotech_ads_up,201,0,|t6_pdw57_up|weapon|zone_source/zm_parkour_nothing0.zone|csv
4618,xanim,am_t6_pdw57_eotech_ads_down,197,0,|t6_pdw57_up|weapon|zone_source/zm_parkour_nothing0.zone|csv
4619,weapon,t6_pdw57_up,7794,0,|zone_source/zm_parkour_nothing0.zone|csv
4620,image,i_t6_wpn_smg_peacekeeper_camo1_o,289,226040,|mc/mtl_t6_wpn_smg_peacekeeper_camo1|material|t6_camo_peacekeeper_table|weaponcamo|t6_peacekeeper_up|weapon|zone_source/zm_parkour_nothing0.zone|csv
4621,image,i_t6_wpn_smg_peacekeeper_camo1_n,297,1419960,|mc/mtl_t6_wpn_smg_peacekeeper_camo1|material|t6_camo_peacekeeper_table|weaponcamo|t6_peacekeeper_up|weapon|zone_source/zm_parkour_nothing0.zone|csv
4622,image,i_t6_wpn_smg_peacekeeper_camo1_g,281,742728,|mc/mtl_t6_wpn_smg_peacekeeper_camo1|material|t6_camo_peacekeeper_table|weaponcamo|t6_peacekeeper_up|weapon|zone_source/zm_parkour_nothing0.zone|csv
4623,image,i_t6_wpn_smg_peacekeeper_camo1_r,289,720896,|t6_camo_peacekeeper_table|weaponcamo|t6_peacekeeper_up|weapon|zone_source/zm_parkour_nothing0.zone|csv
4624,image,i_t6_wpn_smg_peacekeeper_camo1_c,297,1419960,|mc/mtl_t6_wpn_smg_peacekeeper_camo1|material|t6_camo_peacekeeper_table|weaponcamo|t6_peacekeeper_up|weapon|zone_source/zm_parkour_nothing0.zone|csv
4625,image,i_t6_wpn_smg_peacekeeper_camo1_s,281,742728,|mc/mtl_t6_wpn_smg_peacekeeper_camo1|material|t6_camo_peacekeeper_table|weaponcamo|t6_peacekeeper_up|weapon|zone_source/zm_parkour_nothing0.zone|csv
4626,material,mc/mtl_t6_wpn_smg_peacekeeper_camo1,1138,0,|t6_camo_peacekeeper_table|weaponcamo|t6_peacekeeper_up|weapon|zone_source/zm_parkour_nothing0.zone|csv
4627,image,i_t6_tritium_blu_glo_c,3039,0,|mc/mtl_t6_tritium_blu_glo|material|vm_t6_peacekeeper|xmodel|t6_peacekeeper_up|weapon|zone_source/zm_parkour_nothing0.zone|csv
4628,material,mc/mtl_t6_tritium_blu_glo,977,0,|vm_t6_peacekeeper|xmodel|t6_peacekeeper_up|weapon|zone_source/zm_parkour_nothing0.zone|csv
4629,xmodelmesh,vm_t6_peacekeeper2c882242,1200,495080,|vm_t6_peacekeeper|xmodel|t6_peacekeeper_up|weapon|zone_source/zm_parkour_nothing0.zone|csv
4630,xmodel,vm_t6_peacekeeper,1144,0,|t6_peacekeeper_up|weapon|zone_source/zm_parkour_nothing0.zone|csv
4631,xmodelmesh,wm_t6_peacekeeperd58052dc,912,139904,|wm_t6_peacekeeper|xmodel|t6_peacekeeper_up|weapon|zone_source/zm_parkour_nothing0.zone|csv
4632,xmodel,wm_t6_peacekeeper,1060,0,|t6_peacekeeper_up|weapon|zone_source/zm_parkour_nothing0.zone|csv
4633,xmodelmesh,vm_t6_peacekeeper_magf9abdedc,568,12336,|vm_t6_peacekeeper_mag|xmodel|t6_peacekeeper|weapon|zone_source/zm_parkour_nothing0.zone|csv
4634,xmodel,vm_t6_peacekeeper_mag,376,0,|t6_peacekeeper|weapon|zone_source/zm_parkour_nothing0.zone|csv
4635,xanim,am_t6_peacekeeper_idle,1632,0,|t6_peacekeeper_up|weapon|zone_source/zm_parkour_nothing0.zone|csv
4636,xanim,am_t6_peacekeeper_fire,2695,0,|t6_peacekeeper_up|weapon|zone_source/zm_parkour_nothing0.zone|csv
4637,xanim,am_t6_peacekeeper_reload,16627,0,|t6_peacekeeper|weapon|zone_source/zm_parkour_nothing0.zone|csv
4638,xanim,am_t6_peacekeeper_reload_empty,21794,0,|t6_peacekeeper|weapon|zone_source/zm_parkour_nothing0.zone|csv
4639,xanim,am_t6_peacekeeper_pullout,7645,0,|t6_peacekeeper_up|weapon|zone_source/zm_parkour_nothing0.zone|csv
4640,xanim,am_t6_peacekeeper_first_raise,12428,0,|t6_peacekeeper_up|weapon|zone_source/zm_parkour_nothing0.zone|csv
4641,xanim,am_t6_peacekeeper_putaway,7045,0,|t6_peacekeeper_up|weapon|zone_source/zm_parkour_nothing0.zone|csv
4642,xanim,am_t6_peacekeeper_sprint_in,3391,0,|t6_peacekeeper_up|weapon|zone_source/zm_parkour_nothing0.zone|csv
4643,xanim,am_t6_peacekeeper_sprint_loop,4749,0,|t6_peacekeeper_up|weapon|zone_source/zm_parkour_nothing0.zone|csv
4644,xanim,am_t6_peacekeeper_sprint_out,3063,0,|t6_peacekeeper_up|weapon|zone_source/zm_parkour_nothing0.zone|csv
4645,xanim,am_t6_peacekeeper_crawl_in,3696,0,|t6_peacekeeper_up|weapon|zone_source/zm_parkour_nothing0.zone|csv
4646,xanim,am_t6_peacekeeper_crawl_forward,5431,0,|t6_peacekeeper_up|weapon|zone_source/zm_parkour_nothing0.zone|csv
4647,xanim,am_t6_peacekeeper_crawl_back,5227,0,|t6_peacekeeper_up|weapon|zone_source/zm_parkour_nothing0.zone|csv
4648,xanim,am_t6_peacekeeper_crawl_right,5593,0,|t6_peacekeeper_up|weapon|zone_source/zm_parkour_nothing0.zone|csv
4649,xanim,am_t6_peacekeeper_crawl_left,5764,0,|t6_peacekeeper_up|weapon|zone_source/zm_parkour_nothing0.zone|csv
4650,xanim,am_t6_peacekeeper_crawl_out,3361,0,|t6_peacekeeper_up|weapon|zone_source/zm_parkour_nothing0.zone|csv
4651,xanim,am_t6_peacekeeper_ads_fire,2486,0,|t6_peacekeeper_up|weapon|zone_source/zm_parkour_nothing0.zone|csv
4652,xanim,am_t6_peacekeeper_slide_in,3520,0,|t6_peacekeeper_up|weapon|zone_source/zm_parkour_nothing0.zone|csv
4653,xanim,am_t6_peacekeeper_slide_air_in,3244,0,|t6_peacekeeper_up|weapon|zone_source/zm_parkour_nothing0.zone|csv
4654,xanim,am_t6_peacekeeper_slide_loop,1973,0,|t6_peacekeeper_up|weapon|zone_source/zm_parkour_nothing0.zone|csv
4655,xanim,am_t6_peacekeeper_slide_out,3058,0,|t6_peacekeeper_up|weapon|zone_source/zm_parkour_nothing0.zone|csv
4656,xanim,am_t6_peacekeeper_ads_up,215,0,|t6_peacekeeper|weapon|zone_source/zm_parkour_nothing0.zone|csv
4657,xanim,am_t6_peacekeeper_ads_down,177,0,|t6_peacekeeper|weapon|zone_source/zm_parkour_nothing0.zone|csv
4658,weapon,t6_peacekeeper,7846,0,|zone_source/zm_parkour_nothing0.zone|csv
4659,xmodelmesh,vm_t6_peacekeeper_fastmagf8daf512,688,25920,|vm_t6_peacekeeper_fastmag|xmodel|t6_peacekeeper_up|weapon|zone_source/zm_parkour_nothing0.zone|csv
4660,xmodel,vm_t6_peacekeeper_fastmag,300,0,|t6_peacekeeper_up|weapon|zone_source/zm_parkour_nothing0.zone|csv
4661,xmodelmesh,wm_t6_peacekeeper_fastmagee77d359,464,4304,|wm_t6_peacekeeper_fastmag|xmodel|t6_peacekeeper_up|weapon|zone_source/zm_parkour_nothing0.zone|csv
4662,xmodel,wm_t6_peacekeeper_fastmag,172,0,|t6_peacekeeper_up|weapon|zone_source/zm_parkour_nothing0.zone|csv
4663,weaponcamo,t6_camo_peacekeeper_table,78512,0,|t6_peacekeeper_up|weapon|zone_source/zm_parkour_nothing0.zone|csv
4664,xanim,am_t6_peacekeeper_fastmag_reload,16014,0,|t6_peacekeeper_up|weapon|zone_source/zm_parkour_nothing0.zone|csv
4665,xanim,am_t6_peacekeeper_fastmag_reload_empty,19640,0,|t6_peacekeeper_up|weapon|zone_source/zm_parkour_nothing0.zone|csv
4666,xanim,am_t6_peacekeeper_fastmag_reload_quick,15017,0,|t6_peacekeeper_up|weapon|zone_source/zm_parkour_nothing0.zone|csv
4667,xanim,am_t6_peacekeeper_fastmag_reload_empty_quick,19482,0,|t6_peacekeeper_up|weapon|zone_source/zm_parkour_nothing0.zone|csv
4668,xanim,am_t6_peacekeeper_eotech_ads_up,212,0,|t6_peacekeeper_up|weapon|zone_source/zm_parkour_nothing0.zone|csv
4669,xanim,am_t6_peacekeeper_eotech_ads_down,211,0,|t6_peacekeeper_up|weapon|zone_source/zm_parkour_nothing0.zone|csv
4670,weapon,t6_peacekeeper_up,7896,0,|zone_source/zm_parkour_nothing0.zone|csv
4671,image,i_t6_wpn_pistol_python_o,81,108888,|mc/mtl_t6_wpn_pistol_python|material|t6_camo_python_table|weaponcamo|t6_python_up|weapon|zone_source/zm_parkour_nothing0.zone|csv
4672,image,i_t6_wpn_pistol_python_n,289,371384,|mc/mtl_t6_wpn_pistol_python|material|t6_camo_python_table|weaponcamo|t6_python_up|weapon|zone_source/zm_parkour_nothing0.zone|csv
4673,image,i_t6_wpn_pistol_python_g,273,218440,|mc/mtl_t6_wpn_pistol_python|material|t6_camo_python_table|weaponcamo|t6_python_up|weapon|zone_source/zm_parkour_nothing0.zone|csv
4674,image,i_t6_wpn_pistol_python_r,281,196608,|t6_camo_python_table|weaponcamo|t6_python_up|weapon|zone_source/zm_parkour_nothing0.zone|csv
4675,image,i_t6_wpn_pistol_python_c,289,371384,|mc/mtl_t6_wpn_pistol_python|material|t6_camo_python_table|weaponcamo|t6_python_up|weapon|zone_source/zm_parkour_nothing0.zone|csv
4676,image,i_t6_wpn_pistol_python_s,273,218440,|mc/mtl_t6_wpn_pistol_python|material|t6_camo_python_table|weaponcamo|t6_python_up|weapon|zone_source/zm_parkour_nothing0.zone|csv
4677,material,mc/mtl_t6_wpn_pistol_python,1122,0,|t6_camo_python_table|weaponcamo|t6_python_up|weapon|zone_source/zm_parkour_nothing0.zone|csv
4678,xmodelmesh,vm_t6_python3b2ca444,416,223928,|vm_t6_python|xmodel|t6_python_up|weapon|zone_source/zm_parkour_nothing0.zone|csv
4679,xmodel,vm_t6_python,1508,0,|t6_python_up|weapon|zone_source/zm_parkour_nothing0.zone|csv
4680,xmodelmesh,wm_t6_pythona81f2bb0,216,52336,|wm_t6_python|xmodel|t6_python_up|weapon|zone_source/zm_parkour_nothing0.zone|csv
4681,xmodel,wm_t6_python,232,0,|t6_python_up|weapon|zone_source/zm_parkour_nothing0.zone|csv
4682,xanim,am_t6_python_idle,1800,0,|t6_python_up|weapon|zone_source/zm_parkour_nothing0.zone|csv
4683,xanim,am_t6_python_fire,3557,0,|t6_python_up|weapon|zone_source/zm_parkour_nothing0.zone|csv
4684,xanim,am_t6_python_reload,28785,0,|t6_python_up|weapon|zone_source/zm_parkour_nothing0.zone|csv
4685,xanim,am_t6_python_pullout,11253,0,|t6_python_up|weapon|zone_source/zm_parkour_nothing0.zone|csv
4686,xanim,am_t6_python_first_raise,17716,0,|t6_python_up|weapon|zone_source/zm_parkour_nothing0.zone|csv
4687,xanim,am_t6_python_putaway,8935,0,|t6_python_up|weapon|zone_source/zm_parkour_nothing0.zone|csv
4688,xanim,am_t6_python_sprint_loop,5757,0,|t6_python_up|weapon|zone_source/zm_parkour_nothing0.zone|csv
4689,xanim,am_t6_python_crawl_in,3924,0,|t6_python_up|weapon|zone_source/zm_parkour_nothing0.zone|csv
4690,xanim,am_t6_python_crawl_forward,5767,0,|t6_python_up|weapon|zone_source/zm_parkour_nothing0.zone|csv
4691,xanim,am_t6_python_crawl_back,5645,0,|t6_python_up|weapon|zone_source/zm_parkour_nothing0.zone|csv
4692,xanim,am_t6_python_crawl_right,6043,0,|t6_python_up|weapon|zone_source/zm_parkour_nothing0.zone|csv
4693,xanim,am_t6_python_crawl_left,5574,0,|t6_python_up|weapon|zone_source/zm_parkour_nothing0.zone|csv
4694,xanim,am_t6_python_crawl_out,3510,0,|t6_python_up|weapon|zone_source/zm_parkour_nothing0.zone|csv
4695,xanim,am_t6_python_ads_fire,3235,0,|t6_python_up|weapon|zone_source/zm_parkour_nothing0.zone|csv
4696,xanim,am_t6_python_slide_in,2663,0,|t6_python_up|weapon|zone_source/zm_parkour_nothing0.zone|csv
4697,xanim,am_t6_python_slide_air_in,3344,0,|t6_python_up|weapon|zone_source/zm_parkour_nothing0.zone|csv
4698,xanim,am_t6_python_slide_loop,2021,0,|t6_python_up|weapon|zone_source/zm_parkour_nothing0.zone|csv
4699,xanim,am_t6_python_slide_out,3201,0,|t6_python_up|weapon|zone_source/zm_parkour_nothing0.zone|csv
4700,xanim,am_t6_python_ads_up,98,0,|t6_python_up|weapon|zone_source/zm_parkour_nothing0.zone|csv
4701,xanim,am_t6_python_ads_down,100,0,|t6_python_up|weapon|zone_source/zm_parkour_nothing0.zone|csv
4702,weapon,t6_python,7668,0,|zone_source/zm_parkour_nothing0.zone|csv
4703,weaponcamo,t6_camo_python_table,78504,0,|t6_python_up|weapon|zone_source/zm_parkour_nothing0.zone|csv
4704,weapon,t6_python_up,6182,0,|zone_source/zm_parkour_nothing0.zone|csv
4705,image,i_t6_wpn_lmg_type95_camo1_o,284,182488,|mc/mtl_t6_wpn_lmg_type95_camo1|material|t6_camo_qbb_lsw_table|weaponcamo|t6_qbb_lsw_up|weapon|zone_source/zm_parkour_nothing0.zone|csv
4706,image,i_t6_wpn_lmg_type95_camo1_n,292,1419960,|mc/mtl_t6_wpn_lmg_type95_camo1|material|t6_camo_qbb_lsw_table|weaponcamo|t6_qbb_lsw_up|weapon|zone_source/zm_parkour_nothing0.zone|csv
4707,image,i_t6_wpn_lmg_type95_camo1_g,276,742728,|mc/mtl_t6_wpn_lmg_type95_camo1|material|t6_camo_qbb_lsw_table|weaponcamo|t6_qbb_lsw_up|weapon|zone_source/zm_parkour_nothing0.zone|csv
4708,image,i_t6_wpn_lmg_type95_camo1_r,284,720896,|t6_camo_qbb_lsw_table|weaponcamo|t6_qbb_lsw_up|weapon|zone_source/zm_parkour_nothing0.zone|csv
4709,image,i_t6_wpn_lmg_type95_camo1_c,292,1419960,|mc/mtl_t6_wpn_lmg_type95_camo1|material|t6_camo_qbb_lsw_table|weaponcamo|t6_qbb_lsw_up|weapon|zone_source/zm_parkour_nothing0.zone|csv
4710,image,i_t6_wpn_lmg_type95_camo1_s,276,742728,|mc/mtl_t6_wpn_lmg_type95_camo1|material|t6_camo_qbb_lsw_table|weaponcamo|t6_qbb_lsw_up|weapon|zone_source/zm_parkour_nothing0.zone|csv
4711,material,mc/mtl_t6_wpn_lmg_type95_camo1,1122,0,|t6_camo_qbb_lsw_table|weaponcamo|t6_qbb_lsw_up|weapon|zone_source/zm_parkour_nothing0.zone|csv
4712,image,i_t6_wpn_lmg_type95_drum_camo_o,288,65536,|mc/mtl_t6_wpn_lmg_type95_drum_camo|material|t6_camo_titus6_table|weaponcamo|t6_titus6_shotty_up_zm|weapon|zone_source/zm_parkour_nothing0.zone|csv
4713,image,i_t6_wpn_lmg_type95_drum_camo_n,296,371384,|mc/mtl_t6_wpn_lmg_type95_drum_camo|material|t6_camo_titus6_table|weaponcamo|t6_titus6_shotty_up_zm|weapon|zone_source/zm_parkour_nothing0.zone|csv
4714,image,i_t6_wpn_lmg_type95_drum_camo_g,280,218440,|mc/mtl_t6_wpn_lmg_type95_drum_camo|material|t6_camo_titus6_table|weaponcamo|t6_titus6_shotty_up_zm|weapon|zone_source/zm_parkour_nothing0.zone|csv
4715,image,i_t6_wpn_lmg_type95_drum_camo_r,288,196608,|t6_camo_titus6_table|weaponcamo|t6_titus6_shotty_up_zm|weapon|zone_source/zm_parkour_nothing0.zone|csv
4716,image,i_t6_wpn_lmg_type95_drum_camo_c,296,371384,|mc/mtl_t6_wpn_lmg_type95_drum_camo|material|t6_camo_titus6_table|weaponcamo|t6_titus6_shotty_up_zm|weapon|zone_source/zm_parkour_nothing0.zone|csv
4717,image,i_t6_wpn_lmg_type95_drum_camo_s,280,218440,|mc/mtl_t6_wpn_lmg_type95_drum_camo|material|t6_camo_titus6_table|weaponcamo|t6_titus6_shotty_up_zm|weapon|zone_source/zm_parkour_nothing0.zone|csv
4718,material,mc/mtl_t6_wpn_lmg_type95_drum_camo,1136,0,|t6_camo_titus6_table|weaponcamo|t6_titus6_shotty_up_zm|weapon|zone_source/zm_parkour_nothing0.zone|csv
4719,xmodelmesh,vm_t6_qbb_lswedf02bf6,1088,243688,|vm_t6_qbb_lsw|xmodel|t6_qbb_lsw_up|weapon|zone_source/zm_parkour_nothing0.zone|csv
4720,xmodel,vm_t6_qbb_lsw,1056,0,|t6_qbb_lsw_up|weapon|zone_source/zm_parkour_nothing0.zone|csv
4721,xmodelmesh,wm_t6_qbb_lswa61d6cd3,832,101808,|wm_t6_qbb_lsw|xmodel|t6_qbb_lsw_up|weapon|zone_source/zm_parkour_nothing0.zone|csv
4722,xmodel,wm_t6_qbb_lsw,656,0,|t6_qbb_lsw_up|weapon|zone_source/zm_parkour_nothing0.zone|csv
4723,xmodelmesh,vm_t6_qbb_lsw_magb749f165,232,13568,|vm_t6_qbb_lsw_mag|xmodel|t6_qbb_lsw_up|weapon|zone_source/zm_parkour_nothing0.zone|csv
4724,xmodel,vm_t6_qbb_lsw_mag,144,0,|t6_qbb_lsw_up|weapon|zone_source/zm_parkour_nothing0.zone|csv
4725,xanim,am_t6_qbb_lsw_idle,1636,0,|t6_qbb_lsw|weapon|zone_source/zm_parkour_nothing0.zone|csv
4726,xanim,am_t6_qbb_lsw_fire,2535,0,|t6_qbb_lsw|weapon|zone_source/zm_parkour_nothing0.zone|csv
4727,xanim,am_t6_qbb_lsw_reload,26494,0,|t6_qbb_lsw|weapon|zone_source/zm_parkour_nothing0.zone|csv
4728,xanim,am_t6_qbb_lsw_reload_empty,30982,0,|t6_qbb_lsw|weapon|zone_source/zm_parkour_nothing0.zone|csv
4729,xanim,am_t6_qbb_lsw_pullout,5674,0,|t6_qbb_lsw|weapon|zone_source/zm_parkour_nothing0.zone|csv
4730,xanim,am_t6_qbb_lsw_first_raise,11294,0,|t6_qbb_lsw|weapon|zone_source/zm_parkour_nothing0.zone|csv
4731,xanim,am_t6_qbb_lsw_putaway,5227,0,|t6_qbb_lsw|weapon|zone_source/zm_parkour_nothing0.zone|csv
4732,xanim,am_t6_qbb_lsw_sprint_in,3554,0,|t6_qbb_lsw|weapon|zone_source/zm_parkour_nothing0.zone|csv
4733,xanim,am_t6_qbb_lsw_sprint_loop,4597,0,|t6_qbb_lsw|weapon|zone_source/zm_parkour_nothing0.zone|csv
4734,xanim,am_t6_qbb_lsw_sprint_out,3235,0,|t6_qbb_lsw|weapon|zone_source/zm_parkour_nothing0.zone|csv
4735,xanim,am_t6_qbb_lsw_crawl_in,3488,0,|t6_qbb_lsw|weapon|zone_source/zm_parkour_nothing0.zone|csv
4736,xanim,am_t6_qbb_lsw_crawl_forward,5710,0,|t6_qbb_lsw|weapon|zone_source/zm_parkour_nothing0.zone|csv
4737,xanim,am_t6_qbb_lsw_crawl_back,5533,0,|t6_qbb_lsw|weapon|zone_source/zm_parkour_nothing0.zone|csv
4738,xanim,am_t6_qbb_lsw_crawl_right,5588,0,|t6_qbb_lsw|weapon|zone_source/zm_parkour_nothing0.zone|csv
4739,xanim,am_t6_qbb_lsw_crawl_left,5655,0,|t6_qbb_lsw|weapon|zone_source/zm_parkour_nothing0.zone|csv
4740,xanim,am_t6_qbb_lsw_crawl_out,3170,0,|t6_qbb_lsw|weapon|zone_source/zm_parkour_nothing0.zone|csv
4741,xanim,am_t6_qbb_lsw_ads_fire,2343,0,|t6_qbb_lsw|weapon|zone_source/zm_parkour_nothing0.zone|csv
4742,xanim,am_t6_qbb_lsw_slide_in,3440,0,|t6_qbb_lsw|weapon|zone_source/zm_parkour_nothing0.zone|csv
4743,xanim,am_t6_qbb_lsw_slide_air_in,3215,0,|t6_qbb_lsw|weapon|zone_source/zm_parkour_nothing0.zone|csv
4744,xanim,am_t6_qbb_lsw_slide_loop,1878,0,|t6_qbb_lsw|weapon|zone_source/zm_parkour_nothing0.zone|csv
4745,xanim,am_t6_qbb_lsw_slide_out,3057,0,|t6_qbb_lsw|weapon|zone_source/zm_parkour_nothing0.zone|csv
4746,xanim,am_t6_qbb_lsw_ads_up,196,0,|t6_qbb_lsw|weapon|zone_source/zm_parkour_nothing0.zone|csv
4747,xanim,am_t6_qbb_lsw_ads_down,212,0,|t6_qbb_lsw|weapon|zone_source/zm_parkour_nothing0.zone|csv
4748,weapon,t6_qbb_lsw,7871,0,|zone_source/zm_parkour_nothing0.zone|csv
4749,weaponcamo,t6_camo_qbb_lsw_table,80552,0,|t6_qbb_lsw_up|weapon|zone_source/zm_parkour_nothing0.zone|csv
4750,xanim,am_t6_qbb_lsw_grip_idle,1320,0,|t6_qbb_lsw_up|weapon|zone_source/zm_parkour_nothing0.zone|csv
4751,xanim,am_t6_qbb_lsw_grip_fire,2263,0,|t6_qbb_lsw_up|weapon|zone_source/zm_parkour_nothing0.zone|csv
4752,xanim,am_t6_qbb_lsw_grip_reload,23251,0,|t6_qbb_lsw_up|weapon|zone_source/zm_parkour_nothing0.zone|csv
4753,xanim,am_t6_qbb_lsw_grip_reload_empty,27534,0,|t6_qbb_lsw_up|weapon|zone_source/zm_parkour_nothing0.zone|csv
4754,xanim,am_t6_qbb_lsw_grip_pullout,5754,0,|t6_qbb_lsw_up|weapon|zone_source/zm_parkour_nothing0.zone|csv
4755,xanim,am_t6_qbb_lsw_grip_first_raise,11427,0,|t6_qbb_lsw_up|weapon|zone_source/zm_parkour_nothing0.zone|csv
4756,xanim,am_t6_qbb_lsw_grip_putaway,5297,0,|t6_qbb_lsw_up|weapon|zone_source/zm_parkour_nothing0.zone|csv
4757,xanim,am_t6_qbb_lsw_grip_sprint_in,3582,0,|t6_qbb_lsw_up|weapon|zone_source/zm_parkour_nothing0.zone|csv
4758,xanim,am_t6_qbb_lsw_grip_sprint_loop,4561,0,|t6_qbb_lsw_up|weapon|zone_source/zm_parkour_nothing0.zone|csv
4759,xanim,am_t6_qbb_lsw_grip_sprint_out,3263,0,|t6_qbb_lsw_up|weapon|zone_source/zm_parkour_nothing0.zone|csv
4760,xanim,am_t6_qbb_lsw_grip_crawl_in,3340,0,|t6_qbb_lsw_up|weapon|zone_source/zm_parkour_nothing0.zone|csv
4761,xanim,am_t6_qbb_lsw_grip_crawl_forward,5702,0,|t6_qbb_lsw_up|weapon|zone_source/zm_parkour_nothing0.zone|csv
4762,xanim,am_t6_qbb_lsw_grip_crawl_back,5993,0,|t6_qbb_lsw_up|weapon|zone_source/zm_parkour_nothing0.zone|csv
4763,xanim,am_t6_qbb_lsw_grip_crawl_right,5592,0,|t6_qbb_lsw_up|weapon|zone_source/zm_parkour_nothing0.zone|csv
4764,xanim,am_t6_qbb_lsw_grip_crawl_left,5763,0,|t6_qbb_lsw_up|weapon|zone_source/zm_parkour_nothing0.zone|csv
4765,xanim,am_t6_qbb_lsw_grip_crawl_out,2970,0,|t6_qbb_lsw_up|weapon|zone_source/zm_parkour_nothing0.zone|csv
4766,xanim,am_t6_qbb_lsw_grip_ads_fire,2367,0,|t6_qbb_lsw_up|weapon|zone_source/zm_parkour_nothing0.zone|csv
4767,xanim,am_t6_qbb_lsw_grip_slide_in,3272,0,|t6_qbb_lsw_up|weapon|zone_source/zm_parkour_nothing0.zone|csv
4768,xanim,am_t6_qbb_lsw_grip_slide_air_in,3067,0,|t6_qbb_lsw_up|weapon|zone_source/zm_parkour_nothing0.zone|csv
4769,xanim,am_t6_qbb_lsw_grip_slide_loop,1958,0,|t6_qbb_lsw_up|weapon|zone_source/zm_parkour_nothing0.zone|csv
4770,xanim,am_t6_qbb_lsw_grip_slide_out,3350,0,|t6_qbb_lsw_up|weapon|zone_source/zm_parkour_nothing0.zone|csv
4771,xanim,am_t6_qbb_lsw_eotech_ads_up,235,0,|t6_qbb_lsw_up|weapon|zone_source/zm_parkour_nothing0.zone|csv
4772,xanim,am_t6_qbb_lsw_eotech_ads_down,236,0,|t6_qbb_lsw_up|weapon|zone_source/zm_parkour_nothing0.zone|csv
4773,weapon,t6_qbb_lsw_up,7767,0,|zone_source/zm_parkour_nothing0.zone|csv
4774,image,i_t6_attach_trinium_sight_green_n,1002,0,|mc/mtl_t6_attach_trinium_sight_green|material|vm_t6_remington870mcs|xmodel|t6_rem870mcs_up|weapon|zone_source/zm_parkour_nothing0.zone|csv
4775,image,i_t6_attach_trinium_sight_green_g,442,0,|mc/mtl_t6_attach_trinium_sight_green|material|vm_t6_remington870mcs|xmodel|t6_rem870mcs_up|weapon|zone_source/zm_parkour_nothing0.zone|csv
4776,image,i_t6_attach_trinium_sight_green_c,906,0,|mc/mtl_t6_attach_trinium_sight_green|material|vm_t6_remington870mcs|xmodel|t6_rem870mcs_up|weapon|zone_source/zm_parkour_nothing0.zone|csv
4777,image,i_t6_attach_trinium_sight_green_s,442,0,|mc/mtl_t6_attach_trinium_sight_green|material|vm_t6_remington870mcs|xmodel|t6_rem870mcs_up|weapon|zone_source/zm_parkour_nothing0.zone|csv
4778,material,mc/mtl_t6_attach_trinium_sight_white_add,976,0,|vm_t6_remington870mcs|xmodel|t6_rem870mcs_up|weapon|zone_source/zm_parkour_nothing0.zone|csv
4779,techset,mc/lit_emissive_transparent_scroll_advanced_fullspec#e6142445,63,0,|mc/mtl_t6_attach_trinium_sight_green|material|vm_t6_remington870mcs|xmodel|t6_rem870mcs_up|weapon|zone_source/zm_parkour_nothing0.zone|csv
4780,material,mc/mtl_t6_attach_trinium_sight_green,1617,0,|vm_t6_remington870mcs|xmodel|t6_rem870mcs_up|weapon|zone_source/zm_parkour_nothing0.zone|csv
4781,material,mc/mtl_t6_wpn_shotgun_shells_red,34,0,|vm_t6_s12_fastmag|xmodel|t6_s12_up|weapon|zone_source/zm_parkour_nothing0.zone|csv
4782,material,mc/mtl_t6_wpn_shotty_870mcs_camo1,35,0,|t6_camo_rem870mcs_table|weaponcamo|t6_rem870mcs_up|weapon|zone_source/zm_parkour_nothing0.zone|csv
4783,xmodelmesh,vm_t6_remington870mcs7cca3d81,1168,316880,|vm_t6_remington870mcs|xmodel|t6_rem870mcs_up|weapon|zone_source/zm_parkour_nothing0.zone|csv
4784,xmodel,vm_t6_remington870mcs,1063,0,|t6_rem870mcs_up|weapon|zone_source/zm_parkour_nothing0.zone|csv
4785,xmodelmesh,wm_t6_remington870mcsa025cdae,784,69616,|wm_t6_remington870mcs|xmodel|t6_rem870mcs_up|weapon|zone_source/zm_parkour_nothing0.zone|csv
4786,xmodel,wm_t6_remington870mcs,508,0,|t6_rem870mcs_up|weapon|zone_source/zm_parkour_nothing0.zone|csv
4787,xanim,am_t6_remington870mcs_idle,1852,0,|t6_rem870mcs_up|weapon|zone_source/zm_parkour_nothing0.zone|csv
4788,xanim,am_t6_remington870mcs_fire,2816,0,|t6_rem870mcs_up|weapon|zone_source/zm_parkour_nothing0.zone|csv
4789,xanim,am_t6_remington870mcs_fire_last,5511,0,|t6_rem870mcs_up|weapon|zone_source/zm_parkour_nothing0.zone|csv
4790,xanim,am_t6_remington870mcs_pump,7395,0,|t6_rem870mcs_up|weapon|zone_source/zm_parkour_nothing0.zone|csv
4791,xanim,am_t6_remington870mcs_reload_loop,8861,0,|t6_rem870mcs|weapon|zone_source/zm_parkour_nothing0.zone|csv
4792,xanim,am_t6_remington870mcs_reload_in,13715,0,|t6_rem870mcs|weapon|zone_source/zm_parkour_nothing0.zone|csv
4793,xanim,am_t6_remington870mcs_reload_out,9674,0,|t6_rem870mcs|weapon|zone_source/zm_parkour_nothing0.zone|csv
4794,xanim,am_t6_remington870mcs_pullout,7694,0,|t6_rem870mcs_up|weapon|zone_source/zm_parkour_nothing0.zone|csv
4795,xanim,am_t6_remington870mcs_first_raise,15164,0,|t6_rem870mcs_up|weapon|zone_source/zm_parkour_nothing0.zone|csv
4796,xanim,am_t6_remington870mcs_putaway,7927,0,|t6_rem870mcs_up|weapon|zone_source/zm_parkour_nothing0.zone|csv
4797,xanim,am_t6_remington870mcs_pullout_quick,5913,0,|t6_rem870mcs_up|weapon|zone_source/zm_parkour_nothing0.zone|csv
4798,xanim,am_t6_remington870mcs_putaway_quick,6337,0,|t6_rem870mcs_up|weapon|zone_source/zm_parkour_nothing0.zone|csv
4799,xanim,am_t6_remington870mcs_sprint_in,3902,0,|t6_rem870mcs_up|weapon|zone_source/zm_parkour_nothing0.zone|csv
4800,xanim,am_t6_remington870mcs_sprint_loop,5870,0,|t6_rem870mcs_up|weapon|zone_source/zm_parkour_nothing0.zone|csv
4801,xanim,am_t6_remington870mcs_sprint_out,3438,0,|t6_rem870mcs_up|weapon|zone_source/zm_parkour_nothing0.zone|csv
4802,xanim,am_t6_remington870mcs_crawl_in,4000,0,|t6_rem870mcs_up|weapon|zone_source/zm_parkour_nothing0.zone|csv
4803,xanim,am_t6_remington870mcs_crawl_forward,6793,0,|t6_rem870mcs_up|weapon|zone_source/zm_parkour_nothing0.zone|csv
4804,xanim,am_t6_remington870mcs_crawl_back,6437,0,|t6_rem870mcs_up|weapon|zone_source/zm_parkour_nothing0.zone|csv
4805,xanim,am_t6_remington870mcs_crawl_right,6938,0,|t6_rem870mcs_up|weapon|zone_source/zm_parkour_nothing0.zone|csv
4806,xanim,am_t6_remington870mcs_crawl_left,7060,0,|t6_rem870mcs_up|weapon|zone_source/zm_parkour_nothing0.zone|csv
4807,xanim,am_t6_remington870mcs_crawl_out,3852,0,|t6_rem870mcs_up|weapon|zone_source/zm_parkour_nothing0.zone|csv
4808,xanim,am_t6_remington870mcs_ads_fire,2931,0,|t6_rem870mcs_up|weapon|zone_source/zm_parkour_nothing0.zone|csv
4809,xanim,am_t6_remington870mcs_ads_pump,4599,0,|t6_rem870mcs_up|weapon|zone_source/zm_parkour_nothing0.zone|csv
4810,xanim,am_t6_remington870mcs_slide_in,4179,0,|t6_rem870mcs_up|weapon|zone_source/zm_parkour_nothing0.zone|csv
4811,xanim,am_t6_remington870mcs_slide_air_in,3540,0,|t6_rem870mcs_up|weapon|zone_source/zm_parkour_nothing0.zone|csv
4812,xanim,am_t6_remington870mcs_slide_loop,2291,0,|t6_rem870mcs_up|weapon|zone_source/zm_parkour_nothing0.zone|csv
4813,xanim,am_t6_remington870mcs_slide_out,3276,0,|t6_rem870mcs_up|weapon|zone_source/zm_parkour_nothing0.zone|csv
4814,xanim,am_t6_remington870mcs_ads_up,207,0,|t6_rem870mcs|weapon|zone_source/zm_parkour_nothing0.zone|csv
4815,xanim,am_t6_remington870mcs_ads_down,205,0,|t6_rem870mcs|weapon|zone_source/zm_parkour_nothing0.zone|csv
4816,weapon,t6_rem870mcs,7687,0,|zone_source/zm_parkour_nothing0.zone|csv
4817,image,i_t6_wpn_shotty_870mcs_camo1_r,199,761768,|t6_camo_rem870mcs_table|weaponcamo|t6_rem870mcs_up|weapon|zone_source/zm_parkour_nothing0.zone|csv
4818,weaponcamo,t6_camo_rem870mcs_table,78505,0,|t6_rem870mcs_up|weapon|zone_source/zm_parkour_nothing0.zone|csv
4819,xanim,am_t6_remington870mcs_fastmag_reload_loop,8536,0,|t6_rem870mcs_up|weapon|zone_source/zm_parkour_nothing0.zone|csv
4820,xanim,am_t6_remington870mcs_fastmag_reload_in,13884,0,|t6_rem870mcs_up|weapon|zone_source/zm_parkour_nothing0.zone|csv
4821,xanim,am_t6_remington870mcs_fastmag_reload_out,9746,0,|t6_rem870mcs_up|weapon|zone_source/zm_parkour_nothing0.zone|csv
4822,xanim,am_t6_remington870mcs_reflex_ads_up,240,0,|t6_rem870mcs_up|weapon|zone_source/zm_parkour_nothing0.zone|csv
4823,xanim,am_t6_remington870mcs_reflex_ads_down,237,0,|t6_rem870mcs_up|weapon|zone_source/zm_parkour_nothing0.zone|csv
4824,weapon,t6_rem870mcs_up,7749,0,|zone_source/zm_parkour_nothing0.zone|csv
4825,image,i_t6_wpn_pistol_rnma_camo1_o,285,196608,|mc/mtl_t6_wpn_pistol_rnma_camo1|material|t6_camo_remnewmodel_table|weaponcamo|t6_remnewmodel_up|weapon|zone_source/zm_parkour_nothing0.zone|csv
4826,image,i_t6_wpn_pistol_rnma_camo1_n,293,371384,|mc/mtl_t6_wpn_pistol_rnma_camo1|material|t6_camo_remnewmodel_table|weaponcamo|t6_remnewmodel_up|weapon|zone_source/zm_parkour_nothing0.zone|csv
4827,image,i_t6_wpn_pistol_rnma_camo1_g,277,218440,|mc/mtl_t6_wpn_pistol_rnma_camo1|material|t6_camo_remnewmodel_table|weaponcamo|t6_remnewmodel_up|weapon|zone_source/zm_parkour_nothing0.zone|csv
4828,image,i_t6_wpn_pistol_rnma_camo1_r,285,196608,|t6_camo_remnewmodel_table|weaponcamo|t6_remnewmodel_up|weapon|zone_source/zm_parkour_nothing0.zone|csv
4829,image,i_t6_wpn_pistol_rnma_camo1_c,293,371384,|mc/mtl_t6_wpn_pistol_rnma_camo1|material|t6_camo_remnewmodel_table|weaponcamo|t6_remnewmodel_up|weapon|zone_source/zm_parkour_nothing0.zone|csv
4830,image,i_t6_wpn_pistol_rnma_camo1_s,277,218440,|mc/mtl_t6_wpn_pistol_rnma_camo1|material|t6_camo_remnewmodel_table|weaponcamo|t6_remnewmodel_up|weapon|zone_source/zm_parkour_nothing0.zone|csv
4831,material,mc/mtl_t6_wpn_pistol_rnma_camo1,1130,0,|t6_camo_remnewmodel_table|weaponcamo|t6_remnewmodel_up|weapon|zone_source/zm_parkour_nothing0.zone|csv
4832,xmodelmesh,vm_t6_remingtonmewmodelarmyc1e17e78,472,197928,|vm_t6_remingtonnewmodelarmy|xmodel|t6_remnewmodel_up|weapon|zone_source/zm_parkour_nothing0.zone|csv
4833,xmodel,vm_t6_remingtonnewmodelarmy,1004,0,|t6_remnewmodel_up|weapon|zone_source/zm_parkour_nothing0.zone|csv
4834,xmodelmesh,wm_t6_remingtonmewmodelarmyf426da40,352,55824,|wm_t6_remingtonnewmodelarmy|xmodel|t6_remnewmodel_up|weapon|zone_source/zm_parkour_nothing0.zone|csv
4835,xmodel,wm_t6_remingtonnewmodelarmy,252,0,|t6_remnewmodel_up|weapon|zone_source/zm_parkour_nothing0.zone|csv
4836,xanim,am_t6_remingtonnewmodelarmy_idle,1612,0,|t6_remnewmodel_up|weapon|zone_source/zm_parkour_nothing0.zone|csv
4837,xanim,am_t6_remingtonnewmodelarmy_fire,3205,0,|t6_remnewmodel_up|weapon|zone_source/zm_parkour_nothing0.zone|csv
4838,xanim,am_t6_remingtonnewmodelarmy_reload,28746,0,|t6_remnewmodel_up|weapon|zone_source/zm_parkour_nothing0.zone|csv
4839,xanim,am_t6_remingtonnewmodelarmy_pullout,4017,0,|t6_remnewmodel_up|weapon|zone_source/zm_parkour_nothing0.zone|csv
4840,xanim,am_t6_remingtonnewmodelarmy_first_raise,6257,0,|t6_remnewmodel_up|weapon|zone_source/zm_parkour_nothing0.zone|csv
4841,xanim,am_t6_remingtonnewmodelarmy_putaway,4158,0,|t6_remnewmodel_up|weapon|zone_source/zm_parkour_nothing0.zone|csv
4842,xanim,am_t6_remingtonnewmodelarmy_sprint_loop,4592,0,|t6_remnewmodel_up|weapon|zone_source/zm_parkour_nothing0.zone|csv
4843,xanim,am_t6_remingtonnewmodelarmy_crawl_in,4332,0,|t6_remnewmodel_up|weapon|zone_source/zm_parkour_nothing0.zone|csv
4844,xanim,am_t6_remingtonnewmodelarmy_crawl_forward,4052,0,|t6_remnewmodel_up|weapon|zone_source/zm_parkour_nothing0.zone|csv
4845,xanim,am_t6_remingtonnewmodelarmy_crawl_back,3986,0,|t6_remnewmodel_up|weapon|zone_source/zm_parkour_nothing0.zone|csv
4846,xanim,am_t6_remingtonnewmodelarmy_crawl_right,3962,0,|t6_remnewmodel_up|weapon|zone_source/zm_parkour_nothing0.zone|csv
4847,xanim,am_t6_remingtonnewmodelarmy_crawl_left,3696,0,|t6_remnewmodel_up|weapon|zone_source/zm_parkour_nothing0.zone|csv
4848,xanim,am_t6_remingtonnewmodelarmy_crawl_out,4007,0,|t6_remnewmodel_up|weapon|zone_source/zm_parkour_nothing0.zone|csv
4849,xanim,am_t6_remingtonnewmodelarmy_ads_fire,3151,0,|t6_remnewmodel_up|weapon|zone_source/zm_parkour_nothing0.zone|csv
4850,xanim,am_t6_remingtonnewmodelarmy_slide_in,2466,0,|t6_remnewmodel_up|weapon|zone_source/zm_parkour_nothing0.zone|csv
4851,xanim,am_t6_remingtonnewmodelarmy_slide_air_in,1876,0,|t6_remnewmodel_up|weapon|zone_source/zm_parkour_nothing0.zone|csv
4852,xanim,am_t6_remingtonnewmodelarmy_slide_loop,1734,0,|t6_remnewmodel_up|weapon|zone_source/zm_parkour_nothing0.zone|csv
4853,xanim,am_t6_remingtonnewmodelarmy_slide_out,1819,0,|t6_remnewmodel_up|weapon|zone_source/zm_parkour_nothing0.zone|csv
4854,xanim,am_t6_remingtonnewmodelarmy_ads_up,132,0,|t6_remnewmodel_up|weapon|zone_source/zm_parkour_nothing0.zone|csv
4855,xanim,am_t6_remingtonnewmodelarmy_ads_down,136,0,|t6_remnewmodel_up|weapon|zone_source/zm_parkour_nothing0.zone|csv
4856,weapon,t6_remnewmodel,7768,0,|zone_source/zm_parkour_nothing0.zone|csv
4857,weaponcamo,t6_camo_remnewmodel_table,78512,0,|t6_remnewmodel_up|weapon|zone_source/zm_parkour_nothing0.zone|csv
4858,weapon,t6_remnewmodel_up,6102,0,|zone_source/zm_parkour_nothing0.zone|csv
4859,image,i_t6_wpn_lmg_rpd_camo1_o,289,117624,|mc/mtl_t6_wpn_lmg_rpd_camo1|material|t6_camo_rpd_table|weaponcamo|t6_rpd_up|weapon|zone_source/zm_parkour_nothing0.zone|csv
4860,image,i_t6_wpn_lmg_rpd_camo1_n,297,742760,|mc/mtl_t6_wpn_lmg_rpd_camo1|material|t6_camo_rpd_table|weaponcamo|t6_rpd_up|weapon|zone_source/zm_parkour_nothing0.zone|csv
4861,image,i_t6_wpn_lmg_rpd_camo1_g,265,371352,|mc/mtl_t6_wpn_lmg_rpd_camo1|material|t6_camo_rpd_table|weaponcamo|t6_rpd_up|weapon|zone_source/zm_parkour_nothing0.zone|csv
4862,image,i_t6_wpn_lmg_rpd_camo1_r,281,393216,|t6_camo_rpd_table|weaponcamo|t6_rpd_up|weapon|zone_source/zm_parkour_nothing0.zone|csv
4863,image,i_t6_wpn_lmg_rpd_camo1_c,297,742760,|mc/mtl_t6_wpn_lmg_rpd_camo1|material|t6_camo_rpd_table|weaponcamo|t6_rpd_up|weapon|zone_source/zm_parkour_nothing0.zone|csv
4864,image,i_t6_wpn_lmg_rpd_camo1_s,265,371352,|mc/mtl_t6_wpn_lmg_rpd_camo1|material|t6_camo_rpd_table|weaponcamo|t6_rpd_up|weapon|zone_source/zm_parkour_nothing0.zone|csv
4865,material,mc/mtl_t6_wpn_lmg_rpd_camo1,1132,0,|t6_camo_rpd_table|weaponcamo|t6_rpd_up|weapon|zone_source/zm_parkour_nothing0.zone|csv
4866,image,i_t6_wpn_lmg_rpd_mount_camo1_n,287,393224,|mc/mtl_t6_wpn_lmg_rpd_mount_camo1|material|wm_t6_rpd|xmodel|t6_rpd_up|weapon|zone_source/zm_parkour_nothing0.zone|csv
4867,image,i_t6_wpn_lmg_rpd_mount_camo1_g,279,218440,|mc/mtl_t6_wpn_lmg_rpd_mount_camo1|material|wm_t6_rpd|xmodel|t6_rpd_up|weapon|zone_source/zm_parkour_nothing0.zone|csv
4868,image,i_t6_wpn_lmg_rpd_mount_camo1_c,295,371384,|mc/mtl_t6_wpn_lmg_rpd_mount_camo1|material|wm_t6_rpd|xmodel|t6_rpd_up|weapon|zone_source/zm_parkour_nothing0.zone|csv
4869,image,i_t6_wpn_lmg_rpd_mount_camo1_s,279,218440,|mc/mtl_t6_wpn_lmg_rpd_mount_camo1|material|wm_t6_rpd|xmodel|t6_rpd_up|weapon|zone_source/zm_parkour_nothing0.zone|csv
4870,material,mc/mtl_t6_wpn_lmg_rpd_mount_camo1,1140,0,|wm_t6_rpd|xmodel|t6_rpd_up|weapon|zone_source/zm_parkour_nothing0.zone|csv
4871,xmodelmesh,vm_t6_rpd1aa290b5,936,216168,|vm_t6_rpd|xmodel|t6_rpd_up|weapon|zone_source/zm_parkour_nothing0.zone|csv
4872,xmodel,vm_t6_rpd,3560,0,|t6_rpd_up|weapon|zone_source/zm_parkour_nothing0.zone|csv
4873,xmodelmesh,wm_t6_rpdf9079f42,504,75440,|wm_t6_rpd|xmodel|t6_rpd_up|weapon|zone_source/zm_parkour_nothing0.zone|csv
4874,xmodel,wm_t6_rpd,736,0,|t6_rpd_up|weapon|zone_source/zm_parkour_nothing0.zone|csv
4875,xanim,am_t6_rpd_idle,2616,0,|t6_rpd|weapon|zone_source/zm_parkour_nothing0.zone|csv
4876,xanim,am_t6_rpd_fire,4744,0,|t6_rpd|weapon|zone_source/zm_parkour_nothing0.zone|csv
4877,xanim,am_t6_rpd_reload,80544,0,|t6_rpd|weapon|zone_source/zm_parkour_nothing0.zone|csv
4878,xanim,am_t6_rpd_pullout,11886,0,|t6_rpd|weapon|zone_source/zm_parkour_nothing0.zone|csv
4879,xanim,am_t6_rpd_first_raise,21591,0,|t6_rpd|weapon|zone_source/zm_parkour_nothing0.zone|csv
4880,xanim,am_t6_rpd_putaway,8184,0,|t6_rpd|weapon|zone_source/zm_parkour_nothing0.zone|csv
4881,xanim,am_t6_rpd_sprint_in,4091,0,|t6_rpd|weapon|zone_source/zm_parkour_nothing0.zone|csv
4882,xanim,am_t6_rpd_sprint_loop,4990,0,|t6_rpd|weapon|zone_source/zm_parkour_nothing0.zone|csv
4883,xanim,am_t6_rpd_sprint_out,4095,0,|t6_rpd|weapon|zone_source/zm_parkour_nothing0.zone|csv
4884,xanim,am_t6_rpd_crawl_in,4185,0,|t6_rpd|weapon|zone_source/zm_parkour_nothing0.zone|csv
4885,xanim,am_t6_rpd_crawl_forward,10619,0,|t6_rpd|weapon|zone_source/zm_parkour_nothing0.zone|csv
4886,xanim,am_t6_rpd_crawl_back,6602,0,|t6_rpd|weapon|zone_source/zm_parkour_nothing0.zone|csv
4887,xanim,am_t6_rpd_crawl_right,6255,0,|t6_rpd|weapon|zone_source/zm_parkour_nothing0.zone|csv
4888,xanim,am_t6_rpd_crawl_left,7591,0,|t6_rpd|weapon|zone_source/zm_parkour_nothing0.zone|csv
4889,xanim,am_t6_rpd_crawl_out,3844,0,|t6_rpd|weapon|zone_source/zm_parkour_nothing0.zone|csv
4890,xanim,am_t6_rpd_ads_fire,4119,0,|t6_rpd|weapon|zone_source/zm_parkour_nothing0.zone|csv
4891,xanim,am_t6_rpd_slide_in,3964,0,|t6_rpd|weapon|zone_source/zm_parkour_nothing0.zone|csv
4892,xanim,am_t6_rpd_slide_air_in,3759,0,|t6_rpd|weapon|zone_source/zm_parkour_nothing0.zone|csv
4893,xanim,am_t6_rpd_slide_loop,2306,0,|t6_rpd|weapon|zone_source/zm_parkour_nothing0.zone|csv
4894,xanim,am_t6_rpd_slide_out,3473,0,|t6_rpd|weapon|zone_source/zm_parkour_nothing0.zone|csv
4895,xanim,am_t6_rpd_ads_up,210,0,|t6_rpd_up|weapon|zone_source/zm_parkour_nothing0.zone|csv
4896,xanim,am_t6_rpd_ads_down,199,0,|t6_rpd_up|weapon|zone_source/zm_parkour_nothing0.zone|csv
4897,weapon,t6_rpd,7797,0,|zone_source/zm_parkour_nothing0.zone|csv
4898,weaponcamo,t6_camo_rpd_table,78504,0,|t6_rpd_up|weapon|zone_source/zm_parkour_nothing0.zone|csv
4899,xanim,am_t6_rpd_grip_idle,2208,0,|t6_rpd_up|weapon|zone_source/zm_parkour_nothing0.zone|csv
4900,xanim,am_t6_rpd_grip_fire,4344,0,|t6_rpd_up|weapon|zone_source/zm_parkour_nothing0.zone|csv
4901,xanim,am_t6_rpd_grip_reload,79496,0,|t6_rpd_up|weapon|zone_source/zm_parkour_nothing0.zone|csv
4902,xanim,am_t6_rpd_grip_pullout,11830,0,|t6_rpd_up|weapon|zone_source/zm_parkour_nothing0.zone|csv
4903,xanim,am_t6_rpd_grip_first_raise,21891,0,|t6_rpd_up|weapon|zone_source/zm_parkour_nothing0.zone|csv
4904,xanim,am_t6_rpd_grip_putaway,8200,0,|t6_rpd_up|weapon|zone_source/zm_parkour_nothing0.zone|csv
4905,xanim,am_t6_rpd_grip_sprint_in,4239,0,|t6_rpd_up|weapon|zone_source/zm_parkour_nothing0.zone|csv
4906,xanim,am_t6_rpd_grip_sprint_loop,5162,0,|t6_rpd_up|weapon|zone_source/zm_parkour_nothing0.zone|csv
4907,xanim,am_t6_rpd_grip_sprint_out,4299,0,|t6_rpd_up|weapon|zone_source/zm_parkour_nothing0.zone|csv
4908,xanim,am_t6_rpd_grip_crawl_in,4169,0,|t6_rpd_up|weapon|zone_source/zm_parkour_nothing0.zone|csv
4909,xanim,am_t6_rpd_grip_crawl_forward,10267,0,|t6_rpd_up|weapon|zone_source/zm_parkour_nothing0.zone|csv
4910,xanim,am_t6_rpd_grip_crawl_back,6086,0,|t6_rpd_up|weapon|zone_source/zm_parkour_nothing0.zone|csv
4911,xanim,am_t6_rpd_grip_crawl_right,6331,0,|t6_rpd_up|weapon|zone_source/zm_parkour_nothing0.zone|csv
4912,xanim,am_t6_rpd_grip_crawl_left,7103,0,|t6_rpd_up|weapon|zone_source/zm_parkour_nothing0.zone|csv
4913,xanim,am_t6_rpd_grip_crawl_out,3896,0,|t6_rpd_up|weapon|zone_source/zm_parkour_nothing0.zone|csv
4914,xanim,am_t6_rpd_grip_ads_fire,4227,0,|t6_rpd_up|weapon|zone_source/zm_parkour_nothing0.zone|csv
4915,xanim,am_t6_rpd_grip_slide_in,3686,0,|t6_rpd_up|weapon|zone_source/zm_parkour_nothing0.zone|csv
4916,xanim,am_t6_rpd_grip_slide_air_in,3453,0,|t6_rpd_up|weapon|zone_source/zm_parkour_nothing0.zone|csv
4917,xanim,am_t6_rpd_grip_slide_loop,1722,0,|t6_rpd_up|weapon|zone_source/zm_parkour_nothing0.zone|csv
4918,xanim,am_t6_rpd_grip_slide_out,3645,0,|t6_rpd_up|weapon|zone_source/zm_parkour_nothing0.zone|csv
4919,weapon,t6_rpd_up,7722,0,|zone_source/zm_parkour_nothing0.zone|csv
4920,image,i_t6_wpn_launch_usrpg_camo1_o,286,232680,|mc/mtl_t6_wpn_launch_usrpg_camo1|material|t6_camo_rpg_table|weaponcamo|t6_rpg_up|weapon|zone_source/zm_parkour_nothing0.zone|csv
4921,image,i_t6_wpn_launch_usrpg_camo1_n,294,1419960,|mc/mtl_t6_wpn_launch_usrpg_camo1|material|t6_camo_rpg_table|weaponcamo|t6_rpg_up|weapon|zone_source/zm_parkour_nothing0.zone|csv
4922,image,i_t6_wpn_launch_usrpg_camo1_g,278,742728,|mc/mtl_t6_wpn_launch_usrpg_camo1|material|t6_camo_rpg_table|weaponcamo|t6_rpg_up|weapon|zone_source/zm_parkour_nothing0.zone|csv
4923,image,i_t6_wpn_launch_usrpg_camo1_r,286,720896,|t6_camo_rpg_table|weaponcamo|t6_rpg_up|weapon|zone_source/zm_parkour_nothing0.zone|csv
4924,image,i_t6_wpn_launch_usrpg_camo1_c,294,1419960,|mc/mtl_t6_wpn_launch_usrpg_camo1|material|t6_camo_rpg_table|weaponcamo|t6_rpg_up|weapon|zone_source/zm_parkour_nothing0.zone|csv
4925,image,i_t6_wpn_launch_usrpg_camo1_s,278,742728,|mc/mtl_t6_wpn_launch_usrpg_camo1|material|t6_camo_rpg_table|weaponcamo|t6_rpg_up|weapon|zone_source/zm_parkour_nothing0.zone|csv
4926,material,mc/mtl_t6_wpn_launch_usrpg_camo1,1140,0,|t6_camo_rpg_table|weaponcamo|t6_rpg_up|weapon|zone_source/zm_parkour_nothing0.zone|csv
4927,image,i_t6_wpn_launch_usrpg_alpha_n,5798,0,|mc/mtl_t6_wpn_launch_usrpg_alpha|material|vm_t6_rpg|xmodel|t6_rpg_up|weapon|zone_source/zm_parkour_nothing0.zone|csv
4928,image,i_t6_wpn_launch_usrpg_alpha_g,2902,0,|mc/mtl_t6_wpn_launch_usrpg_alpha|material|vm_t6_rpg|xmodel|t6_rpg_up|weapon|zone_source/zm_parkour_nothing0.zone|csv
4929,image,i_t6_wpn_launch_usrpg_alpha_c,5606,0,|mc/mtl_t6_wpn_launch_usrpg_alpha|material|vm_t6_rpg|xmodel|t6_rpg_up|weapon|zone_source/zm_parkour_nothing0.zone|csv
4930,image,i_t6_wpn_launch_usrpg_alpha_s,2902,0,|mc/mtl_t6_wpn_launch_usrpg_alpha|material|vm_t6_rpg|xmodel|t6_rpg_up|weapon|zone_source/zm_parkour_nothing0.zone|csv
4931,material,mc/mtl_t6_wpn_launch_usrpg_alpha,960,0,|vm_t6_rpg|xmodel|t6_rpg_up|weapon|zone_source/zm_parkour_nothing0.zone|csv
4932,xmodelmesh,vm_t6_rpgfb3a59a6,888,380408,|vm_t6_rpg|xmodel|t6_rpg_up|weapon|zone_source/zm_parkour_nothing0.zone|csv
4933,xmodel,vm_t6_rpg,1460,0,|t6_rpg_up|weapon|zone_source/zm_parkour_nothing0.zone|csv
4934,xmodelmesh,wm_t6_rpgd5469ee2,784,96224,|wm_t6_rpg|xmodel|t6_rpg_up|weapon|zone_source/zm_parkour_nothing0.zone|csv
4935,xmodel,wm_t6_rpg,392,0,|t6_rpg_up|weapon|zone_source/zm_parkour_nothing0.zone|csv
4936,xanim,am_t6_rpg_idle,3332,0,|t6_rpg_up|weapon|zone_source/zm_parkour_nothing0.zone|csv
4937,xanim,am_t6_rpg_ads_fire,2849,0,|t6_rpg_up|weapon|zone_source/zm_parkour_nothing0.zone|csv
4938,xanim,am_t6_rpg_reload,21405,0,|t6_rpg_up|weapon|zone_source/zm_parkour_nothing0.zone|csv
4939,xanim,am_t6_rpg_pullout,5683,0,|t6_rpg_up|weapon|zone_source/zm_parkour_nothing0.zone|csv
4940,xanim,am_t6_rpg_putaway,5117,0,|t6_rpg_up|weapon|zone_source/zm_parkour_nothing0.zone|csv
4941,xanim,am_t6_rpg_sprint_in,3998,0,|t6_rpg_up|weapon|zone_source/zm_parkour_nothing0.zone|csv
4942,xanim,am_t6_rpg_sprint_loop,6752,0,|t6_rpg_up|weapon|zone_source/zm_parkour_nothing0.zone|csv
4943,xanim,am_t6_rpg_sprint_out,4225,0,|t6_rpg_up|weapon|zone_source/zm_parkour_nothing0.zone|csv
4944,xanim,am_t6_rpg_crawl_in,3893,0,|t6_rpg_up|weapon|zone_source/zm_parkour_nothing0.zone|csv
4945,xanim,am_t6_rpg_crawl_forward,6891,0,|t6_rpg_up|weapon|zone_source/zm_parkour_nothing0.zone|csv
4946,xanim,am_t6_rpg_crawl_back,5891,0,|t6_rpg_up|weapon|zone_source/zm_parkour_nothing0.zone|csv
4947,xanim,am_t6_rpg_crawl_right,6495,0,|t6_rpg_up|weapon|zone_source/zm_parkour_nothing0.zone|csv
4948,xanim,am_t6_rpg_crawl_left,6091,0,|t6_rpg_up|weapon|zone_source/zm_parkour_nothing0.zone|csv
4949,xanim,am_t6_rpg_crawl_out,3905,0,|t6_rpg_up|weapon|zone_source/zm_parkour_nothing0.zone|csv
4950,xanim,am_t6_rpg_slide_in,4309,0,|t6_rpg_up|weapon|zone_source/zm_parkour_nothing0.zone|csv
4951,xanim,am_t6_rpg_slide_air_in,3998,0,|t6_rpg_up|weapon|zone_source/zm_parkour_nothing0.zone|csv
4952,xanim,am_t6_rpg_slide_loop,3190,0,|t6_rpg_up|weapon|zone_source/zm_parkour_nothing0.zone|csv
4953,xanim,am_t6_rpg_slide_out,3636,0,|t6_rpg_up|weapon|zone_source/zm_parkour_nothing0.zone|csv
4954,xanim,am_t6_rpg_ads_up,198,0,|t6_rpg_up|weapon|zone_source/zm_parkour_nothing0.zone|csv
4955,xanim,am_t6_rpg_ads_down,208,0,|t6_rpg_up|weapon|zone_source/zm_parkour_nothing0.zone|csv
4956,weapon,t6_rpg,7666,0,|zone_source/zm_parkour_nothing0.zone|csv
4957,weaponcamo,t6_camo_rpg_table,78504,0,|t6_rpg_up|weapon|zone_source/zm_parkour_nothing0.zone|csv
4958,weapon,t6_rpg_up,6139,0,|zone_source/zm_parkour_nothing0.zone|csv
4959,image,i_t6_wpn_shotty_saiga_camo1_o,94,178728,|mc/mtl_t6_wpn_shotty_saiga_camo1|material|t6_camo_s12_table|weaponcamo|t6_s12_up|weapon|zone_source/zm_parkour_nothing0.zone|csv
4960,image,i_t6_wpn_shotty_saiga_camo1_n,294,1419960,|mc/mtl_t6_wpn_shotty_saiga_camo1|material|t6_camo_s12_table|weaponcamo|t6_s12_up|weapon|zone_source/zm_parkour_nothing0.zone|csv
4961,image,i_t6_wpn_shotty_saiga_camo1_g,278,742728,|mc/mtl_t6_wpn_shotty_saiga_camo1|material|t6_camo_s12_table|weaponcamo|t6_s12_up|weapon|zone_source/zm_parkour_nothing0.zone|csv
4962,image,i_t6_wpn_shotty_saiga_camo1_r,286,720896,|t6_camo_s12_table|weaponcamo|t6_s12_up|weapon|zone_source/zm_parkour_nothing0.zone|csv
4963,image,i_t6_wpn_shotty_saiga_camo1_c,294,1419960,|mc/mtl_t6_wpn_shotty_saiga_camo1|material|t6_camo_s12_table|weaponcamo|t6_s12_up|weapon|zone_source/zm_parkour_nothing0.zone|csv
4964,image,i_t6_wpn_shotty_saiga_camo1_s,278,742728,|mc/mtl_t6_wpn_shotty_saiga_camo1|material|t6_camo_s12_table|weaponcamo|t6_s12_up|weapon|zone_source/zm_parkour_nothing0.zone|csv
4965,material,mc/mtl_t6_wpn_shotty_saiga_camo1,1129,0,|t6_camo_s12_table|weaponcamo|t6_s12_up|weapon|zone_source/zm_parkour_nothing0.zone|csv
4966,xmodelmesh,vm_t6_s12d141ae76,712,283368,|vm_t6_s12|xmodel|t6_s12_up|weapon|zone_source/zm_parkour_nothing0.zone|csv
4967,xmodel,vm_t6_s12,796,0,|t6_s12_up|weapon|zone_source/zm_parkour_nothing0.zone|csv
4968,image,i_t6_wpn_shotty_saiga_skull_n,294,22480,|mc/mtl_t6_wpn_shotty_saiga_skull|material|wm_t6_s12|xmodel|t6_s12_up|weapon|zone_source/zm_parkour_nothing0.zone|csv
4969,image,i_t6_wpn_shotty_saiga_skull_g,11206,0,|mc/mtl_t6_wpn_shotty_saiga_skull|material|wm_t6_s12|xmodel|t6_s12_up|weapon|zone_source/zm_parkour_nothing0.zone|csv
4970,image,i_t6_wpn_shotty_saiga_skull_c,118,65536,|mc/mtl_t6_wpn_shotty_saiga_skull|material|wm_t6_s12|xmodel|t6_s12_up|weapon|zone_source/zm_parkour_nothing0.zone|csv
4971,image,i_t6_wpn_shotty_saiga_skull_s,11206,0,|mc/mtl_t6_wpn_shotty_saiga_skull|material|wm_t6_s12|xmodel|t6_s12_up|weapon|zone_source/zm_parkour_nothing0.zone|csv
4972,material,mc/mtl_t6_wpn_shotty_saiga_skull,1124,0,|wm_t6_s12|xmodel|t6_s12_up|weapon|zone_source/zm_parkour_nothing0.zone|csv
4973,xmodelmesh,wm_t6_s1282775f08,952,101280,|wm_t6_s12|xmodel|t6_s12_up|weapon|zone_source/zm_parkour_nothing0.zone|csv
4974,xmodel,wm_t6_s12,832,0,|t6_s12_up|weapon|zone_source/zm_parkour_nothing0.zone|csv
4975,xmodelmesh,vm_t6_s12_mag958e6e8f,440,26000,|vm_t6_s12_mag|xmodel|t6_s12|weapon|zone_source/zm_parkour_nothing0.zone|csv
4976,xmodel,vm_t6_s12_mag,252,0,|t6_s12|weapon|zone_source/zm_parkour_nothing0.zone|csv
4977,xanim,am_t6_s12_idle,1604,0,|t6_s12_up|weapon|zone_source/zm_parkour_nothing0.zone|csv
4978,xanim,am_t6_s12_fire,2710,0,|t6_s12_up|weapon|zone_source/zm_parkour_nothing0.zone|csv
4979,xanim,am_t6_s12_reload,26776,0,|t6_s12|weapon|zone_source/zm_parkour_nothing0.zone|csv
4980,xanim,am_t6_s12_reload_empty,33034,0,|t6_s12|weapon|zone_source/zm_parkour_nothing0.zone|csv
4981,xanim,am_t6_s12_pullout,8428,0,|t6_s12_up|weapon|zone_source/zm_parkour_nothing0.zone|csv
4982,xanim,am_t6_s12_first_raise,11911,0,|t6_s12_up|weapon|zone_source/zm_parkour_nothing0.zone|csv
4983,xanim,am_t6_s12_putaway,8959,0,|t6_s12_up|weapon|zone_source/zm_parkour_nothing0.zone|csv
4984,xanim,am_t6_s12_pullout_quick,5495,0,|t6_s12_up|weapon|zone_source/zm_parkour_nothing0.zone|csv
4985,xanim,am_t6_s12_putaway_quick,6036,0,|t6_s12_up|weapon|zone_source/zm_parkour_nothing0.zone|csv
4986,xanim,am_t6_s12_sprint_in,3443,0,|t6_s12_up|weapon|zone_source/zm_parkour_nothing0.zone|csv
4987,xanim,am_t6_s12_sprint_loop,4224,0,|t6_s12_up|weapon|zone_source/zm_parkour_nothing0.zone|csv
4988,xanim,am_t6_s12_sprint_out,3024,0,|t6_s12_up|weapon|zone_source/zm_parkour_nothing0.zone|csv
4989,xanim,am_t6_s12_crawl_in,3757,0,|t6_s12_up|weapon|zone_source/zm_parkour_nothing0.zone|csv
4990,xanim,am_t6_s12_crawl_forward,5269,0,|t6_s12_up|weapon|zone_source/zm_parkour_nothing0.zone|csv
4991,xanim,am_t6_s12_crawl_back,5376,0,|t6_s12_up|weapon|zone_source/zm_parkour_nothing0.zone|csv
4992,xanim,am_t6_s12_crawl_right,5506,0,|t6_s12_up|weapon|zone_source/zm_parkour_nothing0.zone|csv
4993,xanim,am_t6_s12_crawl_left,5832,0,|t6_s12_up|weapon|zone_source/zm_parkour_nothing0.zone|csv
4994,xanim,am_t6_s12_crawl_out,3437,0,|t6_s12_up|weapon|zone_source/zm_parkour_nothing0.zone|csv
4995,xanim,am_t6_s12_ads_fire,2391,0,|t6_s12_up|weapon|zone_source/zm_parkour_nothing0.zone|csv
4996,xanim,am_t6_s12_slide_in,3479,0,|t6_s12_up|weapon|zone_source/zm_parkour_nothing0.zone|csv
4997,xanim,am_t6_s12_slide_air_in,3148,0,|t6_s12_up|weapon|zone_source/zm_parkour_nothing0.zone|csv
4998,xanim,am_t6_s12_slide_loop,2081,0,|t6_s12_up|weapon|zone_source/zm_parkour_nothing0.zone|csv
4999,xanim,am_t6_s12_slide_out,2982,0,|t6_s12_up|weapon|zone_source/zm_parkour_nothing0.zone|csv
5000,xanim,am_t6_s12_ads_up,184,0,|t6_s12|weapon|zone_source/zm_parkour_nothing0.zone|csv
5001,xanim,am_t6_s12_ads_down,214,0,|t6_s12|weapon|zone_source/zm_parkour_nothing0.zone|csv
5002,weapon,t6_s12,7704,0,|zone_source/zm_parkour_nothing0.zone|csv
5003,xmodelmesh,vm_t6_s12_fastmag5d60e4f7,464,66480,|vm_t6_s12_fastmag|xmodel|t6_s12_up|weapon|zone_source/zm_parkour_nothing0.zone|csv
5004,xmodel,vm_t6_s12_fastmag,244,0,|t6_s12_up|weapon|zone_source/zm_parkour_nothing0.zone|csv
5005,xmodelmesh,wm_t6_s12_fastmag23ca76c2,336,7296,|wm_t6_s12_fastmag|xmodel|t6_s12_up|weapon|zone_source/zm_parkour_nothing0.zone|csv
5006,xmodel,wm_t6_s12_fastmag,152,0,|t6_s12_up|weapon|zone_source/zm_parkour_nothing0.zone|csv
5007,weaponcamo,t6_camo_s12_table,78500,0,|t6_s12_up|weapon|zone_source/zm_parkour_nothing0.zone|csv
5008,xanim,am_t6_s12_fastmag_reload,21579,0,|t6_s12_up|weapon|zone_source/zm_parkour_nothing0.zone|csv
5009,xanim,am_t6_s12_fastmag_reload_empty,25276,0,|t6_s12_up|weapon|zone_source/zm_parkour_nothing0.zone|csv
5010,xanim,am_t6_s12_fastmag_reload_quick,15863,0,|t6_s12_up|weapon|zone_source/zm_parkour_nothing0.zone|csv
5011,xanim,am_t6_s12_fastmag_reload_empty_quick,21549,0,|t6_s12_up|weapon|zone_source/zm_parkour_nothing0.zone|csv
5012,xanim,am_t6_s12_reflex_ads_up,227,0,|t6_s12_up|weapon|zone_source/zm_parkour_nothing0.zone|csv
5013,xanim,am_t6_s12_reflex_ads_down,225,0,|t6_s12_up|weapon|zone_source/zm_parkour_nothing0.zone|csv
5014,weapon,t6_s12_up,7769,0,|zone_source/zm_parkour_nothing0.zone|csv
5015,image,i_t6_wpn_ar_scarh_camo1_o,106,213992,|mc/mtl_t6_wpn_ar_scarh_camo1|material|t6_camo_scarh_table|weaponcamo|t6_scarh_launcher_zm|weapon|zone_source/zm_parkour_nothing0.zone|csv
5016,image,i_t6_wpn_ar_scarh_camo1_n,290,1419960,|mc/mtl_t6_wpn_ar_scarh_camo1|material|t6_camo_scarh_table|weaponcamo|t6_scarh_launcher_zm|weapon|zone_source/zm_parkour_nothing0.zone|csv
5017,image,i_t6_wpn_ar_scarh_camo1_g,274,742728,|mc/mtl_t6_wpn_ar_scarh_camo1|material|t6_camo_scarh_table|weaponcamo|t6_scarh_launcher_zm|weapon|zone_source/zm_parkour_nothing0.zone|csv
5018,image,i_t6_wpn_ar_scarh_camo1_r,282,720896,|t6_camo_scarh_table|weaponcamo|t6_scarh_launcher_zm|weapon|zone_source/zm_parkour_nothing0.zone|csv
5019,image,i_t6_wpn_ar_scarh_camo1_c,290,1419960,|mc/mtl_t6_wpn_ar_scarh_camo1|material|t6_camo_scarh_table|weaponcamo|t6_scarh_launcher_zm|weapon|zone_source/zm_parkour_nothing0.zone|csv
5020,image,i_t6_wpn_ar_scarh_camo1_s,274,742728,|mc/mtl_t6_wpn_ar_scarh_camo1|material|t6_camo_scarh_table|weaponcamo|t6_scarh_launcher_zm|weapon|zone_source/zm_parkour_nothing0.zone|csv
5021,material,mc/mtl_t6_wpn_ar_scarh_camo1,1140,0,|t6_camo_scarh_table|weaponcamo|t6_scarh_launcher_zm|weapon|zone_source/zm_parkour_nothing0.zone|csv
5022,xmodelmesh,vm_t6_scarh281e96ab,656,304024,|vm_t6_scarh|xmodel|t6_scarh_launcher_zm|weapon|zone_source/zm_parkour_nothing0.zone|csv
5023,xmodel,vm_t6_scarh,696,0,|t6_scarh_launcher_zm|weapon|zone_source/zm_parkour_nothing0.zone|csv
5024,xmodelmesh,wm_t6_scarhd7917c87,736,134032,|wm_t6_scarh|xmodel|t6_scarh_launcher_zm|weapon|zone_source/zm_parkour_nothing0.zone|csv
5025,xmodel,wm_t6_scarh,760,0,|t6_scarh_launcher_zm|weapon|zone_source/zm_parkour_nothing0.zone|csv
5026,xmodelmesh,vm_t6_scarh_magc827ceaa,336,7328,|vm_t6_scarh_mag|xmodel|t6_scarh|weapon|zone_source/zm_parkour_nothing0.zone|csv
5027,xmodel,vm_t6_scarh_mag,240,0,|t6_scarh|weapon|zone_source/zm_parkour_nothing0.zone|csv
5028,xanim,am_t6_scarh_idle,1624,0,|t6_scarh|weapon|zone_source/zm_parkour_nothing0.zone|csv
5029,xanim,am_t6_scarh_fire,2415,0,|t6_scarh|weapon|zone_source/zm_parkour_nothing0.zone|csv
5030,xanim,am_t6_scarh_reload,19874,0,|t6_scarh|weapon|zone_source/zm_parkour_nothing0.zone|csv
5031,xanim,am_t6_scarh_reload_empty,24574,0,|t6_scarh|weapon|zone_source/zm_parkour_nothing0.zone|csv
5032,xanim,am_t6_scarh_pullout,9008,0,|t6_scarh|weapon|zone_source/zm_parkour_nothing0.zone|csv
5033,xanim,am_t6_scarh_first_raise,11587,0,|t6_scarh|weapon|zone_source/zm_parkour_nothing0.zone|csv
5034,xanim,am_t6_scarh_putaway,8457,0,|t6_scarh|weapon|zone_source/zm_parkour_nothing0.zone|csv
5035,xanim,am_t6_scarh_sprint_in,3365,0,|t6_scarh|weapon|zone_source/zm_parkour_nothing0.zone|csv
5036,xanim,am_t6_scarh_sprint_loop,4700,0,|t6_scarh|weapon|zone_source/zm_parkour_nothing0.zone|csv
5037,xanim,am_t6_scarh_sprint_out,3148,0,|t6_scarh|weapon|zone_source/zm_parkour_nothing0.zone|csv
5038,xanim,am_t6_scarh_crawl_in,3468,0,|t6_scarh|weapon|zone_source/zm_parkour_nothing0.zone|csv
5039,xanim,am_t6_scarh_crawl_forward,5893,0,|t6_scarh|weapon|zone_source/zm_parkour_nothing0.zone|csv
5040,xanim,am_t6_scarh_crawl_back,5707,0,|t6_scarh|weapon|zone_source/zm_parkour_nothing0.zone|csv
5041,xanim,am_t6_scarh_crawl_right,6048,0,|t6_scarh|weapon|zone_source/zm_parkour_nothing0.zone|csv
5042,xanim,am_t6_scarh_crawl_left,5760,0,|t6_scarh|weapon|zone_source/zm_parkour_nothing0.zone|csv
5043,xanim,am_t6_scarh_crawl_out,3528,0,|t6_scarh|weapon|zone_source/zm_parkour_nothing0.zone|csv
5044,xanim,am_t6_scarh_ads_fire,2603,0,|t6_scarh|weapon|zone_source/zm_parkour_nothing0.zone|csv
5045,xanim,am_t6_scarh_slide_in,3520,0,|t6_scarh|weapon|zone_source/zm_parkour_nothing0.zone|csv
5046,xanim,am_t6_scarh_slide_air_in,3321,0,|t6_scarh|weapon|zone_source/zm_parkour_nothing0.zone|csv
5047,xanim,am_t6_scarh_slide_loop,1932,0,|t6_scarh|weapon|zone_source/zm_parkour_nothing0.zone|csv
5048,xanim,am_t6_scarh_slide_out,3171,0,|t6_scarh|weapon|zone_source/zm_parkour_nothing0.zone|csv
5049,xanim,am_t6_scarh_ads_up,213,0,|t6_scarh_launcher_zm|weapon|zone_source/zm_parkour_nothing0.zone|csv
5050,xanim,am_t6_scarh_ads_down,197,0,|t6_scarh_launcher_zm|weapon|zone_source/zm_parkour_nothing0.zone|csv
5051,weapon,t6_scarh,7711,0,|zone_source/zm_parkour_nothing0.zone|csv
5052,xmodelmesh,vm_t6_scarh_fastmagb67cf6f6,456,29680,|vm_t6_scarh_fastmag|xmodel|t6_scarh_launcher_zm|weapon|zone_source/zm_parkour_nothing0.zone|csv
5053,xmodel,vm_t6_scarh_fastmag,244,0,|t6_scarh_launcher_zm|weapon|zone_source/zm_parkour_nothing0.zone|csv
5054,xmodelmesh,wm_t6_scarh_fastmag68c5a4c,224,7728,|wm_t6_scarh_fastmag|xmodel|t6_scarh_launcher_zm|weapon|zone_source/zm_parkour_nothing0.zone|csv
5055,xmodel,wm_t6_scarh_fastmag,140,0,|t6_scarh_launcher_zm|weapon|zone_source/zm_parkour_nothing0.zone|csv
5056,weaponcamo,t6_camo_scarh_table,78504,0,|t6_scarh_launcher_zm|weapon|zone_source/zm_parkour_nothing0.zone|csv
5057,xanim,am_t6_scarh_gl_idle,1316,0,|t6_scarh_up_zm|weapon|zone_source/zm_parkour_nothing0.zone|csv
5058,xanim,am_t6_scarh_gl_fire,2115,0,|t6_scarh_up_zm|weapon|zone_source/zm_parkour_nothing0.zone|csv
5059,xanim,am_t6_scarh_gl_fastmag_reload,14889,0,|t6_scarh_up_zm|weapon|zone_source/zm_parkour_nothing0.zone|csv
5060,xanim,am_t6_scarh_gl_fastmag_reload_empty,18371,0,|t6_scarh_up_zm|weapon|zone_source/zm_parkour_nothing0.zone|csv
5061,xanim,am_t6_scarh_gl_fastmag_reload_quick,15312,0,|t6_scarh_up_zm|weapon|zone_source/zm_parkour_nothing0.zone|csv
5062,xanim,am_t6_scarh_gl_fastmag_reload_empty_quick,19370,0,|t6_scarh_up_zm|weapon|zone_source/zm_parkour_nothing0.zone|csv
5063,xanim,am_t6_scarh_gl_pullout,8704,0,|t6_scarh_up_zm|weapon|zone_source/zm_parkour_nothing0.zone|csv
5064,xanim,am_t6_scarh_gl_first_raise,11091,0,|t6_scarh_up_zm|weapon|zone_source/zm_parkour_nothing0.zone|csv
5065,xanim,am_t6_scarh_gl_putaway,8244,0,|t6_scarh_up_zm|weapon|zone_source/zm_parkour_nothing0.zone|csv
5066,xanim,am_t6_scarh_out_gl,4980,0,|t6_scarh_up_zm|weapon|zone_source/zm_parkour_nothing0.zone|csv
5067,xanim,am_t6_scarh_to_gl,5832,0,|t6_scarh_up_zm|weapon|zone_source/zm_parkour_nothing0.zone|csv
5068,xanim,am_t6_scarh_gl_sprint_in,3516,0,|t6_scarh_up_zm|weapon|zone_source/zm_parkour_nothing0.zone|csv
5069,xanim,am_t6_scarh_gl_sprint_loop,4648,0,|t6_scarh_up_zm|weapon|zone_source/zm_parkour_nothing0.zone|csv
5070,xanim,am_t6_scarh_gl_sprint_out,3292,0,|t6_scarh_up_zm|weapon|zone_source/zm_parkour_nothing0.zone|csv
5071,xanim,am_t6_scarh_gl_crawl_in,3607,0,|t6_scarh_up_zm|weapon|zone_source/zm_parkour_nothing0.zone|csv
5072,xanim,am_t6_scarh_gl_crawl_forward,5707,0,|t6_scarh_up_zm|weapon|zone_source/zm_parkour_nothing0.zone|csv
5073,xanim,am_t6_scarh_gl_crawl_back,4460,0,|t6_scarh_up_zm|weapon|zone_source/zm_parkour_nothing0.zone|csv
5074,xanim,am_t6_scarh_gl_crawl_right,6358,0,|t6_scarh_up_zm|weapon|zone_source/zm_parkour_nothing0.zone|csv
5075,xanim,am_t6_scarh_gl_crawl_left,5844,0,|t6_scarh_up_zm|weapon|zone_source/zm_parkour_nothing0.zone|csv
5076,xanim,am_t6_scarh_gl_crawl_out,3676,0,|t6_scarh_up_zm|weapon|zone_source/zm_parkour_nothing0.zone|csv
5077,xanim,am_t6_scarh_gl_ads_fire,2647,0,|t6_scarh_up_zm|weapon|zone_source/zm_parkour_nothing0.zone|csv
5078,xanim,am_t6_scarh_gl_slide_in,3286,0,|t6_scarh_up_zm|weapon|zone_source/zm_parkour_nothing0.zone|csv
5079,xanim,am_t6_scarh_gl_slide_air_in,3147,0,|t6_scarh_up_zm|weapon|zone_source/zm_parkour_nothing0.zone|csv
5080,xanim,am_t6_scarh_gl_slide_loop,1604,0,|t6_scarh_up_zm|weapon|zone_source/zm_parkour_nothing0.zone|csv
5081,xanim,am_t6_scarh_gl_slide_out,3320,0,|t6_scarh_up_zm|weapon|zone_source/zm_parkour_nothing0.zone|csv
5082,xanim,am_t6_scarh_reflex_ads_up,191,0,|t6_scarh_up_zm|weapon|zone_source/zm_parkour_nothing0.zone|csv
5083,xanim,am_t6_scarh_reflex_ads_down,185,0,|t6_scarh_up_zm|weapon|zone_source/zm_parkour_nothing0.zone|csv
5084,weapon,t6_scarh_up_zm,7936,0,|zone_source/zm_parkour_nothing0.zone|csv
5085,xanim,am_t6_scarh_in_gl_idle,1340,0,|t6_scarh_launcher_zm|weapon|zone_source/zm_parkour_nothing0.zone|csv
5086,xanim,am_t6_scarh_in_gl_fire,2653,0,|t6_scarh_launcher_zm|weapon|zone_source/zm_parkour_nothing0.zone|csv
5087,xanim,am_t6_scarh_in_gl_reload,24623,0,|t6_scarh_launcher_zm|weapon|zone_source/zm_parkour_nothing0.zone|csv
5088,xanim,am_t6_scarh_in_gl_pullout,7712,0,|t6_scarh_launcher_zm|weapon|zone_source/zm_parkour_nothing0.zone|csv
5089,xanim,am_t6_scarh_in_gl_putaway,4484,0,|t6_scarh_launcher_zm|weapon|zone_source/zm_parkour_nothing0.zone|csv
5090,xanim,am_t6_scarh_in_gl_sprint_in,3520,0,|t6_scarh_launcher_zm|weapon|zone_source/zm_parkour_nothing0.zone|csv
5091,xanim,am_t6_scarh_in_gl_sprint_loop,4676,0,|t6_scarh_launcher_zm|weapon|zone_source/zm_parkour_nothing0.zone|csv
5092,xanim,am_t6_scarh_in_gl_sprint_out,3292,0,|t6_scarh_launcher_zm|weapon|zone_source/zm_parkour_nothing0.zone|csv
5093,xanim,am_t6_scarh_in_gl_crawl_in,3715,0,|t6_scarh_launcher_zm|weapon|zone_source/zm_parkour_nothing0.zone|csv
5094,xanim,am_t6_scarh_in_gl_crawl_forward,6439,0,|t6_scarh_launcher_zm|weapon|zone_source/zm_parkour_nothing0.zone|csv
5095,xanim,am_t6_scarh_in_gl_crawl_back,4106,0,|t6_scarh_launcher_zm|weapon|zone_source/zm_parkour_nothing0.zone|csv
5096,xanim,am_t6_scarh_in_gl_crawl_right,6462,0,|t6_scarh_launcher_zm|weapon|zone_source/zm_parkour_nothing0.zone|csv
5097,xanim,am_t6_scarh_in_gl_crawl_left,3787,0,|t6_scarh_launcher_zm|weapon|zone_source/zm_parkour_nothing0.zone|csv
5098,xanim,am_t6_scarh_in_gl_crawl_out,3411,0,|t6_scarh_launcher_zm|weapon|zone_source/zm_parkour_nothing0.zone|csv
5099,xanim,am_t6_scarh_in_gl_slide_in,3612,0,|t6_scarh_launcher_zm|weapon|zone_source/zm_parkour_nothing0.zone|csv
5100,xanim,am_t6_scarh_in_gl_slide_air_in,3374,0,|t6_scarh_launcher_zm|weapon|zone_source/zm_parkour_nothing0.zone|csv
5101,xanim,am_t6_scarh_in_gl_slide_loop,2114,0,|t6_scarh_launcher_zm|weapon|zone_source/zm_parkour_nothing0.zone|csv
5102,xanim,am_t6_scarh_in_gl_slide_out,3275,0,|t6_scarh_launcher_zm|weapon|zone_source/zm_parkour_nothing0.zone|csv
5103,weapon,t6_scarh_launcher_zm,7605,0,|zone_source/zm_parkour_nothing0.zone|csv
5104,image,i_t6_wpn_smg_scorpion_camo1_o,286,238104,|mc/mtl_t6_wpn_smg_scorpion_camo1|material|t6_camo_skorpion_evo_table|weaponcamo|t6_skorpion_evo_up|weapon|zone_source/zm_parkour_nothing0.zone|csv
5105,image,i_t6_wpn_smg_scorpion_camo1_n,294,1419960,|mc/mtl_t6_wpn_smg_scorpion_camo1|material|t6_camo_skorpion_evo_table|weaponcamo|t6_skorpion_evo_up|weapon|zone_source/zm_parkour_nothing0.zone|csv
5106,image,i_t6_wpn_smg_scorpion_camo1_g,278,742728,|mc/mtl_t6_wpn_smg_scorpion_camo1|material|t6_camo_skorpion_evo_table|weaponcamo|t6_skorpion_evo_up|weapon|zone_source/zm_parkour_nothing0.zone|csv
5107,image,i_t6_wpn_smg_scorpion_camo1_r,286,720896,|t6_camo_skorpion_evo_table|weaponcamo|t6_skorpion_evo_up|weapon|zone_source/zm_parkour_nothing0.zone|csv
5108,image,i_t6_wpn_smg_scorpion_camo1_c,294,1419960,|mc/mtl_t6_wpn_smg_scorpion_camo1|material|t6_camo_skorpion_evo_table|weaponcamo|t6_skorpion_evo_up|weapon|zone_source/zm_parkour_nothing0.zone|csv
5109,image,i_t6_wpn_smg_scorpion_camo1_s,278,742728,|mc/mtl_t6_wpn_smg_scorpion_camo1|material|t6_camo_skorpion_evo_table|weaponcamo|t6_skorpion_evo_up|weapon|zone_source/zm_parkour_nothing0.zone|csv
5110,material,mc/mtl_t6_wpn_smg_scorpion_camo1,1140,0,|t6_camo_skorpion_evo_table|weaponcamo|t6_skorpion_evo_up|weapon|zone_source/zm_parkour_nothing0.zone|csv
5111,xmodelmesh,vm_t6_skorpion_evoe78d7dfd,928,326584,|vm_t6_skorpion_evo|xmodel|t6_skorpion_evo_up|weapon|zone_source/zm_parkour_nothing0.zone|csv
5112,xmodel,vm_t6_skorpion_evo,1908,0,|t6_skorpion_evo_up|weapon|zone_source/zm_parkour_nothing0.zone|csv
5113,xmodelmesh,wm_t6_skorpion_evob0133fb9,832,118784,|wm_t6_skorpion_evo|xmodel|t6_skorpion_evo_up|weapon|zone_source/zm_parkour_nothing0.zone|csv
5114,xmodel,wm_t6_skorpion_evo,700,0,|t6_skorpion_evo_up|weapon|zone_source/zm_parkour_nothing0.zone|csv
5115,xmodelmesh,vm_t6_skorpion_evo_mage3e22863,456,15136,|vm_t6_skorpion_evo_mag|xmodel|t6_skorpion_evo|weapon|zone_source/zm_parkour_nothing0.zone|csv
5116,xmodel,vm_t6_skorpion_evo_mag,260,0,|t6_skorpion_evo|weapon|zone_source/zm_parkour_nothing0.zone|csv
5117,xanim,am_t6_skorpion_evo_idle,4336,0,|t6_skorpion_evo_up|weapon|zone_source/zm_parkour_nothing0.zone|csv
5118,xanim,am_t6_skorpion_evo_fire,2812,0,|t6_skorpion_evo_up|weapon|zone_source/zm_parkour_nothing0.zone|csv
5119,xanim,am_t6_skorpion_evo_reload,24380,0,|t6_skorpion_evo|weapon|zone_source/zm_parkour_nothing0.zone|csv
5120,xanim,am_t6_skorpion_evo_reload_empty,28050,0,|t6_skorpion_evo|weapon|zone_source/zm_parkour_nothing0.zone|csv
5121,xanim,am_t6_skorpion_evo_pullout,10449,0,|t6_skorpion_evo_up|weapon|zone_source/zm_parkour_nothing0.zone|csv
5122,xanim,am_t6_skorpion_evo_first_raise,12824,0,|t6_skorpion_evo_up|weapon|zone_source/zm_parkour_nothing0.zone|csv
5123,xanim,am_t6_skorpion_evo_putaway,9300,0,|t6_skorpion_evo_up|weapon|zone_source/zm_parkour_nothing0.zone|csv
5124,xanim,am_t6_skorpion_evo_sprint_in,3773,0,|t6_skorpion_evo_up|weapon|zone_source/zm_parkour_nothing0.zone|csv
5125,xanim,am_t6_skorpion_evo_sprint_loop,4766,0,|t6_skorpion_evo_up|weapon|zone_source/zm_parkour_nothing0.zone|csv
5126,xanim,am_t6_skorpion_evo_sprint_out,3419,0,|t6_skorpion_evo_up|weapon|zone_source/zm_parkour_nothing0.zone|csv
5127,xanim,am_t6_skorpion_evo_crawl_in,3711,0,|t6_skorpion_evo_up|weapon|zone_source/zm_parkour_nothing0.zone|csv
5128,xanim,am_t6_skorpion_evo_crawl_forward,7689,0,|t6_skorpion_evo_up|weapon|zone_source/zm_parkour_nothing0.zone|csv
5129,xanim,am_t6_skorpion_evo_crawl_back,5790,0,|t6_skorpion_evo_up|weapon|zone_source/zm_parkour_nothing0.zone|csv
5130,xanim,am_t6_skorpion_evo_crawl_right,6021,0,|t6_skorpion_evo_up|weapon|zone_source/zm_parkour_nothing0.zone|csv
5131,xanim,am_t6_skorpion_evo_crawl_left,5991,0,|t6_skorpion_evo_up|weapon|zone_source/zm_parkour_nothing0.zone|csv
5132,xanim,am_t6_skorpion_evo_crawl_out,3349,0,|t6_skorpion_evo_up|weapon|zone_source/zm_parkour_nothing0.zone|csv
5133,xanim,am_t6_skorpion_evo_ads_fire,2784,0,|t6_skorpion_evo_up|weapon|zone_source/zm_parkour_nothing0.zone|csv
5134,xanim,am_t6_skorpion_evo_slide_in,3313,0,|t6_skorpion_evo_up|weapon|zone_source/zm_parkour_nothing0.zone|csv
5135,xanim,am_t6_skorpion_evo_slide_air_in,3085,0,|t6_skorpion_evo_up|weapon|zone_source/zm_parkour_nothing0.zone|csv
5136,xanim,am_t6_skorpion_evo_slide_loop,2574,0,|t6_skorpion_evo_up|weapon|zone_source/zm_parkour_nothing0.zone|csv
5137,xanim,am_t6_skorpion_evo_slide_out,2696,0,|t6_skorpion_evo_up|weapon|zone_source/zm_parkour_nothing0.zone|csv
5138,xanim,am_t6_skorpion_evo_ads_up,241,0,|t6_skorpion_evo|weapon|zone_source/zm_parkour_nothing0.zone|csv
5139,xanim,am_t6_skorpion_evo_ads_down,207,0,|t6_skorpion_evo|weapon|zone_source/zm_parkour_nothing0.zone|csv
5140,weapon,t6_skorpion_evo,7716,0,|zone_source/zm_parkour_nothing0.zone|csv
5141,xmodelmesh,vm_t6_skorpion_evo_fastmagdeeb691,472,36864,|vm_t6_skorpion_evo_fastmag|xmodel|t6_skorpion_evo_up|weapon|zone_source/zm_parkour_nothing0.zone|csv
5142,xmodel,vm_t6_skorpion_evo_fastmag,252,0,|t6_skorpion_evo_up|weapon|zone_source/zm_parkour_nothing0.zone|csv
5143,xmodelmesh,wm_t6_skorpion_evo_fastmag3ab33405,344,5936,|wm_t6_skorpion_evo_fastmag|xmodel|t6_skorpion_evo_up|weapon|zone_source/zm_parkour_nothing0.zone|csv
5144,xmodel,wm_t6_skorpion_evo_fastmag,160,0,|t6_skorpion_evo_up|weapon|zone_source/zm_parkour_nothing0.zone|csv
5145,weaponcamo,t6_camo_skorpion_evo_table,78508,0,|t6_skorpion_evo_up|weapon|zone_source/zm_parkour_nothing0.zone|csv
5146,xanim,am_t6_skorpion_evo_fastmag_reload,24424,0,|t6_skorpion_evo_up|weapon|zone_source/zm_parkour_nothing0.zone|csv
5147,xanim,am_t6_skorpion_evo_fastmag_reload_empty,28171,0,|t6_skorpion_evo_up|weapon|zone_source/zm_parkour_nothing0.zone|csv
5148,xanim,am_t6_skorpion_evo_fastmag_reload_quick,22039,0,|t6_skorpion_evo_up|weapon|zone_source/zm_parkour_nothing0.zone|csv
5149,xanim,am_t6_skorpion_evo_fastmag_reload_empty_quick,26521,0,|t6_skorpion_evo_up|weapon|zone_source/zm_parkour_nothing0.zone|csv
5150,xanim,am_t6_skorpion_evo_reflex_ads_up,207,0,|t6_skorpion_evo_up|weapon|zone_source/zm_parkour_nothing0.zone|csv
5151,xanim,am_t6_skorpion_evo_reflex_ads_down,201,0,|t6_skorpion_evo_up|weapon|zone_source/zm_parkour_nothing0.zone|csv
5152,weapon,t6_skorpion_evo_up,7789,0,|zone_source/zm_parkour_nothing0.zone|csv
5153,image,i_t6_wpn_launch_smaw_camo1_o,285,217592,|mc/mtl_t6_wpn_launch_smaw|material|wm_t6_smaw_rocket|xmodel|t6_smaw_up|weapon|zone_source/zm_parkour_nothing0.zone|csv
5154,image,i_t6_wpn_launch_smaw_camo1_n,293,1419960,|mc/mtl_t6_wpn_launch_smaw|material|wm_t6_smaw_rocket|xmodel|t6_smaw_up|weapon|zone_source/zm_parkour_nothing0.zone|csv
5155,image,i_t6_wpn_launch_smaw_camo1_g,277,742728,|mc/mtl_t6_wpn_launch_smaw|material|wm_t6_smaw_rocket|xmodel|t6_smaw_up|weapon|zone_source/zm_parkour_nothing0.zone|csv
5156,image,i_t6_wpn_launch_smaw_camo1_r,285,720896,|t6_camo_smaw_table|weaponcamo|t6_smaw_up|weapon|zone_source/zm_parkour_nothing0.zone|csv
5157,image,i_t6_wpn_launch_smaw_camo1_c,293,1419960,|mc/mtl_t6_wpn_launch_smaw|material|wm_t6_smaw_rocket|xmodel|t6_smaw_up|weapon|zone_source/zm_parkour_nothing0.zone|csv
5158,image,i_t6_wpn_launch_smaw_camo1_s,277,742728,|mc/mtl_t6_wpn_launch_smaw|material|wm_t6_smaw_rocket|xmodel|t6_smaw_up|weapon|zone_source/zm_parkour_nothing0.zone|csv
5159,material,mc/mtl_t6_wpn_launch_smaw_camo1,1130,0,|t6_camo_smaw_table|weaponcamo|t6_smaw_up|weapon|zone_source/zm_parkour_nothing0.zone|csv
5160,xmodelmesh,vm_t6_smaw3c0e0b20,560,104072,|vm_t6_smaw|xmodel|t6_smaw_up|weapon|zone_source/zm_parkour_nothing0.zone|csv
5161,xmodel,vm_t6_smaw,264,0,|t6_smaw_up|weapon|zone_source/zm_parkour_nothing0.zone|csv
5162,xmodelmesh,wm_t6_smaw8deb7702,664,49136,|wm_t6_smaw|xmodel|t6_smaw_up|weapon|zone_source/zm_parkour_nothing0.zone|csv
5163,xmodel,wm_t6_smaw,276,0,|t6_smaw_up|weapon|zone_source/zm_parkour_nothing0.zone|csv
5164,material,mc/mtl_t6_wpn_launch_smaw,1132,0,|wm_t6_smaw_rocket|xmodel|t6_smaw_up|weapon|zone_source/zm_parkour_nothing0.zone|csv
5165,xmodelmesh,wm_t6_smaw_rocket62fd3457,1568,0,|wm_t6_smaw_rocket|xmodel|t6_smaw_up|weapon|zone_source/zm_parkour_nothing0.zone|csv
5166,xmodel,wm_t6_smaw_rocket,236,0,|t6_smaw_up|weapon|zone_source/zm_parkour_nothing0.zone|csv
5167,xanim,am_t6_smaw_idle,1564,0,|t6_smaw_up|weapon|zone_source/zm_parkour_nothing0.zone|csv
5168,xanim,am_t6_smaw_ads_fire,2788,0,|t6_smaw_up|weapon|zone_source/zm_parkour_nothing0.zone|csv
5169,xanim,am_t6_smaw_reload,9093,0,|t6_smaw_up|weapon|zone_source/zm_parkour_nothing0.zone|csv
5170,xanim,am_t6_smaw_pullout,8376,0,|t6_smaw_up|weapon|zone_source/zm_parkour_nothing0.zone|csv
5171,xanim,am_t6_smaw_putaway,4746,0,|t6_smaw_up|weapon|zone_source/zm_parkour_nothing0.zone|csv
5172,xanim,am_t6_smaw_sprint_in,3317,0,|t6_smaw_up|weapon|zone_source/zm_parkour_nothing0.zone|csv
5173,xanim,am_t6_smaw_sprint_loop,4763,0,|t6_smaw_up|weapon|zone_source/zm_parkour_nothing0.zone|csv
5174,xanim,am_t6_smaw_sprint_out,3100,0,|t6_smaw_up|weapon|zone_source/zm_parkour_nothing0.zone|csv
5175,xanim,am_t6_smaw_crawl_in,2850,0,|t6_smaw_up|weapon|zone_source/zm_parkour_nothing0.zone|csv
5176,xanim,am_t6_smaw_crawl_forward,3786,0,|t6_smaw_up|weapon|zone_source/zm_parkour_nothing0.zone|csv
5177,xanim,am_t6_smaw_crawl_back,3260,0,|t6_smaw_up|weapon|zone_source/zm_parkour_nothing0.zone|csv
5178,xanim,am_t6_smaw_crawl_right,3327,0,|t6_smaw_up|weapon|zone_source/zm_parkour_nothing0.zone|csv
5179,xanim,am_t6_smaw_crawl_left,3307,0,|t6_smaw_up|weapon|zone_source/zm_parkour_nothing0.zone|csv
5180,xanim,am_t6_smaw_crawl_out,2561,0,|t6_smaw_up|weapon|zone_source/zm_parkour_nothing0.zone|csv
5181,xanim,am_t6_smaw_slide_in,3588,0,|t6_smaw_up|weapon|zone_source/zm_parkour_nothing0.zone|csv
5182,xanim,am_t6_smaw_slide_air_in,3250,0,|t6_smaw_up|weapon|zone_source/zm_parkour_nothing0.zone|csv
5183,xanim,am_t6_smaw_slide_loop,1889,0,|t6_smaw_up|weapon|zone_source/zm_parkour_nothing0.zone|csv
5184,xanim,am_t6_smaw_slide_out,3258,0,|t6_smaw_up|weapon|zone_source/zm_parkour_nothing0.zone|csv
5185,xanim,am_t6_smaw_ads_up,272,0,|t6_smaw_up|weapon|zone_source/zm_parkour_nothing0.zone|csv
5186,xanim,am_t6_smaw_ads_down,296,0,|t6_smaw_up|weapon|zone_source/zm_parkour_nothing0.zone|csv
5187,weapon,t6_smaw,7669,0,|zone_source/zm_parkour_nothing0.zone|csv
5188,weaponcamo,t6_camo_smaw_table,78504,0,|t6_smaw_up|weapon|zone_source/zm_parkour_nothing0.zone|csv
5189,weapon,t6_smaw_up,6103,0,|zone_source/zm_parkour_nothing0.zone|csv
5190,image,i_t6_wpn_ar_saritch_camo1_o,228,240008,|mc/mtl_t6_wpn_ar_saritch_camo1|material|t6_camo_smr_table|weaponcamo|t6_smr_up|weapon|zone_source/zm_parkour_nothing0.zone|csv
5191,image,i_t6_wpn_ar_saritch_camo1_n,292,1419960,|mc/mtl_t6_wpn_ar_saritch_camo1|material|t6_camo_smr_table|weaponcamo|t6_smr_up|weapon|zone_source/zm_parkour_nothing0.zone|csv
5192,image,i_t6_wpn_ar_saritch_camo1_g,276,742728,|mc/mtl_t6_wpn_ar_saritch_camo1|material|t6_camo_smr_table|weaponcamo|t6_smr_up|weapon|zone_source/zm_parkour_nothing0.zone|csv
5193,image,i_t6_wpn_ar_saritch_camo1_r,284,720896,|t6_camo_smr_table|weaponcamo|t6_smr_up|weapon|zone_source/zm_parkour_nothing0.zone|csv
5194,image,i_t6_wpn_ar_saritch_camo1_c,292,1419960,|mc/mtl_t6_wpn_ar_saritch_camo1|material|t6_camo_smr_table|weaponcamo|t6_smr_up|weapon|zone_source/zm_parkour_nothing0.zone|csv
5195,image,i_t6_wpn_ar_saritch_camo1_s,276,742728,|mc/mtl_t6_wpn_ar_saritch_camo1|material|t6_camo_smr_table|weaponcamo|t6_smr_up|weapon|zone_source/zm_parkour_nothing0.zone|csv
5196,material,mc/mtl_t6_wpn_ar_saritch_camo1,1121,0,|t6_camo_smr_table|weaponcamo|t6_smr_up|weapon|zone_source/zm_parkour_nothing0.zone|csv
5197,xmodelmesh,vm_t6_smr2afdf7ad,616,288888,|vm_t6_smr|xmodel|t6_smr_up|weapon|zone_source/zm_parkour_nothing0.zone|csv
5198,xmodel,vm_t6_smr,672,0,|t6_smr_up|weapon|zone_source/zm_parkour_nothing0.zone|csv
5199,xmodelmesh,wm_t6_smr423ecc97,696,100592,|wm_t6_smr|xmodel|t6_smr_up|weapon|zone_source/zm_parkour_nothing0.zone|csv
5200,xmodel,wm_t6_smr,644,0,|t6_smr_up|weapon|zone_source/zm_parkour_nothing0.zone|csv
5201,xmodelmesh,vm_t6_smr_mag57b49dc4,328,8224,|vm_t6_smr_mag|xmodel|t6_smr_up|weapon|zone_source/zm_parkour_nothing0.zone|csv
5202,xmodel,vm_t6_smr_mag,244,0,|t6_smr_up|weapon|zone_source/zm_parkour_nothing0.zone|csv
5203,xanim,am_t6_smr_idle,1596,0,|t6_smr_up|weapon|zone_source/zm_parkour_nothing0.zone|csv
5204,xanim,am_t6_smr_fire,2455,0,|t6_smr_up|weapon|zone_source/zm_parkour_nothing0.zone|csv
5205,xanim,am_t6_smr_reload,30638,0,|t6_smr_up|weapon|zone_source/zm_parkour_nothing0.zone|csv
5206,xanim,am_t6_smr_reload_empty,35219,0,|t6_smr_up|weapon|zone_source/zm_parkour_nothing0.zone|csv
5207,xanim,am_t6_smr_pullout,9904,0,|t6_smr_up|weapon|zone_source/zm_parkour_nothing0.zone|csv
5208,xanim,am_t6_smr_first_raise,11151,0,|t6_smr_up|weapon|zone_source/zm_parkour_nothing0.zone|csv
5209,xanim,am_t6_smr_putaway,9482,0,|t6_smr_up|weapon|zone_source/zm_parkour_nothing0.zone|csv
5210,xanim,am_t6_smr_putaway_quick,5271,0,|t6_smr_up|weapon|zone_source/zm_parkour_nothing0.zone|csv
5211,xanim,am_t6_smr_sprint_in,3457,0,|t6_smr_up|weapon|zone_source/zm_parkour_nothing0.zone|csv
5212,xanim,am_t6_smr_sprint_loop,4306,0,|t6_smr_up|weapon|zone_source/zm_parkour_nothing0.zone|csv
5213,xanim,am_t6_smr_sprint_out,3177,0,|t6_smr_up|weapon|zone_source/zm_parkour_nothing0.zone|csv
5214,xanim,am_t6_smr_crawl_in,3544,0,|t6_smr_up|weapon|zone_source/zm_parkour_nothing0.zone|csv
5215,xanim,am_t6_smr_crawl_forward,5802,0,|t6_smr_up|weapon|zone_source/zm_parkour_nothing0.zone|csv
5216,xanim,am_t6_smr_crawl_back,5405,0,|t6_smr_up|weapon|zone_source/zm_parkour_nothing0.zone|csv
5217,xanim,am_t6_smr_crawl_right,5111,0,|t6_smr_up|weapon|zone_source/zm_parkour_nothing0.zone|csv
5218,xanim,am_t6_smr_crawl_left,5687,0,|t6_smr_up|weapon|zone_source/zm_parkour_nothing0.zone|csv
5219,xanim,am_t6_smr_crawl_out,3243,0,|t6_smr_up|weapon|zone_source/zm_parkour_nothing0.zone|csv
5220,xanim,am_t6_smr_ads_fire,2423,0,|t6_smr_up|weapon|zone_source/zm_parkour_nothing0.zone|csv
5221,xanim,am_t6_smr_slide_in,3450,0,|t6_smr_up|weapon|zone_source/zm_parkour_nothing0.zone|csv
5222,xanim,am_t6_smr_slide_air_in,3230,0,|t6_smr_up|weapon|zone_source/zm_parkour_nothing0.zone|csv
5223,xanim,am_t6_smr_slide_loop,1889,0,|t6_smr_up|weapon|zone_source/zm_parkour_nothing0.zone|csv
5224,xanim,am_t6_smr_slide_out,3082,0,|t6_smr_up|weapon|zone_source/zm_parkour_nothing0.zone|csv
5225,xanim,am_t6_smr_ads_up,195,0,|t6_smr|weapon|zone_source/zm_parkour_nothing0.zone|csv
5226,xanim,am_t6_smr_ads_down,175,0,|t6_smr|weapon|zone_source/zm_parkour_nothing0.zone|csv
5227,weapon,t6_smr,7708,0,|zone_source/zm_parkour_nothing0.zone|csv
5228,image,i_t6_reflex_reticle_smiley_c,93,39216,|mc/mtl_t6_reflex_reticle_smiley|material|vm_t6_smr_reflex|xmodel|t6_smr_up|weapon|zone_source/zm_parkour_nothing0.zone|csv
5229,material,mc/mtl_t6_reflex_reticle_smiley,899,0,|vm_t6_smr_reflex|xmodel|t6_smr_up|weapon|zone_source/zm_parkour_nothing0.zone|csv
5230,xmodel,vm_t6_smr_reflex,140,0,|t6_smr_up|weapon|zone_source/zm_parkour_nothing0.zone|csv
5231,weaponcamo,t6_camo_smr_table,78500,0,|t6_smr_up|weapon|zone_source/zm_parkour_nothing0.zone|csv
5232,xanim,am_t6_smr_reflex_ads_up,226,0,|t6_smr_up|weapon|zone_source/zm_parkour_nothing0.zone|csv
5233,xanim,am_t6_smr_reflex_ads_down,225,0,|t6_smr_up|weapon|zone_source/zm_parkour_nothing0.zone|csv
5234,weapon,t6_smr_up,7725,0,|zone_source/zm_parkour_nothing0.zone|csv
5235,image,i_t6_wpn_shotty_spas_camo1_o,285,131064,|mc/mtl_t6_wpn_shotty_spas_camo1|material|t6_camo_spas12_table|weaponcamo|t6_spas12_up|weapon|zone_source/zm_parkour_nothing0.zone|csv
5236,image,i_t6_wpn_shotty_spas_camo1_n,301,742760,|mc/mtl_t6_wpn_shotty_spas_camo1|material|t6_camo_spas12_table|weaponcamo|t6_spas12_up|weapon|zone_source/zm_parkour_nothing0.zone|csv
5237,image,i_t6_wpn_shotty_spas_camo1_g,269,371352,|mc/mtl_t6_wpn_shotty_spas_camo1|material|t6_camo_spas12_table|weaponcamo|t6_spas12_up|weapon|zone_source/zm_parkour_nothing0.zone|csv
5238,image,i_t6_wpn_shotty_spas_camo1_r,285,393216,|t6_camo_spas12_table|weaponcamo|t6_spas12_up|weapon|zone_source/zm_parkour_nothing0.zone|csv
5239,image,i_t6_wpn_shotty_spas_camo1_c,301,742760,|mc/mtl_t6_wpn_shotty_spas_camo1|material|t6_camo_spas12_table|weaponcamo|t6_spas12_up|weapon|zone_source/zm_parkour_nothing0.zone|csv
5240,image,i_t6_wpn_shotty_spas_camo1_s,269,371352,|mc/mtl_t6_wpn_shotty_spas_camo1|material|t6_camo_spas12_table|weaponcamo|t6_spas12_up|weapon|zone_source/zm_parkour_nothing0.zone|csv
5241,material,mc/mtl_t6_wpn_shotty_spas_camo1,1130,0,|t6_camo_spas12_table|weaponcamo|t6_spas12_up|weapon|zone_source/zm_parkour_nothing0.zone|csv
5242,xmodelmesh,vm_t6_spas12309ec9e7,568,218472,|vm_t6_spas12|xmodel|t6_spas12_up|weapon|zone_source/zm_parkour_nothing0.zone|csv
5243,xmodel,vm_t6_spas12,1216,0,|t6_spas12_up|weapon|zone_source/zm_parkour_nothing0.zone|csv
5244,xmodelmesh,wm_t6_spas123d866359,440,36784,|wm_t6_spas12|xmodel|t6_spas12_up|weapon|zone_source/zm_parkour_nothing0.zone|csv
5245,xmodel,wm_t6_spas12,360,0,|t6_spas12_up|weapon|zone_source/zm_parkour_nothing0.zone|csv
5246,xanim,am_t6_spas12_idle,1668,0,|t6_spas12_up|weapon|zone_source/zm_parkour_nothing0.zone|csv
5247,xanim,am_t6_spas12_fire,2810,0,|t6_spas12_up|weapon|zone_source/zm_parkour_nothing0.zone|csv
5248,xanim,am_t6_spas12_reload_loop,7844,0,|t6_spas12_up|weapon|zone_source/zm_parkour_nothing0.zone|csv
5249,xanim,am_t6_spas12_reload_in,16599,0,|t6_spas12_up|weapon|zone_source/zm_parkour_nothing0.zone|csv
5250,xanim,am_t6_spas12_reload_out,9490,0,|t6_spas12_up|weapon|zone_source/zm_parkour_nothing0.zone|csv
5251,xanim,am_t6_spas12_pullout,8090,0,|t6_spas12_up|weapon|zone_source/zm_parkour_nothing0.zone|csv
5252,xanim,am_t6_spas12_first_raise,15417,0,|t6_spas12_up|weapon|zone_source/zm_parkour_nothing0.zone|csv
5253,xanim,am_t6_spas12_putaway,8900,0,|t6_spas12_up|weapon|zone_source/zm_parkour_nothing0.zone|csv
5254,xanim,am_t6_spas12_pullout_quick,5738,0,|t6_spas12_up|weapon|zone_source/zm_parkour_nothing0.zone|csv
5255,xanim,am_t6_spas12_putaway_quick,5831,0,|t6_spas12_up|weapon|zone_source/zm_parkour_nothing0.zone|csv
5256,xanim,am_t6_spas12_sprint_in,3489,0,|t6_spas12_up|weapon|zone_source/zm_parkour_nothing0.zone|csv
5257,xanim,am_t6_spas12_sprint_loop,4577,0,|t6_spas12_up|weapon|zone_source/zm_parkour_nothing0.zone|csv
5258,xanim,am_t6_spas12_sprint_out,3120,0,|t6_spas12_up|weapon|zone_source/zm_parkour_nothing0.zone|csv
5259,xanim,am_t6_spas12_crawl_in,3698,0,|t6_spas12_up|weapon|zone_source/zm_parkour_nothing0.zone|csv
5260,xanim,am_t6_spas12_crawl_forward,5786,0,|t6_spas12_up|weapon|zone_source/zm_parkour_nothing0.zone|csv
5261,xanim,am_t6_spas12_crawl_back,5347,0,|t6_spas12_up|weapon|zone_source/zm_parkour_nothing0.zone|csv
5262,xanim,am_t6_spas12_crawl_right,5879,0,|t6_spas12_up|weapon|zone_source/zm_parkour_nothing0.zone|csv
5263,xanim,am_t6_spas12_crawl_left,5853,0,|t6_spas12_up|weapon|zone_source/zm_parkour_nothing0.zone|csv
5264,xanim,am_t6_spas12_crawl_out,3287,0,|t6_spas12_up|weapon|zone_source/zm_parkour_nothing0.zone|csv
5265,xanim,am_t6_spas12_ads_fire,2972,0,|t6_spas12_up|weapon|zone_source/zm_parkour_nothing0.zone|csv
5266,xanim,am_t6_spas12_slide_in,3613,0,|t6_spas12_up|weapon|zone_source/zm_parkour_nothing0.zone|csv
5267,xanim,am_t6_spas12_slide_air_in,3323,0,|t6_spas12_up|weapon|zone_source/zm_parkour_nothing0.zone|csv
5268,xanim,am_t6_spas12_slide_loop,1993,0,|t6_spas12_up|weapon|zone_source/zm_parkour_nothing0.zone|csv
5269,xanim,am_t6_spas12_slide_out,3159,0,|t6_spas12_up|weapon|zone_source/zm_parkour_nothing0.zone|csv
5270,xanim,am_t6_spas12_ads_up,229,0,|t6_spas12_up|weapon|zone_source/zm_parkour_nothing0.zone|csv
5271,xanim,am_t6_spas12_ads_down,206,0,|t6_spas12_up|weapon|zone_source/zm_parkour_nothing0.zone|csv
5272,weapon,t6_spas12,7666,0,|zone_source/zm_parkour_nothing0.zone|csv
5273,weaponcamo,t6_camo_spas12_table,78504,0,|t6_spas12_up|weapon|zone_source/zm_parkour_nothing0.zone|csv
5274,weapon,t6_spas12_up,6096,0,|zone_source/zm_parkour_nothing0.zone|csv
5275,image,i_t6_wpn_ar_stg44_camo1_n,282,1448688,|mc/mtl_t6_wpn_ar_stg44_camo1|material|t6_camo_stg44_table|weaponcamo|t6_stg44_up|weapon|zone_source/zm_parkour_nothing0.zone|csv
5276,image,i_t6_wpn_ar_stg44_camo1_g,274,742728,|mc/mtl_t6_wpn_ar_stg44_camo1|material|t6_camo_stg44_table|weaponcamo|t6_stg44_up|weapon|zone_source/zm_parkour_nothing0.zone|csv
5277,image,i_t6_wpn_ar_stg44_camo1_r,282,720896,|t6_camo_stg44_table|weaponcamo|t6_stg44_up|weapon|zone_source/zm_parkour_nothing0.zone|csv
5278,image,i_t6_wpn_ar_stg44_camo1_c,290,1419960,|mc/mtl_t6_wpn_ar_stg44_camo1|material|t6_camo_stg44_table|weaponcamo|t6_stg44_up|weapon|zone_source/zm_parkour_nothing0.zone|csv
5279,image,i_t6_wpn_ar_stg44_camo1_s,274,742728,|mc/mtl_t6_wpn_ar_stg44_camo1|material|t6_camo_stg44_table|weaponcamo|t6_stg44_up|weapon|zone_source/zm_parkour_nothing0.zone|csv
5280,material,mc/mtl_t6_wpn_ar_stg44_camo1,1126,0,|t6_camo_stg44_table|weaponcamo|t6_stg44_up|weapon|zone_source/zm_parkour_nothing0.zone|csv
5281,xmodelmesh,vm_t6_stg447fb11e41,376,257880,|vm_t6_stg44|xmodel|t6_stg44_up|weapon|zone_source/zm_parkour_nothing0.zone|csv
5282,xmodel,vm_t6_stg44,632,0,|t6_stg44_up|weapon|zone_source/zm_parkour_nothing0.zone|csv
5283,xmodelmesh,wm_t6_stg441f4dda68,440,72832,|wm_t6_stg44|xmodel|t6_stg44_up|weapon|zone_source/zm_parkour_nothing0.zone|csv
5284,xmodel,wm_t6_stg44,460,0,|t6_stg44_up|weapon|zone_source/zm_parkour_nothing0.zone|csv
5285,xmodelmesh,vm_t6_stg44_mag2fed02b9,328,26560,|vm_t6_stg44_mag|xmodel|t6_stg44_up|weapon|zone_source/zm_parkour_nothing0.zone|csv
5286,xmodel,vm_t6_stg44_mag,244,0,|t6_stg44_up|weapon|zone_source/zm_parkour_nothing0.zone|csv
5287,xanim,am_t6_stg44_idle,1612,0,|t6_stg44_up|weapon|zone_source/zm_parkour_nothing0.zone|csv
5288,xanim,am_t6_stg44_fire,2414,0,|t6_stg44_up|weapon|zone_source/zm_parkour_nothing0.zone|csv
5289,xanim,am_t6_stg44_reload,21123,0,|t6_stg44_up|weapon|zone_source/zm_parkour_nothing0.zone|csv
5290,xanim,am_t6_stg44_reload_empty,27713,0,|t6_stg44_up|weapon|zone_source/zm_parkour_nothing0.zone|csv
5291,xanim,am_t6_stg44_pullout,6587,0,|t6_stg44_up|weapon|zone_source/zm_parkour_nothing0.zone|csv
5292,xanim,am_t6_stg44_first_raise,11036,0,|t6_stg44_up|weapon|zone_source/zm_parkour_nothing0.zone|csv
5293,xanim,am_t6_stg44_putaway,5667,0,|t6_stg44_up|weapon|zone_source/zm_parkour_nothing0.zone|csv
5294,xanim,am_t6_stg44_sprint_in,3468,0,|t6_stg44_up|weapon|zone_source/zm_parkour_nothing0.zone|csv
5295,xanim,am_t6_stg44_sprint_loop,4275,0,|t6_stg44_up|weapon|zone_source/zm_parkour_nothing0.zone|csv
5296,xanim,am_t6_stg44_sprint_out,3469,0,|t6_stg44_up|weapon|zone_source/zm_parkour_nothing0.zone|csv
5297,xanim,am_t6_stg44_crawl_in,3640,0,|t6_stg44_up|weapon|zone_source/zm_parkour_nothing0.zone|csv
5298,xanim,am_t6_stg44_crawl_forward,6432,0,|t6_stg44_up|weapon|zone_source/zm_parkour_nothing0.zone|csv
5299,xanim,am_t6_stg44_crawl_back,5675,0,|t6_stg44_up|weapon|zone_source/zm_parkour_nothing0.zone|csv
5300,xanim,am_t6_stg44_crawl_right,6135,0,|t6_stg44_up|weapon|zone_source/zm_parkour_nothing0.zone|csv
5301,xanim,am_t6_stg44_crawl_left,6032,0,|t6_stg44_up|weapon|zone_source/zm_parkour_nothing0.zone|csv
5302,xanim,am_t6_stg44_crawl_out,3487,0,|t6_stg44_up|weapon|zone_source/zm_parkour_nothing0.zone|csv
5303,xanim,am_t6_stg44_ads_fire,2365,0,|t6_stg44_up|weapon|zone_source/zm_parkour_nothing0.zone|csv
5304,xanim,am_t6_stg44_slide_in,3296,0,|t6_stg44_up|weapon|zone_source/zm_parkour_nothing0.zone|csv
5305,xanim,am_t6_stg44_slide_air_in,3153,0,|t6_stg44_up|weapon|zone_source/zm_parkour_nothing0.zone|csv
5306,xanim,am_t6_stg44_slide_loop,1797,0,|t6_stg44_up|weapon|zone_source/zm_parkour_nothing0.zone|csv
5307,xanim,am_t6_stg44_slide_out,3055,0,|t6_stg44_up|weapon|zone_source/zm_parkour_nothing0.zone|csv
5308,xanim,am_t6_stg44_ads_up,210,0,|t6_stg44_up|weapon|zone_source/zm_parkour_nothing0.zone|csv
5309,xanim,am_t6_stg44_ads_down,222,0,|t6_stg44_up|weapon|zone_source/zm_parkour_nothing0.zone|csv
5310,weapon,t6_stg44,7721,0,|zone_source/zm_parkour_nothing0.zone|csv
5311,weaponcamo,t6_camo_stg44_table,78504,0,|t6_stg44_up|weapon|zone_source/zm_parkour_nothing0.zone|csv
5312,weapon,t6_stg44_up,6103,0,|zone_source/zm_parkour_nothing0.zone|csv
5313,image,i_t6_wpn_special_storm_o,281,232552,|mc/mtl_t6_wpn_special_storm|material|t6_camo_storm_psr_table|weaponcamo|t6_storm_psr_up|weapon|zone_source/zm_parkour_nothing0.zone|csv
5314,image,i_t6_wpn_special_storm_n,289,1419960,|mc/mtl_t6_wpn_special_storm|material|t6_camo_storm_psr_table|weaponcamo|t6_storm_psr_up|weapon|zone_source/zm_parkour_nothing0.zone|csv
5315,image,i_t6_wpn_special_storm_g,273,742728,|mc/mtl_t6_wpn_special_storm|material|t6_camo_storm_psr_table|weaponcamo|t6_storm_psr_up|weapon|zone_source/zm_parkour_nothing0.zone|csv
5316,image,i_t6_wpn_special_storm_r,281,720896,|t6_camo_storm_psr_table|weaponcamo|t6_storm_psr_up|weapon|zone_source/zm_parkour_nothing0.zone|csv
5317,image,i_t6_wpn_special_storm_c,289,1419960,|mc/mtl_t6_wpn_special_storm|material|t6_camo_storm_psr_table|weaponcamo|t6_storm_psr_up|weapon|zone_source/zm_parkour_nothing0.zone|csv
5318,image,i_t6_wpn_special_storm_s,273,742728,|mc/mtl_t6_wpn_special_storm|material|t6_camo_storm_psr_table|weaponcamo|t6_storm_psr_up|weapon|zone_source/zm_parkour_nothing0.zone|csv
5319,material,mc/mtl_t6_wpn_special_storm,1123,0,|t6_camo_storm_psr_table|weaponcamo|t6_storm_psr_up|weapon|zone_source/zm_parkour_nothing0.zone|csv
5320,image,i_t6_wpn_storm_scope_reticle_sp_c,98,109240,|mc/mtl_t6_wpn_storm_scope_reticle_pap_sp|material|vm_t6_storm_psr_up|xmodel|t6_storm_psr_up|weapon|zone_source/zm_parkour_nothing0.zone|csv
5321,material,mc/mtl_t6_wpn_storm_scope_reticle_sp,894,0,|vm_t6_storm_psr|xmodel|t6_storm_psr|weapon|zone_source/zm_parkour_nothing0.zone|csv
5322,image,i_t6_wpn_storm_scope_lens_n,284,131072,|mc/mtl_t6_wpn_storm_scope_lens_pap|material|vm_t6_storm_psr_up|xmodel|t6_storm_psr_up|weapon|zone_source/zm_parkour_nothing0.zone|csv
5323,image,i_t6_wpn_storm_scope_lens_g,276,87368,|mc/mtl_t6_wpn_storm_scope_lens_pap|material|vm_t6_storm_psr_up|xmodel|t6_storm_psr_up|weapon|zone_source/zm_parkour_nothing0.zone|csv
5324,image,i_t6_wpn_storm_scope_lens_c,292,109240,|mc/mtl_t6_wpn_storm_scope_lens_pap|material|vm_t6_storm_psr_up|xmodel|t6_storm_psr_up|weapon|zone_source/zm_parkour_nothing0.zone|csv
5325,image,i_t6_wpn_storm_scope_lens_s,276,87368,|mc/mtl_t6_wpn_storm_scope_lens|material|vm_t6_storm_psr|xmodel|t6_storm_psr|weapon|zone_source/zm_parkour_nothing0.zone|csv
5326,material,mc/mtl_t6_wpn_storm_scope_lens,960,0,|vm_t6_storm_psr|xmodel|t6_storm_psr|weapon|zone_source/zm_parkour_nothing0.zone|csv
5327,image,i_t6_wpn_storm_charge_temp_e,11021,0,|mc/mtl_t6_wpn_storm_charge_temp_pap|material|vm_t6_storm_psr_up|xmodel|t6_storm_psr_up|weapon|zone_source/zm_parkour_nothing0.zone|csv
5328,image,i_t6_wpn_storm_charge_temp_c,11037,0,|mc/mtl_t6_wpn_storm_charge_temp|material|vm_t6_storm_psr|xmodel|t6_storm_psr|weapon|zone_source/zm_parkour_nothing0.zone|csv
5329,material,mc/mtl_t6_wpn_storm_charge_temp,1454,0,|vm_t6_storm_psr|xmodel|t6_storm_psr|weapon|zone_source/zm_parkour_nothing0.zone|csv
5330,image,i_t6_wpn_storm_charge_display_e,112,196632,|mc/mtl_t6_wpn_storm_charge_display_pap|material|wm_t6_storm_psr_up|xmodel|t6_storm_psr_up|weapon|zone_source/zm_parkour_nothing0.zone|csv
5331,image,i_t6_wpn_storm_charge_display_c,288,196608,|mc/mtl_t6_wpn_storm_charge_display|material|wm_t6_storm_psr|xmodel|t6_storm_psr|weapon|zone_source/zm_parkour_nothing0.zone|csv
5332,material,mc/mtl_t6_wpn_storm_charge_display,992,0,|wm_t6_storm_psr|xmodel|t6_storm_psr|weapon|zone_source/zm_parkour_nothing0.zone|csv
5333,image,i_t6_wpn_special_storm_scope_o,263,65512,|mc/mtl_t6_wpn_special_storm_scope_pap|material|t6_camo_storm_psr_table|weaponcamo|t6_storm_psr_up|weapon|zone_source/zm_parkour_nothing0.zone|csv
5334,image,i_t6_wpn_special_storm_scope_n,295,371384,|mc/mtl_t6_wpn_special_storm_scope_pap|material|t6_camo_storm_psr_table|weaponcamo|t6_storm_psr_up|weapon|zone_source/zm_parkour_nothing0.zone|csv
5335,image,i_t6_wpn_special_storm_scope_g,279,218440,|mc/mtl_t6_wpn_special_storm_scope_pap|material|t6_camo_storm_psr_table|weaponcamo|t6_storm_psr_up|weapon|zone_source/zm_parkour_nothing0.zone|csv
5336,image,i_t6_wpn_special_storm_scope_r,287,196608,|t6_camo_storm_psr_table|weaponcamo|t6_storm_psr_up|weapon|zone_source/zm_parkour_nothing0.zone|csv
5337,image,i_t6_wpn_special_storm_scope_c,295,371384,|mc/mtl_t6_wpn_special_storm_scope|material|t6_camo_storm_psr_table|weaponcamo|t6_storm_psr_up|weapon|zone_source/zm_parkour_nothing0.zone|csv
5338,image,i_t6_wpn_special_storm_scope_s,279,218440,|mc/mtl_t6_wpn_special_storm_scope|material|t6_camo_storm_psr_table|weaponcamo|t6_storm_psr_up|weapon|zone_source/zm_parkour_nothing0.zone|csv
5339,material,mc/mtl_t6_wpn_special_storm_scope,1150,0,|t6_camo_storm_psr_table|weaponcamo|t6_storm_psr_up|weapon|zone_source/zm_parkour_nothing0.zone|csv
5340,image,i_t6_wpn_storm_charge_lens_n,309,196632,|mc/mtl_t6_wpn_storm_charge_lens_pap|material|vm_t6_storm_psr_up|xmodel|t6_storm_psr_up|weapon|zone_source/zm_parkour_nothing0.zone|csv
5341,image,i_t6_wpn_storm_charge_lens_g,269,109208,|mc/mtl_t6_wpn_storm_charge_lens_pap|material|vm_t6_storm_psr_up|xmodel|t6_storm_psr_up|weapon|zone_source/zm_parkour_nothing0.zone|csv
5342,image,i_t6_wpn_storm_charge_lens_c,301,218472,|mc/mtl_t6_wpn_storm_charge_lens_pap|material|vm_t6_storm_psr_up|xmodel|t6_storm_psr_up|weapon|zone_source/zm_parkour_nothing0.zone|csv
5343,image,i_t6_wpn_storm_charge_lens_s,269,109208,|mc/mtl_t6_wpn_storm_charge_lens|material|vm_t6_storm_psr|xmodel|t6_storm_psr|weapon|zone_source/zm_parkour_nothing0.zone|csv
5344,material,mc/mtl_t6_wpn_storm_charge_lens,964,0,|vm_t6_storm_psr|xmodel|t6_storm_psr|weapon|zone_source/zm_parkour_nothing0.zone|csv
5345,image,i_t6_attach_scanner_burn_c,75,393224,|mc/mtl_t6_attach_scanner_burn|material|vm_t6_storm_psr|xmodel|t6_storm_psr|weapon|zone_source/zm_parkour_nothing0.zone|csv
5346,material,mc/mtl_t6_attach_scanner_burn,1445,0,|vm_t6_storm_psr|xmodel|t6_storm_psr|weapon|zone_source/zm_parkour_nothing0.zone|csv
5347,material,mc/mtl_t6_attach_optic_scope_inside,1608,0,|vm_t6_acog|xmodel|t6_xpr50_up|weapon|zone_source/zm_parkour_nothing0.zone|csv
5348,xmodelmesh,vm_t6_storm_psraf537715,1328,458256,|vm_t6_storm_psr_up|xmodel|t6_storm_psr_up|weapon|zone_source/zm_parkour_nothing0.zone|csv
5349,xmodel,vm_t6_storm_psr,1092,0,|t6_storm_psr|weapon|zone_source/zm_parkour_nothing0.zone|csv
5350,xmodelmesh,wm_t6_storm_psr8f2dff3b,552,87952,|wm_t6_storm_psr_up|xmodel|t6_storm_psr_up|weapon|zone_source/zm_parkour_nothing0.zone|csv
5351,xmodel,wm_t6_storm_psr,268,0,|t6_storm_psr|weapon|zone_source/zm_parkour_nothing0.zone|csv
5352,xanim,am_t6_storm_psr_idle,1608,0,|t6_storm_psr_up|weapon|zone_source/zm_parkour_nothing0.zone|csv
5353,xanim,am_t6_storm_psr_fire,2378,0,|t6_storm_psr_up|weapon|zone_source/zm_parkour_nothing0.zone|csv
5354,xanim,am_t6_storm_psr_reload,28761,0,|t6_storm_psr_up|weapon|zone_source/zm_parkour_nothing0.zone|csv
5355,xanim,am_t6_storm_psr_pullout,8979,0,|t6_storm_psr_up|weapon|zone_source/zm_parkour_nothing0.zone|csv
5356,xanim,am_t6_storm_psr_first_raise,12062,0,|t6_storm_psr_up|weapon|zone_source/zm_parkour_nothing0.zone|csv
5357,xanim,am_t6_storm_psr_putaway,7295,0,|t6_storm_psr_up|weapon|zone_source/zm_parkour_nothing0.zone|csv
5358,xanim,am_t6_storm_psr_sprint_in,3402,0,|t6_storm_psr_up|weapon|zone_source/zm_parkour_nothing0.zone|csv
5359,xanim,am_t6_storm_psr_sprint_loop,4300,0,|t6_storm_psr_up|weapon|zone_source/zm_parkour_nothing0.zone|csv
5360,xanim,am_t6_storm_psr_sprint_out,3099,0,|t6_storm_psr_up|weapon|zone_source/zm_parkour_nothing0.zone|csv
5361,xanim,am_t6_storm_psr_crawl_in,3486,0,|t6_storm_psr_up|weapon|zone_source/zm_parkour_nothing0.zone|csv
5362,xanim,am_t6_storm_psr_crawl_forward,5905,0,|t6_storm_psr_up|weapon|zone_source/zm_parkour_nothing0.zone|csv
5363,xanim,am_t6_storm_psr_crawl_back,5345,0,|t6_storm_psr_up|weapon|zone_source/zm_parkour_nothing0.zone|csv
5364,xanim,am_t6_storm_psr_crawl_right,5806,0,|t6_storm_psr_up|weapon|zone_source/zm_parkour_nothing0.zone|csv
5365,xanim,am_t6_storm_psr_crawl_left,5715,0,|t6_storm_psr_up|weapon|zone_source/zm_parkour_nothing0.zone|csv
5366,xanim,am_t6_storm_psr_crawl_out,3212,0,|t6_storm_psr_up|weapon|zone_source/zm_parkour_nothing0.zone|csv
5367,xanim,am_t6_storm_psr_ads_fire,2149,0,|t6_storm_psr_up|weapon|zone_source/zm_parkour_nothing0.zone|csv
5368,xanim,am_t6_storm_psr_slide_in,3480,0,|t6_storm_psr_up|weapon|zone_source/zm_parkour_nothing0.zone|csv
5369,xanim,am_t6_storm_psr_slide_air_in,3309,0,|t6_storm_psr_up|weapon|zone_source/zm_parkour_nothing0.zone|csv
5370,xanim,am_t6_storm_psr_slide_loop,2166,0,|t6_storm_psr_up|weapon|zone_source/zm_parkour_nothing0.zone|csv
5371,xanim,am_t6_storm_psr_slide_out,3126,0,|t6_storm_psr_up|weapon|zone_source/zm_parkour_nothing0.zone|csv
5372,xanim,am_t6_storm_psr_ads_up,175,0,|t6_storm_psr_up|weapon|zone_source/zm_parkour_nothing0.zone|csv
5373,xanim,am_t6_storm_psr_ads_down,173,0,|t6_storm_psr_up|weapon|zone_source/zm_parkour_nothing0.zone|csv
5374,weapon,t6_storm_psr,7677,0,|zone_source/zm_parkour_nothing0.zone|csv
5375,material,mc/mtl_t6_wpn_storm_scope_reticle_pap_sp,456,0,|vm_t6_storm_psr_up|xmodel|t6_storm_psr_up|weapon|zone_source/zm_parkour_nothing0.zone|csv
5376,image,i_t6_wpn_storm_scope_lens_pap_s,72,65448,|mc/mtl_t6_wpn_storm_scope_lens_pap|material|vm_t6_storm_psr_up|xmodel|t6_storm_psr_up|weapon|zone_source/zm_parkour_nothing0.zone|csv
5377,material,mc/mtl_t6_wpn_storm_scope_lens_pap,976,0,|vm_t6_storm_psr_up|xmodel|t6_storm_psr_up|weapon|zone_source/zm_parkour_nothing0.zone|csv
5378,image,i_t6_wpn_storm_charge_temp_pap_c,11025,0,|mc/mtl_t6_wpn_storm_charge_temp_pap|material|vm_t6_storm_psr_up|xmodel|t6_storm_psr_up|weapon|zone_source/zm_parkour_nothing0.zone|csv
5379,material,mc/mtl_t6_wpn_storm_charge_temp_pap,1463,0,|vm_t6_storm_psr_up|xmodel|t6_storm_psr_up|weapon|zone_source/zm_parkour_nothing0.zone|csv
5380,image,i_t6_wpn_storm_charge_display_pap_c,116,196632,|mc/mtl_t6_wpn_storm_charge_display_pap|material|wm_t6_storm_psr_up|xmodel|t6_storm_psr_up|weapon|zone_source/zm_parkour_nothing0.zone|csv
5381,material,mc/mtl_t6_wpn_storm_charge_display_pap,988,0,|wm_t6_storm_psr_up|xmodel|t6_storm_psr_up|weapon|zone_source/zm_parkour_nothing0.zone|csv
5382,image,i_t6_wpn_special_storm_scope_pap_c,275,371360,|mc/mtl_t6_wpn_special_storm_scope_pap|material|t6_camo_storm_psr_table|weaponcamo|t6_storm_psr_up|weapon|zone_source/zm_parkour_nothing0.zone|csv
5383,image,i_t6_wpn_special_storm_scope_pap_s,283,218440,|mc/mtl_t6_wpn_special_storm_scope_pap|material|t6_camo_storm_psr_table|weaponcamo|t6_storm_psr_up|weapon|zone_source/zm_parkour_nothing0.zone|csv
5384,material,mc/mtl_t6_wpn_special_storm_scope_pap,1138,0,|t6_camo_storm_psr_table|weaponcamo|t6_storm_psr_up|weapon|zone_source/zm_parkour_nothing0.zone|csv
5385,image,i_t6_wpn_storm_charge_lens_pap_s,297,109232,|mc/mtl_t6_wpn_storm_charge_lens_pap|material|vm_t6_storm_psr_up|xmodel|t6_storm_psr_up|weapon|zone_source/zm_parkour_nothing0.zone|csv
5386,material,mc/mtl_t6_wpn_storm_charge_lens_pap,967,0,|vm_t6_storm_psr_up|xmodel|t6_storm_psr_up|weapon|zone_source/zm_parkour_nothing0.zone|csv
5387,image,i_t6_attach_scanner_burn_pap_c,287,393224,|mc/mtl_t6_attach_scanner_burn_pap|material|vm_t6_storm_psr_up|xmodel|t6_storm_psr_up|weapon|zone_source/zm_parkour_nothing0.zone|csv
5388,material,mc/mtl_t6_attach_scanner_burn_pap,993,0,|vm_t6_storm_psr_up|xmodel|t6_storm_psr_up|weapon|zone_source/zm_parkour_nothing0.zone|csv
5389,xmodel,vm_t6_storm_psr_up,456,0,|t6_storm_psr_up|weapon|zone_source/zm_parkour_nothing0.zone|csv
5390,xmodel,wm_t6_storm_psr_up,160,0,|t6_storm_psr_up|weapon|zone_source/zm_parkour_nothing0.zone|csv
5391,weaponcamo,t6_camo_storm_psr_table,82600,0,|t6_storm_psr_up|weapon|zone_source/zm_parkour_nothing0.zone|csv
5392,weapon,t6_storm_psr_up,6111,0,|zone_source/zm_parkour_nothing0.zone|csv
5393,image,i_t6_wpn_sniper_svu_camo1_o,276,218440,|mc/mtl_t6_wpn_sniper_svu_camo1|material|t6_camo_svu_as_table|weaponcamo|t6_svu_as_up|weapon|zone_source/zm_parkour_nothing0.zone|csv
5394,image,i_t6_wpn_sniper_svu_camo1_n,292,1419960,|mc/mtl_t6_wpn_sniper_svu_camo1|material|t6_camo_svu_as_table|weaponcamo|t6_svu_as_up|weapon|zone_source/zm_parkour_nothing0.zone|csv
5395,image,i_t6_wpn_sniper_svu_camo1_g,276,742728,|mc/mtl_t6_wpn_sniper_svu_camo1|material|t6_camo_svu_as_table|weaponcamo|t6_svu_as_up|weapon|zone_source/zm_parkour_nothing0.zone|csv
5396,image,i_t6_wpn_sniper_svu_camo1_r,284,720896,|t6_camo_svu_as_table|weaponcamo|t6_svu_as_up|weapon|zone_source/zm_parkour_nothing0.zone|csv
5397,image,i_t6_wpn_sniper_svu_camo1_c,292,1419960,|mc/mtl_t6_wpn_sniper_svu_camo1|material|t6_camo_svu_as_table|weaponcamo|t6_svu_as_up|weapon|zone_source/zm_parkour_nothing0.zone|csv
5398,image,i_t6_wpn_sniper_svu_camo1_s,276,742728,|mc/mtl_t6_wpn_sniper_svu_camo1|material|t6_camo_svu_as_table|weaponcamo|t6_svu_as_up|weapon|zone_source/zm_parkour_nothing0.zone|csv
5399,material,mc/mtl_t6_wpn_sniper_svu_camo1,1121,0,|t6_camo_svu_as_table|weaponcamo|t6_svu_as_up|weapon|zone_source/zm_parkour_nothing0.zone|csv
5400,xmodelmesh,vm_t6_svu_as7204f1ba,488,189960,|vm_t6_svu_as|xmodel|t6_svu_as_up|weapon|zone_source/zm_parkour_nothing0.zone|csv
5401,xmodel,vm_t6_svu_as,584,0,|t6_svu_as_up|weapon|zone_source/zm_parkour_nothing0.zone|csv
5402,xmodelmesh,wm_t6_svu_as720c7b0b,696,99872,|wm_t6_svu_as|xmodel|t6_svu_as_up|weapon|zone_source/zm_parkour_nothing0.zone|csv
5403,xmodel,wm_t6_svu_as,576,0,|t6_svu_as_up|weapon|zone_source/zm_parkour_nothing0.zone|csv
5404,image,i_t6_wpn_sniper_svu_scope_camo1_o,290,103384,|mc/mtl_t6_wpn_sniper_svu_scope_camo1|material|t6_camo_svu_as_table|weaponcamo|t6_svu_as_up|weapon|zone_source/zm_parkour_nothing0.zone|csv
5405,image,i_t6_wpn_sniper_svu_scope_camo1_n,298,371384,|mc/mtl_t6_wpn_sniper_svu_scope_camo1|material|t6_camo_svu_as_table|weaponcamo|t6_svu_as_up|weapon|zone_source/zm_parkour_nothing0.zone|csv
5406,image,i_t6_wpn_sniper_svu_scope_camo1_g,282,218440,|mc/mtl_t6_wpn_sniper_svu_scope_camo1|material|t6_camo_svu_as_table|weaponcamo|t6_svu_as_up|weapon|zone_source/zm_parkour_nothing0.zone|csv
5407,image,i_t6_wpn_sniper_svu_scope_camo1_r,290,196608,|t6_camo_svu_as_table|weaponcamo|t6_svu_as_up|weapon|zone_source/zm_parkour_nothing0.zone|csv
5408,image,i_t6_wpn_sniper_svu_scope_camo1_c,298,371384,|mc/mtl_t6_wpn_sniper_svu_scope_camo1|material|t6_camo_svu_as_table|weaponcamo|t6_svu_as_up|weapon|zone_source/zm_parkour_nothing0.zone|csv
5409,image,i_t6_wpn_sniper_svu_scope_camo1_s,282,218440,|mc/mtl_t6_wpn_sniper_svu_scope_camo1|material|t6_camo_svu_as_table|weaponcamo|t6_svu_as_up|weapon|zone_source/zm_parkour_nothing0.zone|csv
5410,material,mc/mtl_t6_wpn_sniper_svu_scope_camo1,1148,0,|t6_camo_svu_as_table|weaponcamo|t6_svu_as_up|weapon|zone_source/zm_parkour_nothing0.zone|csv
5411,image,i_t6_wpn_sniper_svu_lens_g,283,65536,|mc/mtl_t6_wpn_sniper_svu_lens|material|vm_t6_svu_as_hip_scope|xmodel|t6_svu_as|weapon|zone_source/zm_parkour_nothing0.zone|csv
5412,image,i_t6_wpn_sniper_svu_lens_c,291,109240,|mc/mtl_t6_wpn_sniper_svu_lens|material|vm_t6_svu_as_hip_scope|xmodel|t6_svu_as|weapon|zone_source/zm_parkour_nothing0.zone|csv
5413,image,i_t6_wpn_sniper_svu_lens_s,275,87368,|mc/mtl_t6_wpn_sniper_svu_lens|material|vm_t6_svu_as_hip_scope|xmodel|t6_svu_as|weapon|zone_source/zm_parkour_nothing0.zone|csv
5414,material,mc/mtl_t6_wpn_sniper_svu_lens,967,0,|vm_t6_svu_as_hip_scope|xmodel|t6_svu_as|weapon|zone_source/zm_parkour_nothing0.zone|csv
5415,xmodelmesh,vm_t6_svu_as_hip_scope186bc5e2,448,120552,|vm_t6_svu_as_hip_scope|xmodel|t6_svu_as|weapon|zone_source/zm_parkour_nothing0.zone|csv
5416,xmodel,vm_t6_svu_as_hip_scope,168,0,|t6_svu_as|weapon|zone_source/zm_parkour_nothing0.zone|csv
5417,image,i_t6_wpn_sniper_svu_scope_reticle_c,300,1430480,|mc/mtl_t6_wpn_sniper_svu_scope_reticle|material|vm_t6_svu_as_ads_scope|xmodel|t6_svu_as|weapon|zone_source/zm_parkour_nothing0.zone|csv
5418,material,mc/mtl_t6_wpn_sniper_svu_scope_reticle,852,0,|vm_t6_svu_as_ads_scope|xmodel|t6_svu_as|weapon|zone_source/zm_parkour_nothing0.zone|csv
5419,xmodelmesh,vm_t6_svu_as_ads_scope61d20cac,560,52320,|vm_t6_svu_as_ads_scope|xmodel|t6_svu_as|weapon|zone_source/zm_parkour_nothing0.zone|csv
5420,xmodel,vm_t6_svu_as_ads_scope,180,0,|t6_svu_as|weapon|zone_source/zm_parkour_nothing0.zone|csv
5421,xmodelmesh,vm_t6_svu_as_magbd8c5dab,448,8368,|vm_t6_svu_as_mag|xmodel|t6_svu_as_up|weapon|zone_source/zm_parkour_nothing0.zone|csv
5422,xmodel,vm_t6_svu_as_mag,256,0,|t6_svu_as_up|weapon|zone_source/zm_parkour_nothing0.zone|csv
5423,xmodelmesh,wm_t6_svu_as_scope6f102ebf,336,28176,|wm_t6_svu_as_scope|xmodel|t6_svu_as|weapon|zone_source/zm_parkour_nothing0.zone|csv
5424,xmodel,wm_t6_svu_as_scope,152,0,|t6_svu_as|weapon|zone_source/zm_parkour_nothing0.zone|csv
5425,xanim,am_t6_svu_as_idle,1600,0,|t6_svu_as_up|weapon|zone_source/zm_parkour_nothing0.zone|csv
5426,xanim,am_t6_svu_as_fire,2734,0,|t6_svu_as_up|weapon|zone_source/zm_parkour_nothing0.zone|csv
5427,xanim,am_t6_svu_as_reload,30133,0,|t6_svu_as_up|weapon|zone_source/zm_parkour_nothing0.zone|csv
5428,xanim,am_t6_svu_as_reload_empty,35600,0,|t6_svu_as_up|weapon|zone_source/zm_parkour_nothing0.zone|csv
5429,xanim,am_t6_svu_as_pullout,8305,0,|t6_svu_as_up|weapon|zone_source/zm_parkour_nothing0.zone|csv
5430,xanim,am_t6_svu_as_first_raise,18340,0,|t6_svu_as_up|weapon|zone_source/zm_parkour_nothing0.zone|csv
5431,xanim,am_t6_svu_as_putaway,7800,0,|t6_svu_as_up|weapon|zone_source/zm_parkour_nothing0.zone|csv
5432,xanim,am_t6_svu_as_pullout_quick,6833,0,|t6_svu_as_up|weapon|zone_source/zm_parkour_nothing0.zone|csv
5433,xanim,am_t6_svu_as_putaway_quick,5327,0,|t6_svu_as_up|weapon|zone_source/zm_parkour_nothing0.zone|csv
5434,xanim,am_t6_svu_as_sprint_in,3574,0,|t6_svu_as_up|weapon|zone_source/zm_parkour_nothing0.zone|csv
5435,xanim,am_t6_svu_as_sprint_loop,4363,0,|t6_svu_as_up|weapon|zone_source/zm_parkour_nothing0.zone|csv
5436,xanim,am_t6_svu_as_sprint_out,3296,0,|t6_svu_as_up|weapon|zone_source/zm_parkour_nothing0.zone|csv
5437,xanim,am_t6_svu_as_crawl_in,3454,0,|t6_svu_as_up|weapon|zone_source/zm_parkour_nothing0.zone|csv
5438,xanim,am_t6_svu_as_crawl_forward,6451,0,|t6_svu_as_up|weapon|zone_source/zm_parkour_nothing0.zone|csv
5439,xanim,am_t6_svu_as_crawl_back,5523,0,|t6_svu_as_up|weapon|zone_source/zm_parkour_nothing0.zone|csv
5440,xanim,am_t6_svu_as_crawl_right,5875,0,|t6_svu_as_up|weapon|zone_source/zm_parkour_nothing0.zone|csv
5441,xanim,am_t6_svu_as_crawl_left,3753,0,|t6_svu_as_up|weapon|zone_source/zm_parkour_nothing0.zone|csv
5442,xanim,am_t6_svu_as_crawl_out,3438,0,|t6_svu_as_up|weapon|zone_source/zm_parkour_nothing0.zone|csv
5443,xanim,am_t6_svu_as_ads_fire,1976,0,|t6_svu_as_up|weapon|zone_source/zm_parkour_nothing0.zone|csv
5444,xanim,am_t6_svu_as_slide_in,3579,0,|t6_svu_as_up|weapon|zone_source/zm_parkour_nothing0.zone|csv
5445,xanim,am_t6_svu_as_slide_air_in,3331,0,|t6_svu_as_up|weapon|zone_source/zm_parkour_nothing0.zone|csv
5446,xanim,am_t6_svu_as_slide_loop,2069,0,|t6_svu_as_up|weapon|zone_source/zm_parkour_nothing0.zone|csv
5447,xanim,am_t6_svu_as_slide_out,3217,0,|t6_svu_as_up|weapon|zone_source/zm_parkour_nothing0.zone|csv
5448,xanim,am_t6_svu_as_scope_ads_up,265,0,|t6_svu_as|weapon|zone_source/zm_parkour_nothing0.zone|csv
5449,xanim,am_t6_svu_as_scope_ads_down,212,0,|t6_svu_as|weapon|zone_source/zm_parkour_nothing0.zone|csv
5450,weapon,t6_svu_as,7748,0,|zone_source/zm_parkour_nothing0.zone|csv
5451,image,i_t6_acog_reticle_c,5556,0,|mc/mtl_t6_acog_reticle|material|vm_t6_acog|xmodel|t6_xpr50_up|weapon|zone_source/zm_parkour_nothing0.zone|csv
5452,material,mc/mtl_t6_acog_reticle,868,0,|vm_t6_acog|xmodel|t6_xpr50_up|weapon|zone_source/zm_parkour_nothing0.zone|csv
5453,techset,mc/lit_transparent_scope#e6142445,35,0,|mc/mtl_t6_attach_optic_acog_lens|material|vm_t6_acog|xmodel|t6_xpr50_up|weapon|zone_source/zm_parkour_nothing0.zone|csv
5454,material,mc/mtl_t6_attach_optic_acog_lens,34,0,|vm_t6_acog|xmodel|t6_xpr50_up|weapon|zone_source/zm_parkour_nothing0.zone|csv
5455,image,i_t6_attach_optic_acog_camo1_o,183,64040,|mc/mtl_t6_attach_optic_acog_camo1|material|wm_t6_acog|xmodel|t6_xpr50_up|weapon|zone_source/zm_parkour_nothing0.zone|csv
5456,image,i_t6_attach_optic_acog_camo1_n,295,371384,|mc/mtl_t6_attach_optic_acog_camo1|material|wm_t6_acog|xmodel|t6_xpr50_up|weapon|zone_source/zm_parkour_nothing0.zone|csv
5457,image,i_t6_attach_optic_acog_camo1_g,279,218440,|mc/mtl_t6_attach_optic_acog_camo1|material|wm_t6_acog|xmodel|t6_xpr50_up|weapon|zone_source/zm_parkour_nothing0.zone|csv
5458,image,i_t6_attach_optic_acog_camo1_c,295,371384,|mc/mtl_t6_attach_optic_acog_camo1|material|wm_t6_acog|xmodel|t6_xpr50_up|weapon|zone_source/zm_parkour_nothing0.zone|csv
5459,image,i_t6_attach_optic_acog_camo1_s,279,218440,|mc/mtl_t6_attach_optic_acog_camo1|material|wm_t6_acog|xmodel|t6_xpr50_up|weapon|zone_source/zm_parkour_nothing0.zone|csv
5460,material,mc/mtl_t6_attach_optic_acog_camo1,1144,0,|wm_t6_acog|xmodel|t6_xpr50_up|weapon|zone_source/zm_parkour_nothing0.zone|csv
5461,image,i_t6_attach_optic_acog_crosshair_c,3115,0,|mc/mtl_t6_attach_optic_acog_crosshair|material|vm_t6_acog|xmodel|t6_xpr50_up|weapon|zone_source/zm_parkour_nothing0.zone|csv
5462,material,mc/mtl_t6_attach_optic_acog_crosshair,853,0,|vm_t6_acog|xmodel|t6_xpr50_up|weapon|zone_source/zm_parkour_nothing0.zone|csv
5463,xmodelmesh,vm_t6_acog5a459003,1000,103832,|vm_t6_acog|xmodel|t6_xpr50_up|weapon|zone_source/zm_parkour_nothing0.zone|csv
5464,xmodel,vm_t6_acog,220,0,|t6_xpr50_up|weapon|zone_source/zm_parkour_nothing0.zone|csv
5465,xmodelmesh,wm_t6_acogda4ddd94,440,18784,|wm_t6_acog|xmodel|t6_xpr50_up|weapon|zone_source/zm_parkour_nothing0.zone|csv
5466,xmodel,wm_t6_acog,156,0,|t6_xpr50_up|weapon|zone_source/zm_parkour_nothing0.zone|csv
5467,weaponcamo,t6_camo_svu_as_table,80552,0,|t6_svu_as_up|weapon|zone_source/zm_parkour_nothing0.zone|csv
5468,xanim,am_t6_svu_as_acog_ads_up,197,0,|t6_svu_as_up|weapon|zone_source/zm_parkour_nothing0.zone|csv
5469,xanim,am_t6_svu_as_acog_ads_down,224,0,|t6_svu_as_up|weapon|zone_source/zm_parkour_nothing0.zone|csv
5470,weapon,t6_svu_as_up,7875,0,|zone_source/zm_parkour_nothing0.zone|csv
5471,image,i_t6_wpn_ar_sig556_camo1_o,275,205064,|mc/mtl_t6_wpn_ar_sig556_camo1|material|t6_camo_swat556_table|weaponcamo|t6_swat556_up|weapon|zone_source/zm_parkour_nothing0.zone|csv
5472,image,i_t6_wpn_ar_sig556_camo1_n,291,1419960,|mc/mtl_t6_wpn_ar_sig556_camo1|material|t6_camo_swat556_table|weaponcamo|t6_swat556_up|weapon|zone_source/zm_parkour_nothing0.zone|csv
5473,image,i_t6_wpn_ar_sig556_camo1_g,275,742728,|mc/mtl_t6_wpn_ar_sig556_camo1|material|t6_camo_swat556_table|weaponcamo|t6_swat556_up|weapon|zone_source/zm_parkour_nothing0.zone|csv
5474,image,i_t6_wpn_ar_sig556_camo1_r,283,720896,|t6_camo_swat556_table|weaponcamo|t6_swat556_up|weapon|zone_source/zm_parkour_nothing0.zone|csv
5475,image,i_t6_wpn_ar_sig556_camo1_c,291,1419960,|mc/mtl_t6_wpn_ar_sig556_camo1|material|t6_camo_swat556_table|weaponcamo|t6_swat556_up|weapon|zone_source/zm_parkour_nothing0.zone|csv
5476,image,i_t6_wpn_ar_sig556_camo1_s,275,742728,|mc/mtl_t6_wpn_ar_sig556_camo1|material|t6_camo_swat556_table|weaponcamo|t6_swat556_up|weapon|zone_source/zm_parkour_nothing0.zone|csv
5477,material,mc/mtl_t6_wpn_ar_sig556_camo1,1134,0,|t6_camo_swat556_table|weaponcamo|t6_swat556_up|weapon|zone_source/zm_parkour_nothing0.zone|csv
5478,xmodelmesh,vm_t6_swat5566211190,784,282408,|vm_t6_swat556|xmodel|t6_swat556_up|weapon|zone_source/zm_parkour_nothing0.zone|csv
5479,xmodel,vm_t6_swat556,768,0,|t6_swat556_up|weapon|zone_source/zm_parkour_nothing0.zone|csv
5480,xmodelmesh,wm_t6_swat5561c2c0284,720,98480,|wm_t6_swat556|xmodel|t6_swat556_up|weapon|zone_source/zm_parkour_nothing0.zone|csv
5481,xmodel,wm_t6_swat556,644,0,|t6_swat556_up|weapon|zone_source/zm_parkour_nothing0.zone|csv
5482,xmodelmesh,vm_t6_swat556_mag219761bb,456,16608,|vm_t6_swat556_mag|xmodel|t6_swat556_up|weapon|zone_source/zm_parkour_nothing0.zone|csv
5483,xmodel,vm_t6_swat556_mag,256,0,|t6_swat556_up|weapon|zone_source/zm_parkour_nothing0.zone|csv
5484,xanim,am_t6_swat556_idle,1620,0,|t6_swat556_up|weapon|zone_source/zm_parkour_nothing0.zone|csv
5485,xanim,am_t6_swat556_fire,2509,0,|t6_swat556_up|weapon|zone_source/zm_parkour_nothing0.zone|csv
5486,xanim,am_t6_swat556_reload,19886,0,|t6_swat556_up|weapon|zone_source/zm_parkour_nothing0.zone|csv
5487,xanim,am_t6_swat556_reload_empty,25367,0,|t6_swat556_up|weapon|zone_source/zm_parkour_nothing0.zone|csv
5488,xanim,am_t6_swat556_pullout,6105,0,|t6_swat556_up|weapon|zone_source/zm_parkour_nothing0.zone|csv
5489,xanim,am_t6_swat556_first_raise,10403,0,|t6_swat556_up|weapon|zone_source/zm_parkour_nothing0.zone|csv
5490,xanim,am_t6_swat556_putaway,7673,0,|t6_swat556_up|weapon|zone_source/zm_parkour_nothing0.zone|csv
5491,xanim,am_t6_swat556_putaway_quick,6550,0,|t6_swat556_up|weapon|zone_source/zm_parkour_nothing0.zone|csv
5492,xanim,am_t6_swat556_sprint_in,3554,0,|t6_swat556_up|weapon|zone_source/zm_parkour_nothing0.zone|csv
5493,xanim,am_t6_swat556_sprint_loop,4920,0,|t6_swat556_up|weapon|zone_source/zm_parkour_nothing0.zone|csv
5494,xanim,am_t6_swat556_sprint_out,3192,0,|t6_swat556_up|weapon|zone_source/zm_parkour_nothing0.zone|csv
5495,xanim,am_t6_swat556_crawl_in,3664,0,|t6_swat556_up|weapon|zone_source/zm_parkour_nothing0.zone|csv
5496,xanim,am_t6_swat556_crawl_forward,6546,0,|t6_swat556_up|weapon|zone_source/zm_parkour_nothing0.zone|csv
5497,xanim,am_t6_swat556_crawl_back,5805,0,|t6_swat556_up|weapon|zone_source/zm_parkour_nothing0.zone|csv
5498,xanim,am_t6_swat556_crawl_right,6186,0,|t6_swat556_up|weapon|zone_source/zm_parkour_nothing0.zone|csv
5499,xanim,am_t6_swat556_crawl_left,6361,0,|t6_swat556_up|weapon|zone_source/zm_parkour_nothing0.zone|csv
5500,xanim,am_t6_swat556_crawl_out,3366,0,|t6_swat556_up|weapon|zone_source/zm_parkour_nothing0.zone|csv
5501,xanim,am_t6_swat556_ads_fire,2402,0,|t6_swat556_up|weapon|zone_source/zm_parkour_nothing0.zone|csv
5502,xanim,am_t6_swat556_slide_in,3720,0,|t6_swat556_up|weapon|zone_source/zm_parkour_nothing0.zone|csv
5503,xanim,am_t6_swat556_slide_air_in,3400,0,|t6_swat556_up|weapon|zone_source/zm_parkour_nothing0.zone|csv
5504,xanim,am_t6_swat556_slide_loop,2075,0,|t6_swat556_up|weapon|zone_source/zm_parkour_nothing0.zone|csv
5505,xanim,am_t6_swat556_slide_out,3142,0,|t6_swat556_up|weapon|zone_source/zm_parkour_nothing0.zone|csv
5506,xanim,am_t6_swat556_ads_up,185,0,|t6_swat556|weapon|zone_source/zm_parkour_nothing0.zone|csv
5507,xanim,am_t6_swat556_ads_down,176,0,|t6_swat556|weapon|zone_source/zm_parkour_nothing0.zone|csv
5508,weapon,t6_swat556,7717,0,|zone_source/zm_parkour_nothing0.zone|csv
5509,weaponcamo,t6_camo_swat556_table,78504,0,|t6_swat556_up|weapon|zone_source/zm_parkour_nothing0.zone|csv
5510,xanim,am_t6_swat556_reflex_ads_up,194,0,|t6_swat556_up|weapon|zone_source/zm_parkour_nothing0.zone|csv
5511,xanim,am_t6_swat556_reflex_ads_down,186,0,|t6_swat556_up|weapon|zone_source/zm_parkour_nothing0.zone|csv
5512,weapon,t6_swat556_up,7732,0,|zone_source/zm_parkour_nothing0.zone|csv
5513,image,i_t6_wpn_pistol_fnp45_camo1_o,286,61256,|mc/mtl_t6_wpn_pistol_fnp45_camo1|material|t6_camo_tac45_table|weaponcamo|t6_tac45_up|weapon|zone_source/zm_parkour_nothing0.zone|csv
5514,image,i_t6_wpn_pistol_fnp45_camo1_n,294,371384,|mc/mtl_t6_wpn_pistol_fnp45_camo1|material|t6_camo_tac45_table|weaponcamo|t6_tac45_up|weapon|zone_source/zm_parkour_nothing0.zone|csv
5515,image,i_t6_wpn_pistol_fnp45_camo1_g,278,218440,|mc/mtl_t6_wpn_pistol_fnp45_camo1|material|t6_camo_tac45_table|weaponcamo|t6_tac45_up|weapon|zone_source/zm_parkour_nothing0.zone|csv
5516,image,i_t6_wpn_pistol_fnp45_camo1_r,286,196608,|t6_camo_tac45_table|weaponcamo|t6_tac45_up|weapon|zone_source/zm_parkour_nothing0.zone|csv
5517,image,i_t6_wpn_pistol_fnp45_camo1_c,294,371384,|mc/mtl_t6_wpn_pistol_fnp45_camo1|material|t6_camo_tac45_table|weaponcamo|t6_tac45_up|weapon|zone_source/zm_parkour_nothing0.zone|csv
5518,image,i_t6_wpn_pistol_fnp45_camo1_s,278,218440,|mc/mtl_t6_wpn_pistol_fnp45_camo1|material|t6_camo_tac45_table|weaponcamo|t6_tac45_up|weapon|zone_source/zm_parkour_nothing0.zone|csv
5519,material,mc/mtl_t6_wpn_pistol_fnp45_camo1,1132,0,|t6_camo_tac45_table|weaponcamo|t6_tac45_up|weapon|zone_source/zm_parkour_nothing0.zone|csv
5520,xmodelmesh,vm_t6_tac45e0c6cb83,520,87320,|vm_t6_tac45|xmodel|t6_tac45_up|weapon|zone_source/zm_parkour_nothing0.zone|csv
5521,xmodel,vm_t6_tac45,660,0,|t6_tac45_up|weapon|zone_source/zm_parkour_nothing0.zone|csv
5522,xmodelmesh,wm_t6_tac4581b5f8a5,440,36672,|wm_t6_tac45|xmodel|t6_tac45_up|weapon|zone_source/zm_parkour_nothing0.zone|csv
5523,xmodel,wm_t6_tac45,340,0,|t6_tac45_up|weapon|zone_source/zm_parkour_nothing0.zone|csv
5524,xanim,am_t6_tac45_idle,1300,0,|t6_tac45_up|weapon|zone_source/zm_parkour_nothing0.zone|csv
5525,xanim,am_t6_tac45_fire,3057,0,|t6_tac45_up|weapon|zone_source/zm_parkour_nothing0.zone|csv
5526,xanim,am_t6_tac45_reload,14073,0,|t6_tac45_up|weapon|zone_source/zm_parkour_nothing0.zone|csv
5527,xanim,am_t6_tac45_reload_empty,15895,0,|t6_tac45_up|weapon|zone_source/zm_parkour_nothing0.zone|csv
5528,xanim,am_t6_tac45_pullout,8371,0,|t6_tac45_up|weapon|zone_source/zm_parkour_nothing0.zone|csv
5529,xanim,am_t6_tac45_first_raise,13780,0,|t6_tac45_up|weapon|zone_source/zm_parkour_nothing0.zone|csv
5530,xanim,am_t6_tac45_putaway,7235,0,|t6_tac45_up|weapon|zone_source/zm_parkour_nothing0.zone|csv
5531,xanim,am_t6_tac45_sprint_loop,4007,0,|t6_tac45_up|weapon|zone_source/zm_parkour_nothing0.zone|csv
5532,xanim,am_t6_tac45_crawl_in,4483,0,|t6_tac45_up|weapon|zone_source/zm_parkour_nothing0.zone|csv
5533,xanim,am_t6_tac45_crawl_forward,3467,0,|t6_tac45_up|weapon|zone_source/zm_parkour_nothing0.zone|csv
5534,xanim,am_t6_tac45_crawl_back,3424,0,|t6_tac45_up|weapon|zone_source/zm_parkour_nothing0.zone|csv
5535,xanim,am_t6_tac45_crawl_right,3546,0,|t6_tac45_up|weapon|zone_source/zm_parkour_nothing0.zone|csv
5536,xanim,am_t6_tac45_crawl_left,3389,0,|t6_tac45_up|weapon|zone_source/zm_parkour_nothing0.zone|csv
5537,xanim,am_t6_tac45_crawl_out,4174,0,|t6_tac45_up|weapon|zone_source/zm_parkour_nothing0.zone|csv
5538,xanim,am_t6_tac45_ads_fire,2985,0,|t6_tac45_up|weapon|zone_source/zm_parkour_nothing0.zone|csv
5539,xanim,am_t6_tac45_slide_in,3153,0,|t6_tac45_up|weapon|zone_source/zm_parkour_nothing0.zone|csv
5540,xanim,am_t6_tac45_slide_air_in,3155,0,|t6_tac45_up|weapon|zone_source/zm_parkour_nothing0.zone|csv
5541,xanim,am_t6_tac45_slide_loop,2042,0,|t6_tac45_up|weapon|zone_source/zm_parkour_nothing0.zone|csv
5542,xanim,am_t6_tac45_slide_out,2986,0,|t6_tac45_up|weapon|zone_source/zm_parkour_nothing0.zone|csv
5543,xanim,am_t6_tac45_ads_up,98,0,|t6_tac45_up|weapon|zone_source/zm_parkour_nothing0.zone|csv
5544,xanim,am_t6_tac45_ads_down,100,0,|t6_tac45_up|weapon|zone_source/zm_parkour_nothing0.zone|csv
5545,weapon,t6_tac45,7664,0,|zone_source/zm_parkour_nothing0.zone|csv
5546,weaponcamo,t6_camo_tac45_table,78504,0,|t6_tac45_up|weapon|zone_source/zm_parkour_nothing0.zone|csv
5547,weapon,t6_tac45_up,6226,0,|zone_source/zm_parkour_nothing0.zone|csv
5548,image,i_t6_attach_optic_titus_reticle_c,5570,0,|mc/mtl_t6_attach_optic_titus_reticle_pap|material|vm_t6_titus6_up|xmodel|t6_titus6_shotty_up_zm|weapon|zone_source/zm_parkour_nothing0.zone|csv
5549,material,mc/mtl_t6_attach_optic_titus_reticle,892,0,|vm_t6_titus6|xmodel|t6_titus6_shotty_zm|weapon|zone_source/zm_parkour_nothing0.zone|csv
5550,image,i_t6_attach_sniper_fastmag_n,189,116320,|mc/mtl_t6_attach_sniper_fastmag|material|vm_t6_titus6_up|xmodel|t6_titus6_shotty_up_zm|weapon|zone_source/zm_parkour_nothing0.zone|csv
5551,image,i_t6_attach_sniper_fastmag_g,277,87368,|mc/mtl_t6_attach_sniper_fastmag|material|vm_t6_titus6_up|xmodel|t6_titus6_shotty_up_zm|weapon|zone_source/zm_parkour_nothing0.zone|csv
5552,image,i_t6_attach_sniper_fastmag_c,293,109240,|mc/mtl_t6_attach_sniper_fastmag|material|vm_t6_titus6_up|xmodel|t6_titus6_shotty_up_zm|weapon|zone_source/zm_parkour_nothing0.zone|csv
5553,image,i_t6_attach_sniper_fastmag_s,277,87368,|mc/mtl_t6_attach_sniper_fastmag|material|vm_t6_titus6_up|xmodel|t6_titus6_shotty_up_zm|weapon|zone_source/zm_parkour_nothing0.zone|csv
5554,material,mc/mtl_t6_attach_sniper_fastmag,1124,0,|vm_t6_titus6_up|xmodel|t6_titus6_shotty_up_zm|weapon|zone_source/zm_parkour_nothing0.zone|csv
5555,image,i_t6_wpn_titus_camo1_o,279,196608,|mc/mtl_t6_wpn_titus_camo1|material|t6_camo_titus6_table|weaponcamo|t6_titus6_shotty_up_zm|weapon|zone_source/zm_parkour_nothing0.zone|csv
5556,image,i_t6_wpn_titus_camo1_n,287,1419960,|mc/mtl_t6_wpn_titus_camo1|material|t6_camo_titus6_table|weaponcamo|t6_titus6_shotty_up_zm|weapon|zone_source/zm_parkour_nothing0.zone|csv
5557,image,i_t6_wpn_titus_camo1_g,271,742728,|mc/mtl_t6_wpn_titus_camo1|material|t6_camo_titus6_table|weaponcamo|t6_titus6_shotty_up_zm|weapon|zone_source/zm_parkour_nothing0.zone|csv
5558,image,i_t6_wpn_titus_camo1_r,279,720896,|t6_camo_titus6_table|weaponcamo|t6_titus6_shotty_up_zm|weapon|zone_source/zm_parkour_nothing0.zone|csv
5559,image,i_t6_wpn_titus_camo1_c,287,1419960,|mc/mtl_t6_wpn_titus_camo1|material|t6_camo_titus6_table|weaponcamo|t6_titus6_shotty_up_zm|weapon|zone_source/zm_parkour_nothing0.zone|csv
5560,image,i_t6_wpn_titus_camo1_s,271,742728,|mc/mtl_t6_wpn_titus_camo1|material|t6_camo_titus6_table|weaponcamo|t6_titus6_shotty_up_zm|weapon|zone_source/zm_parkour_nothing0.zone|csv
5561,material,mc/mtl_t6_wpn_titus_camo1,1142,0,|t6_camo_titus6_table|weaponcamo|t6_titus6_shotty_up_zm|weapon|zone_source/zm_parkour_nothing0.zone|csv
5562,xmodelmesh,vm_t6_titus6918de7c1,888,263496,|vm_t6_titus6_up|xmodel|t6_titus6_shotty_up_zm|weapon|zone_source/zm_parkour_nothing0.zone|csv
5563,xmodel,vm_t6_titus6,1252,0,|t6_titus6_shotty_zm|weapon|zone_source/zm_parkour_nothing0.zone|csv
5564,xmodelmesh,wm_t6_titus6b02146a7,488,85216,|wm_t6_titus6|xmodel|t6_titus6_shotty_up_zm|weapon|zone_source/zm_parkour_nothing0.zone|csv
5565,xmodel,wm_t6_titus6,896,0,|t6_titus6_shotty_up_zm|weapon|zone_source/zm_parkour_nothing0.zone|csv
5566,xmodelmesh,wm_t6_titus6_flechetteb9d9f1d3,232,5952,|wm_t6_titus6_flechette|xmodel|t6_titus6_gl_up_zm|weapon|zone_source/zm_parkour_nothing0.zone|csv
5567,xmodel,wm_t6_titus6_flechette,248,0,|t6_titus6_gl_up_zm|weapon|zone_source/zm_parkour_nothing0.zone|csv
5568,xanim,am_t6_titus6_gl_idle,1632,0,|t6_titus6_gl_up_zm|weapon|zone_source/zm_parkour_nothing0.zone|csv
5569,xanim,am_t6_titus6_gl_fire,2965,0,|t6_titus6_gl_up_zm|weapon|zone_source/zm_parkour_nothing0.zone|csv
5570,xanim,am_t6_titus6_gl_reload,30113,0,|t6_titus6_gl_up_zm|weapon|zone_source/zm_parkour_nothing0.zone|csv
5571,xanim,am_t6_titus6_gl_pullout,11136,0,|t6_titus6_gl_up_zm|weapon|zone_source/zm_parkour_nothing0.zone|csv
5572,xanim,am_t6_titus6_gl_first_raise,14395,0,|t6_titus6_gl_up_zm|weapon|zone_source/zm_parkour_nothing0.zone|csv
5573,xanim,am_t6_titus6_gl_putaway,8011,0,|t6_titus6_gl_up_zm|weapon|zone_source/zm_parkour_nothing0.zone|csv
5574,xanim,am_t6_titus6_to_gl,6953,0,|t6_titus6_gl_up_zm|weapon|zone_source/zm_parkour_nothing0.zone|csv
5575,xanim,am_t6_titus6_to_shotty,7370,0,|t6_titus6_gl_up_zm|weapon|zone_source/zm_parkour_nothing0.zone|csv
5576,xanim,am_t6_titus6_gl_sprint_in,3425,0,|t6_titus6_gl_up_zm|weapon|zone_source/zm_parkour_nothing0.zone|csv
5577,xanim,am_t6_titus6_gl_sprint_loop,4930,0,|t6_titus6_gl_up_zm|weapon|zone_source/zm_parkour_nothing0.zone|csv
5578,xanim,am_t6_titus6_gl_sprint_out,3174,0,|t6_titus6_gl_up_zm|weapon|zone_source/zm_parkour_nothing0.zone|csv
5579,xanim,am_t6_titus6_gl_crawl_in,3543,0,|t6_titus6_gl_up_zm|weapon|zone_source/zm_parkour_nothing0.zone|csv
5580,xanim,am_t6_titus6_gl_crawl_forward,6020,0,|t6_titus6_gl_up_zm|weapon|zone_source/zm_parkour_nothing0.zone|csv
5581,xanim,am_t6_titus6_gl_crawl_back,5548,0,|t6_titus6_gl_up_zm|weapon|zone_source/zm_parkour_nothing0.zone|csv
5582,xanim,am_t6_titus6_gl_crawl_right,5708,0,|t6_titus6_gl_up_zm|weapon|zone_source/zm_parkour_nothing0.zone|csv
5583,xanim,am_t6_titus6_gl_crawl_left,5526,0,|t6_titus6_gl_up_zm|weapon|zone_source/zm_parkour_nothing0.zone|csv
5584,xanim,am_t6_titus6_gl_crawl_out,3510,0,|t6_titus6_gl_up_zm|weapon|zone_source/zm_parkour_nothing0.zone|csv
5585,xanim,am_t6_titus6_gl_slide_in,3548,0,|t6_titus6_gl_up_zm|weapon|zone_source/zm_parkour_nothing0.zone|csv
5586,xanim,am_t6_titus6_gl_slide_air_in,3239,0,|t6_titus6_gl_up_zm|weapon|zone_source/zm_parkour_nothing0.zone|csv
5587,xanim,am_t6_titus6_gl_slide_loop,1867,0,|t6_titus6_gl_up_zm|weapon|zone_source/zm_parkour_nothing0.zone|csv
5588,xanim,am_t6_titus6_gl_slide_out,3080,0,|t6_titus6_gl_up_zm|weapon|zone_source/zm_parkour_nothing0.zone|csv
5589,xanim,am_t6_titus6_ads_up,241,0,|t6_titus6_shotty_up_zm|weapon|zone_source/zm_parkour_nothing0.zone|csv
5590,xanim,am_t6_titus6_ads_down,204,0,|t6_titus6_shotty_up_zm|weapon|zone_source/zm_parkour_nothing0.zone|csv
5591,weapon,t6_titus6_gl_zm,7634,0,|zone_source/zm_parkour_nothing0.zone|csv
5592,xanim,am_t6_titus6_shotty_idle,1696,0,|t6_titus6_shotty_up_zm|weapon|zone_source/zm_parkour_nothing0.zone|csv
5593,xanim,am_t6_titus6_shotty_fire,2839,0,|t6_titus6_shotty_up_zm|weapon|zone_source/zm_parkour_nothing0.zone|csv
5594,xanim,am_t6_titus6_shotty_reload,16808,0,|t6_titus6_shotty_up_zm|weapon|zone_source/zm_parkour_nothing0.zone|csv
5595,xanim,am_t6_titus6_shotty_reload_empty,20609,0,|t6_titus6_shotty_up_zm|weapon|zone_source/zm_parkour_nothing0.zone|csv
5596,xanim,am_t6_titus6_shotty_pullout,7009,0,|t6_titus6_shotty_up_zm|weapon|zone_source/zm_parkour_nothing0.zone|csv
5597,xanim,am_t6_titus6_shotty_putaway,5529,0,|t6_titus6_shotty_up_zm|weapon|zone_source/zm_parkour_nothing0.zone|csv
5598,xanim,am_t6_titus6_shotty_sprint_in,3574,0,|t6_titus6_shotty_up_zm|weapon|zone_source/zm_parkour_nothing0.zone|csv
5599,xanim,am_t6_titus6_shotty_sprint_loop,4762,0,|t6_titus6_shotty_up_zm|weapon|zone_source/zm_parkour_nothing0.zone|csv
5600,xanim,am_t6_titus6_shotty_sprint_out,3390,0,|t6_titus6_shotty_up_zm|weapon|zone_source/zm_parkour_nothing0.zone|csv
5601,xanim,am_t6_titus6_shotty_crawl_in,3619,0,|t6_titus6_shotty_up_zm|weapon|zone_source/zm_parkour_nothing0.zone|csv
5602,xanim,am_t6_titus6_shotty_crawl_forward,6309,0,|t6_titus6_shotty_up_zm|weapon|zone_source/zm_parkour_nothing0.zone|csv
5603,xanim,am_t6_titus6_shotty_crawl_back,5654,0,|t6_titus6_shotty_up_zm|weapon|zone_source/zm_parkour_nothing0.zone|csv
5604,xanim,am_t6_titus6_shotty_crawl_right,6130,0,|t6_titus6_shotty_up_zm|weapon|zone_source/zm_parkour_nothing0.zone|csv
5605,xanim,am_t6_titus6_shotty_crawl_left,5661,0,|t6_titus6_shotty_up_zm|weapon|zone_source/zm_parkour_nothing0.zone|csv
5606,xanim,am_t6_titus6_shotty_crawl_out,3334,0,|t6_titus6_shotty_up_zm|weapon|zone_source/zm_parkour_nothing0.zone|csv
5607,xanim,am_t6_titus6_shotty_slide_in,3792,0,|t6_titus6_shotty_up_zm|weapon|zone_source/zm_parkour_nothing0.zone|csv
5608,xanim,am_t6_titus6_shotty_slide_air_in,3383,0,|t6_titus6_shotty_up_zm|weapon|zone_source/zm_parkour_nothing0.zone|csv
5609,xanim,am_t6_titus6_shotty_slide_loop,2006,0,|t6_titus6_shotty_up_zm|weapon|zone_source/zm_parkour_nothing0.zone|csv
5610,xanim,am_t6_titus6_shotty_slide_out,3297,0,|t6_titus6_shotty_up_zm|weapon|zone_source/zm_parkour_nothing0.zone|csv
5611,weapon,t6_titus6_shotty_zm,7687,0,|zone_source/zm_parkour_nothing0.zone|csv
5612,material,mc/mtl_t6_attach_optic_titus_reticle_pap,456,0,|vm_t6_titus6_up|xmodel|t6_titus6_shotty_up_zm|weapon|zone_source/zm_parkour_nothing0.zone|csv
5613,xmodel,vm_t6_titus6_up,464,0,|t6_titus6_shotty_up_zm|weapon|zone_source/zm_parkour_nothing0.zone|csv
5614,weaponcamo,t6_camo_titus6_table,80552,0,|t6_titus6_shotty_up_zm|weapon|zone_source/zm_parkour_nothing0.zone|csv
5615,weapon,t6_titus6_gl_up_zm,6088,0,|zone_source/zm_parkour_nothing0.zone|csv
5616,weapon,t6_titus6_shotty_up_zm,6128,0,|zone_source/zm_parkour_nothing0.zone|csv
5617,image,i_t6_wpn_ar_type95_camo1_o,283,235160,|mc/mtl_t6_wpn_ar_type95_camo1|material|t6_camo_type25_table|weaponcamo|t6_type25_up|weapon|zone_source/zm_parkour_nothing0.zone|csv
5618,image,i_t6_wpn_ar_type95_camo1_n,291,1419960,|mc/mtl_t6_wpn_ar_type95_camo1|material|t6_camo_type25_table|weaponcamo|t6_type25_up|weapon|zone_source/zm_parkour_nothing0.zone|csv
5619,image,i_t6_wpn_ar_type95_camo1_g,275,742728,|mc/mtl_t6_wpn_ar_type95_camo1|material|t6_camo_type25_table|weaponcamo|t6_type25_up|weapon|zone_source/zm_parkour_nothing0.zone|csv
5620,image,i_t6_wpn_ar_type95_camo1_r,283,720896,|t6_camo_type25_table|weaponcamo|t6_type25_up|weapon|zone_source/zm_parkour_nothing0.zone|csv
5621,image,i_t6_wpn_ar_type95_camo1_c,291,1419960,|mc/mtl_t6_wpn_ar_type95_camo1|material|t6_camo_type25_table|weaponcamo|t6_type25_up|weapon|zone_source/zm_parkour_nothing0.zone|csv
5622,image,i_t6_wpn_ar_type95_camo1_s,275,742728,|mc/mtl_t6_wpn_ar_type95_camo1|material|t6_camo_type25_table|weaponcamo|t6_type25_up|weapon|zone_source/zm_parkour_nothing0.zone|csv
5623,material,mc/mtl_t6_wpn_ar_type95_camo1,1126,0,|t6_camo_type25_table|weaponcamo|t6_type25_up|weapon|zone_source/zm_parkour_nothing0.zone|csv
5624,xmodelmesh,vm_t6_type2550f9daab,912,187528,|vm_t6_type25|xmodel|t6_type25_up|weapon|zone_source/zm_parkour_nothing0.zone|csv
5625,xmodel,vm_t6_type25,780,0,|t6_type25_up|weapon|zone_source/zm_parkour_nothing0.zone|csv
5626,xmodelmesh,wm_t6_type25f36b7fa5,720,77952,|wm_t6_type25|xmodel|t6_type25_up|weapon|zone_source/zm_parkour_nothing0.zone|csv
5627,xmodel,wm_t6_type25,740,0,|t6_type25_up|weapon|zone_source/zm_parkour_nothing0.zone|csv
5628,xmodelmesh,vm_t6_type25_magd4155f4,328,9376,|vm_t6_type25_mag|xmodel|t6_type25_up|weapon|zone_source/zm_parkour_nothing0.zone|csv
5629,xmodel,vm_t6_type25_mag,248,0,|t6_type25_up|weapon|zone_source/zm_parkour_nothing0.zone|csv
5630,xanim,am_t6_type25_idle,1608,0,|t6_type25|weapon|zone_source/zm_parkour_nothing0.zone|csv
5631,xanim,am_t6_type25_fire,2542,0,|t6_type25|weapon|zone_source/zm_parkour_nothing0.zone|csv
5632,xanim,am_t6_type25_reload,22636,0,|t6_type25|weapon|zone_source/zm_parkour_nothing0.zone|csv
5633,xanim,am_t6_type25_reload_empty,29300,0,|t6_type25|weapon|zone_source/zm_parkour_nothing0.zone|csv
5634,xanim,am_t6_type25_pullout,8863,0,|t6_type25|weapon|zone_source/zm_parkour_nothing0.zone|csv
5635,xanim,am_t6_type25_first_raise,10249,0,|t6_type25|weapon|zone_source/zm_parkour_nothing0.zone|csv
5636,xanim,am_t6_type25_putaway,5823,0,|t6_type25|weapon|zone_source/zm_parkour_nothing0.zone|csv
5637,xanim,am_t6_type25_sprint_in,3398,0,|t6_type25|weapon|zone_source/zm_parkour_nothing0.zone|csv
5638,xanim,am_t6_type25_sprint_loop,4765,0,|t6_type25|weapon|zone_source/zm_parkour_nothing0.zone|csv
5639,xanim,am_t6_type25_sprint_out,3474,0,|t6_type25|weapon|zone_source/zm_parkour_nothing0.zone|csv
5640,xanim,am_t6_type25_crawl_in,3414,0,|t6_type25|weapon|zone_source/zm_parkour_nothing0.zone|csv
5641,xanim,am_t6_type25_crawl_forward,6235,0,|t6_type25|weapon|zone_source/zm_parkour_nothing0.zone|csv
5642,xanim,am_t6_type25_crawl_back,5782,0,|t6_type25|weapon|zone_source/zm_parkour_nothing0.zone|csv
5643,xanim,am_t6_type25_crawl_right,6010,0,|t6_type25|weapon|zone_source/zm_parkour_nothing0.zone|csv
5644,xanim,am_t6_type25_crawl_left,5848,0,|t6_type25|weapon|zone_source/zm_parkour_nothing0.zone|csv
5645,xanim,am_t6_type25_crawl_out,3025,0,|t6_type25|weapon|zone_source/zm_parkour_nothing0.zone|csv
5646,xanim,am_t6_type25_ads_fire,2479,0,|t6_type25|weapon|zone_source/zm_parkour_nothing0.zone|csv
5647,xanim,am_t6_type25_slide_in,3456,0,|t6_type25|weapon|zone_source/zm_parkour_nothing0.zone|csv
5648,xanim,am_t6_type25_slide_air_in,3219,0,|t6_type25|weapon|zone_source/zm_parkour_nothing0.zone|csv
5649,xanim,am_t6_type25_slide_loop,2006,0,|t6_type25|weapon|zone_source/zm_parkour_nothing0.zone|csv
5650,xanim,am_t6_type25_slide_out,3059,0,|t6_type25|weapon|zone_source/zm_parkour_nothing0.zone|csv
5651,xanim,am_t6_type25_ads_up,184,0,|t6_type25|weapon|zone_source/zm_parkour_nothing0.zone|csv
5652,xanim,am_t6_type25_ads_down,178,0,|t6_type25|weapon|zone_source/zm_parkour_nothing0.zone|csv
5653,weapon,t6_type25,7839,0,|zone_source/zm_parkour_nothing0.zone|csv
5654,weaponcamo,t6_camo_type25_table,78504,0,|t6_type25_up|weapon|zone_source/zm_parkour_nothing0.zone|csv
5655,xanim,am_t6_type25_grip_idle,1292,0,|t6_type25_up|weapon|zone_source/zm_parkour_nothing0.zone|csv
5656,xanim,am_t6_type25_grip_fire,2274,0,|t6_type25_up|weapon|zone_source/zm_parkour_nothing0.zone|csv
5657,xanim,am_t6_type25_grip_reload,22592,0,|t6_type25_up|weapon|zone_source/zm_parkour_nothing0.zone|csv
5658,xanim,am_t6_type25_grip_reload_empty,29550,0,|t6_type25_up|weapon|zone_source/zm_parkour_nothing0.zone|csv
5659,xanim,am_t6_type25_grip_pullout,8678,0,|t6_type25_up|weapon|zone_source/zm_parkour_nothing0.zone|csv
5660,xanim,am_t6_type25_grip_first_raise,10500,0,|t6_type25_up|weapon|zone_source/zm_parkour_nothing0.zone|csv
5661,xanim,am_t6_type25_grip_putaway,5489,0,|t6_type25_up|weapon|zone_source/zm_parkour_nothing0.zone|csv
5662,xanim,am_t6_type25_grip_sprint_in,3448,0,|t6_type25_up|weapon|zone_source/zm_parkour_nothing0.zone|csv
5663,xanim,am_t6_type25_grip_sprint_loop,4837,0,|t6_type25_up|weapon|zone_source/zm_parkour_nothing0.zone|csv
5664,xanim,am_t6_type25_grip_sprint_out,3518,0,|t6_type25_up|weapon|zone_source/zm_parkour_nothing0.zone|csv
5665,xanim,am_t6_type25_grip_crawl_in,3430,0,|t6_type25_up|weapon|zone_source/zm_parkour_nothing0.zone|csv
5666,xanim,am_t6_type25_grip_crawl_forward,6319,0,|t6_type25_up|weapon|zone_source/zm_parkour_nothing0.zone|csv
5667,xanim,am_t6_type25_grip_crawl_back,6058,0,|t6_type25_up|weapon|zone_source/zm_parkour_nothing0.zone|csv
5668,xanim,am_t6_type25_grip_crawl_right,6086,0,|t6_type25_up|weapon|zone_source/zm_parkour_nothing0.zone|csv
5669,xanim,am_t6_type25_grip_crawl_left,5808,0,|t6_type25_up|weapon|zone_source/zm_parkour_nothing0.zone|csv
5670,xanim,am_t6_type25_grip_crawl_out,3001,0,|t6_type25_up|weapon|zone_source/zm_parkour_nothing0.zone|csv
5671,xanim,am_t6_type25_grip_ads_fire,2330,0,|t6_type25_up|weapon|zone_source/zm_parkour_nothing0.zone|csv
5672,xanim,am_t6_type25_grip_slide_in,3234,0,|t6_type25_up|weapon|zone_source/zm_parkour_nothing0.zone|csv
5673,xanim,am_t6_type25_grip_slide_air_in,3071,0,|t6_type25_up|weapon|zone_source/zm_parkour_nothing0.zone|csv
5674,xanim,am_t6_type25_grip_slide_loop,1553,0,|t6_type25_up|weapon|zone_source/zm_parkour_nothing0.zone|csv
5675,xanim,am_t6_type25_grip_slide_out,3289,0,|t6_type25_up|weapon|zone_source/zm_parkour_nothing0.zone|csv
5676,xanim,am_t6_type25_reflex_ads_up,193,0,|t6_type25_up|weapon|zone_source/zm_parkour_nothing0.zone|csv
5677,xanim,am_t6_type25_reflex_ads_down,186,0,|t6_type25_up|weapon|zone_source/zm_parkour_nothing0.zone|csv
5678,weapon,t6_type25_up,7848,0,|zone_source/zm_parkour_nothing0.zone|csv
5679,image,i_t6_wpn_smg_uzi_camo1_o,281,183896,|mc/mtl_t6_wpn_smg_uzi_camo1|material|t6_camo_uzi_table|weaponcamo|t6_uzi_up|weapon|zone_source/zm_parkour_nothing0.zone|csv
5680,image,i_t6_wpn_smg_uzi_camo1_n,289,1419960,|mc/mtl_t6_wpn_smg_uzi_camo1|material|t6_camo_uzi_table|weaponcamo|t6_uzi_up|weapon|zone_source/zm_parkour_nothing0.zone|csv
5681,image,i_t6_wpn_smg_uzi_camo1_g,273,742728,|mc/mtl_t6_wpn_smg_uzi_camo1|material|t6_camo_uzi_table|weaponcamo|t6_uzi_up|weapon|zone_source/zm_parkour_nothing0.zone|csv
5682,image,i_t6_wpn_smg_uzi_camo1_r,281,720896,|t6_camo_uzi_table|weaponcamo|t6_uzi_up|weapon|zone_source/zm_parkour_nothing0.zone|csv
5683,image,i_t6_wpn_smg_uzi_camo1_c,289,1419960,|mc/mtl_t6_wpn_smg_uzi_camo1|material|t6_camo_uzi_table|weaponcamo|t6_uzi_up|weapon|zone_source/zm_parkour_nothing0.zone|csv
5684,image,i_t6_wpn_smg_uzi_camo1_s,273,742728,|mc/mtl_t6_wpn_smg_uzi_camo1|material|t6_camo_uzi_table|weaponcamo|t6_uzi_up|weapon|zone_source/zm_parkour_nothing0.zone|csv
5685,material,mc/mtl_t6_wpn_smg_uzi_camo1,1130,0,|t6_camo_uzi_table|weaponcamo|t6_uzi_up|weapon|zone_source/zm_parkour_nothing0.zone|csv
5686,xmodelmesh,vm_t6_uzif012ad6c,424,216904,|vm_t6_uzi|xmodel|t6_uzi_up|weapon|zone_source/zm_parkour_nothing0.zone|csv
5687,xmodel,vm_t6_uzi,988,0,|t6_uzi_up|weapon|zone_source/zm_parkour_nothing0.zone|csv
5688,xmodelmesh,wm_t6_uzie85dfaaa,472,94192,|wm_t6_uzi|xmodel|t6_uzi_up|weapon|zone_source/zm_parkour_nothing0.zone|csv
5689,xmodel,wm_t6_uzi,640,0,|t6_uzi_up|weapon|zone_source/zm_parkour_nothing0.zone|csv
5690,xmodelmesh,vm_t6_uzi_magabf08b19,336,6160,|vm_t6_uzi_mag|xmodel|t6_uzi_up|weapon|zone_source/zm_parkour_nothing0.zone|csv
5691,xmodel,vm_t6_uzi_mag,244,0,|t6_uzi_up|weapon|zone_source/zm_parkour_nothing0.zone|csv
5692,xanim,am_t6_uzi_idle,1844,0,|t6_uzi_up|weapon|zone_source/zm_parkour_nothing0.zone|csv
5693,xanim,am_t6_uzi_fire,2526,0,|t6_uzi_up|weapon|zone_source/zm_parkour_nothing0.zone|csv
5694,xanim,am_t6_uzi_reload,25577,0,|t6_uzi_up|weapon|zone_source/zm_parkour_nothing0.zone|csv
5695,xanim,am_t6_uzi_reload_empty,32938,0,|t6_uzi_up|weapon|zone_source/zm_parkour_nothing0.zone|csv
5696,xanim,am_t6_uzi_pullout,7897,0,|t6_uzi_up|weapon|zone_source/zm_parkour_nothing0.zone|csv
5697,xanim,am_t6_uzi_first_raise,13370,0,|t6_uzi_up|weapon|zone_source/zm_parkour_nothing0.zone|csv
5698,xanim,am_t6_uzi_putaway,6514,0,|t6_uzi_up|weapon|zone_source/zm_parkour_nothing0.zone|csv
5699,xanim,am_t6_uzi_sprint_in,3663,0,|t6_uzi_up|weapon|zone_source/zm_parkour_nothing0.zone|csv
5700,xanim,am_t6_uzi_sprint_loop,4411,0,|t6_uzi_up|weapon|zone_source/zm_parkour_nothing0.zone|csv
5701,xanim,am_t6_uzi_sprint_out,3341,0,|t6_uzi_up|weapon|zone_source/zm_parkour_nothing0.zone|csv
5702,xanim,am_t6_uzi_crawl_in,4028,0,|t6_uzi_up|weapon|zone_source/zm_parkour_nothing0.zone|csv
5703,xanim,am_t6_uzi_crawl_forward,6528,0,|t6_uzi_up|weapon|zone_source/zm_parkour_nothing0.zone|csv
5704,xanim,am_t6_uzi_crawl_back,5588,0,|t6_uzi_up|weapon|zone_source/zm_parkour_nothing0.zone|csv
5705,xanim,am_t6_uzi_crawl_right,5800,0,|t6_uzi_up|weapon|zone_source/zm_parkour_nothing0.zone|csv
5706,xanim,am_t6_uzi_crawl_left,5923,0,|t6_uzi_up|weapon|zone_source/zm_parkour_nothing0.zone|csv
5707,xanim,am_t6_uzi_crawl_out,3741,0,|t6_uzi_up|weapon|zone_source/zm_parkour_nothing0.zone|csv
5708,xanim,am_t6_uzi_ads_fire,2297,0,|t6_uzi_up|weapon|zone_source/zm_parkour_nothing0.zone|csv
5709,xanim,am_t6_uzi_slide_in,3589,0,|t6_uzi_up|weapon|zone_source/zm_parkour_nothing0.zone|csv
5710,xanim,am_t6_uzi_slide_air_in,3375,0,|t6_uzi_up|weapon|zone_source/zm_parkour_nothing0.zone|csv
5711,xanim,am_t6_uzi_slide_loop,2186,0,|t6_uzi_up|weapon|zone_source/zm_parkour_nothing0.zone|csv
5712,xanim,am_t6_uzi_slide_out,3206,0,|t6_uzi_up|weapon|zone_source/zm_parkour_nothing0.zone|csv
5713,xanim,am_t6_uzi_ads_up,207,0,|t6_uzi_up|weapon|zone_source/zm_parkour_nothing0.zone|csv
5714,xanim,am_t6_uzi_ads_down,201,0,|t6_uzi_up|weapon|zone_source/zm_parkour_nothing0.zone|csv
5715,weapon,t6_uzi,7706,0,|zone_source/zm_parkour_nothing0.zone|csv
5716,weaponcamo,t6_camo_uzi_table,78504,0,|t6_uzi_up|weapon|zone_source/zm_parkour_nothing0.zone|csv
5717,weapon,t6_uzi_up,6106,0,|zone_source/zm_parkour_nothing0.zone|csv
5718,image,i_t6_wpn_smg_vector_camo1_o,284,207032,|mc/mtl_t6_wpn_smg_vector_camo1|material|t6_camo_vector_k10_table|weaponcamo|t6_vector_k10_up|weapon|zone_source/zm_parkour_nothing0.zone|csv
5719,image,i_t6_wpn_smg_vector_camo1_n,292,1419960,|mc/mtl_t6_wpn_smg_vector_camo1|material|t6_camo_vector_k10_table|weaponcamo|t6_vector_k10_up|weapon|zone_source/zm_parkour_nothing0.zone|csv
5720,image,i_t6_wpn_smg_vector_camo1_g,276,742728,|mc/mtl_t6_wpn_smg_vector_camo1|material|t6_camo_vector_k10_table|weaponcamo|t6_vector_k10_up|weapon|zone_source/zm_parkour_nothing0.zone|csv
5721,image,i_t6_wpn_smg_vector_camo1_r,284,720896,|t6_camo_vector_k10_table|weaponcamo|t6_vector_k10_up|weapon|zone_source/zm_parkour_nothing0.zone|csv
5722,image,i_t6_wpn_smg_vector_camo1_c,292,1419960,|mc/mtl_t6_wpn_smg_vector_camo1|material|t6_camo_vector_k10_table|weaponcamo|t6_vector_k10_up|weapon|zone_source/zm_parkour_nothing0.zone|csv
5723,image,i_t6_wpn_smg_vector_camo1_s,276,742728,|mc/mtl_t6_wpn_smg_vector_camo1|material|t6_camo_vector_k10_table|weaponcamo|t6_vector_k10_up|weapon|zone_source/zm_parkour_nothing0.zone|csv
5724,material,mc/mtl_t6_wpn_smg_vector_camo1,1134,0,|t6_camo_vector_k10_table|weaponcamo|t6_vector_k10_up|weapon|zone_source/zm_parkour_nothing0.zone|csv
5725,xmodelmesh,vm_t6_vector_k105ddafee9,912,150344,|vm_t6_vector_k10|xmodel|t6_vector_k10_up|weapon|zone_source/zm_parkour_nothing0.zone|csv
5726,xmodel,vm_t6_vector_k10,936,0,|t6_vector_k10_up|weapon|zone_source/zm_parkour_nothing0.zone|csv
5727,xmodelmesh,wm_t6_vector_k102fdc22f3,720,77552,|wm_t6_vector_k10|xmodel|t6_vector_k10_up|weapon|zone_source/zm_parkour_nothing0.zone|csv
5728,xmodel,wm_t6_vector_k10,716,0,|t6_vector_k10_up|weapon|zone_source/zm_parkour_nothing0.zone|csv
5729,xmodelmesh,vm_t6_vector_k10_magab6291,336,15296,|vm_t6_vector_k10_mag|xmodel|t6_vector_k10_up|weapon|zone_source/zm_parkour_nothing0.zone|csv
5730,xmodel,vm_t6_vector_k10_mag,252,0,|t6_vector_k10_up|weapon|zone_source/zm_parkour_nothing0.zone|csv
5731,xanim,am_t6_vector_k10_idle,1620,0,|t6_vector_k10_up|weapon|zone_source/zm_parkour_nothing0.zone|csv
5732,xanim,am_t6_vector_k10_fire,2471,0,|t6_vector_k10_up|weapon|zone_source/zm_parkour_nothing0.zone|csv
5733,xanim,am_t6_vector_k10_reload,16791,0,|t6_vector_k10_up|weapon|zone_source/zm_parkour_nothing0.zone|csv
5734,xanim,am_t6_vector_k10_reload_empty,22386,0,|t6_vector_k10_up|weapon|zone_source/zm_parkour_nothing0.zone|csv
5735,xanim,am_t6_vector_k10_pullout,8281,0,|t6_vector_k10_up|weapon|zone_source/zm_parkour_nothing0.zone|csv
5736,xanim,am_t6_vector_k10_first_raise,11900,0,|t6_vector_k10_up|weapon|zone_source/zm_parkour_nothing0.zone|csv
5737,xanim,am_t6_vector_k10_putaway,6455,0,|t6_vector_k10_up|weapon|zone_source/zm_parkour_nothing0.zone|csv
5738,xanim,am_t6_vector_k10_sprint_in,3764,0,|t6_vector_k10_up|weapon|zone_source/zm_parkour_nothing0.zone|csv
5739,xanim,am_t6_vector_k10_sprint_loop,4978,0,|t6_vector_k10_up|weapon|zone_source/zm_parkour_nothing0.zone|csv
5740,xanim,am_t6_vector_k10_sprint_out,3438,0,|t6_vector_k10_up|weapon|zone_source/zm_parkour_nothing0.zone|csv
5741,xanim,am_t6_vector_k10_crawl_in,3764,0,|t6_vector_k10_up|weapon|zone_source/zm_parkour_nothing0.zone|csv
5742,xanim,am_t6_vector_k10_crawl_forward,6043,0,|t6_vector_k10_up|weapon|zone_source/zm_parkour_nothing0.zone|csv
5743,xanim,am_t6_vector_k10_crawl_back,5762,0,|t6_vector_k10_up|weapon|zone_source/zm_parkour_nothing0.zone|csv
5744,xanim,am_t6_vector_k10_crawl_right,5737,0,|t6_vector_k10_up|weapon|zone_source/zm_parkour_nothing0.zone|csv
5745,xanim,am_t6_vector_k10_crawl_left,5802,0,|t6_vector_k10_up|weapon|zone_source/zm_parkour_nothing0.zone|csv
5746,xanim,am_t6_vector_k10_crawl_out,3483,0,|t6_vector_k10_up|weapon|zone_source/zm_parkour_nothing0.zone|csv
5747,xanim,am_t6_vector_k10_ads_fire,2315,0,|t6_vector_k10_up|weapon|zone_source/zm_parkour_nothing0.zone|csv
5748,xanim,am_t6_vector_k10_slide_in,3458,0,|t6_vector_k10_up|weapon|zone_source/zm_parkour_nothing0.zone|csv
5749,xanim,am_t6_vector_k10_slide_air_in,3257,0,|t6_vector_k10_up|weapon|zone_source/zm_parkour_nothing0.zone|csv
5750,xanim,am_t6_vector_k10_slide_loop,1880,0,|t6_vector_k10_up|weapon|zone_source/zm_parkour_nothing0.zone|csv
5751,xanim,am_t6_vector_k10_slide_out,3123,0,|t6_vector_k10_up|weapon|zone_source/zm_parkour_nothing0.zone|csv
5752,xanim,am_t6_vector_k10_ads_up,223,0,|t6_vector_k10|weapon|zone_source/zm_parkour_nothing0.zone|csv
5753,xanim,am_t6_vector_k10_ads_down,190,0,|t6_vector_k10|weapon|zone_source/zm_parkour_nothing0.zone|csv
5754,weapon,t6_vector_k10,7719,0,|zone_source/zm_parkour_nothing0.zone|csv
5755,weaponcamo,t6_camo_vector_k10_table,78512,0,|t6_vector_k10_up|weapon|zone_source/zm_parkour_nothing0.zone|csv
5756,xanim,am_t6_vector_k10_reflex_ads_up,201,0,|t6_vector_k10_up|weapon|zone_source/zm_parkour_nothing0.zone|csv
5757,xanim,am_t6_vector_k10_reflex_ads_down,198,0,|t6_vector_k10_up|weapon|zone_source/zm_parkour_nothing0.zone|csv
5758,weapon,t6_vector_k10_up,7737,0,|zone_source/zm_parkour_nothing0.zone|csv
5759,image,i_t6_wpn_launch_m32_camo1_o,284,215560,|mc/mtl_t6_wpn_launch_m32_camo1|material|t6_camo_war_machine_table|weaponcamo|t6_war_machine_up|weapon|zone_source/zm_parkour_nothing0.zone|csv
5760,image,i_t6_wpn_launch_m32_camo1_n,292,1419960,|mc/mtl_t6_wpn_launch_m32_camo1|material|t6_camo_war_machine_table|weaponcamo|t6_war_machine_up|weapon|zone_source/zm_parkour_nothing0.zone|csv
5761,image,i_t6_wpn_launch_m32_camo1_g,276,742728,|mc/mtl_t6_wpn_launch_m32_camo1|material|t6_camo_war_machine_table|weaponcamo|t6_war_machine_up|weapon|zone_source/zm_parkour_nothing0.zone|csv
5762,image,i_t6_wpn_launch_m32_camo1_r,284,720896,|t6_camo_war_machine_table|weaponcamo|t6_war_machine_up|weapon|zone_source/zm_parkour_nothing0.zone|csv
5763,image,i_t6_wpn_launch_m32_camo1_c,292,1419960,|mc/mtl_t6_wpn_launch_m32_camo1|material|t6_camo_war_machine_table|weaponcamo|t6_war_machine_up|weapon|zone_source/zm_parkour_nothing0.zone|csv
5764,image,i_t6_wpn_launch_m32_camo1_s,276,742728,|mc/mtl_t6_wpn_launch_m32_camo1|material|t6_camo_war_machine_table|weaponcamo|t6_war_machine_up|weapon|zone_source/zm_parkour_nothing0.zone|csv
5765,material,mc/mtl_t6_wpn_launch_m32_camo1,1128,0,|t6_camo_war_machine_table|weaponcamo|t6_war_machine_up|weapon|zone_source/zm_parkour_nothing0.zone|csv
5766,xmodelmesh,vm_t6_war_machine606978ac,328,235864,|vm_t6_war_machine|xmodel|t6_war_machine_up|weapon|zone_source/zm_parkour_nothing0.zone|csv
5767,xmodel,vm_t6_war_machine,884,0,|t6_war_machine_up|weapon|zone_source/zm_parkour_nothing0.zone|csv
5768,xmodelmesh,wm_t6_war_machine522a880b,224,114768,|wm_t6_war_machine|xmodel|t6_war_machine_up|weapon|zone_source/zm_parkour_nothing0.zone|csv
5769,xmodel,wm_t6_war_machine,232,0,|t6_war_machine_up|weapon|zone_source/zm_parkour_nothing0.zone|csv
5770,image,i_t6_attach_optic_m32_lens_g,285,108120,|mc/mtl_t6_attach_optic_m32_lens|material|vm_t6_war_machine_ads_scope|xmodel|t6_war_machine_up|weapon|zone_source/zm_parkour_nothing0.zone|csv
5771,image,i_t6_attach_optic_m32_lens_s,285,65536,|mc/mtl_t6_attach_optic_m32_lens|material|vm_t6_war_machine_ads_scope|xmodel|t6_war_machine_up|weapon|zone_source/zm_parkour_nothing0.zone|csv
5772,material,mc/mtl_t6_attach_optic_m32_lens,970,0,|vm_t6_war_machine_ads_scope|xmodel|t6_war_machine_up|weapon|zone_source/zm_parkour_nothing0.zone|csv
5773,image,i_t6_attach_optic_m32_reticle_c,96,109240,|mc/mtl_t6_attach_optic_m32_reticle|material|vm_t6_war_machine_ads_scope|xmodel|t6_war_machine_up|weapon|zone_source/zm_parkour_nothing0.zone|csv
5774,material,mc/mtl_t6_attach_optic_m32_reticle,904,0,|vm_t6_war_machine_ads_scope|xmodel|t6_war_machine_up|weapon|zone_source/zm_parkour_nothing0.zone|csv
5775,xmodelmesh,vm_t6_war_machine_hip_scopecea01c1c,456,72576,|vm_t6_war_machine_hip_scope|xmodel|t6_war_machine_up|weapon|zone_source/zm_parkour_nothing0.zone|csv
5776,xmodel,vm_t6_war_machine_hip_scope,176,0,|t6_war_machine_up|weapon|zone_source/zm_parkour_nothing0.zone|csv
5777,xmodelmesh,vm_t6_war_machine_ads_scopecfdf6397,464,34128,|vm_t6_war_machine_ads_scope|xmodel|t6_war_machine_up|weapon|zone_source/zm_parkour_nothing0.zone|csv
5778,xmodel,vm_t6_war_machine_ads_scope,176,0,|t6_war_machine_up|weapon|zone_source/zm_parkour_nothing0.zone|csv
5779,xanim,am_t6_war_machine_idle,2112,0,|t6_war_machine_up|weapon|zone_source/zm_parkour_nothing0.zone|csv
5780,xanim,am_t6_war_machine_fire,3371,0,|t6_war_machine_up|weapon|zone_source/zm_parkour_nothing0.zone|csv
5781,xanim,am_t6_war_machine_reload,17157,0,|t6_war_machine_up|weapon|zone_source/zm_parkour_nothing0.zone|csv
5782,xanim,am_t6_war_machine_pullout,9372,0,|t6_war_machine_up|weapon|zone_source/zm_parkour_nothing0.zone|csv
5783,xanim,am_t6_war_machine_first_raise,15092,0,|t6_war_machine_up|weapon|zone_source/zm_parkour_nothing0.zone|csv
5784,xanim,am_t6_war_machine_putaway,8633,0,|t6_war_machine_up|weapon|zone_source/zm_parkour_nothing0.zone|csv
5785,xanim,am_t6_war_machine_sprint_in,3786,0,|t6_war_machine_up|weapon|zone_source/zm_parkour_nothing0.zone|csv
5786,xanim,am_t6_war_machine_sprint_loop,5889,0,|t6_war_machine_up|weapon|zone_source/zm_parkour_nothing0.zone|csv
5787,xanim,am_t6_war_machine_sprint_out,3463,0,|t6_war_machine_up|weapon|zone_source/zm_parkour_nothing0.zone|csv
5788,xanim,am_t6_war_machine_crawl_in,3846,0,|t6_war_machine_up|weapon|zone_source/zm_parkour_nothing0.zone|csv
5789,xanim,am_t6_war_machine_crawl_forward,7660,0,|t6_war_machine_up|weapon|zone_source/zm_parkour_nothing0.zone|csv
5790,xanim,am_t6_war_machine_crawl_back,6231,0,|t6_war_machine_up|weapon|zone_source/zm_parkour_nothing0.zone|csv
5791,xanim,am_t6_war_machine_crawl_right,6725,0,|t6_war_machine_up|weapon|zone_source/zm_parkour_nothing0.zone|csv
5792,xanim,am_t6_war_machine_crawl_left,6452,0,|t6_war_machine_up|weapon|zone_source/zm_parkour_nothing0.zone|csv
5793,xanim,am_t6_war_machine_crawl_out,3903,0,|t6_war_machine_up|weapon|zone_source/zm_parkour_nothing0.zone|csv
5794,xanim,am_t6_war_machine_ads_fire,2717,0,|t6_war_machine_up|weapon|zone_source/zm_parkour_nothing0.zone|csv
5795,xanim,am_t6_war_machine_slide_in,4092,0,|t6_war_machine_up|weapon|zone_source/zm_parkour_nothing0.zone|csv
5796,xanim,am_t6_war_machine_slide_air_in,3710,0,|t6_war_machine_up|weapon|zone_source/zm_parkour_nothing0.zone|csv
5797,xanim,am_t6_war_machine_slide_loop,2434,0,|t6_war_machine_up|weapon|zone_source/zm_parkour_nothing0.zone|csv
5798,xanim,am_t6_war_machine_slide_out,3460,0,|t6_war_machine_up|weapon|zone_source/zm_parkour_nothing0.zone|csv
5799,xanim,am_t6_war_machine_ads_up,245,0,|t6_war_machine_up|weapon|zone_source/zm_parkour_nothing0.zone|csv
5800,xanim,am_t6_war_machine_ads_down,225,0,|t6_war_machine_up|weapon|zone_source/zm_parkour_nothing0.zone|csv
5801,weapon,t6_war_machine,7690,0,|zone_source/zm_parkour_nothing0.zone|csv
5802,weaponcamo,t6_camo_war_machine_table,78511,0,|t6_war_machine_up|weapon|zone_source/zm_parkour_nothing0.zone|csv
5803,weapon,t6_war_machine_up,6052,0,|zone_source/zm_parkour_nothing0.zone|csv
5804,image,i_t6_wpn_sniper_xpr50_camo2_o,278,177272,|mc/mtl_t6_wpn_sniper_xpr50_camo2|material|t6_camo_xpr50_table|weaponcamo|t6_xpr50_up|weapon|zone_source/zm_parkour_nothing0.zone|csv
5805,image,i_t6_wpn_sniper_xpr50_camo2_n,294,1419960,|mc/mtl_t6_wpn_sniper_xpr50_camo2|material|t6_camo_xpr50_table|weaponcamo|t6_xpr50_up|weapon|zone_source/zm_parkour_nothing0.zone|csv
5806,image,i_t6_wpn_sniper_xpr50_camo2_g,278,742728,|mc/mtl_t6_wpn_sniper_xpr50_camo2|material|t6_camo_xpr50_table|weaponcamo|t6_xpr50_up|weapon|zone_source/zm_parkour_nothing0.zone|csv
5807,image,i_t6_wpn_sniper_xpr50_camo2_r,286,720896,|t6_camo_xpr50_table|weaponcamo|t6_xpr50_up|weapon|zone_source/zm_parkour_nothing0.zone|csv
5808,image,i_t6_wpn_sniper_xpr50_camo2_c,294,1419960,|mc/mtl_t6_wpn_sniper_xpr50_camo2|material|t6_camo_xpr50_table|weaponcamo|t6_xpr50_up|weapon|zone_source/zm_parkour_nothing0.zone|csv
5809,image,i_t6_wpn_sniper_xpr50_camo2_s,278,742728,|mc/mtl_t6_wpn_sniper_xpr50_camo2|material|t6_camo_xpr50_table|weaponcamo|t6_xpr50_up|weapon|zone_source/zm_parkour_nothing0.zone|csv
5810,material,mc/mtl_t6_wpn_sniper_xpr50_camo2,1136,0,|t6_camo_xpr50_table|weaponcamo|t6_xpr50_up|weapon|zone_source/zm_parkour_nothing0.zone|csv
5811,xmodelmesh,vm_t6_xpr50fa6d73db,464,299384,|vm_t6_xpr50|xmodel|t6_xpr50_up|weapon|zone_source/zm_parkour_nothing0.zone|csv
5812,xmodel,vm_t6_xpr50,888,0,|t6_xpr50_up|weapon|zone_source/zm_parkour_nothing0.zone|csv
5813,xmodelmesh,wm_t6_xpr50c9bd3da6,568,85824,|wm_t6_xpr50|xmodel|t6_xpr50_up|weapon|zone_source/zm_parkour_nothing0.zone|csv
5814,xmodel,wm_t6_xpr50,588,0,|t6_xpr50_up|weapon|zone_source/zm_parkour_nothing0.zone|csv
5815,image,i_t6_wpn_sniper_xpr50_scope_camo2_o,292,73544,|mc/mtl_t6_wpn_sniper_xpr50_scope_camo2|material|t6_camo_xpr50_table|weaponcamo|t6_xpr50_up|weapon|zone_source/zm_parkour_nothing0.zone|csv
5816,image,i_t6_wpn_sniper_xpr50_scope_camo2_n,300,371384,|mc/mtl_t6_wpn_sniper_xpr50_scope_camo2|material|t6_camo_xpr50_table|weaponcamo|t6_xpr50_up|weapon|zone_source/zm_parkour_nothing0.zone|csv
5817,image,i_t6_wpn_sniper_xpr50_scope_camo2_g,284,218440,|mc/mtl_t6_wpn_sniper_xpr50_scope_camo2|material|t6_camo_xpr50_table|weaponcamo|t6_xpr50_up|weapon|zone_source/zm_parkour_nothing0.zone|csv
5818,image,i_t6_wpn_sniper_xpr50_scope_camo2_r,292,196608,|t6_camo_xpr50_table|weaponcamo|t6_xpr50_up|weapon|zone_source/zm_parkour_nothing0.zone|csv
5819,image,i_t6_wpn_sniper_xpr50_scope_camo2_c,300,371384,|mc/mtl_t6_wpn_sniper_xpr50_scope_camo2|material|t6_camo_xpr50_table|weaponcamo|t6_xpr50_up|weapon|zone_source/zm_parkour_nothing0.zone|csv
5820,image,i_t6_wpn_sniper_xpr50_scope_camo2_s,284,218440,|mc/mtl_t6_wpn_sniper_xpr50_scope_camo2|material|t6_camo_xpr50_table|weaponcamo|t6_xpr50_up|weapon|zone_source/zm_parkour_nothing0.zone|csv
5821,material,mc/mtl_t6_wpn_sniper_xpr50_scope_camo2,1132,0,|t6_camo_xpr50_table|weaponcamo|t6_xpr50_up|weapon|zone_source/zm_parkour_nothing0.zone|csv
5822,xmodelmesh,vm_t6_xpr50_hip_scope26ddee9f,464,131864,|vm_t6_xpr50_hip_scope|xmodel|t6_xpr50|weapon|zone_source/zm_parkour_nothing0.zone|csv
5823,xmodel,vm_t6_xpr50_hip_scope,268,0,|t6_xpr50|weapon|zone_source/zm_parkour_nothing0.zone|csv
5824,image,i_t6_wpn_sniper_xpr50_scope_reticle_c,302,1419168,|mc/mtl_t6_wpn_sniper_xpr50_scope_reticle|material|vm_t6_xpr50_ads_scope|xmodel|t6_xpr50|weapon|zone_source/zm_parkour_nothing0.zone|csv
5825,material,mc/mtl_t6_wpn_sniper_xpr50_scope_reticle,854,0,|vm_t6_xpr50_ads_scope|xmodel|t6_xpr50|weapon|zone_source/zm_parkour_nothing0.zone|csv
5826,xmodelmesh,vm_t6_xpr50_ads_scopea7d7a89d,560,48704,|vm_t6_xpr50_ads_scope|xmodel|t6_xpr50|weapon|zone_source/zm_parkour_nothing0.zone|csv
5827,xmodel,vm_t6_xpr50_ads_scope,256,0,|t6_xpr50|weapon|zone_source/zm_parkour_nothing0.zone|csv
5828,xmodelmesh,vm_t6_xpr50_mag31697c83,440,11312,|vm_t6_xpr50_mag|xmodel|t6_xpr50_up|weapon|zone_source/zm_parkour_nothing0.zone|csv
5829,xmodel,vm_t6_xpr50_mag,252,0,|t6_xpr50_up|weapon|zone_source/zm_parkour_nothing0.zone|csv
5830,xmodelmesh,wm_t6_xpr50_scope8963f080,352,23168,|wm_t6_xpr50_scope|xmodel|t6_xpr50|weapon|zone_source/zm_parkour_nothing0.zone|csv
5831,xmodel,wm_t6_xpr50_scope,244,0,|t6_xpr50|weapon|zone_source/zm_parkour_nothing0.zone|csv
5832,xanim,am_t6_xpr50_idle,1620,0,|t6_xpr50_up|weapon|zone_source/zm_parkour_nothing0.zone|csv
5833,xanim,am_t6_xpr50_fire,3192,0,|t6_xpr50_up|weapon|zone_source/zm_parkour_nothing0.zone|csv
5834,xanim,am_t6_xpr50_reload,25915,0,|t6_xpr50_up|weapon|zone_source/zm_parkour_nothing0.zone|csv
5835,xanim,am_t6_xpr50_reload_empty,32241,0,|t6_xpr50_up|weapon|zone_source/zm_parkour_nothing0.zone|csv
5836,xanim,am_t6_xpr50_pullout,8152,0,|t6_xpr50_up|weapon|zone_source/zm_parkour_nothing0.zone|csv
5837,xanim,am_t6_xpr50_first_raise,16362,0,|t6_xpr50_up|weapon|zone_source/zm_parkour_nothing0.zone|csv
5838,xanim,am_t6_xpr50_putaway,13565,0,|t6_xpr50_up|weapon|zone_source/zm_parkour_nothing0.zone|csv
5839,xanim,am_t6_xpr50_putaway_quick,5913,0,|t6_xpr50_up|weapon|zone_source/zm_parkour_nothing0.zone|csv
5840,xanim,am_t6_xpr50_sprint_in,3500,0,|t6_xpr50_up|weapon|zone_source/zm_parkour_nothing0.zone|csv
5841,xanim,am_t6_xpr50_sprint_loop,4731,0,|t6_xpr50_up|weapon|zone_source/zm_parkour_nothing0.zone|csv
5842,xanim,am_t6_xpr50_sprint_out,3157,0,|t6_xpr50_up|weapon|zone_source/zm_parkour_nothing0.zone|csv
5843,xanim,am_t6_xpr50_crawl_in,3585,0,|t6_xpr50_up|weapon|zone_source/zm_parkour_nothing0.zone|csv
5844,xanim,am_t6_xpr50_crawl_forward,6011,0,|t6_xpr50_up|weapon|zone_source/zm_parkour_nothing0.zone|csv
5845,xanim,am_t6_xpr50_crawl_back,5357,0,|t6_xpr50_up|weapon|zone_source/zm_parkour_nothing0.zone|csv
5846,xanim,am_t6_xpr50_crawl_right,5806,0,|t6_xpr50_up|weapon|zone_source/zm_parkour_nothing0.zone|csv
5847,xanim,am_t6_xpr50_crawl_left,5920,0,|t6_xpr50_up|weapon|zone_source/zm_parkour_nothing0.zone|csv
5848,xanim,am_t6_xpr50_crawl_out,3408,0,|t6_xpr50_up|weapon|zone_source/zm_parkour_nothing0.zone|csv
5849,xanim,am_t6_xpr50_ads_fire,2041,0,|t6_xpr50_up|weapon|zone_source/zm_parkour_nothing0.zone|csv
5850,xanim,am_t6_xpr50_slide_in,3494,0,|t6_xpr50_up|weapon|zone_source/zm_parkour_nothing0.zone|csv
5851,xanim,am_t6_xpr50_slide_air_in,3205,0,|t6_xpr50_up|weapon|zone_source/zm_parkour_nothing0.zone|csv
5852,xanim,am_t6_xpr50_slide_loop,1921,0,|t6_xpr50_up|weapon|zone_source/zm_parkour_nothing0.zone|csv
5853,xanim,am_t6_xpr50_slide_out,3044,0,|t6_xpr50_up|weapon|zone_source/zm_parkour_nothing0.zone|csv
5854,xanim,am_t6_xpr50_scope_ads_up,253,0,|t6_xpr50|weapon|zone_source/zm_parkour_nothing0.zone|csv
5855,xanim,am_t6_xpr50_scope_ads_down,255,0,|t6_xpr50|weapon|zone_source/zm_parkour_nothing0.zone|csv
5856,weapon,t6_xpr50,7744,0,|zone_source/zm_parkour_nothing0.zone|csv
5857,weaponcamo,t6_camo_xpr50_table,80552,0,|t6_xpr50_up|weapon|zone_source/zm_parkour_nothing0.zone|csv
5858,xanim,am_t6_xpr50_acog_ads_up,232,0,|t6_xpr50_up|weapon|zone_source/zm_parkour_nothing0.zone|csv
5859,xanim,am_t6_xpr50_acog_ads_down,236,0,|t6_xpr50_up|weapon|zone_source/zm_parkour_nothing0.zone|csv
5860,weapon,t6_xpr50_up,7820,0,|zone_source/zm_parkour_nothing0.zone|csv
5861,keyvaluepairs,zm_parkour_nothing0,2926,0,||assetlist
5862,material,gfx_decal_blood_nonfatal_01|dup,33,0,||assetlist
5863,material,vd/gfx_decal_blood_nonfatal_01|dup,36,0,||assetlist
5864,material,vdd/gfx_decal_blood_nonfatal_01|dup,37,0,||assetlist
5865,material,gfx_decal_blood_nonfatal_02|dup,33,0,||assetlist
5866,material,vd/gfx_decal_blood_nonfatal_02|dup,36,0,||assetlist
5867,material,vdd/gfx_decal_blood_nonfatal_02|dup,37,0,||assetlist
5868,material,gfx_decal_blood_fatal_01|dup,30,0,||assetlist
5869,material,vd/gfx_decal_blood_fatal_01|dup,33,0,||assetlist
5870,material,vdd/gfx_decal_blood_fatal_01|dup,34,0,||assetlist
5871,material,gfx_decal_blood_fatal_02|dup,30,0,||assetlist
5872,material,vd/gfx_decal_blood_fatal_02|dup,33,0,||assetlist
5873,material,vdd/gfx_decal_blood_fatal_02|dup,34,0,||assetlist
5874,material,gfx_decal_bullet_glass_01|dup,31,0,||assetlist
5875,material,vd/gfx_decal_bullet_glass_01|dup,34,0,||assetlist
5876,material,vdd/gfx_decal_bullet_glass_01|dup,35,0,||assetlist
5877,material,gfx_decal_bullet_glass_02|dup,31,0,||assetlist
5878,material,vd/gfx_decal_bullet_glass_02|dup,34,0,||assetlist
5879,material,vdd/gfx_decal_bullet_glass_02|dup,35,0,||assetlist
5880,material,gfx_decal_bullet_glass_03|dup,31,0,||assetlist
5881,material,vd/gfx_decal_bullet_glass_03|dup,34,0,||assetlist
5882,material,vdd/gfx_decal_bullet_glass_03|dup,35,0,||assetlist
5883,bgcache,zm_parkour_nothing0,82632,0,||assetlist
5884,image,i_c_gen_gib_gore_arm_right_c,30,0,|mc/mtl_c_gen_gib_gore_arm_right_a|material|c_zom_zod_zombie_fem_body1_g_larmspawn|xmodel|c_zom_der_zombie_gib_def|scriptbundle|c_zom_der_zombie2_nohat|character|spawner_zm_factory_zombie|aitype|maps/zm/zm_parkour_nothing0.d3dbsp|col_map|zone_source/zm_parkour_nothing0.zone|csv
5885,image,i_c_gen_gib_gore_arm_right_g,30,0,|mc/mtl_c_gen_gib_gore_arm_right_a|material|c_zom_zod_zombie_fem_body1_g_larmspawn|xmodel|c_zom_der_zombie_gib_def|scriptbundle|c_zom_der_zombie2_nohat|character|spawner_zm_factory_zombie|aitype|maps/zm/zm_parkour_nothing0.d3dbsp|col_map|zone_source/zm_parkour_nothing0.zone|csv
5886,image,fxt_gel_splat_full_n,22,0,|ei/gfx_gel_splat_full_spec|material|blood/fx_blood_decal_impact_ground_zmb|fx|impacts/fx_bul_impact_blood_body_fatal_exit_zmb|fx|entity_exit_bullet_small|entityfximpacts|bullet_small_exit|impactsfxtable|t6_xpr50_up|weapon|zone_source/zm_parkour_nothing0.zone|csv
5887,image,fxt_gel_trail,15,0,|el/gfx_gel_trail_lit|material|blood/fx_blood_gib_limb_trail|fx|impacts/fx_bul_impact_blood_head_fatal_exit_zmb|fx|entity_exit_bullet_small|entityfximpacts|bullet_small_exit|impactsfxtable|t6_xpr50_up|weapon|zone_source/zm_parkour_nothing0.zone|csv
5888,image,fxt_decal_blood_nonfatal_01,29,0,|vdd/gfx_decal_blood_nonfatal_01|material|blood/fx_blood_decal_impact_ground_sm|fx|impacts/fx_bul_impact_armor_body_fatal_exit|fx|entity_exit_bullet_small|entityfximpacts|bullet_small_exit|impactsfxtable|t6_xpr50_up|weapon|zone_source/zm_parkour_nothing0.zone|csv
5889,image,fxt_decal_blood_nonfatal_01_n,31,0,|vdd/gfx_decal_blood_nonfatal_01|material|blood/fx_blood_decal_impact_ground_sm|fx|impacts/fx_bul_impact_armor_body_fatal_exit|fx|entity_exit_bullet_small|entityfximpacts|bullet_small_exit|impactsfxtable|t6_xpr50_up|weapon|zone_source/zm_parkour_nothing0.zone|csv
5890,image,fxt_decal_blood_nonfatal_02,29,0,|vdd/gfx_decal_blood_nonfatal_02|material|blood/fx_blood_decal_impact_ground_sm|fx|impacts/fx_bul_impact_armor_body_fatal_exit|fx|entity_exit_bullet_small|entityfximpacts|bullet_small_exit|impactsfxtable|t6_xpr50_up|weapon|zone_source/zm_parkour_nothing0.zone|csv
5891,image,fxt_decal_blood_nonfatal_02_n,31,0,|vdd/gfx_decal_blood_nonfatal_02|material|blood/fx_blood_decal_impact_ground_sm|fx|impacts/fx_bul_impact_armor_body_fatal_exit|fx|entity_exit_bullet_small|entityfximpacts|bullet_small_exit|impactsfxtable|t6_xpr50_up|weapon|zone_source/zm_parkour_nothing0.zone|csv
5892,image,fxt_gel_splat_wide_n,22,0,|ei/gfx_gel_splat_wide_spec|material|impacts/fx_bul_impact_blood_body_fatal_exit_uw|fx|impacts/fx_bul_impact_blood_body_fatal_exit|fx|entity_exit_bullet_small|entityfximpacts|bullet_small_exit|impactsfxtable|t6_xpr50_up|weapon|zone_source/zm_parkour_nothing0.zone|csv
5893,image,fxt_gel_splat_spread_n,24,0,|ei/gfx_gel_splat_spread_spec|material|impacts/fx_bul_impact_blood_body_nonfatal_exit_uw|fx|impacts/fx_bul_impact_blood_body_nonfatal_exit|fx|entity_exit_bullet_small|entityfximpacts|bullet_small_exit|impactsfxtable|t6_xpr50_up|weapon|zone_source/zm_parkour_nothing0.zone|csv
5894,image,fxt_gel_splat_radial_n,24,0,|ei/gfx_gel_splat_radial_spec|material|blood/fx_blood_decal_impact_ground_zmb|fx|impacts/fx_bul_impact_blood_body_fatal_exit_zmb|fx|entity_exit_bullet_small|entityfximpacts|bullet_small_exit|impactsfxtable|t6_xpr50_up|weapon|zone_source/zm_parkour_nothing0.zone|csv
5895,image,i_mtl_p7_gib_chunk_set_c,26,0,|mc/mtl_gib_chunk_set|material|p7_gib_chunk_bone_03|xmodel|blood/fx_blood_gib_leg_sever_burst|fx|c_zom_der_zombie_gib_def|scriptbundle|c_zom_der_zombie2_nohat|character|spawner_zm_factory_zombie|aitype|maps/zm/zm_parkour_nothing0.d3dbsp|col_map|zone_source/zm_parkour_nothing0.zone|csv
5896,image,i_mtl_p7_gib_chunk_set_n,26,0,|mc/mtl_gib_chunk_set|material|p7_gib_chunk_bone_03|xmodel|blood/fx_blood_gib_leg_sever_burst|fx|c_zom_der_zombie_gib_def|scriptbundle|c_zom_der_zombie2_nohat|character|spawner_zm_factory_zombie|aitype|maps/zm/zm_parkour_nothing0.d3dbsp|col_map|zone_source/zm_parkour_nothing0.zone|csv
5897,image,$thickness_base,17,0,|mc/mtl_gib_chunk_set|material|p7_gib_chunk_bone_03|xmodel|blood/fx_blood_gib_leg_sever_burst|fx|c_zom_der_zombie_gib_def|scriptbundle|c_zom_der_zombie2_nohat|character|spawner_zm_factory_zombie|aitype|maps/zm/zm_parkour_nothing0.d3dbsp|col_map|zone_source/zm_parkour_nothing0.zone|csv
5898,xmodelmesh,p7_gib_chunk_flesh_02_lod0130547db,36,0,|p7_gib_chunk_flesh_02|xmodel|blood/fx_blood_gib_leg_sever_burst|fx|c_zom_der_zombie_gib_def|scriptbundle|c_zom_der_zombie2_nohat|character|spawner_zm_factory_zombie|aitype|maps/zm/zm_parkour_nothing0.d3dbsp|col_map|zone_source/zm_parkour_nothing0.zone|csv
5899,xmodelmesh,p7_gib_chunk_flesh_02_lod0e9138a03,36,0,|p7_gib_chunk_flesh_02|xmodel|blood/fx_blood_gib_leg_sever_burst|fx|c_zom_der_zombie_gib_def|scriptbundle|c_zom_der_zombie2_nohat|character|spawner_zm_factory_zombie|aitype|maps/zm/zm_parkour_nothing0.d3dbsp|col_map|zone_source/zm_parkour_nothing0.zone|csv
5900,xmodelmesh,p7_gib_chunk_flesh_02_lod0f19e5642,36,0,|p7_gib_chunk_flesh_02|xmodel|blood/fx_blood_gib_leg_sever_burst|fx|c_zom_der_zombie_gib_def|scriptbundle|c_zom_der_zombie2_nohat|character|spawner_zm_factory_zombie|aitype|maps/zm/zm_parkour_nothing0.d3dbsp|col_map|zone_source/zm_parkour_nothing0.zone|csv
5901,xmodelmesh,p7_gib_chunk_flesh_02_lod054b1f95a,36,0,|p7_gib_chunk_flesh_02|xmodel|blood/fx_blood_gib_leg_sever_burst|fx|c_zom_der_zombie_gib_def|scriptbundle|c_zom_der_zombie2_nohat|character|spawner_zm_factory_zombie|aitype|maps/zm/zm_parkour_nothing0.d3dbsp|col_map|zone_source/zm_parkour_nothing0.zone|csv
5902,xmodelmesh,p7_gib_chunk_flesh_02_lod07358800,35,0,|p7_gib_chunk_flesh_02|xmodel|blood/fx_blood_gib_leg_sever_burst|fx|c_zom_der_zombie_gib_def|scriptbundle|c_zom_der_zombie2_nohat|character|spawner_zm_factory_zombie|aitype|maps/zm/zm_parkour_nothing0.d3dbsp|col_map|zone_source/zm_parkour_nothing0.zone|csv
5903,xmodelmesh,p7_gib_chunk_bone_01_lod0df5d9e09,35,0,|p7_gib_chunk_bone_01|xmodel|blood/fx_blood_gib_leg_sever_burst|fx|c_zom_der_zombie_gib_def|scriptbundle|c_zom_der_zombie2_nohat|character|spawner_zm_factory_zombie|aitype|maps/zm/zm_parkour_nothing0.d3dbsp|col_map|zone_source/zm_parkour_nothing0.zone|csv
5904,xmodelmesh,p7_gib_chunk_bone_01_lod02c625ab4,35,0,|p7_gib_chunk_bone_01|xmodel|blood/fx_blood_gib_leg_sever_burst|fx|c_zom_der_zombie_gib_def|scriptbundle|c_zom_der_zombie2_nohat|character|spawner_zm_factory_zombie|aitype|maps/zm/zm_parkour_nothing0.d3dbsp|col_map|zone_source/zm_parkour_nothing0.zone|csv
5905,xmodelmesh,p7_gib_chunk_bone_01_lod0d83e3ca,34,0,|p7_gib_chunk_bone_01|xmodel|blood/fx_blood_gib_leg_sever_burst|fx|c_zom_der_zombie_gib_def|scriptbundle|c_zom_der_zombie2_nohat|character|spawner_zm_factory_zombie|aitype|maps/zm/zm_parkour_nothing0.d3dbsp|col_map|zone_source/zm_parkour_nothing0.zone|csv
5906,xmodelmesh,p7_gib_chunk_bone_01_lod08581075,34,0,|p7_gib_chunk_bone_01|xmodel|blood/fx_blood_gib_leg_sever_burst|fx|c_zom_der_zombie_gib_def|scriptbundle|c_zom_der_zombie2_nohat|character|spawner_zm_factory_zombie|aitype|maps/zm/zm_parkour_nothing0.d3dbsp|col_map|zone_source/zm_parkour_nothing0.zone|csv
5907,xmodelmesh,p7_gib_chunk_bone_02_lod0b1c9f59f,35,0,|p7_gib_chunk_bone_02|xmodel|blood/fx_blood_gib_leg_sever_burst|fx|c_zom_der_zombie_gib_def|scriptbundle|c_zom_der_zombie2_nohat|character|spawner_zm_factory_zombie|aitype|maps/zm/zm_parkour_nothing0.d3dbsp|col_map|zone_source/zm_parkour_nothing0.zone|csv
5908,xmodelmesh,p7_gib_chunk_bone_02_lod09b494f22,35,0,|p7_gib_chunk_bone_02|xmodel|blood/fx_blood_gib_leg_sever_burst|fx|c_zom_der_zombie_gib_def|scriptbundle|c_zom_der_zombie2_nohat|character|spawner_zm_factory_zombie|aitype|maps/zm/zm_parkour_nothing0.d3dbsp|col_map|zone_source/zm_parkour_nothing0.zone|csv
5909,xmodelmesh,p7_gib_chunk_bone_02_lod026e71683,35,0,|p7_gib_chunk_bone_02|xmodel|blood/fx_blood_gib_leg_sever_burst|fx|c_zom_der_zombie_gib_def|scriptbundle|c_zom_der_zombie2_nohat|character|spawner_zm_factory_zombie|aitype|maps/zm/zm_parkour_nothing0.d3dbsp|col_map|zone_source/zm_parkour_nothing0.zone|csv
5910,xmodelmesh,p7_gib_chunk_bone_02_lod0143ec579,35,0,|p7_gib_chunk_bone_02|xmodel|blood/fx_blood_gib_leg_sever_burst|fx|c_zom_der_zombie_gib_def|scriptbundle|c_zom_der_zombie2_nohat|character|spawner_zm_factory_zombie|aitype|maps/zm/zm_parkour_nothing0.d3dbsp|col_map|zone_source/zm_parkour_nothing0.zone|csv
5911,image,fxt_decal_blood_fatal_01,26,0,|vdd/gfx_decal_blood_fatal_01|material|blood/fx_blood_decal_impact_ground_zmb|fx|impacts/fx_bul_impact_blood_body_fatal_exit_zmb|fx|entity_exit_bullet_small|entityfximpacts|bullet_small_exit|impactsfxtable|t6_xpr50_up|weapon|zone_source/zm_parkour_nothing0.zone|csv
5912,image,fxt_decal_blood_fatal_01_n,28,0,|vdd/gfx_decal_blood_fatal_01|material|blood/fx_blood_decal_impact_ground_zmb|fx|impacts/fx_bul_impact_blood_body_fatal_exit_zmb|fx|entity_exit_bullet_small|entityfximpacts|bullet_small_exit|impactsfxtable|t6_xpr50_up|weapon|zone_source/zm_parkour_nothing0.zone|csv
5913,image,fxt_decal_blood_fatal_02,26,0,|vdd/gfx_decal_blood_fatal_02|material|blood/fx_blood_decal_impact_ground_zmb|fx|impacts/fx_bul_impact_blood_body_fatal_exit_zmb|fx|entity_exit_bullet_small|entityfximpacts|bullet_small_exit|impactsfxtable|t6_xpr50_up|weapon|zone_source/zm_parkour_nothing0.zone|csv
5914,image,fxt_decal_blood_fatal_02_n,28,0,|vdd/gfx_decal_blood_fatal_02|material|blood/fx_blood_decal_impact_ground_zmb|fx|impacts/fx_bul_impact_blood_body_fatal_exit_zmb|fx|entity_exit_bullet_small|entityfximpacts|bullet_small_exit|impactsfxtable|t6_xpr50_up|weapon|zone_source/zm_parkour_nothing0.zone|csv
5915,image,fxt_water_splash,18,0,|ei/gfx_water_splash_spec|material|blood/fx_blood_gib_leg_sever_burst|fx|c_zom_der_zombie_gib_def|scriptbundle|c_zom_der_zombie2_nohat|character|spawner_zm_factory_zombie|aitype|maps/zm/zm_parkour_nothing0.d3dbsp|col_map|zone_source/zm_parkour_nothing0.zone|csv
5916,image,fxt_water_splash_n,20,0,|ei/gfx_water_splash_spec|material|blood/fx_blood_gib_leg_sever_burst|fx|c_zom_der_zombie_gib_def|scriptbundle|c_zom_der_zombie2_nohat|character|spawner_zm_factory_zombie|aitype|maps/zm/zm_parkour_nothing0.d3dbsp|col_map|zone_source/zm_parkour_nothing0.zone|csv
5917,image,$color_black_40,17,0,|mc/mtl_char_ger_zombie_eyes|material|c_zom_der_zombie_head3|xmodel|c_zom_der_zombie_headalias|xmodelalias|c_zom_der_zombie2_nohat|character|spawner_zm_factory_zombie|aitype|maps/zm/zm_parkour_nothing0.d3dbsp|col_map|zone_source/zm_parkour_nothing0.zone|csv
5918,image,zombie_eye,12,0,|mc/mtl_char_ger_zombie_eyes|material|c_zom_der_zombie_head3|xmodel|c_zom_der_zombie_headalias|xmodelalias|c_zom_der_zombie2_nohat|character|spawner_zm_factory_zombie|aitype|maps/zm/zm_parkour_nothing0.d3dbsp|col_map|zone_source/zm_parkour_nothing0.zone|csv
5919,xmodelmesh,tag_origin712ed15b,20,0,|tag_origin|xmodel|zmcore_magicbox|zbarrier|maps/zm/zm_parkour_nothing0.d3dbsp|col_map|zone_source/zm_parkour_nothing0.zone|csv
5920,image,fxt_lf_grime_dusty_01,23,0,|2451567b-9d07-4c6d-869d-fb46e03f9adc|klf|electrical_spark_burst|fx|electrical_spark|fx|maps/zm/zm_parkour_nothing0.d3dbsp|col_map|zone_source/zm_parkour_nothing0.zone|csv
5921,image,fxt_lf_source_07,18,0,|2451567b-9d07-4c6d-869d-fb46e03f9adc|klf|electrical_spark_burst|fx|electrical_spark|fx|maps/zm/zm_parkour_nothing0.d3dbsp|col_map|zone_source/zm_parkour_nothing0.zone|csv
5922,image,fxt_lf_streak_03,18,0,|2451567b-9d07-4c6d-869d-fb46e03f9adc|klf|electrical_spark_burst|fx|electrical_spark|fx|maps/zm/zm_parkour_nothing0.d3dbsp|col_map|zone_source/zm_parkour_nothing0.zone|csv
5923,image,fxt_lf_artifact_15a,21,0,|2451567b-9d07-4c6d-869d-fb46e03f9adc|klf|electrical_spark_burst|fx|electrical_spark|fx|maps/zm/zm_parkour_nothing0.d3dbsp|col_map|zone_source/zm_parkour_nothing0.zone|csv
5924,image,tracer_friendly,17,0,|el/gfx_green_tracer|material|skye_efx/t6_efx/fx_t6_raygun_mark2_tracer_up|fx|t6_mauser_c96_up|weapon|zone_source/zm_parkour_nothing0.zone|csv
5925,image,tracer_enemy,14,0,|el/gfx_tracer_enemy|material|smg_enemy|tracer|t6_xpr50_up|weapon|zone_source/zm_parkour_nothing0.zone|csv
5926,image,fxt_smk_trail_billow,22,0,|el/gfx_smk_trail_billow_lit|material|smg_uw|tracer|t6_xpr50_up|weapon|zone_source/zm_parkour_nothing0.zone|csv
5927,image,i_mtl_p7_debris_wood_splinter_small_c,39,0,|mc/mtl_p7_debris_wood_splinter_small|material|p7_fxp_debris_wood_splinter_01|xmodel|impacts/fx_bul_impact_wood_lg|fx|surface_exit_bullet_small|surfacefxtable|bullet_small_exit|impactsfxtable|t6_xpr50_up|weapon|zone_source/zm_parkour_nothing0.zone|csv
5928,image,i_mtl_p7_debris_wood_splinter_small_n,39,0,|mc/mtl_p7_debris_wood_splinter_small|material|p7_fxp_debris_wood_splinter_01|xmodel|impacts/fx_bul_impact_wood_lg|fx|surface_exit_bullet_small|surfacefxtable|bullet_small_exit|impactsfxtable|t6_xpr50_up|weapon|zone_source/zm_parkour_nothing0.zone|csv
5929,xmodelmesh,p7_fxp_debris_wood_splinter_small_lod0d19794ed,48,0,|p7_fxp_debris_wood_splinter_01|xmodel|impacts/fx_bul_impact_wood_lg|fx|surface_exit_bullet_small|surfacefxtable|bullet_small_exit|impactsfxtable|t6_xpr50_up|weapon|zone_source/zm_parkour_nothing0.zone|csv
5930,xmodelmesh,p7_fxp_debris_wood_splinter_small_lod0fed783a2,48,0,|p7_fxp_debris_wood_splinter_01|xmodel|impacts/fx_bul_impact_wood_lg|fx|surface_exit_bullet_small|surfacefxtable|bullet_small_exit|impactsfxtable|t6_xpr50_up|weapon|zone_source/zm_parkour_nothing0.zone|csv
5931,image,i_mtl_p7_debris_wood_splinter_med_c,37,0,|mc/mtl_p7_debris_wood_splinter_med|material|p7_fxp_debris_wood_splinter_02|xmodel|impacts/fx_bul_impact_wood_lg|fx|surface_exit_bullet_small|surfacefxtable|bullet_small_exit|impactsfxtable|t6_xpr50_up|weapon|zone_source/zm_parkour_nothing0.zone|csv
5932,image,i_mtl_p7_debris_wood_splinter_med_n,37,0,|mc/mtl_p7_debris_wood_splinter_med|material|p7_fxp_debris_wood_splinter_02|xmodel|impacts/fx_bul_impact_wood_lg|fx|surface_exit_bullet_small|surfacefxtable|bullet_small_exit|impactsfxtable|t6_xpr50_up|weapon|zone_source/zm_parkour_nothing0.zone|csv
5933,xmodelmesh,p7_fxp_debris_wood_splinter_med_lod07834dafa,46,0,|p7_fxp_debris_wood_splinter_02|xmodel|impacts/fx_bul_impact_wood_lg|fx|surface_exit_bullet_small|surfacefxtable|bullet_small_exit|impactsfxtable|t6_xpr50_up|weapon|zone_source/zm_parkour_nothing0.zone|csv
5934,xmodelmesh,p7_fxp_debris_wood_splinter_med_lod069bedc61,46,0,|p7_fxp_debris_wood_splinter_02|xmodel|impacts/fx_bul_impact_wood_lg|fx|surface_exit_bullet_small|surfacefxtable|bullet_small_exit|impactsfxtable|t6_xpr50_up|weapon|zone_source/zm_parkour_nothing0.zone|csv
5935,xmodelmesh,p7_fxp_debris_wood_splinter_med_lod085e6d53b,46,0,|p7_fxp_debris_wood_splinter_02|xmodel|impacts/fx_bul_impact_wood_lg|fx|surface_exit_bullet_small|surfacefxtable|bullet_small_exit|impactsfxtable|t6_xpr50_up|weapon|zone_source/zm_parkour_nothing0.zone|csv
5936,image,i_mtl_p7_debris_wood_splinter_large_c,39,0,|mc/mtl_p7_debris_wood_splinter_large|material|p7_fxp_debris_wood_splinter_03|xmodel|impacts/fx_bul_impact_wood_uw_lg|fx|impacts/fx_bul_impact_wood_lg|fx|surface_exit_bullet_small|surfacefxtable|bullet_small_exit|impactsfxtable|t6_xpr50_up|weapon|zone_source/zm_parkour_nothing0.zone|csv
5937,image,i_mtl_p7_debris_wood_splinter_large_n,39,0,|mc/mtl_p7_debris_wood_splinter_large|material|p7_fxp_debris_wood_splinter_03|xmodel|impacts/fx_bul_impact_wood_uw_lg|fx|impacts/fx_bul_impact_wood_lg|fx|surface_exit_bullet_small|surfacefxtable|bullet_small_exit|impactsfxtable|t6_xpr50_up|weapon|zone_source/zm_parkour_nothing0.zone|csv
5938,xmodelmesh,p7_fxp_debris_wood_splinter_large_lod09b537681,48,0,|p7_fxp_debris_wood_splinter_03|xmodel|impacts/fx_bul_impact_wood_uw_lg|fx|impacts/fx_bul_impact_wood_lg|fx|surface_exit_bullet_small|surfacefxtable|bullet_small_exit|impactsfxtable|t6_xpr50_up|weapon|zone_source/zm_parkour_nothing0.zone|csv
5939,xmodelmesh,p7_fxp_debris_wood_splinter_large_lod0241a37bd,48,0,|p7_fxp_debris_wood_splinter_03|xmodel|impacts/fx_bul_impact_wood_uw_lg|fx|impacts/fx_bul_impact_wood_lg|fx|surface_exit_bullet_small|surfacefxtable|bullet_small_exit|impactsfxtable|t6_xpr50_up|weapon|zone_source/zm_parkour_nothing0.zone|csv
5940,xmodelmesh,p7_fxp_debris_wood_splinter_large_lod0147a6d2a,48,0,|p7_fxp_debris_wood_splinter_03|xmodel|impacts/fx_bul_impact_wood_uw_lg|fx|impacts/fx_bul_impact_wood_lg|fx|surface_exit_bullet_small|surfacefxtable|bullet_small_exit|impactsfxtable|t6_xpr50_up|weapon|zone_source/zm_parkour_nothing0.zone|csv
5941,image,i_t7_decal_bullet_concrete_02_n,33,0,|vdd/gfx_decal_bullet_concrete_02|material|impacts/fx_bul_impact_concrete_uw_lg|fx|impacts/fx_bul_impact_concrete_lg|fx|surface_exit_bullet_small|surfacefxtable|bullet_small_exit|impactsfxtable|t6_xpr50_up|weapon|zone_source/zm_parkour_nothing0.zone|csv
5942,image,i_mtl_p7_rock_sing_park_01_c,30,0,|mc/mtl_p7_rock_sing_park_01|material|p7_fxp_debris_rock_03|xmodel|impacts/fx_bul_impact_gravel_lg|fx|surface_exit_bullet_small|surfacefxtable|bullet_small_exit|impactsfxtable|t6_xpr50_up|weapon|zone_source/zm_parkour_nothing0.zone|csv
5943,image,i_mtl_p7_rock_sing_park_01_n,30,0,|mc/mtl_p7_rock_sing_park_01|material|p7_fxp_debris_rock_03|xmodel|impacts/fx_bul_impact_gravel_lg|fx|surface_exit_bullet_small|surfacefxtable|bullet_small_exit|impactsfxtable|t6_xpr50_up|weapon|zone_source/zm_parkour_nothing0.zone|csv
5944,xmodelmesh,p7_fxp_debris_rock_01_lod031dbb849,36,0,|p7_fxp_debris_rock_01|xmodel|impacts/fx_bul_impact_gravel_lg|fx|surface_exit_bullet_small|surfacefxtable|bullet_small_exit|impactsfxtable|t6_xpr50_up|weapon|zone_source/zm_parkour_nothing0.zone|csv
5945,xmodelmesh,p7_fxp_debris_rock_01_lod0719188e5,36,0,|p7_fxp_debris_rock_01|xmodel|impacts/fx_bul_impact_gravel_lg|fx|surface_exit_bullet_small|surfacefxtable|bullet_small_exit|impactsfxtable|t6_xpr50_up|weapon|zone_source/zm_parkour_nothing0.zone|csv
5946,xmodelmesh,p7_fxp_debris_rock_01_lod045e53e51,36,0,|p7_fxp_debris_rock_01|xmodel|impacts/fx_bul_impact_gravel_lg|fx|surface_exit_bullet_small|surfacefxtable|bullet_small_exit|impactsfxtable|t6_xpr50_up|weapon|zone_source/zm_parkour_nothing0.zone|csv
5947,xmodelmesh,p7_fxp_debris_rock_01_lod0f70fa7ef,36,0,|p7_fxp_debris_rock_01|xmodel|impacts/fx_bul_impact_gravel_lg|fx|surface_exit_bullet_small|surfacefxtable|bullet_small_exit|impactsfxtable|t6_xpr50_up|weapon|zone_source/zm_parkour_nothing0.zone|csv
5948,xmodelmesh,p7_fxp_debris_rock_02_lod097c00d81,36,0,|p7_fxp_debris_rock_02|xmodel|impacts/fx_bul_impact_gravel_lg|fx|surface_exit_bullet_small|surfacefxtable|bullet_small_exit|impactsfxtable|t6_xpr50_up|weapon|zone_source/zm_parkour_nothing0.zone|csv
5949,xmodelmesh,p7_fxp_debris_rock_02_lod048db2ac1,36,0,|p7_fxp_debris_rock_02|xmodel|impacts/fx_bul_impact_gravel_lg|fx|surface_exit_bullet_small|surfacefxtable|bullet_small_exit|impactsfxtable|t6_xpr50_up|weapon|zone_source/zm_parkour_nothing0.zone|csv
5950,xmodelmesh,p7_fxp_debris_rock_02_lod04a602904,36,0,|p7_fxp_debris_rock_02|xmodel|impacts/fx_bul_impact_gravel_lg|fx|surface_exit_bullet_small|surfacefxtable|bullet_small_exit|impactsfxtable|t6_xpr50_up|weapon|zone_source/zm_parkour_nothing0.zone|csv
5951,xmodelmesh,p7_fxp_debris_rock_02_lod02ebb8247,36,0,|p7_fxp_debris_rock_02|xmodel|impacts/fx_bul_impact_gravel_lg|fx|surface_exit_bullet_small|surfacefxtable|bullet_small_exit|impactsfxtable|t6_xpr50_up|weapon|zone_source/zm_parkour_nothing0.zone|csv
5952,xmodelmesh,p7_fxp_debris_rock_02_lod01cba0634,36,0,|p7_fxp_debris_rock_02|xmodel|impacts/fx_bul_impact_gravel_lg|fx|surface_exit_bullet_small|surfacefxtable|bullet_small_exit|impactsfxtable|t6_xpr50_up|weapon|zone_source/zm_parkour_nothing0.zone|csv
5953,xmodelmesh,p7_fxp_debris_rock_03_lod077beb738,36,0,|p7_fxp_debris_rock_03|xmodel|impacts/fx_bul_impact_gravel_lg|fx|surface_exit_bullet_small|surfacefxtable|bullet_small_exit|impactsfxtable|t6_xpr50_up|weapon|zone_source/zm_parkour_nothing0.zone|csv
5954,xmodelmesh,p7_fxp_debris_rock_03_lod03628e659,36,0,|p7_fxp_debris_rock_03|xmodel|impacts/fx_bul_impact_gravel_lg|fx|surface_exit_bullet_small|surfacefxtable|bullet_small_exit|impactsfxtable|t6_xpr50_up|weapon|zone_source/zm_parkour_nothing0.zone|csv
5955,xmodelmesh,p7_fxp_debris_rock_03_lod0e366af72,36,0,|p7_fxp_debris_rock_03|xmodel|impacts/fx_bul_impact_gravel_lg|fx|surface_exit_bullet_small|surfacefxtable|bullet_small_exit|impactsfxtable|t6_xpr50_up|weapon|zone_source/zm_parkour_nothing0.zone|csv
5956,xmodelmesh,p7_fxp_debris_rock_03_lod0db8eabe4,36,0,|p7_fxp_debris_rock_03|xmodel|impacts/fx_bul_impact_gravel_lg|fx|surface_exit_bullet_small|surfacefxtable|bullet_small_exit|impactsfxtable|t6_xpr50_up|weapon|zone_source/zm_parkour_nothing0.zone|csv
5957,image,i_t7_decal_bullet_dirt_o,26,0,|vdd/gfx_decal_bullet_dirt_01|material|impacts/fx_bul_impact_dirt_lg|fx|surface_exit_bullet_small|surfacefxtable|bullet_small_exit|impactsfxtable|t6_xpr50_up|weapon|zone_source/zm_parkour_nothing0.zone|csv
5958,image,i_mtl_p7_debris_rockychunks_small_c,37,0,|mc/mtl_p7_debris_rockychunks_small|material|p7_debris_rockychunks_small_12|xmodel|impacts/fx_bul_impact_dirt_lg|fx|surface_exit_bullet_small|surfacefxtable|bullet_small_exit|impactsfxtable|t6_xpr50_up|weapon|zone_source/zm_parkour_nothing0.zone|csv
5959,image,i_mtl_p7_debris_rockychunks_small_n,37,0,|mc/mtl_p7_debris_rockychunks_small|material|p7_debris_rockychunks_small_12|xmodel|impacts/fx_bul_impact_dirt_lg|fx|surface_exit_bullet_small|surfacefxtable|bullet_small_exit|impactsfxtable|t6_xpr50_up|weapon|zone_source/zm_parkour_nothing0.zone|csv
5960,xmodelmesh,p7_debris_rockychunks_small_01_lod0f68dc3e3,45,0,|p7_debris_rockychunks_small_01|xmodel|impacts/fx_bul_impact_dirt_lg|fx|surface_exit_bullet_small|surfacefxtable|bullet_small_exit|impactsfxtable|t6_xpr50_up|weapon|zone_source/zm_parkour_nothing0.zone|csv
5961,xmodelmesh,p7_debris_rockychunks_small_01_lod09ecbe4c5,45,0,|p7_debris_rockychunks_small_01|xmodel|impacts/fx_bul_impact_dirt_lg|fx|surface_exit_bullet_small|surfacefxtable|bullet_small_exit|impactsfxtable|t6_xpr50_up|weapon|zone_source/zm_parkour_nothing0.zone|csv
5962,xmodelmesh,p7_debris_rockychunks_small_01_lod0d4a5654d,45,0,|p7_debris_rockychunks_small_01|xmodel|impacts/fx_bul_impact_dirt_lg|fx|surface_exit_bullet_small|surfacefxtable|bullet_small_exit|impactsfxtable|t6_xpr50_up|weapon|zone_source/zm_parkour_nothing0.zone|csv
5963,xmodelmesh,p7_debris_rockychunks_small_12_lod0cf3f0ca5,45,0,|p7_debris_rockychunks_small_12|xmodel|impacts/fx_bul_impact_dirt_lg|fx|surface_exit_bullet_small|surfacefxtable|bullet_small_exit|impactsfxtable|t6_xpr50_up|weapon|zone_source/zm_parkour_nothing0.zone|csv
5964,xmodelmesh,p7_debris_rockychunks_small_12_lod05085eaef,45,0,|p7_debris_rockychunks_small_12|xmodel|impacts/fx_bul_impact_dirt_lg|fx|surface_exit_bullet_small|surfacefxtable|bullet_small_exit|impactsfxtable|t6_xpr50_up|weapon|zone_source/zm_parkour_nothing0.zone|csv
5965,xmodelmesh,p7_debris_rockychunks_small_12_lod06d729713,45,0,|p7_debris_rockychunks_small_12|xmodel|impacts/fx_bul_impact_dirt_lg|fx|surface_exit_bullet_small|surfacefxtable|bullet_small_exit|impactsfxtable|t6_xpr50_up|weapon|zone_source/zm_parkour_nothing0.zone|csv
5966,image,i_mtl_p7_debris_glass_shattered_sm_c,38,0,|mc/mtl_p7_debris_glass_shattered_sm|material|p7_fxp_debris_car_glass_shatter_03|xmodel|impacts/fx_bul_impact_glass_uw_lg|fx|impacts/fx_bul_impact_glass_lg|fx|surface_exit_bullet_small|surfacefxtable|bullet_small_exit|impactsfxtable|t6_xpr50_up|weapon|zone_source/zm_parkour_nothing0.zone|csv
5967,image,i_mtl_p7_debris_glass_shattered_sm_n,38,0,|mc/mtl_p7_debris_glass_shattered_sm|material|p7_fxp_debris_car_glass_shatter_03|xmodel|impacts/fx_bul_impact_glass_uw_lg|fx|impacts/fx_bul_impact_glass_lg|fx|surface_exit_bullet_small|surfacefxtable|bullet_small_exit|impactsfxtable|t6_xpr50_up|weapon|zone_source/zm_parkour_nothing0.zone|csv
5968,image,i_mtl_p7_debris_glass_shattered_sm_g,38,0,|mc/mtl_p7_debris_glass_shattered_sm|material|p7_fxp_debris_car_glass_shatter_03|xmodel|impacts/fx_bul_impact_glass_uw_lg|fx|impacts/fx_bul_impact_glass_lg|fx|surface_exit_bullet_small|surfacefxtable|bullet_small_exit|impactsfxtable|t6_xpr50_up|weapon|zone_source/zm_parkour_nothing0.zone|csv
5969,xmodelmesh,p7_fxp_debris_car_glass_shatter_01_lod03b2a5689,49,0,|p7_fxp_debris_car_glass_shatter_01|xmodel|impacts/fx_bul_impact_glass_uw_lg|fx|impacts/fx_bul_impact_glass_lg|fx|surface_exit_bullet_small|surfacefxtable|bullet_small_exit|impactsfxtable|t6_xpr50_up|weapon|zone_source/zm_parkour_nothing0.zone|csv
5970,xmodelmesh,p7_fxp_debris_car_glass_shatter_01_lod07241c8ff,49,0,|p7_fxp_debris_car_glass_shatter_01|xmodel|impacts/fx_bul_impact_glass_uw_lg|fx|impacts/fx_bul_impact_glass_lg|fx|surface_exit_bullet_small|surfacefxtable|bullet_small_exit|impactsfxtable|t6_xpr50_up|weapon|zone_source/zm_parkour_nothing0.zone|csv
5971,xmodelmesh,p7_fxp_debris_car_glass_shatter_02_lod091ae6c2c,49,0,|p7_fxp_debris_car_glass_shatter_02|xmodel|impacts/fx_bul_impact_glass_uw_lg|fx|impacts/fx_bul_impact_glass_lg|fx|surface_exit_bullet_small|surfacefxtable|bullet_small_exit|impactsfxtable|t6_xpr50_up|weapon|zone_source/zm_parkour_nothing0.zone|csv
5972,xmodelmesh,p7_fxp_debris_car_glass_shatter_02_lod0f958f713,49,0,|p7_fxp_debris_car_glass_shatter_02|xmodel|impacts/fx_bul_impact_glass_uw_lg|fx|impacts/fx_bul_impact_glass_lg|fx|surface_exit_bullet_small|surfacefxtable|bullet_small_exit|impactsfxtable|t6_xpr50_up|weapon|zone_source/zm_parkour_nothing0.zone|csv
5973,xmodelmesh,p7_fxp_debris_car_glass_shatter_03_lod081d42136,49,0,|p7_fxp_debris_car_glass_shatter_03|xmodel|impacts/fx_bul_impact_glass_uw_lg|fx|impacts/fx_bul_impact_glass_lg|fx|surface_exit_bullet_small|surfacefxtable|bullet_small_exit|impactsfxtable|t6_xpr50_up|weapon|zone_source/zm_parkour_nothing0.zone|csv
5974,xmodelmesh,p7_fxp_debris_car_glass_shatter_03_lod020880f6e,49,0,|p7_fxp_debris_car_glass_shatter_03|xmodel|impacts/fx_bul_impact_glass_uw_lg|fx|impacts/fx_bul_impact_glass_lg|fx|surface_exit_bullet_small|surfacefxtable|bullet_small_exit|impactsfxtable|t6_xpr50_up|weapon|zone_source/zm_parkour_nothing0.zone|csv
5975,image,i_t7_decal_damage_glass_bullet_hit_01_c,41,0,|vdd/gfx_decal_bullet_glass_01|material|impacts/fx_bul_impact_glass_uw_lg|fx|impacts/fx_bul_impact_glass_lg|fx|surface_exit_bullet_small|surfacefxtable|bullet_small_exit|impactsfxtable|t6_xpr50_up|weapon|zone_source/zm_parkour_nothing0.zone|csv
5976,image,i_t7_decal_damage_glass_bullet_hit_01_n,41,0,|vdd/gfx_decal_bullet_glass_01|material|impacts/fx_bul_impact_glass_uw_lg|fx|impacts/fx_bul_impact_glass_lg|fx|surface_exit_bullet_small|surfacefxtable|bullet_small_exit|impactsfxtable|t6_xpr50_up|weapon|zone_source/zm_parkour_nothing0.zone|csv
5977,image,i_t7_decal_damage_glass_bullet_hit_02_c,41,0,|vdd/gfx_decal_bullet_glass_02|material|impacts/fx_bul_impact_glass_uw_lg|fx|impacts/fx_bul_impact_glass_lg|fx|surface_exit_bullet_small|surfacefxtable|bullet_small_exit|impactsfxtable|t6_xpr50_up|weapon|zone_source/zm_parkour_nothing0.zone|csv
5978,image,i_t7_decal_damage_glass_bullet_hit_02_n,41,0,|vdd/gfx_decal_bullet_glass_02|material|impacts/fx_bul_impact_glass_uw_lg|fx|impacts/fx_bul_impact_glass_lg|fx|surface_exit_bullet_small|surfacefxtable|bullet_small_exit|impactsfxtable|t6_xpr50_up|weapon|zone_source/zm_parkour_nothing0.zone|csv
5979,image,i_t7_decal_damage_glass_bullet_hit_03_c,41,0,|vdd/gfx_decal_bullet_glass_03|material|impacts/fx_bul_impact_glass_uw_lg|fx|impacts/fx_bul_impact_glass_lg|fx|surface_exit_bullet_small|surfacefxtable|bullet_small_exit|impactsfxtable|t6_xpr50_up|weapon|zone_source/zm_parkour_nothing0.zone|csv
5980,image,i_t7_decal_damage_glass_bullet_hit_03_n,41,0,|vdd/gfx_decal_bullet_glass_03|material|impacts/fx_bul_impact_glass_uw_lg|fx|impacts/fx_bul_impact_glass_lg|fx|surface_exit_bullet_small|surfacefxtable|bullet_small_exit|impactsfxtable|t6_xpr50_up|weapon|zone_source/zm_parkour_nothing0.zone|csv
5981,xmodelmesh,fx_debris_stone_015d703f68,28,0,|fx_debris_stone_01|xmodel|impacts/fx_bul_impact_gravel_uw_lg|fx|impacts/fx_bul_impact_gravel_lg|fx|surface_exit_bullet_small|surfacefxtable|bullet_small_exit|impactsfxtable|t6_xpr50_up|weapon|zone_source/zm_parkour_nothing0.zone|csv
5982,image,fx_dest_atlas_c,17,0,|mc/mtl_fx_dest_atlas|material|fx_debris_stone_01|xmodel|impacts/fx_bul_impact_gravel_uw_lg|fx|impacts/fx_bul_impact_gravel_lg|fx|surface_exit_bullet_small|surfacefxtable|bullet_small_exit|impactsfxtable|t6_xpr50_up|weapon|zone_source/zm_parkour_nothing0.zone|csv
5983,image,fxt_water_splash_cone_anim,28,0,|ei/gfx_water_splash_cone_anim_spec|material|impacts/fx_bul_impact_water_lg|fx|surface_exit_bullet_small|surfacefxtable|bullet_small_exit|impactsfxtable|t6_xpr50_up|weapon|zone_source/zm_parkour_nothing0.zone|csv
5984,image,fxt_water_splash_cone_anim_n,30,0,|ei/gfx_water_splash_cone_anim_spec|material|impacts/fx_bul_impact_water_lg|fx|surface_exit_bullet_small|surfacefxtable|bullet_small_exit|impactsfxtable|t6_xpr50_up|weapon|zone_source/zm_parkour_nothing0.zone|csv
5985,image,fxt_beam_dead_turret,22,0,|el/gfx_distort_trail_tracer|material|weapon/fx_trail_fake_bullet|fx|impacts/fx_bul_impact_pwr_armor_lg|fx|entity_enter_bullet_small|entityfximpacts|bullet_small_enter|impactsfxtable|t6_xpr50_up|weapon|zone_source/zm_parkour_nothing0.zone|csv
5986,image,fxt_trail_laser,17,0,|el/gfx_trail_laser_lit|material|weapon/fx_trail_fake_bullet|fx|impacts/fx_bul_impact_pwr_armor_lg|fx|entity_enter_bullet_small|entityfximpacts|bullet_small_enter|impactsfxtable|t6_xpr50_up|weapon|zone_source/zm_parkour_nothing0.zone|csv
5987,image,fxt_water_splash_side_bits_n,30,0,|ei/gfx_water_splash_side_bits_spec|material|impacts/fx_bul_impact_blood_body_fatal_exit_uw|fx|impacts/fx_bul_impact_blood_body_fatal_exit|fx|entity_exit_bullet_small|entityfximpacts|bullet_small_exit|impactsfxtable|t6_xpr50_up|weapon|zone_source/zm_parkour_nothing0.zone|csv
5988,xmodelmesh,fx_gib_chunk_fata66942c6,26,0,|fx_char_gib_chunk_fat|xmodel|impacts/fx_bul_impact_blood_body_fatal_exit_zmb|fx|entity_exit_bullet_small|entityfximpacts|bullet_small_exit|impactsfxtable|t6_xpr50_up|weapon|zone_source/zm_parkour_nothing0.zone|csv
5989,image,limbs_c,9,0,|mc/mtl_fx_char_gib_chunks|material|fx_char_gib_chunk_meat01|xmodel|impacts/fx_bul_impact_blood_body_fatal_exit_zmb|fx|entity_exit_bullet_small|entityfximpacts|bullet_small_exit|impactsfxtable|t6_xpr50_up|weapon|zone_source/zm_parkour_nothing0.zone|csv
5990,image,limbs_n,9,0,|mc/mtl_fx_char_gib_chunks|material|fx_char_gib_chunk_meat01|xmodel|impacts/fx_bul_impact_blood_body_fatal_exit_zmb|fx|entity_exit_bullet_small|entityfximpacts|bullet_small_exit|impactsfxtable|t6_xpr50_up|weapon|zone_source/zm_parkour_nothing0.zone|csv
5991,xmodelmesh,fx_gib_chunk_meat01f6fcd4c6,29,0,|fx_char_gib_chunk_meat01|xmodel|impacts/fx_bul_impact_blood_body_fatal_exit_zmb|fx|entity_exit_bullet_small|entityfximpacts|bullet_small_exit|impactsfxtable|t6_xpr50_up|weapon|zone_source/zm_parkour_nothing0.zone|csv
5992,image,fxt_gas_blur_thin,19,0,|ei/gfx_gas_blur_thin_em|material|weapon/fx_muz_sm_gas_flash_3p|fx|weapon/fx_muz_sm_pistol_3p|fx|t6_vector_k10|weapon|zone_source/zm_parkour_nothing0.zone|csv
5993,image,fxt_gas_blur_thin_mask,24,0,|ei/gfx_gas_blur_thin_em|material|weapon/fx_muz_sm_gas_flash_3p|fx|weapon/fx_muz_sm_pistol_3p|fx|t6_vector_k10|weapon|zone_source/zm_parkour_nothing0.zone|csv
5994,xmodelmesh,attach_t7_smg_ap9_barrel_02_view6ed9aed1,42,0,|attach_t7_smg_ap9_barrel_02_view|xmodel|acv_extbarrel_smg_standard|attachmentcosmeticvariant|t6_xpr50_up|weapon|zone_source/zm_parkour_nothing0.zone|csv
5995,image,i_attach_t7_smg_ap9_barrel_02_c,33,0,|mc/mtl_attach_t7_smg_ap9_barrel_02|material|attach_t7_smg_ap9_barrel_02_world|xmodel|acv_extbarrel_smg_standard|attachmentcosmeticvariant|t6_xpr50_up|weapon|zone_source/zm_parkour_nothing0.zone|csv
5996,image,i_attach_t7_smg_ap9_barrel_02_n,33,0,|mc/mtl_attach_t7_smg_ap9_barrel_02|material|attach_t7_smg_ap9_barrel_02_world|xmodel|acv_extbarrel_smg_standard|attachmentcosmeticvariant|t6_xpr50_up|weapon|zone_source/zm_parkour_nothing0.zone|csv
5997,image,i_attach_t7_smg_ap9_barrel_02_o,33,0,|mc/mtl_attach_t7_smg_ap9_barrel_02|material|attach_t7_smg_ap9_barrel_02_world|xmodel|acv_extbarrel_smg_standard|attachmentcosmeticvariant|t6_xpr50_up|weapon|zone_source/zm_parkour_nothing0.zone|csv
5998,image,i_attach_t7_smg_ap9_barrel_02_g,33,0,|mc/mtl_attach_t7_smg_ap9_barrel_02|material|attach_t7_smg_ap9_barrel_02_world|xmodel|acv_extbarrel_smg_standard|attachmentcosmeticvariant|t6_xpr50_up|weapon|zone_source/zm_parkour_nothing0.zone|csv
5999,image,i_attach_t7_smg_ap9_barrel_02_s,33,0,|mc/mtl_attach_t7_smg_ap9_barrel_02|material|attach_t7_smg_ap9_barrel_02_world|xmodel|acv_extbarrel_smg_standard|attachmentcosmeticvariant|t6_xpr50_up|weapon|zone_source/zm_parkour_nothing0.zone|csv
6000,xmodelmesh,attach_t7_smg_ap9_barrel_02_lod0296ee0f7,42,0,|attach_t7_smg_ap9_barrel_02_world|xmodel|acv_extbarrel_smg_standard|attachmentcosmeticvariant|t6_xpr50_up|weapon|zone_source/zm_parkour_nothing0.zone|csv
6001,xmodelmesh,attach_t7_smg_ap9_barrel_02_lod1fb4cf1ec,42,0,|attach_t7_smg_ap9_barrel_02_world|xmodel|acv_extbarrel_smg_standard|attachmentcosmeticvariant|t6_xpr50_up|weapon|zone_source/zm_parkour_nothing0.zone|csv
6002,xmodelmesh,attach_t7_smg_ap9_barrel_02_lod24af1ab7a,42,0,|attach_t7_smg_ap9_barrel_02_world|xmodel|acv_extbarrel_smg_standard|attachmentcosmeticvariant|t6_xpr50_up|weapon|zone_source/zm_parkour_nothing0.zone|csv
6003,xmodelmesh,attach_t7_smg_ap9_barrel_02_lod34af1ab7a,42,0,|attach_t7_smg_ap9_barrel_02_world|xmodel|acv_extbarrel_smg_standard|attachmentcosmeticvariant|t6_xpr50_up|weapon|zone_source/zm_parkour_nothing0.zone|csv
6004,xmodelmesh,attach_t7_smg_ap9_barrel_02_lod46de71307,42,0,|attach_t7_smg_ap9_barrel_02_world|xmodel|acv_extbarrel_smg_standard|attachmentcosmeticvariant|t6_xpr50_up|weapon|zone_source/zm_parkour_nothing0.zone|csv
6005,xmodelmesh,attach_t7_smg_ap9_barrel_02_lod43bf6ba2d,42,0,|attach_t7_smg_ap9_barrel_02_world|xmodel|acv_extbarrel_smg_standard|attachmentcosmeticvariant|t6_xpr50_up|weapon|zone_source/zm_parkour_nothing0.zone|csv
6006,xmodelmesh,attach_t7_smg_ap9_barrel_02_lod463692e7b,42,0,|attach_t7_smg_ap9_barrel_02_world|xmodel|acv_extbarrel_smg_standard|attachmentcosmeticvariant|t6_xpr50_up|weapon|zone_source/zm_parkour_nothing0.zone|csv
6007,xmodelmesh,attach_t7_smg_ap9_barrel_02_lod46a750f,40,0,|attach_t7_smg_ap9_barrel_02_world|xmodel|acv_extbarrel_smg_standard|attachmentcosmeticvariant|t6_xpr50_up|weapon|zone_source/zm_parkour_nothing0.zone|csv
6008,image,t7_icon_attach_smg_standard_extbarrel_02,42,0,|acv_extbarrel_smg_standard|attachmentcosmeticvariant|t6_xpr50_up|weapon|zone_source/zm_parkour_nothing0.zone|csv
6009,xmodelmesh,attach_t7_smg_ap9_ext_mag_02_view761973b4,43,0,|attach_t7_smg_ap9_ext_mag_02_view|xmodel|acv_extclip_smg_standard|attachmentcosmeticvariant|t6_xpr50_up|weapon|zone_source/zm_parkour_nothing0.zone|csv
6010,image,i_mtl_attach_t7_bullet_n,26,0,|mc/mtl_wpn_t7_bullet_tip|material|attach_t7_smg_ap9_ext_mag_02_view|xmodel|acv_extclip_smg_standard|attachmentcosmeticvariant|t6_xpr50_up|weapon|zone_source/zm_parkour_nothing0.zone|csv
6011,image,i_wpn_t7_bullet_detail1_g,27,0,|mc/mtl_wpn_t7_bullet_tip|material|attach_t7_smg_ap9_ext_mag_02_view|xmodel|acv_extclip_smg_standard|attachmentcosmeticvariant|t6_xpr50_up|weapon|zone_source/zm_parkour_nothing0.zone|csv
6012,image,$specular_mask,16,0,|mc/mtl_wpn_t7_bullet_tip|material|attach_t7_smg_ap9_ext_mag_02_view|xmodel|acv_extclip_smg_standard|attachmentcosmeticvariant|t6_xpr50_up|weapon|zone_source/zm_parkour_nothing0.zone|csv
6013,image,i_attach_t7_smg_ap9_mag_ext_02_c,34,0,|mc/mtl_attach_t7_smg_ap9_mag_ext_02|material|attach_t7_smg_ap9_ext_mag_02_world|xmodel|acv_extclip_smg_standard|attachmentcosmeticvariant|t6_xpr50_up|weapon|zone_source/zm_parkour_nothing0.zone|csv
6014,image,i_attach_t7_smg_ap9_mag_ext_02_n,34,0,|mc/mtl_attach_t7_smg_ap9_mag_ext_02|material|attach_t7_smg_ap9_ext_mag_02_world|xmodel|acv_extclip_smg_standard|attachmentcosmeticvariant|t6_xpr50_up|weapon|zone_source/zm_parkour_nothing0.zone|csv
6015,image,i_attach_t7_smg_ap9_mag_ext_02_o,34,0,|mc/mtl_attach_t7_smg_ap9_mag_ext_02|material|attach_t7_smg_ap9_ext_mag_02_world|xmodel|acv_extclip_smg_standard|attachmentcosmeticvariant|t6_xpr50_up|weapon|zone_source/zm_parkour_nothing0.zone|csv
6016,image,i_attach_t7_smg_ap9_mag_ext_02_g,34,0,|mc/mtl_attach_t7_smg_ap9_mag_ext_02|material|attach_t7_smg_ap9_ext_mag_02_world|xmodel|acv_extclip_smg_standard|attachmentcosmeticvariant|t6_xpr50_up|weapon|zone_source/zm_parkour_nothing0.zone|csv
6017,image,i_attach_t7_smg_ap9_mag_ext_02_s,34,0,|mc/mtl_attach_t7_smg_ap9_mag_ext_02|material|attach_t7_smg_ap9_ext_mag_02_world|xmodel|acv_extclip_smg_standard|attachmentcosmeticvariant|t6_xpr50_up|weapon|zone_source/zm_parkour_nothing0.zone|csv
6018,image,i_attach_t7_smg_ap9_mag_ext_02_r,34,0,|mc/mtl_attach_t7_smg_ap9_mag_ext_02|material|attach_t7_smg_ap9_ext_mag_02_world|xmodel|acv_extclip_smg_standard|attachmentcosmeticvariant|t6_xpr50_up|weapon|zone_source/zm_parkour_nothing0.zone|csv
6019,xmodelmesh,attach_t7_smg_ap9_ext_mag_02_lod0425e4c88,43,0,|attach_t7_smg_ap9_ext_mag_02_world|xmodel|acv_extclip_smg_standard|attachmentcosmeticvariant|t6_xpr50_up|weapon|zone_source/zm_parkour_nothing0.zone|csv
6020,xmodelmesh,attach_t7_smg_ap9_ext_mag_02_lod177b53757,43,0,|attach_t7_smg_ap9_ext_mag_02_world|xmodel|acv_extclip_smg_standard|attachmentcosmeticvariant|t6_xpr50_up|weapon|zone_source/zm_parkour_nothing0.zone|csv
6021,xmodelmesh,attach_t7_smg_ap9_ext_mag_02_lod277b53757,43,0,|attach_t7_smg_ap9_ext_mag_02_world|xmodel|acv_extclip_smg_standard|attachmentcosmeticvariant|t6_xpr50_up|weapon|zone_source/zm_parkour_nothing0.zone|csv
6022,xmodelmesh,attach_t7_smg_ap9_ext_mag_02_lod3285cc9ca,43,0,|attach_t7_smg_ap9_ext_mag_02_world|xmodel|acv_extclip_smg_standard|attachmentcosmeticvariant|t6_xpr50_up|weapon|zone_source/zm_parkour_nothing0.zone|csv
6023,xmodelmesh,attach_t7_smg_ap9_ext_mag_02_lod4e0c100b2,43,0,|attach_t7_smg_ap9_ext_mag_02_world|xmodel|acv_extclip_smg_standard|attachmentcosmeticvariant|t6_xpr50_up|weapon|zone_source/zm_parkour_nothing0.zone|csv
6024,xmodelmesh,attach_t7_smg_ap9_ext_mag_02_lod4fff2a5e5,43,0,|attach_t7_smg_ap9_ext_mag_02_world|xmodel|acv_extclip_smg_standard|attachmentcosmeticvariant|t6_xpr50_up|weapon|zone_source/zm_parkour_nothing0.zone|csv
6025,xmodelmesh,attach_t7_smg_ap9_ext_mag_02_lod4acedfa7e,43,0,|attach_t7_smg_ap9_ext_mag_02_world|xmodel|acv_extclip_smg_standard|attachmentcosmeticvariant|t6_xpr50_up|weapon|zone_source/zm_parkour_nothing0.zone|csv
6026,xmodelmesh,attach_t7_smg_ap9_ext_mag_02_lod4655a198c,43,0,|attach_t7_smg_ap9_ext_mag_02_world|xmodel|acv_extclip_smg_standard|attachmentcosmeticvariant|t6_xpr50_up|weapon|zone_source/zm_parkour_nothing0.zone|csv
6027,image,t7_icon_attach_smg_standard_extmag_02,39,0,|acv_extclip_smg_standard|attachmentcosmeticvariant|t6_xpr50_up|weapon|zone_source/zm_parkour_nothing0.zone|csv
6028,xmodelmesh,wpn_t7_smg_ap9_mag_view68798777,33,0,|wpn_t7_smg_ap9_mag_view|xmodel|acv_fastreload_smg_standard|attachmentcosmeticvariant|t6_xpr50_up|weapon|zone_source/zm_parkour_nothing0.zone|csv
6029,image,i_wpn_t7_smg_ap9_mag_c,24,0,|mc/mtl_wpn_t7_smg_ap9_mag|material|wpn_t7_smg_ap9_mag_world|xmodel|acv_fastreload_smg_standard|attachmentcosmeticvariant|t6_xpr50_up|weapon|zone_source/zm_parkour_nothing0.zone|csv
6030,image,i_wpn_t7_smg_ap9_mag_n,24,0,|mc/mtl_wpn_t7_smg_ap9_mag|material|wpn_t7_smg_ap9_mag_world|xmodel|acv_fastreload_smg_standard|attachmentcosmeticvariant|t6_xpr50_up|weapon|zone_source/zm_parkour_nothing0.zone|csv
6031,image,i_wpn_t7_smg_ap9_mag_o,24,0,|mc/mtl_wpn_t7_smg_ap9_mag|material|wpn_t7_smg_ap9_mag_world|xmodel|acv_fastreload_smg_standard|attachmentcosmeticvariant|t6_xpr50_up|weapon|zone_source/zm_parkour_nothing0.zone|csv
6032,image,i_wpn_t7_smg_ap9_mag_g,24,0,|mc/mtl_wpn_t7_smg_ap9_mag|material|wpn_t7_smg_ap9_mag_world|xmodel|acv_fastreload_smg_standard|attachmentcosmeticvariant|t6_xpr50_up|weapon|zone_source/zm_parkour_nothing0.zone|csv
6033,image,i_wpn_t7_smg_ap9_mag_s,24,0,|mc/mtl_wpn_t7_smg_ap9_mag|material|wpn_t7_smg_ap9_mag_world|xmodel|acv_fastreload_smg_standard|attachmentcosmeticvariant|t6_xpr50_up|weapon|zone_source/zm_parkour_nothing0.zone|csv
6034,image,i_wpn_t7_smg_ap9_mag_r,24,0,|mc/mtl_wpn_t7_smg_ap9_mag|material|wpn_t7_smg_ap9_mag_world|xmodel|acv_fastreload_smg_standard|attachmentcosmeticvariant|t6_xpr50_up|weapon|zone_source/zm_parkour_nothing0.zone|csv
6035,image,i_wpn_t7_smg_standard_bullet_n,32,0,|mc/mtl_wpn_t7_smg_standard_bullet|material|wpn_t7_smg_ap9_mag_view|xmodel|acv_fastreload_smg_standard|attachmentcosmeticvariant|t6_xpr50_up|weapon|zone_source/zm_parkour_nothing0.zone|csv
6036,image,i_wpn_t7_smg_standard_bullet_o,32,0,|mc/mtl_wpn_t7_smg_standard_bullet|material|wpn_t7_smg_ap9_mag_view|xmodel|acv_fastreload_smg_standard|attachmentcosmeticvariant|t6_xpr50_up|weapon|zone_source/zm_parkour_nothing0.zone|csv
6037,image,i_wpn_t7_smg_standard_bullet_g,32,0,|mc/mtl_wpn_t7_smg_standard_bullet|material|wpn_t7_smg_ap9_mag_view|xmodel|acv_fastreload_smg_standard|attachmentcosmeticvariant|t6_xpr50_up|weapon|zone_source/zm_parkour_nothing0.zone|csv
6038,xmodelmesh,wpn_t7_smg_ap9_mag_lod06d3648c5,33,0,|wpn_t7_smg_ap9_mag_world|xmodel|acv_fastreload_smg_standard|attachmentcosmeticvariant|t6_xpr50_up|weapon|zone_source/zm_parkour_nothing0.zone|csv
6039,xmodelmesh,wpn_t7_smg_ap9_mag_lod1c3a01670,33,0,|wpn_t7_smg_ap9_mag_world|xmodel|acv_fastreload_smg_standard|attachmentcosmeticvariant|t6_xpr50_up|weapon|zone_source/zm_parkour_nothing0.zone|csv
6040,xmodelmesh,wpn_t7_smg_ap9_mag_lod14a42faa4,33,0,|wpn_t7_smg_ap9_mag_world|xmodel|acv_fastreload_smg_standard|attachmentcosmeticvariant|t6_xpr50_up|weapon|zone_source/zm_parkour_nothing0.zone|csv
6041,xmodelmesh,wpn_t7_smg_ap9_mag_lod1b872270d,33,0,|wpn_t7_smg_ap9_mag_world|xmodel|acv_fastreload_smg_standard|attachmentcosmeticvariant|t6_xpr50_up|weapon|zone_source/zm_parkour_nothing0.zone|csv
6042,xmodelmesh,wpn_t7_smg_ap9_mag_lod1ee1e459b,33,0,|wpn_t7_smg_ap9_mag_world|xmodel|acv_fastreload_smg_standard|attachmentcosmeticvariant|t6_xpr50_up|weapon|zone_source/zm_parkour_nothing0.zone|csv
6043,xmodelmesh,wpn_t7_smg_ap9_mag_lod1f5911fca,33,0,|wpn_t7_smg_ap9_mag_world|xmodel|acv_fastreload_smg_standard|attachmentcosmeticvariant|t6_xpr50_up|weapon|zone_source/zm_parkour_nothing0.zone|csv
6044,xmodelmesh,attach_t7_smg_ap9_fast_mag_02_view7eede2ba,44,0,|attach_t7_smg_ap9_fast_mag_02_view|xmodel|acv_fastreload_smg_standard|attachmentcosmeticvariant|t6_xpr50_up|weapon|zone_source/zm_parkour_nothing0.zone|csv
6045,image,i_attach_t7_smg_ap9_fast_mag_02_c,35,0,|mc/mtl_attach_t7_smg_ap9_fast_mag_02|material|attach_t7_smg_ap9_fast_mag_02_world|xmodel|acv_fastreload_smg_standard|attachmentcosmeticvariant|t6_xpr50_up|weapon|zone_source/zm_parkour_nothing0.zone|csv
6046,image,i_attach_t7_smg_ap9_fast_mag_02_n,35,0,|mc/mtl_attach_t7_smg_ap9_fast_mag_02|material|attach_t7_smg_ap9_fast_mag_02_world|xmodel|acv_fastreload_smg_standard|attachmentcosmeticvariant|t6_xpr50_up|weapon|zone_source/zm_parkour_nothing0.zone|csv
6047,image,i_attach_t7_smg_ap9_fast_mag_02_o,35,0,|mc/mtl_attach_t7_smg_ap9_fast_mag_02|material|attach_t7_smg_ap9_fast_mag_02_world|xmodel|acv_fastreload_smg_standard|attachmentcosmeticvariant|t6_xpr50_up|weapon|zone_source/zm_parkour_nothing0.zone|csv
6048,image,i_attach_t7_smg_ap9_fast_mag_02_g,35,0,|mc/mtl_attach_t7_smg_ap9_fast_mag_02|material|attach_t7_smg_ap9_fast_mag_02_world|xmodel|acv_fastreload_smg_standard|attachmentcosmeticvariant|t6_xpr50_up|weapon|zone_source/zm_parkour_nothing0.zone|csv
6049,image,i_attach_t7_smg_ap9_fast_mag_02_s,35,0,|mc/mtl_attach_t7_smg_ap9_fast_mag_02|material|attach_t7_smg_ap9_fast_mag_02_world|xmodel|acv_fastreload_smg_standard|attachmentcosmeticvariant|t6_xpr50_up|weapon|zone_source/zm_parkour_nothing0.zone|csv
6050,xmodelmesh,attach_t7_smg_ap9_fast_mag_02_lod08a241191,44,0,|attach_t7_smg_ap9_fast_mag_02_world|xmodel|acv_fastreload_smg_standard|attachmentcosmeticvariant|t6_xpr50_up|weapon|zone_source/zm_parkour_nothing0.zone|csv
6051,xmodelmesh,attach_t7_smg_ap9_fast_mag_02_lod18a241191,44,0,|attach_t7_smg_ap9_fast_mag_02_world|xmodel|acv_fastreload_smg_standard|attachmentcosmeticvariant|t6_xpr50_up|weapon|zone_source/zm_parkour_nothing0.zone|csv
6052,xmodelmesh,attach_t7_smg_ap9_fast_mag_02_lod28a241191,44,0,|attach_t7_smg_ap9_fast_mag_02_world|xmodel|acv_fastreload_smg_standard|attachmentcosmeticvariant|t6_xpr50_up|weapon|zone_source/zm_parkour_nothing0.zone|csv
6053,xmodelmesh,attach_t7_smg_ap9_fast_mag_02_lod38a241191,44,0,|attach_t7_smg_ap9_fast_mag_02_world|xmodel|acv_fastreload_smg_standard|attachmentcosmeticvariant|t6_xpr50_up|weapon|zone_source/zm_parkour_nothing0.zone|csv
6054,xmodelmesh,attach_t7_smg_ap9_fast_mag_02_lod48a241191,44,0,|attach_t7_smg_ap9_fast_mag_02_world|xmodel|acv_fastreload_smg_standard|attachmentcosmeticvariant|t6_xpr50_up|weapon|zone_source/zm_parkour_nothing0.zone|csv
6055,xmodelmesh,attach_t7_smg_ap9_fast_mag_02_lod4dc99d877,44,0,|attach_t7_smg_ap9_fast_mag_02_world|xmodel|acv_fastreload_smg_standard|attachmentcosmeticvariant|t6_xpr50_up|weapon|zone_source/zm_parkour_nothing0.zone|csv
6056,image,t7_icon_attach_smg_standard_fastmag_02,40,0,|acv_fastreload_smg_standard|attachmentcosmeticvariant|t6_xpr50_up|weapon|zone_source/zm_parkour_nothing0.zone|csv
6057,xmodelmesh,attach_t7_smg_ap9_handguard_02_view95861495,45,0,|attach_t7_smg_ap9_handguard_02_view|xmodel|acv_fmj_smg_standard|attachmentcosmeticvariant|t6_xpr50_up|weapon|zone_source/zm_parkour_nothing0.zone|csv
6058,image,i_attach_t7_smg_ap9_handguard_02_c,36,0,|mc/mtl_attach_t7_smg_ap9_handguard_02|material|attach_t7_smg_ap9_handguard_02_world|xmodel|acv_fmj_smg_standard|attachmentcosmeticvariant|t6_xpr50_up|weapon|zone_source/zm_parkour_nothing0.zone|csv
6059,image,i_attach_t7_smg_ap9_handguard_02_n,36,0,|mc/mtl_attach_t7_smg_ap9_handguard_02|material|attach_t7_smg_ap9_handguard_02_world|xmodel|acv_fmj_smg_standard|attachmentcosmeticvariant|t6_xpr50_up|weapon|zone_source/zm_parkour_nothing0.zone|csv
6060,image,i_attach_t7_smg_ap9_handguard_02_o,36,0,|mc/mtl_attach_t7_smg_ap9_handguard_02|material|attach_t7_smg_ap9_handguard_02_world|xmodel|acv_fmj_smg_standard|attachmentcosmeticvariant|t6_xpr50_up|weapon|zone_source/zm_parkour_nothing0.zone|csv
6061,image,i_attach_t7_smg_ap9_handguard_02_g,36,0,|mc/mtl_attach_t7_smg_ap9_handguard_02|material|attach_t7_smg_ap9_handguard_02_world|xmodel|acv_fmj_smg_standard|attachmentcosmeticvariant|t6_xpr50_up|weapon|zone_source/zm_parkour_nothing0.zone|csv
6062,image,i_attach_t7_smg_ap9_handguard_02_s,36,0,|mc/mtl_attach_t7_smg_ap9_handguard_02|material|attach_t7_smg_ap9_handguard_02_world|xmodel|acv_fmj_smg_standard|attachmentcosmeticvariant|t6_xpr50_up|weapon|zone_source/zm_parkour_nothing0.zone|csv
6063,image,i_attach_t7_smg_ap9_handguard_02_r,36,0,|mc/mtl_attach_t7_smg_ap9_handguard_02|material|attach_t7_smg_ap9_handguard_02_world|xmodel|acv_fmj_smg_standard|attachmentcosmeticvariant|t6_xpr50_up|weapon|zone_source/zm_parkour_nothing0.zone|csv
6064,image,i_attach_t7_smg_ap9_handgrd_02_decal_c,40,0,|mc/mtl_attach_t7_smg_ap9_handgrd_02_decal|material|attach_t7_smg_ap9_handguard_02_world|xmodel|acv_fmj_smg_standard|attachmentcosmeticvariant|t6_xpr50_up|weapon|zone_source/zm_parkour_nothing0.zone|csv
6065,xmodelmesh,attach_t7_smg_ap9_handguard_02_lod0bb8b5a50,45,0,|attach_t7_smg_ap9_handguard_02_world|xmodel|acv_fmj_smg_standard|attachmentcosmeticvariant|t6_xpr50_up|weapon|zone_source/zm_parkour_nothing0.zone|csv
6066,xmodelmesh,attach_t7_smg_ap9_handguard_02_lod1f5813e30,45,0,|attach_t7_smg_ap9_handguard_02_world|xmodel|acv_fmj_smg_standard|attachmentcosmeticvariant|t6_xpr50_up|weapon|zone_source/zm_parkour_nothing0.zone|csv
6067,xmodelmesh,attach_t7_smg_ap9_handguard_02_lod25494c510,45,0,|attach_t7_smg_ap9_handguard_02_world|xmodel|acv_fmj_smg_standard|attachmentcosmeticvariant|t6_xpr50_up|weapon|zone_source/zm_parkour_nothing0.zone|csv
6068,xmodelmesh,attach_t7_smg_ap9_handguard_02_lod2b6025d25,45,0,|attach_t7_smg_ap9_handguard_02_world|xmodel|acv_fmj_smg_standard|attachmentcosmeticvariant|t6_xpr50_up|weapon|zone_source/zm_parkour_nothing0.zone|csv
6069,xmodelmesh,attach_t7_smg_ap9_handguard_02_lod226b57c62,45,0,|attach_t7_smg_ap9_handguard_02_world|xmodel|acv_fmj_smg_standard|attachmentcosmeticvariant|t6_xpr50_up|weapon|zone_source/zm_parkour_nothing0.zone|csv
6070,xmodelmesh,attach_t7_smg_ap9_handguard_02_lod2db1e2eca,45,0,|attach_t7_smg_ap9_handguard_02_world|xmodel|acv_fmj_smg_standard|attachmentcosmeticvariant|t6_xpr50_up|weapon|zone_source/zm_parkour_nothing0.zone|csv
6071,xmodelmesh,attach_t7_smg_ap9_handguard_02_lod29f93373c,45,0,|attach_t7_smg_ap9_handguard_02_world|xmodel|acv_fmj_smg_standard|attachmentcosmeticvariant|t6_xpr50_up|weapon|zone_source/zm_parkour_nothing0.zone|csv
6072,xmodelmesh,attach_t7_smg_ap9_handguard_02_lod2c01a5250,45,0,|attach_t7_smg_ap9_handguard_02_world|xmodel|acv_fmj_smg_standard|attachmentcosmeticvariant|t6_xpr50_up|weapon|zone_source/zm_parkour_nothing0.zone|csv
6073,image,t7_icon_attach_smg_standard_fmj_02,36,0,|acv_fmj_smg_standard|attachmentcosmeticvariant|t6_xpr50_up|weapon|zone_source/zm_parkour_nothing0.zone|csv
6074,xmodelmesh,attach_t7_smg_ap9_foregrip_02_view24656df2,44,0,|attach_t7_smg_ap9_foregrip_02_view|xmodel|acv_grip_smg_standard|attachmentcosmeticvariant|t6_xpr50_up|weapon|zone_source/zm_parkour_nothing0.zone|csv
6075,image,i_attach_t7_smg_ap9_foregrip_02_c,35,0,|mc/mtl_attach_t7_smg_ap9_foregrip_02|material|attach_t7_smg_ap9_foregrip_02_world|xmodel|acv_grip_smg_standard|attachmentcosmeticvariant|t6_xpr50_up|weapon|zone_source/zm_parkour_nothing0.zone|csv
6076,image,i_attach_t7_smg_ap9_foregrip_02_n,35,0,|mc/mtl_attach_t7_smg_ap9_foregrip_02|material|attach_t7_smg_ap9_foregrip_02_world|xmodel|acv_grip_smg_standard|attachmentcosmeticvariant|t6_xpr50_up|weapon|zone_source/zm_parkour_nothing0.zone|csv
6077,image,i_attach_t7_smg_ap9_foregrip_02_o,35,0,|mc/mtl_attach_t7_smg_ap9_foregrip_02|material|attach_t7_smg_ap9_foregrip_02_world|xmodel|acv_grip_smg_standard|attachmentcosmeticvariant|t6_xpr50_up|weapon|zone_source/zm_parkour_nothing0.zone|csv
6078,image,i_attach_t7_smg_ap9_foregrip_02_g,35,0,|mc/mtl_attach_t7_smg_ap9_foregrip_02|material|attach_t7_smg_ap9_foregrip_02_world|xmodel|acv_grip_smg_standard|attachmentcosmeticvariant|t6_xpr50_up|weapon|zone_source/zm_parkour_nothing0.zone|csv
6079,image,i_attach_t7_smg_ap9_foregrip_02_s,35,0,|mc/mtl_attach_t7_smg_ap9_foregrip_02|material|attach_t7_smg_ap9_foregrip_02_world|xmodel|acv_grip_smg_standard|attachmentcosmeticvariant|t6_xpr50_up|weapon|zone_source/zm_parkour_nothing0.zone|csv
6080,xmodelmesh,attach_t7_smg_ap9_foregrip_02_lod07822388e,44,0,|attach_t7_smg_ap9_foregrip_02_world|xmodel|acv_grip_smg_standard|attachmentcosmeticvariant|t6_xpr50_up|weapon|zone_source/zm_parkour_nothing0.zone|csv
6081,xmodelmesh,attach_t7_smg_ap9_foregrip_02_lod17822388e,44,0,|attach_t7_smg_ap9_foregrip_02_world|xmodel|acv_grip_smg_standard|attachmentcosmeticvariant|t6_xpr50_up|weapon|zone_source/zm_parkour_nothing0.zone|csv
6082,xmodelmesh,attach_t7_smg_ap9_foregrip_02_lod2bce9a8f3,44,0,|attach_t7_smg_ap9_foregrip_02_world|xmodel|acv_grip_smg_standard|attachmentcosmeticvariant|t6_xpr50_up|weapon|zone_source/zm_parkour_nothing0.zone|csv
6083,xmodelmesh,attach_t7_smg_ap9_foregrip_02_lod3f7d5aa0,43,0,|attach_t7_smg_ap9_foregrip_02_world|xmodel|acv_grip_smg_standard|attachmentcosmeticvariant|t6_xpr50_up|weapon|zone_source/zm_parkour_nothing0.zone|csv
6084,xmodelmesh,attach_t7_smg_ap9_foregrip_02_lod4dc093ff8,44,0,|attach_t7_smg_ap9_foregrip_02_world|xmodel|acv_grip_smg_standard|attachmentcosmeticvariant|t6_xpr50_up|weapon|zone_source/zm_parkour_nothing0.zone|csv
6085,xmodelmesh,attach_t7_smg_ap9_foregrip_02_lod464b1ca2a,44,0,|attach_t7_smg_ap9_foregrip_02_world|xmodel|acv_grip_smg_standard|attachmentcosmeticvariant|t6_xpr50_up|weapon|zone_source/zm_parkour_nothing0.zone|csv
6086,xmodelmesh,attach_t7_smg_ap9_foregrip_02_lod4b5015064,44,0,|attach_t7_smg_ap9_foregrip_02_world|xmodel|acv_grip_smg_standard|attachmentcosmeticvariant|t6_xpr50_up|weapon|zone_source/zm_parkour_nothing0.zone|csv
6087,xmodelmesh,attach_t7_smg_ap9_foregrip_02_lod4ecabe8fc,44,0,|attach_t7_smg_ap9_foregrip_02_world|xmodel|acv_grip_smg_standard|attachmentcosmeticvariant|t6_xpr50_up|weapon|zone_source/zm_parkour_nothing0.zone|csv
6088,image,t7_icon_attach_smg_standard_grip_02,37,0,|acv_grip_smg_standard|attachmentcosmeticvariant|t6_xpr50_up|weapon|zone_source/zm_parkour_nothing0.zone|csv
6089,xmodelmesh,attach_t7_smg_ap9_grip_02_view92117158,40,0,|attach_t7_smg_ap9_grip_02_view|xmodel|acv_quickdraw_smg_standard|attachmentcosmeticvariant|t6_xpr50_up|weapon|zone_source/zm_parkour_nothing0.zone|csv
6090,image,i_attach_t7_smg_ap9_grip_02_c,31,0,|mc/mtl_attach_t7_smg_ap9_grip_02|material|attach_t7_smg_ap9_grip_02_world|xmodel|acv_quickdraw_smg_standard|attachmentcosmeticvariant|t6_xpr50_up|weapon|zone_source/zm_parkour_nothing0.zone|csv
6091,image,i_attach_t7_smg_ap9_grip_02_n,31,0,|mc/mtl_attach_t7_smg_ap9_grip_02|material|attach_t7_smg_ap9_grip_02_world|xmodel|acv_quickdraw_smg_standard|attachmentcosmeticvariant|t6_xpr50_up|weapon|zone_source/zm_parkour_nothing0.zone|csv
6092,image,i_attach_t7_smg_ap9_grip_02_o,31,0,|mc/mtl_attach_t7_smg_ap9_grip_02|material|attach_t7_smg_ap9_grip_02_world|xmodel|acv_quickdraw_smg_standard|attachmentcosmeticvariant|t6_xpr50_up|weapon|zone_source/zm_parkour_nothing0.zone|csv
6093,image,i_attach_t7_smg_ap9_grip_02_g,31,0,|mc/mtl_attach_t7_smg_ap9_grip_02|material|attach_t7_smg_ap9_grip_02_world|xmodel|acv_quickdraw_smg_standard|attachmentcosmeticvariant|t6_xpr50_up|weapon|zone_source/zm_parkour_nothing0.zone|csv
6094,image,i_attach_t7_smg_ap9_grip_02_s,31,0,|mc/mtl_attach_t7_smg_ap9_grip_02|material|attach_t7_smg_ap9_grip_02_world|xmodel|acv_quickdraw_smg_standard|attachmentcosmeticvariant|t6_xpr50_up|weapon|zone_source/zm_parkour_nothing0.zone|csv
6095,xmodelmesh,attach_t7_smg_ap9_grip_02_lod089790a2a,40,0,|attach_t7_smg_ap9_grip_02_world|xmodel|acv_quickdraw_smg_standard|attachmentcosmeticvariant|t6_xpr50_up|weapon|zone_source/zm_parkour_nothing0.zone|csv
6096,xmodelmesh,attach_t7_smg_ap9_grip_02_lod12c5277da,40,0,|attach_t7_smg_ap9_grip_02_world|xmodel|acv_quickdraw_smg_standard|attachmentcosmeticvariant|t6_xpr50_up|weapon|zone_source/zm_parkour_nothing0.zone|csv
6097,xmodelmesh,attach_t7_smg_ap9_grip_02_lod2868da8f4,40,0,|attach_t7_smg_ap9_grip_02_world|xmodel|acv_quickdraw_smg_standard|attachmentcosmeticvariant|t6_xpr50_up|weapon|zone_source/zm_parkour_nothing0.zone|csv
6098,xmodelmesh,attach_t7_smg_ap9_grip_02_lod349578491,40,0,|attach_t7_smg_ap9_grip_02_world|xmodel|acv_quickdraw_smg_standard|attachmentcosmeticvariant|t6_xpr50_up|weapon|zone_source/zm_parkour_nothing0.zone|csv
6099,xmodelmesh,attach_t7_smg_ap9_grip_02_lod489dd3066,40,0,|attach_t7_smg_ap9_grip_02_world|xmodel|acv_quickdraw_smg_standard|attachmentcosmeticvariant|t6_xpr50_up|weapon|zone_source/zm_parkour_nothing0.zone|csv
6100,xmodelmesh,attach_t7_smg_ap9_grip_02_lod47f653a28,40,0,|attach_t7_smg_ap9_grip_02_world|xmodel|acv_quickdraw_smg_standard|attachmentcosmeticvariant|t6_xpr50_up|weapon|zone_source/zm_parkour_nothing0.zone|csv
6101,xmodelmesh,attach_t7_smg_ap9_grip_02_lod4ebd7233e,40,0,|attach_t7_smg_ap9_grip_02_world|xmodel|acv_quickdraw_smg_standard|attachmentcosmeticvariant|t6_xpr50_up|weapon|zone_source/zm_parkour_nothing0.zone|csv
6102,xmodelmesh,attach_t7_smg_ap9_grip_02_lod4202cb31e,40,0,|attach_t7_smg_ap9_grip_02_world|xmodel|acv_quickdraw_smg_standard|attachmentcosmeticvariant|t6_xpr50_up|weapon|zone_source/zm_parkour_nothing0.zone|csv
6103,image,t7_icon_attach_smg_standard_quickdraw_02,42,0,|acv_quickdraw_smg_standard|attachmentcosmeticvariant|t6_xpr50_up|weapon|zone_source/zm_parkour_nothing0.zone|csv
6104,xmodelmesh,attach_t7_smg_ap9_bolt_02_view6a22b278,40,0,|attach_t7_smg_ap9_bolt_02_view|xmodel|acv_rf_smg_standard|attachmentcosmeticvariant|t6_xpr50_up|weapon|zone_source/zm_parkour_nothing0.zone|csv
6105,image,i_attach_t7_smg_ap9_bolt_02_c,31,0,|mc/mtl_attach_t7_smg_ap9_bolt_02|material|attach_t7_smg_ap9_bolt_02_world|xmodel|acv_rf_smg_standard|attachmentcosmeticvariant|t6_xpr50_up|weapon|zone_source/zm_parkour_nothing0.zone|csv
6106,image,i_attach_t7_smg_ap9_bolt_02_n,31,0,|mc/mtl_attach_t7_smg_ap9_bolt_02|material|attach_t7_smg_ap9_bolt_02_world|xmodel|acv_rf_smg_standard|attachmentcosmeticvariant|t6_xpr50_up|weapon|zone_source/zm_parkour_nothing0.zone|csv
6107,image,i_attach_t7_smg_ap9_bolt_02_o,31,0,|mc/mtl_attach_t7_smg_ap9_bolt_02|material|attach_t7_smg_ap9_bolt_02_world|xmodel|acv_rf_smg_standard|attachmentcosmeticvariant|t6_xpr50_up|weapon|zone_source/zm_parkour_nothing0.zone|csv
6108,image,i_attach_t7_smg_ap9_bolt_02_g,31,0,|mc/mtl_attach_t7_smg_ap9_bolt_02|material|attach_t7_smg_ap9_bolt_02_world|xmodel|acv_rf_smg_standard|attachmentcosmeticvariant|t6_xpr50_up|weapon|zone_source/zm_parkour_nothing0.zone|csv
6109,image,i_attach_t7_smg_ap9_bolt_02_s,31,0,|mc/mtl_attach_t7_smg_ap9_bolt_02|material|attach_t7_smg_ap9_bolt_02_world|xmodel|acv_rf_smg_standard|attachmentcosmeticvariant|t6_xpr50_up|weapon|zone_source/zm_parkour_nothing0.zone|csv
6110,xmodelmesh,attach_t7_smg_ap9_bolt_02_lod0a0cde8ca,40,0,|attach_t7_smg_ap9_bolt_02_world|xmodel|acv_rf_smg_standard|attachmentcosmeticvariant|t6_xpr50_up|weapon|zone_source/zm_parkour_nothing0.zone|csv
6111,xmodelmesh,attach_t7_smg_ap9_bolt_02_lod17e4bcb51,40,0,|attach_t7_smg_ap9_bolt_02_world|xmodel|acv_rf_smg_standard|attachmentcosmeticvariant|t6_xpr50_up|weapon|zone_source/zm_parkour_nothing0.zone|csv
6112,xmodelmesh,attach_t7_smg_ap9_bolt_02_lod27e4bcb51,40,0,|attach_t7_smg_ap9_bolt_02_world|xmodel|acv_rf_smg_standard|attachmentcosmeticvariant|t6_xpr50_up|weapon|zone_source/zm_parkour_nothing0.zone|csv
6113,xmodelmesh,attach_t7_smg_ap9_bolt_02_lod37e4bcb51,40,0,|attach_t7_smg_ap9_bolt_02_world|xmodel|acv_rf_smg_standard|attachmentcosmeticvariant|t6_xpr50_up|weapon|zone_source/zm_parkour_nothing0.zone|csv
6114,xmodelmesh,attach_t7_smg_ap9_bolt_02_lod47e4bcb51,40,0,|attach_t7_smg_ap9_bolt_02_world|xmodel|acv_rf_smg_standard|attachmentcosmeticvariant|t6_xpr50_up|weapon|zone_source/zm_parkour_nothing0.zone|csv
6115,xmodelmesh,attach_t7_smg_ap9_bolt_02_lod470ab7109,40,0,|attach_t7_smg_ap9_bolt_02_world|xmodel|acv_rf_smg_standard|attachmentcosmeticvariant|t6_xpr50_up|weapon|zone_source/zm_parkour_nothing0.zone|csv
6116,image,t7_icon_attach_smg_standard_rapidfire_02,42,0,|acv_rf_smg_standard|attachmentcosmeticvariant|t6_xpr50_up|weapon|zone_source/zm_parkour_nothing0.zone|csv
6117,xmodelmesh,attach_t7_smg_ap9_stock_02_viewcfa87e15,41,0,|attach_t7_smg_ap9_stock_02_view|xmodel|acv_stalker_smg_standard|attachmentcosmeticvariant|t6_xpr50_up|weapon|zone_source/zm_parkour_nothing0.zone|csv
6118,image,i_attach_t7_smg_ap9_stock_02_c,32,0,|mc/mtl_attach_t7_smg_ap9_stock_02|material|attach_t7_smg_ap9_stock_02_world|xmodel|acv_stalker_smg_standard|attachmentcosmeticvariant|t6_xpr50_up|weapon|zone_source/zm_parkour_nothing0.zone|csv
6119,image,i_attach_t7_smg_ap9_stock_02_n,32,0,|mc/mtl_attach_t7_smg_ap9_stock_02|material|attach_t7_smg_ap9_stock_02_world|xmodel|acv_stalker_smg_standard|attachmentcosmeticvariant|t6_xpr50_up|weapon|zone_source/zm_parkour_nothing0.zone|csv
6120,image,i_attach_t7_smg_ap9_stock_02_o,32,0,|mc/mtl_attach_t7_smg_ap9_stock_02|material|attach_t7_smg_ap9_stock_02_world|xmodel|acv_stalker_smg_standard|attachmentcosmeticvariant|t6_xpr50_up|weapon|zone_source/zm_parkour_nothing0.zone|csv
6121,image,i_attach_t7_smg_ap9_stock_02_g,32,0,|mc/mtl_attach_t7_smg_ap9_stock_02|material|attach_t7_smg_ap9_stock_02_world|xmodel|acv_stalker_smg_standard|attachmentcosmeticvariant|t6_xpr50_up|weapon|zone_source/zm_parkour_nothing0.zone|csv
6122,image,i_attach_t7_smg_ap9_stock_02_s,32,0,|mc/mtl_attach_t7_smg_ap9_stock_02|material|attach_t7_smg_ap9_stock_02_world|xmodel|acv_stalker_smg_standard|attachmentcosmeticvariant|t6_xpr50_up|weapon|zone_source/zm_parkour_nothing0.zone|csv
6123,image,i_attach_t7_smg_ap9_stock_02_r,32,0,|mc/mtl_attach_t7_smg_ap9_stock_02|material|attach_t7_smg_ap9_stock_02_world|xmodel|acv_stalker_smg_standard|attachmentcosmeticvariant|t6_xpr50_up|weapon|zone_source/zm_parkour_nothing0.zone|csv
6124,xmodelmesh,attach_t7_smg_ap9_stock_02_lod04622970f,41,0,|attach_t7_smg_ap9_stock_02_world|xmodel|acv_stalker_smg_standard|attachmentcosmeticvariant|t6_xpr50_up|weapon|zone_source/zm_parkour_nothing0.zone|csv
6125,xmodelmesh,attach_t7_smg_ap9_stock_02_lod1f33079b9,41,0,|attach_t7_smg_ap9_stock_02_world|xmodel|acv_stalker_smg_standard|attachmentcosmeticvariant|t6_xpr50_up|weapon|zone_source/zm_parkour_nothing0.zone|csv
6126,xmodelmesh,attach_t7_smg_ap9_stock_02_lod22c0cf77a,41,0,|attach_t7_smg_ap9_stock_02_world|xmodel|acv_stalker_smg_standard|attachmentcosmeticvariant|t6_xpr50_up|weapon|zone_source/zm_parkour_nothing0.zone|csv
6127,xmodelmesh,attach_t7_smg_ap9_stock_02_lod32c0cf77a,41,0,|attach_t7_smg_ap9_stock_02_world|xmodel|acv_stalker_smg_standard|attachmentcosmeticvariant|t6_xpr50_up|weapon|zone_source/zm_parkour_nothing0.zone|csv
6128,xmodelmesh,attach_t7_smg_ap9_stock_02_lod3cc2b0a13,41,0,|attach_t7_smg_ap9_stock_02_world|xmodel|acv_stalker_smg_standard|attachmentcosmeticvariant|t6_xpr50_up|weapon|zone_source/zm_parkour_nothing0.zone|csv
6129,xmodelmesh,attach_t7_smg_ap9_stock_02_lod3e9bf2e6a,41,0,|attach_t7_smg_ap9_stock_02_world|xmodel|acv_stalker_smg_standard|attachmentcosmeticvariant|t6_xpr50_up|weapon|zone_source/zm_parkour_nothing0.zone|csv
6130,xmodelmesh,attach_t7_smg_ap9_stock_02_lod3b457b856,41,0,|attach_t7_smg_ap9_stock_02_world|xmodel|acv_stalker_smg_standard|attachmentcosmeticvariant|t6_xpr50_up|weapon|zone_source/zm_parkour_nothing0.zone|csv
6131,xmodelmesh,attach_t7_smg_ap9_stock_02_lod335c41548,41,0,|attach_t7_smg_ap9_stock_02_world|xmodel|acv_stalker_smg_standard|attachmentcosmeticvariant|t6_xpr50_up|weapon|zone_source/zm_parkour_nothing0.zone|csv
6132,image,t7_icon_attach_smg_standard_extstock_02,41,0,|acv_stalker_smg_standard|attachmentcosmeticvariant|t6_xpr50_up|weapon|zone_source/zm_parkour_nothing0.zone|csv
6133,xmodelmesh,attach_t7_smg_ap9_dbal_02_view35c8a2a7,40,0,|attach_t7_smg_ap9_dbal_02_view|xmodel|acv_steadyaim_smg_standard|attachmentcosmeticvariant|t6_xpr50_up|weapon|zone_source/zm_parkour_nothing0.zone|csv
6134,image,i_attach_t7_smg_ap9_dbal_02_c,31,0,|mc/mtl_attach_t7_smg_ap9_dbal_02|material|attach_t7_smg_ap9_dbal_02_world|xmodel|acv_steadyaim_smg_standard|attachmentcosmeticvariant|t6_xpr50_up|weapon|zone_source/zm_parkour_nothing0.zone|csv
6135,image,i_attach_t7_smg_ap9_dbal_02_n,31,0,|mc/mtl_attach_t7_smg_ap9_dbal_02|material|attach_t7_smg_ap9_dbal_02_world|xmodel|acv_steadyaim_smg_standard|attachmentcosmeticvariant|t6_xpr50_up|weapon|zone_source/zm_parkour_nothing0.zone|csv
6136,image,i_attach_t7_smg_ap9_dbal_02_o,31,0,|mc/mtl_attach_t7_smg_ap9_dbal_02|material|attach_t7_smg_ap9_dbal_02_world|xmodel|acv_steadyaim_smg_standard|attachmentcosmeticvariant|t6_xpr50_up|weapon|zone_source/zm_parkour_nothing0.zone|csv
6137,image,i_attach_t7_smg_ap9_dbal_02_g,31,0,|mc/mtl_attach_t7_smg_ap9_dbal_02|material|attach_t7_smg_ap9_dbal_02_world|xmodel|acv_steadyaim_smg_standard|attachmentcosmeticvariant|t6_xpr50_up|weapon|zone_source/zm_parkour_nothing0.zone|csv
6138,image,i_attach_t7_smg_ap9_dbal_02_s,31,0,|mc/mtl_attach_t7_smg_ap9_dbal_02|material|attach_t7_smg_ap9_dbal_02_world|xmodel|acv_steadyaim_smg_standard|attachmentcosmeticvariant|t6_xpr50_up|weapon|zone_source/zm_parkour_nothing0.zone|csv
6139,image,i_attach_t7_smg_ap9_dbal_02_r,31,0,|mc/mtl_attach_t7_smg_ap9_dbal_02|material|attach_t7_smg_ap9_dbal_02_world|xmodel|acv_steadyaim_smg_standard|attachmentcosmeticvariant|t6_xpr50_up|weapon|zone_source/zm_parkour_nothing0.zone|csv
6140,xmodelmesh,attach_t7_smg_ap9_dbal_02_lod07875dc0d,40,0,|attach_t7_smg_ap9_dbal_02_world|xmodel|acv_steadyaim_smg_standard|attachmentcosmeticvariant|t6_xpr50_up|weapon|zone_source/zm_parkour_nothing0.zone|csv
6141,xmodelmesh,attach_t7_smg_ap9_dbal_02_lod172d3eefb,40,0,|attach_t7_smg_ap9_dbal_02_world|xmodel|acv_steadyaim_smg_standard|attachmentcosmeticvariant|t6_xpr50_up|weapon|zone_source/zm_parkour_nothing0.zone|csv
6142,xmodelmesh,attach_t7_smg_ap9_dbal_02_lod284469606,40,0,|attach_t7_smg_ap9_dbal_02_world|xmodel|acv_steadyaim_smg_standard|attachmentcosmeticvariant|t6_xpr50_up|weapon|zone_source/zm_parkour_nothing0.zone|csv
6143,xmodelmesh,attach_t7_smg_ap9_dbal_02_lod3b74b814b,40,0,|attach_t7_smg_ap9_dbal_02_world|xmodel|acv_steadyaim_smg_standard|attachmentcosmeticvariant|t6_xpr50_up|weapon|zone_source/zm_parkour_nothing0.zone|csv
6144,xmodelmesh,attach_t7_smg_ap9_dbal_02_lod4b74b814b,40,0,|attach_t7_smg_ap9_dbal_02_world|xmodel|acv_steadyaim_smg_standard|attachmentcosmeticvariant|t6_xpr50_up|weapon|zone_source/zm_parkour_nothing0.zone|csv
6145,xmodelmesh,attach_t7_smg_ap9_dbal_02_lod4380ec202,40,0,|attach_t7_smg_ap9_dbal_02_world|xmodel|acv_steadyaim_smg_standard|attachmentcosmeticvariant|t6_xpr50_up|weapon|zone_source/zm_parkour_nothing0.zone|csv
6146,xmodelmesh,attach_t7_smg_ap9_dbal_02_lod41db12a51,40,0,|attach_t7_smg_ap9_dbal_02_world|xmodel|acv_steadyaim_smg_standard|attachmentcosmeticvariant|t6_xpr50_up|weapon|zone_source/zm_parkour_nothing0.zone|csv
6147,xmodelmesh,attach_t7_smg_ap9_dbal_02_lod44c560081,40,0,|attach_t7_smg_ap9_dbal_02_world|xmodel|acv_steadyaim_smg_standard|attachmentcosmeticvariant|t6_xpr50_up|weapon|zone_source/zm_parkour_nothing0.zone|csv
6148,image,t7_icon_attach_smg_standard_laser_02,38,0,|acv_steadyaim_smg_standard|attachmentcosmeticvariant|t6_xpr50_up|weapon|zone_source/zm_parkour_nothing0.zone|csv
6149,xmodelmesh,attach_t7_smg_ap9_silencer_02_view8587e6,42,0,|attach_t7_smg_ap9_silencer_02_view|xmodel|acv_suppressed_smg_standard|attachmentcosmeticvariant|t6_xpr50_up|weapon|zone_source/zm_parkour_nothing0.zone|csv
6150,image,i_attach_t7_smg_ap9_silencer_02_c,35,0,|mc/mtl_attach_t7_smg_ap9_silencer_02|material|attach_t7_smg_ap9_silencer_02_world|xmodel|acv_suppressed_smg_standard|attachmentcosmeticvariant|t6_xpr50_up|weapon|zone_source/zm_parkour_nothing0.zone|csv
6151,image,i_attach_t7_smg_ap9_silencer_02_n,35,0,|mc/mtl_attach_t7_smg_ap9_silencer_02|material|attach_t7_smg_ap9_silencer_02_world|xmodel|acv_suppressed_smg_standard|attachmentcosmeticvariant|t6_xpr50_up|weapon|zone_source/zm_parkour_nothing0.zone|csv
6152,image,i_attach_t7_smg_ap9_silencer_02_o,35,0,|mc/mtl_attach_t7_smg_ap9_silencer_02|material|attach_t7_smg_ap9_silencer_02_world|xmodel|acv_suppressed_smg_standard|attachmentcosmeticvariant|t6_xpr50_up|weapon|zone_source/zm_parkour_nothing0.zone|csv
6153,image,i_attach_t7_smg_ap9_silencer_02_g,35,0,|mc/mtl_attach_t7_smg_ap9_silencer_02|material|attach_t7_smg_ap9_silencer_02_world|xmodel|acv_suppressed_smg_standard|attachmentcosmeticvariant|t6_xpr50_up|weapon|zone_source/zm_parkour_nothing0.zone|csv
6154,image,i_attach_t7_smg_ap9_silencer_02_s,35,0,|mc/mtl_attach_t7_smg_ap9_silencer_02|material|attach_t7_smg_ap9_silencer_02_world|xmodel|acv_suppressed_smg_standard|attachmentcosmeticvariant|t6_xpr50_up|weapon|zone_source/zm_parkour_nothing0.zone|csv
6155,image,i_attach_t7_smg_ap9_silencer_02_r,35,0,|mc/mtl_attach_t7_smg_ap9_silencer_02|material|attach_t7_smg_ap9_silencer_02_world|xmodel|acv_suppressed_smg_standard|attachmentcosmeticvariant|t6_xpr50_up|weapon|zone_source/zm_parkour_nothing0.zone|csv
6156,xmodelmesh,attach_t7_smg_ap9_silencer_02_lod05a626455,44,0,|attach_t7_smg_ap9_silencer_02_world|xmodel|acv_suppressed_smg_standard|attachmentcosmeticvariant|t6_xpr50_up|weapon|zone_source/zm_parkour_nothing0.zone|csv
6157,xmodelmesh,attach_t7_smg_ap9_silencer_02_lod16bfc60be,44,0,|attach_t7_smg_ap9_silencer_02_world|xmodel|acv_suppressed_smg_standard|attachmentcosmeticvariant|t6_xpr50_up|weapon|zone_source/zm_parkour_nothing0.zone|csv
6158,xmodelmesh,attach_t7_smg_ap9_silencer_02_lod2bb9e8e59,44,0,|attach_t7_smg_ap9_silencer_02_world|xmodel|acv_suppressed_smg_standard|attachmentcosmeticvariant|t6_xpr50_up|weapon|zone_source/zm_parkour_nothing0.zone|csv
6159,xmodelmesh,attach_t7_smg_ap9_silencer_02_lod3f6be092a,44,0,|attach_t7_smg_ap9_silencer_02_world|xmodel|acv_suppressed_smg_standard|attachmentcosmeticvariant|t6_xpr50_up|weapon|zone_source/zm_parkour_nothing0.zone|csv
6160,xmodelmesh,attach_t7_smg_ap9_silencer_02_lod3cfc4dab8,44,0,|attach_t7_smg_ap9_silencer_02_world|xmodel|acv_suppressed_smg_standard|attachmentcosmeticvariant|t6_xpr50_up|weapon|zone_source/zm_parkour_nothing0.zone|csv
6161,xmodelmesh,attach_t7_smg_ap9_silencer_02_lod318d9f768,44,0,|attach_t7_smg_ap9_silencer_02_world|xmodel|acv_suppressed_smg_standard|attachmentcosmeticvariant|t6_xpr50_up|weapon|zone_source/zm_parkour_nothing0.zone|csv
6162,xmodelmesh,attach_t7_smg_ap9_silencer_02_lod3ab13e82a,44,0,|attach_t7_smg_ap9_silencer_02_world|xmodel|acv_suppressed_smg_standard|attachmentcosmeticvariant|t6_xpr50_up|weapon|zone_source/zm_parkour_nothing0.zone|csv
6163,xmodelmesh,attach_t7_smg_ap9_silencer_02_lod375ff00bf,44,0,|attach_t7_smg_ap9_silencer_02_world|xmodel|acv_suppressed_smg_standard|attachmentcosmeticvariant|t6_xpr50_up|weapon|zone_source/zm_parkour_nothing0.zone|csv
6164,image,t7_icon_attach_smg_standard_suppressor_02,43,0,|acv_suppressed_smg_standard|attachmentcosmeticvariant|t6_xpr50_up|weapon|zone_source/zm_parkour_nothing0.zone|csv
6165,image,mtl_t6_attach_optic_acog_lens_col,35,0,|mc/mtl_t6_attach_optic_acog_lens|material|vm_t6_acog|xmodel|t6_xpr50_up|weapon|zone_source/zm_parkour_nothing0.zone|csv
6166,image,mtl_t6_attach_optic_acog_lens_nml,35,0,|mc/mtl_t6_attach_optic_acog_lens|material|vm_t6_acog|xmodel|t6_xpr50_up|weapon|zone_source/zm_parkour_nothing0.zone|csv
6167,image,mtl_t6_attach_optic_acog_lens_spg,35,0,|mc/mtl_t6_attach_optic_acog_lens|material|vm_t6_acog|xmodel|t6_xpr50_up|weapon|zone_source/zm_parkour_nothing0.zone|csv
6168,image,mtl_t6_attach_optic_acog_lens_spc,35,0,|mc/mtl_t6_attach_optic_acog_lens|material|vm_t6_acog|xmodel|t6_xpr50_up|weapon|zone_source/zm_parkour_nothing0.zone|csv
6169,image,i_t6_wpn_shotgun_shells_o,11202,0,|mc/mtl_t6_wpn_shotgun_shells_red|material|vm_t6_s12_fastmag|xmodel|t6_s12_up|weapon|zone_source/zm_parkour_nothing0.zone|csv
6170,image,i_t6_wpn_pistol_kard_o,103,69720,|mc/mtl_t6_wpn_pistol_kard|material|wm_t6_kap40_ldw|xmodel|t6_kap40_ldw_up_zm|weapon|zone_source/zm_parkour_nothing0.zone|csv
6171,image,i_t6_wpn_shotgun_shells_g,282,65536,|mc/mtl_t6_wpn_shotgun_shells_red|material|vm_t6_s12_fastmag|xmodel|t6_s12_up|weapon|zone_source/zm_parkour_nothing0.zone|csv
6172,image,i_t6_wpn_shotgun_shells_s,282,65536,|mc/mtl_t6_wpn_shotgun_shells|material|wm_t6_remington870mcs|xmodel|t6_rem870mcs_up|weapon|zone_source/zm_parkour_nothing0.zone|csv
6173,image,i_t6_wpn_shotgun_shells_red_s,286,65536,|mc/mtl_t6_wpn_shotgun_shells_red|material|vm_t6_s12_fastmag|xmodel|t6_s12_up|weapon|zone_source/zm_parkour_nothing0.zone|csv
6174,image,i_t6_wpn_shotgun_shells_c,290,109240,|mc/mtl_t6_wpn_shotgun_shells|material|wm_t6_remington870mcs|xmodel|t6_rem870mcs_up|weapon|zone_source/zm_parkour_nothing0.zone|csv
6175,image,i_t6_wpn_shotgun_shells_n,282,131072,|mc/mtl_t6_wpn_shotgun_shells_red|material|vm_t6_s12_fastmag|xmodel|t6_s12_up|weapon|zone_source/zm_parkour_nothing0.zone|csv
6176,image,i_t6_wpn_shotgun_shells_red_c,286,131072,|mc/mtl_t6_wpn_shotgun_shells_red|material|vm_t6_s12_fastmag|xmodel|t6_s12_up|weapon|zone_source/zm_parkour_nothing0.zone|csv
6177,image,i_t6_wpn_pistol_kard_g,271,218440,|mc/mtl_t6_wpn_pistol_kard|material|wm_t6_kap40_ldw|xmodel|t6_kap40_ldw_up_zm|weapon|zone_source/zm_parkour_nothing0.zone|csv
6178,image,i_t6_wpn_pistol_kard_s,279,196608,|mc/mtl_t6_wpn_pistol_kard|material|wm_t6_kap40_ldw|xmodel|t6_kap40_ldw_up_zm|weapon|zone_source/zm_parkour_nothing0.zone|csv
6179,image,i_t6_wpn_shotty_870mcs_camo1_o,287,196608,|mc/mtl_t6_wpn_shotty_870mcs_camo1|material|t6_camo_rem870mcs_table|weaponcamo|t6_rem870mcs_up|weapon|zone_source/zm_parkour_nothing0.zone|csv
6180,image,i_t6_wpn_pistol_kard_c,287,371384,|mc/mtl_t6_wpn_pistol_kard|material|wm_t6_kap40_ldw|xmodel|t6_kap40_ldw_up_zm|weapon|zone_source/zm_parkour_nothing0.zone|csv
6181,image,i_t6_wpn_pistol_kard_n,279,393216,|mc/mtl_t6_wpn_pistol_kard|material|wm_t6_kap40_ldw|xmodel|t6_kap40_ldw_up_zm|weapon|zone_source/zm_parkour_nothing0.zone|csv
6182,image,i_t6_wpn_shotty_870mcs_camo1_g,279,742728,|mc/mtl_t6_wpn_shotty_870mcs_camo1|material|t6_camo_rem870mcs_table|weaponcamo|t6_rem870mcs_up|weapon|zone_source/zm_parkour_nothing0.zone|csv
6183,image,i_t6_wpn_shotty_870mcs_camo1_s,287,720896,|mc/mtl_t6_wpn_shotty_870mcs_camo1|material|t6_camo_rem870mcs_table|weaponcamo|t6_rem870mcs_up|weapon|zone_source/zm_parkour_nothing0.zone|csv
6184,image,i_t6_wpn_shotty_870mcs_camo1_c,295,1419960,|mc/mtl_t6_wpn_shotty_870mcs_camo1|material|t6_camo_rem870mcs_table|weaponcamo|t6_rem870mcs_up|weapon|zone_source/zm_parkour_nothing0.zone|csv
6185,image,i_t6_wpn_shotty_870mcs_camo1_n,287,1441792,|mc/mtl_t6_wpn_shotty_870mcs_camo1|material|t6_camo_rem870mcs_table|weaponcamo|t6_rem870mcs_up|weapon|zone_source/zm_parkour_nothing0.zone|csv
6186,assetlist,,97648,0,
