physpreset,p7_cinder_block
xanim,ai_direwolf_base_idle_howl
xanim,ai_zombie_base_ad_attack_v1
xanim,ai_zombie_base_ad_attack_v2
xanim,ai_zombie_base_ad_attack_v3
xanim,ai_zombie_base_ad_attack_v4
xanim,ai_zombie_base_au_attack_v1
xanim,ai_zombie_base_au_attack_v2
xanim,ai_zombie_base_au_attack_v3
xanim,ai_zombie_base_au_attack_v4
xanim,ai_zombie_base_boardtear_aligned_l_1_grab
xanim,ai_zombie_base_boardtear_aligned_l_1_hold
xanim,ai_zombie_base_boardtear_aligned_l_1_pull
xanim,ai_zombie_base_boardtear_aligned_l_2_grab
xanim,ai_zombie_base_boardtear_aligned_l_2_hold
xanim,ai_zombie_base_boardtear_aligned_l_2_pull
xanim,ai_zombie_base_boardtear_aligned_l_3_grab
xanim,ai_zombie_base_boardtear_aligned_l_3_hold
xanim,ai_zombie_base_boardtear_aligned_l_3_pull
xanim,ai_zombie_base_boardtear_aligned_l_4_grab
xanim,ai_zombie_base_boardtear_aligned_l_4_hold
xanim,ai_zombie_base_boardtear_aligned_l_4_pull
xanim,ai_zombie_base_boardtear_aligned_l_5_grab
xanim,ai_zombie_base_boardtear_aligned_l_5_hold
xanim,ai_zombie_base_boardtear_aligned_l_5_pull
xanim,ai_zombie_base_boardtear_aligned_l_6_grab
xanim,ai_zombie_base_boardtear_aligned_l_6_hold
xanim,ai_zombie_base_boardtear_aligned_l_6_pull
xanim,ai_zombie_base_boardtear_aligned_m_1_grab
xanim,ai_zombie_base_boardtear_aligned_m_1_hold
xanim,ai_zombie_base_boardtear_aligned_m_1_pull
xanim,ai_zombie_base_boardtear_aligned_m_2_grab
xanim,ai_zombie_base_boardtear_aligned_m_2_hold
xanim,ai_zombie_base_boardtear_aligned_m_2_pull
xanim,ai_zombie_base_boardtear_aligned_m_3_grab
xanim,ai_zombie_base_boardtear_aligned_m_3_hold
xanim,ai_zombie_base_boardtear_aligned_m_3_pull
xanim,ai_zombie_base_boardtear_aligned_m_4_grab
xanim,ai_zombie_base_boardtear_aligned_m_4_hold
xanim,ai_zombie_base_boardtear_aligned_m_4_pull
xanim,ai_zombie_base_boardtear_aligned_m_5_grab
xanim,ai_zombie_base_boardtear_aligned_m_5_hold
xanim,ai_zombie_base_boardtear_aligned_m_5_pull
xanim,ai_zombie_base_boardtear_aligned_m_6_grab
xanim,ai_zombie_base_boardtear_aligned_m_6_hold
xanim,ai_zombie_base_boardtear_aligned_m_6_pull
xanim,ai_zombie_base_boardtear_aligned_r_1_grab
xanim,ai_zombie_base_boardtear_aligned_r_1_hold
xanim,ai_zombie_base_boardtear_aligned_r_1_pull
xanim,ai_zombie_base_boardtear_aligned_r_2_grab
xanim,ai_zombie_base_boardtear_aligned_r_2_hold
xanim,ai_zombie_base_boardtear_aligned_r_2_pull
xanim,ai_zombie_base_boardtear_aligned_r_3_grab
xanim,ai_zombie_base_boardtear_aligned_r_3_hold
xanim,ai_zombie_base_boardtear_aligned_r_3_pull
xanim,ai_zombie_base_boardtear_aligned_r_4_grab
xanim,ai_zombie_base_boardtear_aligned_r_4_hold
xanim,ai_zombie_base_boardtear_aligned_r_4_pull
xanim,ai_zombie_base_boardtear_aligned_r_5_grab
xanim,ai_zombie_base_boardtear_aligned_r_5_hold
xanim,ai_zombie_base_boardtear_aligned_r_5_pull
xanim,ai_zombie_base_boardtear_aligned_r_6_grab
xanim,ai_zombie_base_boardtear_aligned_r_6_hold
xanim,ai_zombie_base_boardtear_aligned_r_6_pull
xanim,ai_zombie_base_crawl_attack_v1
xanim,ai_zombie_base_crawl_attack_v2
xanim,ai_zombie_base_crawl_boardtear_aligned_l_1_grab
xanim,ai_zombie_base_crawl_boardtear_aligned_l_1_hold
xanim,ai_zombie_base_crawl_boardtear_aligned_l_1_pull
xanim,ai_zombie_base_crawl_boardtear_aligned_l_2_grab
xanim,ai_zombie_base_crawl_boardtear_aligned_l_2_hold
xanim,ai_zombie_base_crawl_boardtear_aligned_l_2_pull
xanim,ai_zombie_base_crawl_boardtear_aligned_l_3_grab
xanim,ai_zombie_base_crawl_boardtear_aligned_l_3_hold
xanim,ai_zombie_base_crawl_boardtear_aligned_l_3_pull
xanim,ai_zombie_base_crawl_boardtear_aligned_l_4_grab
xanim,ai_zombie_base_crawl_boardtear_aligned_l_4_hold
xanim,ai_zombie_base_crawl_boardtear_aligned_l_4_pull
xanim,ai_zombie_base_crawl_boardtear_aligned_l_5_grab
xanim,ai_zombie_base_crawl_boardtear_aligned_l_5_hold
xanim,ai_zombie_base_crawl_boardtear_aligned_l_5_pull
xanim,ai_zombie_base_crawl_boardtear_aligned_l_6_grab
xanim,ai_zombie_base_crawl_boardtear_aligned_l_6_hold
xanim,ai_zombie_base_crawl_boardtear_aligned_l_6_pull
xanim,ai_zombie_base_crawl_boardtear_aligned_m_1_grab
xanim,ai_zombie_base_crawl_boardtear_aligned_m_1_hold
xanim,ai_zombie_base_crawl_boardtear_aligned_m_1_pull
xanim,ai_zombie_base_crawl_boardtear_aligned_m_2_grab
xanim,ai_zombie_base_crawl_boardtear_aligned_m_2_hold
xanim,ai_zombie_base_crawl_boardtear_aligned_m_2_pull
xanim,ai_zombie_base_crawl_boardtear_aligned_m_3_grab
xanim,ai_zombie_base_crawl_boardtear_aligned_m_3_hold
xanim,ai_zombie_base_crawl_boardtear_aligned_m_3_pull
xanim,ai_zombie_base_crawl_boardtear_aligned_m_4_grab
xanim,ai_zombie_base_crawl_boardtear_aligned_m_4_hold
xanim,ai_zombie_base_crawl_boardtear_aligned_m_4_pull
xanim,ai_zombie_base_crawl_boardtear_aligned_m_5_grab
xanim,ai_zombie_base_crawl_boardtear_aligned_m_5_hold
xanim,ai_zombie_base_crawl_boardtear_aligned_m_5_pull
xanim,ai_zombie_base_crawl_boardtear_aligned_m_6_grab
xanim,ai_zombie_base_crawl_boardtear_aligned_m_6_hold
xanim,ai_zombie_base_crawl_boardtear_aligned_m_6_pull
xanim,ai_zombie_base_crawl_boardtear_aligned_r_1_grab
xanim,ai_zombie_base_crawl_boardtear_aligned_r_1_hold
xanim,ai_zombie_base_crawl_boardtear_aligned_r_1_pull
xanim,ai_zombie_base_crawl_boardtear_aligned_r_2_grab
xanim,ai_zombie_base_crawl_boardtear_aligned_r_2_hold
xanim,ai_zombie_base_crawl_boardtear_aligned_r_2_pull
xanim,ai_zombie_base_crawl_boardtear_aligned_r_3_grab
xanim,ai_zombie_base_crawl_boardtear_aligned_r_3_hold
xanim,ai_zombie_base_crawl_boardtear_aligned_r_3_pull
xanim,ai_zombie_base_crawl_boardtear_aligned_r_4_grab
xanim,ai_zombie_base_crawl_boardtear_aligned_r_4_hold
xanim,ai_zombie_base_crawl_boardtear_aligned_r_4_pull
xanim,ai_zombie_base_crawl_boardtear_aligned_r_5_grab
xanim,ai_zombie_base_crawl_boardtear_aligned_r_5_hold
xanim,ai_zombie_base_crawl_boardtear_aligned_r_5_pull
xanim,ai_zombie_base_crawl_boardtear_aligned_r_6_grab
xanim,ai_zombie_base_crawl_boardtear_aligned_r_6_hold
xanim,ai_zombie_base_crawl_boardtear_aligned_r_6_pull
xanim,ai_zombie_base_crawl_death_v1
xanim,ai_zombie_base_crawl_death_v2
xanim,ai_zombie_base_crawl_dth_tesla_a
xanim,ai_zombie_base_crawl_dth_tesla_b
xanim,ai_zombie_base_crawl_idle_v1
xanim,ai_zombie_base_crawl_run_win_trav_l_v1
xanim,ai_zombie_base_crawl_run_win_trav_r_v1
xanim,ai_zombie_base_crawl_sprint_v1
xanim,ai_zombie_base_crawl_sprint_v2
xanim,ai_zombie_base_crawl_sprint_v3
xanim,ai_zombie_base_crawl_sprint_win_trav_l_v1
xanim,ai_zombie_base_crawl_sprint_win_trav_r_v1
xanim,ai_zombie_base_crawl_v1
xanim,ai_zombie_base_crawl_v2
xanim,ai_zombie_base_crawl_v3
xanim,ai_zombie_base_crawl_v4
xanim,ai_zombie_base_crawl_v5
xanim,ai_zombie_base_crawl_win_trav_l_v1
xanim,ai_zombie_base_crawl_win_trav_m_v1
xanim,ai_zombie_base_crawl_win_trav_m_v2
xanim,ai_zombie_base_crawl_win_trav_r_v1
xanim,ai_zombie_base_death_v1
xanim,ai_zombie_base_death_v2
xanim,ai_zombie_base_death_v3
xanim,ai_zombie_base_dog_death_front
xanim,ai_zombie_base_dog_death_front_a
xanim,ai_zombie_base_dog_death_hit_back
xanim,ai_zombie_base_dog_death_hit_left
xanim,ai_zombie_base_dog_death_hit_right
xanim,ai_zombie_base_dog_idle
xanim,ai_zombie_base_dog_run
xanim,ai_zombie_base_dog_run_1
xanim,ai_zombie_base_dog_run_2
xanim,ai_zombie_base_dog_run_attack
xanim,ai_zombie_base_dog_run_attack_low
xanim,ai_zombie_base_dog_run_jump_256
xanim,ai_zombie_base_dog_run_start
xanim,ai_zombie_base_dog_run_turn_180_left
xanim,ai_zombie_base_dog_run_turn_180_right
xanim,ai_zombie_base_dog_run_turn_90_left
xanim,ai_zombie_base_dog_run_turn_90_right
xanim,ai_zombie_base_dog_traverse_down_126
xanim,ai_zombie_base_dog_traverse_down_127
xanim,ai_zombie_base_dog_traverse_down_184
xanim,ai_zombie_base_dog_traverse_down_190
xanim,ai_zombie_base_dog_traverse_down_40
xanim,ai_zombie_base_dog_traverse_down_48
xanim,ai_zombie_base_dog_traverse_down_72
xanim,ai_zombie_base_dog_traverse_down_96
xanim,ai_zombie_base_dog_traverse_up_40
xanim,ai_zombie_base_dog_traverse_up_48
xanim,ai_zombie_base_dog_trot
xanim,ai_zombie_base_dog_trot_turn_180_left
xanim,ai_zombie_base_dog_trot_turn_180_right
xanim,ai_zombie_base_dog_trot_turn_90_left
xanim,ai_zombie_base_dog_trot_turn_90_right
xanim,ai_zombie_base_dth_tesla_a
xanim,ai_zombie_base_dth_tesla_b
xanim,ai_zombie_base_dth_tesla_c
xanim,ai_zombie_base_dth_tesla_d
xanim,ai_zombie_base_fast_sprint_01
xanim,ai_zombie_base_fast_sprint_01_pain_chest_f
xanim,ai_zombie_base_fast_sprint_01_pain_chest_f_alt
xanim,ai_zombie_base_fast_sprint_02
xanim,ai_zombie_base_fast_sprint_02_pain_chest_f
xanim,ai_zombie_base_fast_sprint_02_pain_chest_f_alt
xanim,ai_zombie_base_fwd_ad_attack_v1
xanim,ai_zombie_base_fwd_ad_attack_v2
xanim,ai_zombie_base_idle_ad_v1
xanim,ai_zombie_base_idle_au_v1
xanim,ai_zombie_base_run_ad_attack_v1
xanim,ai_zombie_base_run_ad_attack_v2
xanim,ai_zombie_base_run_ad_attack_v3
xanim,ai_zombie_base_run_ad_attack_v4
xanim,ai_zombie_base_run_ad_sidestep_left_long_a
xanim,ai_zombie_base_run_ad_sidestep_left_long_b
xanim,ai_zombie_base_run_ad_sidestep_left_short_a
xanim,ai_zombie_base_run_ad_sidestep_right_long
xanim,ai_zombie_base_run_ad_sidestep_right_long_a
xanim,ai_zombie_base_run_ad_sidestep_right_short
xanim,ai_zombie_base_run_ad_v1
xanim,ai_zombie_base_run_ad_v11
xanim,ai_zombie_base_run_ad_v11_pain_chest_f
xanim,ai_zombie_base_run_ad_v11_pain_chest_f_alt
xanim,ai_zombie_base_run_ad_v12
xanim,ai_zombie_base_run_ad_v12_pain_chest_f
xanim,ai_zombie_base_run_ad_v12_pain_chest_f_alt
xanim,ai_zombie_base_run_ad_v14
xanim,ai_zombie_base_run_ad_v14_pain_chest_f
xanim,ai_zombie_base_run_ad_v14_pain_chest_f_alt
xanim,ai_zombie_base_run_ad_v1_pain_chest_f
xanim,ai_zombie_base_run_ad_v1_pain_chest_f_alt
xanim,ai_zombie_base_run_ad_v2
xanim,ai_zombie_base_run_ad_v20
xanim,ai_zombie_base_run_ad_v20_pain_chest_f
xanim,ai_zombie_base_run_ad_v20_pain_chest_f_alt
xanim,ai_zombie_base_run_ad_v21
xanim,ai_zombie_base_run_ad_v21_pain_chest_f
xanim,ai_zombie_base_run_ad_v21_pain_chest_f_alt
xanim,ai_zombie_base_run_ad_v22
xanim,ai_zombie_base_run_ad_v22_pain_chest_f
xanim,ai_zombie_base_run_ad_v22_pain_chest_f_alt
xanim,ai_zombie_base_run_ad_v23
xanim,ai_zombie_base_run_ad_v23_pain_chest_f
xanim,ai_zombie_base_run_ad_v23_pain_chest_f_alt
xanim,ai_zombie_base_run_ad_v24
xanim,ai_zombie_base_run_ad_v24_pain_chest_f
xanim,ai_zombie_base_run_ad_v24_pain_chest_f_alt
xanim,ai_zombie_base_run_ad_v2_pain_chest_f
xanim,ai_zombie_base_run_ad_v2_pain_chest_f_alt
xanim,ai_zombie_base_run_ad_v4
xanim,ai_zombie_base_run_ad_v4_pain_chest_f
xanim,ai_zombie_base_run_ad_v4_pain_chest_f_alt
xanim,ai_zombie_base_run_ad_v7
xanim,ai_zombie_base_run_ad_v7_pain_chest_f
xanim,ai_zombie_base_run_ad_v7_pain_chest_f_alt
xanim,ai_zombie_base_run_ad_v8
xanim,ai_zombie_base_run_ad_v8_pain_chest_f
xanim,ai_zombie_base_run_ad_v8_pain_chest_f_alt
xanim,ai_zombie_base_run_ad_win_trav_l_v1
xanim,ai_zombie_base_run_ad_win_trav_m_v1
xanim,ai_zombie_base_run_ad_win_trav_r_v1
xanim,ai_zombie_base_run_au_attack_v1
xanim,ai_zombie_base_run_au_attack_v2
xanim,ai_zombie_base_run_au_attack_v3
xanim,ai_zombie_base_run_au_attack_v4
xanim,ai_zombie_base_run_au_sidestep_left_long_a
xanim,ai_zombie_base_run_au_sidestep_left_long_b
xanim,ai_zombie_base_run_au_sidestep_left_long_c
xanim,ai_zombie_base_run_au_sidestep_left_short
xanim,ai_zombie_base_run_au_sidestep_left_short_a
xanim,ai_zombie_base_run_au_sidestep_left_short_b
xanim,ai_zombie_base_run_au_sidestep_right_long_a
xanim,ai_zombie_base_run_au_sidestep_right_long_b
xanim,ai_zombie_base_run_au_sidestep_right_long_c
xanim,ai_zombie_base_run_au_sidestep_right_short_a
xanim,ai_zombie_base_run_au_sidestep_right_short_b
xanim,ai_zombie_base_run_au_sidestep_right_short_c
xanim,ai_zombie_base_run_au_sidestep_right_short_d
xanim,ai_zombie_base_run_au_v1
xanim,ai_zombie_base_run_au_v11
xanim,ai_zombie_base_run_au_v11_pain_chest_f
xanim,ai_zombie_base_run_au_v11_pain_chest_f_alt
xanim,ai_zombie_base_run_au_v13
xanim,ai_zombie_base_run_au_v13_pain_chest_f
xanim,ai_zombie_base_run_au_v1_pain_chest_f
xanim,ai_zombie_base_run_au_v1_pain_chest_f_alt
xanim,ai_zombie_base_run_au_v2
xanim,ai_zombie_base_run_au_v20
xanim,ai_zombie_base_run_au_v20_pain_chest_f
xanim,ai_zombie_base_run_au_v20_pain_chest_f_alt
xanim,ai_zombie_base_run_au_v21
xanim,ai_zombie_base_run_au_v21_pain_chest_f
xanim,ai_zombie_base_run_au_v21_pain_chest_f_alt
xanim,ai_zombie_base_run_au_v22
xanim,ai_zombie_base_run_au_v22_pain_chest_f
xanim,ai_zombie_base_run_au_v22_pain_chest_f_alt
xanim,ai_zombie_base_run_au_v23
xanim,ai_zombie_base_run_au_v23_pain_chest_f
xanim,ai_zombie_base_run_au_v23_pain_chest_f_alt
xanim,ai_zombie_base_run_au_v24
xanim,ai_zombie_base_run_au_v24_pain_chest_f
xanim,ai_zombie_base_run_au_v24_pain_chest_f_alt
xanim,ai_zombie_base_run_au_v2_pain_chest_f
xanim,ai_zombie_base_run_au_v2_pain_chest_f_alt
xanim,ai_zombie_base_run_au_v4
xanim,ai_zombie_base_run_au_v4_pain_chest_f
xanim,ai_zombie_base_run_au_v4_pain_chest_f_alt
xanim,ai_zombie_base_run_au_v5
xanim,ai_zombie_base_run_au_v5_pain_chest_f
xanim,ai_zombie_base_run_au_v5_pain_chest_f_alt
xanim,ai_zombie_base_run_au_v9
xanim,ai_zombie_base_run_au_v9_pain_chest_f
xanim,ai_zombie_base_run_au_v9_pain_chest_f_alt
xanim,ai_zombie_base_run_au_win_trav_l_v1
xanim,ai_zombie_base_run_au_win_trav_m_v1
xanim,ai_zombie_base_run_au_win_trav_r_v1
xanim,ai_zombie_base_run_jump_down_36
xanim,ai_zombie_base_run_jump_down_48
xanim,ai_zombie_base_run_jump_down_72
xanim,ai_zombie_base_run_jump_down_96
xanim,ai_zombie_base_run_jump_up_36
xanim,ai_zombie_base_run_jump_up_48
xanim,ai_zombie_base_run_jump_up_72
xanim,ai_zombie_base_run_jump_up_96
xanim,ai_zombie_base_run_mantle_over_36
xanim,ai_zombie_base_run_mantle_over_48
xanim,ai_zombie_base_run_mantle_over_72
xanim,ai_zombie_base_run_mantle_over_96
xanim,ai_zombie_base_run_turn_135_l_v2
xanim,ai_zombie_base_run_turn_135_r_v2
xanim,ai_zombie_base_run_turn_180_l_v2
xanim,ai_zombie_base_run_turn_180_r_v2
xanim,ai_zombie_base_run_turn_45_l_v2
xanim,ai_zombie_base_run_turn_45_r_v2
xanim,ai_zombie_base_run_turn_90_l_v3
xanim,ai_zombie_base_run_turn_90_r_v2
xanim,ai_zombie_base_sprint_ad_sidestep_left_long_a
xanim,ai_zombie_base_sprint_ad_sidestep_left_long_b
xanim,ai_zombie_base_sprint_ad_sidestep_left_short_a
xanim,ai_zombie_base_sprint_ad_sidestep_right_long
xanim,ai_zombie_base_sprint_ad_sidestep_right_long_a
xanim,ai_zombie_base_sprint_ad_sidestep_right_long_b
xanim,ai_zombie_base_sprint_ad_sidestep_right_short_a
xanim,ai_zombie_base_sprint_ad_v1
xanim,ai_zombie_base_sprint_ad_v1_pain_chest_f
xanim,ai_zombie_base_sprint_ad_v1_pain_chest_f_alt
xanim,ai_zombie_base_sprint_ad_v2
xanim,ai_zombie_base_sprint_ad_v21
xanim,ai_zombie_base_sprint_ad_v21_pain_chest_f
xanim,ai_zombie_base_sprint_ad_v21_pain_chest_f_alt
xanim,ai_zombie_base_sprint_ad_v22
xanim,ai_zombie_base_sprint_ad_v22_pain_chest_f
xanim,ai_zombie_base_sprint_ad_v22_pain_chest_f_alt
xanim,ai_zombie_base_sprint_ad_v23
xanim,ai_zombie_base_sprint_ad_v23_pain_chest_f
xanim,ai_zombie_base_sprint_ad_v23_pain_chest_f_alt
xanim,ai_zombie_base_sprint_ad_v24
xanim,ai_zombie_base_sprint_ad_v24_pain_chest_f
xanim,ai_zombie_base_sprint_ad_v24_pain_chest_f_alt
xanim,ai_zombie_base_sprint_ad_v2_pain_chest_f
xanim,ai_zombie_base_sprint_ad_v2_pain_chest_f_alt
xanim,ai_zombie_base_sprint_ad_v5
xanim,ai_zombie_base_sprint_ad_v5_pain_chest_f
xanim,ai_zombie_base_sprint_ad_v5_pain_chest_f_alt
xanim,ai_zombie_base_sprint_ad_win_trav_l_v1
xanim,ai_zombie_base_sprint_ad_win_trav_m_v1
xanim,ai_zombie_base_sprint_ad_win_trav_m_v2
xanim,ai_zombie_base_sprint_ad_win_trav_r_v1
xanim,ai_zombie_base_sprint_au_sidestep_left_long_a
xanim,ai_zombie_base_sprint_au_sidestep_left_long_b
xanim,ai_zombie_base_sprint_au_sidestep_left_short_a
xanim,ai_zombie_base_sprint_au_sidestep_left_short_b
xanim,ai_zombie_base_sprint_au_sidestep_right_long_a
xanim,ai_zombie_base_sprint_au_sidestep_right_long_b
xanim,ai_zombie_base_sprint_au_sidestep_right_short_a
xanim,ai_zombie_base_sprint_au_sidestep_right_short_b
xanim,ai_zombie_base_sprint_au_v1
xanim,ai_zombie_base_sprint_au_v1_pain_chest_f
xanim,ai_zombie_base_sprint_au_v1_pain_chest_f_alt
xanim,ai_zombie_base_sprint_au_v2
xanim,ai_zombie_base_sprint_au_v20
xanim,ai_zombie_base_sprint_au_v20_pain_chest_f
xanim,ai_zombie_base_sprint_au_v20_pain_chest_f_alt
xanim,ai_zombie_base_sprint_au_v21
xanim,ai_zombie_base_sprint_au_v21_pain_chest_f
xanim,ai_zombie_base_sprint_au_v21_pain_chest_f_alt
xanim,ai_zombie_base_sprint_au_v22
xanim,ai_zombie_base_sprint_au_v22_pain_chest_f
xanim,ai_zombie_base_sprint_au_v22_pain_chest_f_alt
xanim,ai_zombie_base_sprint_au_v25
xanim,ai_zombie_base_sprint_au_v25_pain_chest_f
xanim,ai_zombie_base_sprint_au_v25_pain_chest_f_alt
xanim,ai_zombie_base_sprint_au_v2_pain_chest_f
xanim,ai_zombie_base_sprint_au_v2_pain_chest_f_alt
xanim,ai_zombie_base_sprint_au_win_trav_l_v1
xanim,ai_zombie_base_sprint_au_win_trav_m_v1
xanim,ai_zombie_base_sprint_au_win_trav_m_v2
xanim,ai_zombie_base_sprint_au_win_trav_r_v1
xanim,ai_zombie_base_sprint_turn_135_l_v2
xanim,ai_zombie_base_sprint_turn_135_r_v2
xanim,ai_zombie_base_sprint_turn_180_l_v2
xanim,ai_zombie_base_sprint_turn_180_r_v3
xanim,ai_zombie_base_sprint_turn_45_l_v2
xanim,ai_zombie_base_sprint_turn_45_r_v2
xanim,ai_zombie_base_sprint_turn_90_l_v2
xanim,ai_zombie_base_sprint_turn_90_r_v2
xanim,ai_zombie_base_supersprint_ad_v1
xanim,ai_zombie_base_supersprint_ad_v2
xanim,ai_zombie_base_supersprint_au_v1
xanim,ai_zombie_base_supersprint_au_v2
xanim,ai_zombie_base_walk_ad_attack_v1
xanim,ai_zombie_base_walk_ad_attack_v2
xanim,ai_zombie_base_walk_ad_attack_v3
xanim,ai_zombie_base_walk_ad_attack_v4
xanim,ai_zombie_base_walk_ad_sidestep_left_long_b
xanim,ai_zombie_base_walk_ad_sidestep_left_short
xanim,ai_zombie_base_walk_ad_sidestep_left_short_b
xanim,ai_zombie_base_walk_ad_sidestep_right_a
xanim,ai_zombie_base_walk_ad_sidestep_right_long_a
xanim,ai_zombie_base_walk_ad_sidestep_right_long_b
xanim,ai_zombie_base_walk_ad_sidestep_right_short
xanim,ai_zombie_base_walk_ad_sidestep_right_short_a
xanim,ai_zombie_base_walk_ad_v1
xanim,ai_zombie_base_walk_ad_v19
xanim,ai_zombie_base_walk_ad_v19_pain_chest_f
xanim,ai_zombie_base_walk_ad_v19_pain_chest_f_alt
xanim,ai_zombie_base_walk_ad_v1_pain_chest_f
xanim,ai_zombie_base_walk_ad_v1_pain_chest_f_alt
xanim,ai_zombie_base_walk_ad_v2
xanim,ai_zombie_base_walk_ad_v20
xanim,ai_zombie_base_walk_ad_v20_pain_chest_f
xanim,ai_zombie_base_walk_ad_v20_pain_chest_f_alt
xanim,ai_zombie_base_walk_ad_v21
xanim,ai_zombie_base_walk_ad_v21_pain_chest_f
xanim,ai_zombie_base_walk_ad_v21_pain_chest_f_alt
xanim,ai_zombie_base_walk_ad_v22
xanim,ai_zombie_base_walk_ad_v22_pain_chest_f
xanim,ai_zombie_base_walk_ad_v22_pain_chest_f_alt
xanim,ai_zombie_base_walk_ad_v23
xanim,ai_zombie_base_walk_ad_v23_pain_chest_f
xanim,ai_zombie_base_walk_ad_v23_pain_chest_f_alt
xanim,ai_zombie_base_walk_ad_v24
xanim,ai_zombie_base_walk_ad_v24_pain_chest_f
xanim,ai_zombie_base_walk_ad_v24_pain_chest_f_alt
xanim,ai_zombie_base_walk_ad_v25
xanim,ai_zombie_base_walk_ad_v25_pain_chest_f
xanim,ai_zombie_base_walk_ad_v25_pain_chest_f_alt
xanim,ai_zombie_base_walk_ad_v2_pain_chest_f
xanim,ai_zombie_base_walk_ad_v2_pain_chest_f_alt
xanim,ai_zombie_base_walk_ad_v3
xanim,ai_zombie_base_walk_ad_v3_pain_chest_f
xanim,ai_zombie_base_walk_ad_v3_pain_chest_f_alt
xanim,ai_zombie_base_walk_ad_v4
xanim,ai_zombie_base_walk_ad_v4_pain_chest_f
xanim,ai_zombie_base_walk_ad_v4_pain_chest_f_alt
xanim,ai_zombie_base_walk_ad_v5
xanim,ai_zombie_base_walk_ad_v5_pain_chest_f
xanim,ai_zombie_base_walk_ad_v5_pain_chest_f_alt
xanim,ai_zombie_base_walk_ad_v6
xanim,ai_zombie_base_walk_ad_v6_pain_chest_f
xanim,ai_zombie_base_walk_ad_v6_pain_chest_f_alt
xanim,ai_zombie_base_walk_ad_v7
xanim,ai_zombie_base_walk_ad_v7_pain_chest_f
xanim,ai_zombie_base_walk_ad_v7_pain_chest_f_alt
xanim,ai_zombie_base_walk_ad_win_trav_l_v1
xanim,ai_zombie_base_walk_ad_win_trav_m_v1
xanim,ai_zombie_base_walk_ad_win_trav_m_v2
xanim,ai_zombie_base_walk_ad_win_trav_m_v3
xanim,ai_zombie_base_walk_ad_win_trav_r_v1
xanim,ai_zombie_base_walk_au_attack_v1
xanim,ai_zombie_base_walk_au_attack_v2
xanim,ai_zombie_base_walk_au_attack_v3
xanim,ai_zombie_base_walk_au_attack_v4
xanim,ai_zombie_base_walk_au_pain_head_v1
xanim,ai_zombie_base_walk_au_pain_legs_v1
xanim,ai_zombie_base_walk_au_pain_torso_v1
xanim,ai_zombie_base_walk_au_sidestep_left_long
xanim,ai_zombie_base_walk_au_sidestep_left_long_d
xanim,ai_zombie_base_walk_au_sidestep_left_short
xanim,ai_zombie_base_walk_au_sidestep_right_b
xanim,ai_zombie_base_walk_au_sidestep_right_short
xanim,ai_zombie_base_walk_au_v1
xanim,ai_zombie_base_walk_au_v10
xanim,ai_zombie_base_walk_au_v10_pain_chest_f
xanim,ai_zombie_base_walk_au_v10_pain_chest_f_alt
xanim,ai_zombie_base_walk_au_v11
xanim,ai_zombie_base_walk_au_v11_pain_chest_f
xanim,ai_zombie_base_walk_au_v11_pain_chest_f_alt
xanim,ai_zombie_base_walk_au_v12
xanim,ai_zombie_base_walk_au_v12_pain_chest_f
xanim,ai_zombie_base_walk_au_v12_pain_chest_f_alt
xanim,ai_zombie_base_walk_au_v13
xanim,ai_zombie_base_walk_au_v13_pain_chest_f
xanim,ai_zombie_base_walk_au_v13_pain_chest_f_alt
xanim,ai_zombie_base_walk_au_v15
xanim,ai_zombie_base_walk_au_v15_pain_chest_f
xanim,ai_zombie_base_walk_au_v15_pain_chest_f_alt
xanim,ai_zombie_base_walk_au_v1_pain_chest_f
xanim,ai_zombie_base_walk_au_v1_pain_chest_f_alt
xanim,ai_zombie_base_walk_au_v2
xanim,ai_zombie_base_walk_au_v20
xanim,ai_zombie_base_walk_au_v20_pain_chest_f
xanim,ai_zombie_base_walk_au_v20_pain_chest_f_alt
xanim,ai_zombie_base_walk_au_v21
xanim,ai_zombie_base_walk_au_v21_pain_chest_f
xanim,ai_zombie_base_walk_au_v21_pain_chest_f_alt
xanim,ai_zombie_base_walk_au_v23
xanim,ai_zombie_base_walk_au_v23_pain_chest_f
xanim,ai_zombie_base_walk_au_v23_pain_chest_f_alt
xanim,ai_zombie_base_walk_au_v2_pain_chest_f
xanim,ai_zombie_base_walk_au_v2_pain_chest_f_alt
xanim,ai_zombie_base_walk_au_v3
xanim,ai_zombie_base_walk_au_v3_pain_chest_f
xanim,ai_zombie_base_walk_au_v3_pain_chest_f_alt
xanim,ai_zombie_base_walk_au_v4
xanim,ai_zombie_base_walk_au_v4_pain_chest_f
xanim,ai_zombie_base_walk_au_v4_pain_chest_f_alt
xanim,ai_zombie_base_walk_au_v5
xanim,ai_zombie_base_walk_au_v5_pain_chest_f
xanim,ai_zombie_base_walk_au_v5_pain_chest_f_alt
xanim,ai_zombie_base_walk_au_v6
xanim,ai_zombie_base_walk_au_v6_pain_chest_f
xanim,ai_zombie_base_walk_au_v6_pain_chest_f_alt
xanim,ai_zombie_base_walk_au_v7
xanim,ai_zombie_base_walk_au_v7_pain_chest_f
xanim,ai_zombie_base_walk_au_v7_pain_chest_f_alt
xanim,ai_zombie_base_walk_au_v8
xanim,ai_zombie_base_walk_au_v8_pain_chest_f
xanim,ai_zombie_base_walk_au_v8_pain_chest_f_alt
xanim,ai_zombie_base_walk_au_win_trav_l_v1
xanim,ai_zombie_base_walk_au_win_trav_m_v1
xanim,ai_zombie_base_walk_au_win_trav_m_v2
xanim,ai_zombie_base_walk_au_win_trav_m_v3
xanim,ai_zombie_base_walk_au_win_trav_r_v1
xanim,ai_zombie_base_walk_turn_135_l_v3
xanim,ai_zombie_base_walk_turn_135_r_v2
xanim,ai_zombie_base_walk_turn_180_l_v3
xanim,ai_zombie_base_walk_turn_180_r_v3
xanim,ai_zombie_base_walk_turn_45_l_v2
xanim,ai_zombie_base_walk_turn_45_r_v2
xanim,ai_zombie_base_walk_turn_90_l_v2
xanim,ai_zombie_base_walk_turn_90_r_v2
xanim,ai_zombie_base_win_attack_arm_l_out
xanim,ai_zombie_base_win_attack_arm_r_out
xanim,ai_zombie_crawl_dr_jump_down_72
xanim,ai_zombie_crawl_dr_jump_down_96
xanim,ai_zombie_dr_crawl_jump_down_127
xanim,ai_zombie_dr_crawl_jump_down_184
xanim,ai_zombie_dr_crawl_jump_down_190
xanim,ai_zombie_dr_crawl_jump_up_2_climb
xanim,ai_zombie_dr_jump_down_127
xanim,ai_zombie_dr_jump_down_184
xanim,ai_zombie_dr_jump_down_190
xanim,ai_zombie_dr_jump_down_72
xanim,ai_zombie_dr_jump_down_96
xanim,ai_zombie_dr_jump_up_2_climb
xanim,ai_zombie_zod_crawl_stunned_electrobolt_a
xanim,ai_zombie_zod_crawl_stunned_electrobolt_b
xanim,ai_zombie_zod_crawl_stunned_electrobolt_c
xanim,ai_zombie_zod_crawl_stunned_electrobolt_d
xanim,ai_zombie_zod_crawl_stunned_electrobolt_e
xanim,ai_zombie_zod_stunned_electrobolt_a
xanim,ai_zombie_zod_stunned_electrobolt_b
xanim,ai_zombie_zod_stunned_electrobolt_c
xanim,ai_zombie_zod_stunned_electrobolt_d
xanim,ai_zombie_zod_stunned_electrobolt_e
xanim,am_t6_ak47_ads_down
xanim,am_t6_ak47_ads_fire
xanim,am_t6_ak47_ads_up
xanim,am_t6_ak47_crawl_back
xanim,am_t6_ak47_crawl_forward
xanim,am_t6_ak47_crawl_in
xanim,am_t6_ak47_crawl_left
xanim,am_t6_ak47_crawl_out
xanim,am_t6_ak47_crawl_right
xanim,am_t6_ak47_fire
xanim,am_t6_ak47_first_raise
xanim,am_t6_ak47_idle
xanim,am_t6_ak47_pullout
xanim,am_t6_ak47_putaway
xanim,am_t6_ak47_reload
xanim,am_t6_ak47_reload_empty
xanim,am_t6_ak47_slide_air_in
xanim,am_t6_ak47_slide_in
xanim,am_t6_ak47_slide_loop
xanim,am_t6_ak47_slide_out
xanim,am_t6_ak47_sprint_in
xanim,am_t6_ak47_sprint_loop
xanim,am_t6_ak47_sprint_out
xanim,am_t6_ak74u_ads_down
xanim,am_t6_ak74u_ads_fire
xanim,am_t6_ak74u_ads_up
xanim,am_t6_ak74u_crawl_back
xanim,am_t6_ak74u_crawl_forward
xanim,am_t6_ak74u_crawl_in
xanim,am_t6_ak74u_crawl_left
xanim,am_t6_ak74u_crawl_out
xanim,am_t6_ak74u_crawl_right
xanim,am_t6_ak74u_fire
xanim,am_t6_ak74u_first_raise
xanim,am_t6_ak74u_idle
xanim,am_t6_ak74u_pullout
xanim,am_t6_ak74u_putaway
xanim,am_t6_ak74u_reflex_ads_down
xanim,am_t6_ak74u_reflex_ads_up
xanim,am_t6_ak74u_reload
xanim,am_t6_ak74u_reload_empty
xanim,am_t6_ak74u_slide_air_in
xanim,am_t6_ak74u_slide_in
xanim,am_t6_ak74u_slide_loop
xanim,am_t6_ak74u_slide_out
xanim,am_t6_ak74u_sprint_in
xanim,am_t6_ak74u_sprint_loop
xanim,am_t6_ak74u_sprint_out
xanim,am_t6_an94_ads_down
xanim,am_t6_an94_ads_fire
xanim,am_t6_an94_ads_up
xanim,am_t6_an94_crawl_back
xanim,am_t6_an94_crawl_forward
xanim,am_t6_an94_crawl_in
xanim,am_t6_an94_crawl_left
xanim,am_t6_an94_crawl_out
xanim,am_t6_an94_crawl_right
xanim,am_t6_an94_fire
xanim,am_t6_an94_first_raise
xanim,am_t6_an94_idle
xanim,am_t6_an94_pullout
xanim,am_t6_an94_putaway
xanim,am_t6_an94_reflex_ads_down
xanim,am_t6_an94_reflex_ads_up
xanim,am_t6_an94_reload
xanim,am_t6_an94_reload_empty
xanim,am_t6_an94_slide_air_in
xanim,am_t6_an94_slide_in
xanim,am_t6_an94_slide_loop
xanim,am_t6_an94_slide_out
xanim,am_t6_an94_sprint_in
xanim,am_t6_an94_sprint_loop
xanim,am_t6_an94_sprint_out
xanim,am_t6_b23r_ads_down
xanim,am_t6_b23r_ads_fire
xanim,am_t6_b23r_ads_up
xanim,am_t6_b23r_crawl_back
xanim,am_t6_b23r_crawl_forward
xanim,am_t6_b23r_crawl_in
xanim,am_t6_b23r_crawl_left
xanim,am_t6_b23r_crawl_out
xanim,am_t6_b23r_crawl_right
xanim,am_t6_b23r_fire
xanim,am_t6_b23r_first_raise
xanim,am_t6_b23r_idle
xanim,am_t6_b23r_pullout
xanim,am_t6_b23r_putaway
xanim,am_t6_b23r_reload
xanim,am_t6_b23r_reload_empty
xanim,am_t6_b23r_slide_air_in
xanim,am_t6_b23r_slide_in
xanim,am_t6_b23r_slide_loop
xanim,am_t6_b23r_slide_out
xanim,am_t6_b23r_sprint_in
xanim,am_t6_b23r_sprint_loop
xanim,am_t6_b23r_sprint_out
xanim,am_t6_ballista_ads_bolt
xanim,am_t6_ballista_ads_fire
xanim,am_t6_ballista_bolt
xanim,am_t6_ballista_crawl_back
xanim,am_t6_ballista_crawl_forward
xanim,am_t6_ballista_crawl_in
xanim,am_t6_ballista_crawl_left
xanim,am_t6_ballista_crawl_out
xanim,am_t6_ballista_crawl_right
xanim,am_t6_ballista_fire
xanim,am_t6_ballista_first_raise
xanim,am_t6_ballista_idle
xanim,am_t6_ballista_irons_ads_down
xanim,am_t6_ballista_irons_ads_up
xanim,am_t6_ballista_pullout
xanim,am_t6_ballista_pullout_quick
xanim,am_t6_ballista_putaway
xanim,am_t6_ballista_putaway_quick
xanim,am_t6_ballista_reload
xanim,am_t6_ballista_reload_empty
xanim,am_t6_ballista_scope_ads_down
xanim,am_t6_ballista_scope_ads_up
xanim,am_t6_ballista_slide_air_in
xanim,am_t6_ballista_slide_in
xanim,am_t6_ballista_slide_loop
xanim,am_t6_ballista_slide_out
xanim,am_t6_ballista_sprint_in
xanim,am_t6_ballista_sprint_loop
xanim,am_t6_ballista_sprint_out
xanim,am_t6_blundergat_ads_down
xanim,am_t6_blundergat_ads_fire
xanim,am_t6_blundergat_ads_up
xanim,am_t6_blundergat_crawl_back
xanim,am_t6_blundergat_crawl_forward
xanim,am_t6_blundergat_crawl_in
xanim,am_t6_blundergat_crawl_left
xanim,am_t6_blundergat_crawl_out
xanim,am_t6_blundergat_crawl_right
xanim,am_t6_blundergat_fire
xanim,am_t6_blundergat_first_raise
xanim,am_t6_blundergat_idle
xanim,am_t6_blundergat_pullout
xanim,am_t6_blundergat_pullout_quick
xanim,am_t6_blundergat_putaway
xanim,am_t6_blundergat_putaway_quick
xanim,am_t6_blundergat_reload
xanim,am_t6_blundergat_slide_air_in
xanim,am_t6_blundergat_slide_in
xanim,am_t6_blundergat_slide_loop
xanim,am_t6_blundergat_slide_out
xanim,am_t6_blundergat_sprint_in
xanim,am_t6_blundergat_sprint_loop
xanim,am_t6_blundergat_sprint_out
xanim,am_t6_browninghp_ads_down
xanim,am_t6_browninghp_ads_fire
xanim,am_t6_browninghp_ads_up
xanim,am_t6_browninghp_crawl_back
xanim,am_t6_browninghp_crawl_forward
xanim,am_t6_browninghp_crawl_in
xanim,am_t6_browninghp_crawl_left
xanim,am_t6_browninghp_crawl_out
xanim,am_t6_browninghp_crawl_right
xanim,am_t6_browninghp_fire
xanim,am_t6_browninghp_first_raise
xanim,am_t6_browninghp_idle
xanim,am_t6_browninghp_pullout
xanim,am_t6_browninghp_putaway
xanim,am_t6_browninghp_reload
xanim,am_t6_browninghp_reload_empty
xanim,am_t6_browninghp_slide_air_in
xanim,am_t6_browninghp_slide_in
xanim,am_t6_browninghp_slide_loop
xanim,am_t6_browninghp_slide_out
xanim,am_t6_browninghp_sprint_in
xanim,am_t6_browninghp_sprint_loop
xanim,am_t6_browninghp_sprint_out
xanim,am_t6_chicom_cqb_ads_down
xanim,am_t6_chicom_cqb_ads_fire
xanim,am_t6_chicom_cqb_ads_up
xanim,am_t6_chicom_cqb_crawl_back
xanim,am_t6_chicom_cqb_crawl_forward
xanim,am_t6_chicom_cqb_crawl_in
xanim,am_t6_chicom_cqb_crawl_left
xanim,am_t6_chicom_cqb_crawl_out
xanim,am_t6_chicom_cqb_crawl_right
xanim,am_t6_chicom_cqb_fastmag_reload
xanim,am_t6_chicom_cqb_fastmag_reload_empty
xanim,am_t6_chicom_cqb_fastmag_reload_empty_quick
xanim,am_t6_chicom_cqb_fastmag_reload_quick
xanim,am_t6_chicom_cqb_fire
xanim,am_t6_chicom_cqb_first_raise
xanim,am_t6_chicom_cqb_idle
xanim,am_t6_chicom_cqb_pullout
xanim,am_t6_chicom_cqb_putaway
xanim,am_t6_chicom_cqb_reflex_ads_down
xanim,am_t6_chicom_cqb_reflex_ads_up
xanim,am_t6_chicom_cqb_reload
xanim,am_t6_chicom_cqb_reload_empty
xanim,am_t6_chicom_cqb_slide_air_in
xanim,am_t6_chicom_cqb_slide_in
xanim,am_t6_chicom_cqb_slide_loop
xanim,am_t6_chicom_cqb_slide_out
xanim,am_t6_chicom_cqb_sprint_in
xanim,am_t6_chicom_cqb_sprint_loop
xanim,am_t6_chicom_cqb_sprint_out
xanim,am_t6_death_machine_ads_down
xanim,am_t6_death_machine_ads_up
xanim,am_t6_death_machine_fire
xanim,am_t6_death_machine_idle
xanim,am_t6_death_machine_pullout
xanim,am_t6_death_machine_pullout_quick
xanim,am_t6_death_machine_putaway
xanim,am_t6_death_machine_reload
xanim,am_t6_death_machine_slide_air_in
xanim,am_t6_death_machine_slide_in
xanim,am_t6_death_machine_slide_loop
xanim,am_t6_death_machine_slide_out
xanim,am_t6_death_machine_sprint_in
xanim,am_t6_death_machine_sprint_loop
xanim,am_t6_death_machine_sprint_out
xanim,am_t6_dragunov_ads_fire
xanim,am_t6_dragunov_crawl_back
xanim,am_t6_dragunov_crawl_forward
xanim,am_t6_dragunov_crawl_in
xanim,am_t6_dragunov_crawl_left
xanim,am_t6_dragunov_crawl_out
xanim,am_t6_dragunov_crawl_right
xanim,am_t6_dragunov_fire
xanim,am_t6_dragunov_first_raise
xanim,am_t6_dragunov_idle
xanim,am_t6_dragunov_pullout
xanim,am_t6_dragunov_pullout_quick
xanim,am_t6_dragunov_putaway
xanim,am_t6_dragunov_putaway_quick
xanim,am_t6_dragunov_reload
xanim,am_t6_dragunov_reload_empty
xanim,am_t6_dragunov_scope_ads_down
xanim,am_t6_dragunov_scope_ads_up
xanim,am_t6_dragunov_slide_air_in
xanim,am_t6_dragunov_slide_in
xanim,am_t6_dragunov_slide_loop
xanim,am_t6_dragunov_slide_out
xanim,am_t6_dragunov_sprint_in
xanim,am_t6_dragunov_sprint_loop
xanim,am_t6_dragunov_sprint_out
xanim,am_t6_dsr50_ads_bolt
xanim,am_t6_dsr50_ads_fire
xanim,am_t6_dsr50_bolt
xanim,am_t6_dsr50_crawl_back
xanim,am_t6_dsr50_crawl_forward
xanim,am_t6_dsr50_crawl_in
xanim,am_t6_dsr50_crawl_left
xanim,am_t6_dsr50_crawl_out
xanim,am_t6_dsr50_crawl_right
xanim,am_t6_dsr50_fire
xanim,am_t6_dsr50_first_raise
xanim,am_t6_dsr50_idle
xanim,am_t6_dsr50_irons_ads_down
xanim,am_t6_dsr50_irons_ads_up
xanim,am_t6_dsr50_pullout
xanim,am_t6_dsr50_pullout_quick
xanim,am_t6_dsr50_putaway
xanim,am_t6_dsr50_putaway_quick
xanim,am_t6_dsr50_reload
xanim,am_t6_dsr50_reload_empty
xanim,am_t6_dsr50_scope_ads_down
xanim,am_t6_dsr50_scope_ads_up
xanim,am_t6_dsr50_slide_air_in
xanim,am_t6_dsr50_slide_in
xanim,am_t6_dsr50_slide_loop
xanim,am_t6_dsr50_slide_out
xanim,am_t6_dsr50_sprint_in
xanim,am_t6_dsr50_sprint_loop
xanim,am_t6_dsr50_sprint_out
xanim,am_t6_executioner_ads_down
xanim,am_t6_executioner_ads_fire
xanim,am_t6_executioner_ads_up
xanim,am_t6_executioner_crawl_back
xanim,am_t6_executioner_crawl_forward
xanim,am_t6_executioner_crawl_in
xanim,am_t6_executioner_crawl_left
xanim,am_t6_executioner_crawl_out
xanim,am_t6_executioner_crawl_right
xanim,am_t6_executioner_fdw_crawl_back
xanim,am_t6_executioner_fdw_crawl_forward
xanim,am_t6_executioner_fdw_crawl_in
xanim,am_t6_executioner_fdw_crawl_left
xanim,am_t6_executioner_fdw_crawl_out
xanim,am_t6_executioner_fdw_crawl_right
xanim,am_t6_executioner_fdw_first_raise
xanim,am_t6_executioner_fdw_pullout
xanim,am_t6_executioner_fdw_putaway
xanim,am_t6_executioner_fdw_slide_idle
xanim,am_t6_executioner_fdw_sprint_in
xanim,am_t6_executioner_fdw_sprint_loop
xanim,am_t6_executioner_fdw_sprint_out
xanim,am_t6_executioner_fire
xanim,am_t6_executioner_first_raise
xanim,am_t6_executioner_idle
xanim,am_t6_executioner_ldw_fire
xanim,am_t6_executioner_ldw_idle
xanim,am_t6_executioner_ldw_reload
xanim,am_t6_executioner_pullout
xanim,am_t6_executioner_putaway
xanim,am_t6_executioner_rdw_fire
xanim,am_t6_executioner_rdw_idle
xanim,am_t6_executioner_rdw_reload
xanim,am_t6_executioner_reload
xanim,am_t6_executioner_slide_air_in
xanim,am_t6_executioner_slide_in
xanim,am_t6_executioner_slide_loop
xanim,am_t6_executioner_slide_out
xanim,am_t6_executioner_sprint_in
xanim,am_t6_executioner_sprint_loop
xanim,am_t6_executioner_sprint_out
xanim,am_t6_fal_ads_down
xanim,am_t6_fal_ads_fire
xanim,am_t6_fal_ads_up
xanim,am_t6_fal_crawl_back
xanim,am_t6_fal_crawl_forward
xanim,am_t6_fal_crawl_in
xanim,am_t6_fal_crawl_left
xanim,am_t6_fal_crawl_out
xanim,am_t6_fal_crawl_right
xanim,am_t6_fal_fastmag_reload
xanim,am_t6_fal_fastmag_reload_empty
xanim,am_t6_fal_fastmag_reload_empty_quick
xanim,am_t6_fal_fastmag_reload_quick
xanim,am_t6_fal_fire
xanim,am_t6_fal_first_raise
xanim,am_t6_fal_idle
xanim,am_t6_fal_osw_ads_down
xanim,am_t6_fal_osw_ads_fire
xanim,am_t6_fal_osw_ads_up
xanim,am_t6_fal_osw_crawl_back
xanim,am_t6_fal_osw_crawl_forward
xanim,am_t6_fal_osw_crawl_in
xanim,am_t6_fal_osw_crawl_left
xanim,am_t6_fal_osw_crawl_out
xanim,am_t6_fal_osw_crawl_right
xanim,am_t6_fal_osw_fire
xanim,am_t6_fal_osw_first_raise
xanim,am_t6_fal_osw_gl_ads_fire
xanim,am_t6_fal_osw_gl_crawl_back
xanim,am_t6_fal_osw_gl_crawl_forward
xanim,am_t6_fal_osw_gl_crawl_in
xanim,am_t6_fal_osw_gl_crawl_left
xanim,am_t6_fal_osw_gl_crawl_out
xanim,am_t6_fal_osw_gl_crawl_right
xanim,am_t6_fal_osw_gl_fire
xanim,am_t6_fal_osw_gl_first_raise
xanim,am_t6_fal_osw_gl_idle
xanim,am_t6_fal_osw_gl_pullout
xanim,am_t6_fal_osw_gl_putaway
xanim,am_t6_fal_osw_gl_reload
xanim,am_t6_fal_osw_gl_reload_empty
xanim,am_t6_fal_osw_gl_slide_air_in
xanim,am_t6_fal_osw_gl_slide_in
xanim,am_t6_fal_osw_gl_slide_loop
xanim,am_t6_fal_osw_gl_slide_out
xanim,am_t6_fal_osw_gl_sprint_in
xanim,am_t6_fal_osw_gl_sprint_loop
xanim,am_t6_fal_osw_gl_sprint_out
xanim,am_t6_fal_osw_idle
xanim,am_t6_fal_osw_in_gl_crawl_back
xanim,am_t6_fal_osw_in_gl_crawl_forward
xanim,am_t6_fal_osw_in_gl_crawl_in
xanim,am_t6_fal_osw_in_gl_crawl_left
xanim,am_t6_fal_osw_in_gl_crawl_out
xanim,am_t6_fal_osw_in_gl_crawl_right
xanim,am_t6_fal_osw_in_gl_fire
xanim,am_t6_fal_osw_in_gl_idle
xanim,am_t6_fal_osw_in_gl_pullout
xanim,am_t6_fal_osw_in_gl_putaway
xanim,am_t6_fal_osw_in_gl_reload
xanim,am_t6_fal_osw_in_gl_slide_air_in
xanim,am_t6_fal_osw_in_gl_slide_in
xanim,am_t6_fal_osw_in_gl_slide_loop
xanim,am_t6_fal_osw_in_gl_slide_out
xanim,am_t6_fal_osw_in_gl_sprint_in
xanim,am_t6_fal_osw_in_gl_sprint_loop
xanim,am_t6_fal_osw_in_gl_sprint_out
xanim,am_t6_fal_osw_out_gl
xanim,am_t6_fal_osw_pullout
xanim,am_t6_fal_osw_putaway
xanim,am_t6_fal_osw_reload
xanim,am_t6_fal_osw_reload_empty
xanim,am_t6_fal_osw_slide_air_in
xanim,am_t6_fal_osw_slide_in
xanim,am_t6_fal_osw_slide_loop
xanim,am_t6_fal_osw_slide_out
xanim,am_t6_fal_osw_sprint_in
xanim,am_t6_fal_osw_sprint_loop
xanim,am_t6_fal_osw_sprint_out
xanim,am_t6_fal_osw_to_gl
xanim,am_t6_fal_pullout
xanim,am_t6_fal_putaway
xanim,am_t6_fal_reflex_ads_down
xanim,am_t6_fal_reflex_ads_up
xanim,am_t6_fal_reload
xanim,am_t6_fal_reload_empty
xanim,am_t6_fal_slide_air_in
xanim,am_t6_fal_slide_in
xanim,am_t6_fal_slide_loop
xanim,am_t6_fal_slide_out
xanim,am_t6_fal_sprint_in
xanim,am_t6_fal_sprint_loop
xanim,am_t6_fal_sprint_out
xanim,am_t6_five_seven_ads_down
xanim,am_t6_five_seven_ads_fire
xanim,am_t6_five_seven_ads_up
xanim,am_t6_five_seven_crawl_back
xanim,am_t6_five_seven_crawl_forward
xanim,am_t6_five_seven_crawl_in
xanim,am_t6_five_seven_crawl_left
xanim,am_t6_five_seven_crawl_out
xanim,am_t6_five_seven_crawl_right
xanim,am_t6_five_seven_fdw_crawl_back
xanim,am_t6_five_seven_fdw_crawl_forward
xanim,am_t6_five_seven_fdw_crawl_in
xanim,am_t6_five_seven_fdw_crawl_left
xanim,am_t6_five_seven_fdw_crawl_out
xanim,am_t6_five_seven_fdw_crawl_right
xanim,am_t6_five_seven_fdw_first_raise
xanim,am_t6_five_seven_fdw_pullout
xanim,am_t6_five_seven_fdw_putaway
xanim,am_t6_five_seven_fdw_slide_idle
xanim,am_t6_five_seven_fdw_sprint_in
xanim,am_t6_five_seven_fdw_sprint_loop
xanim,am_t6_five_seven_fdw_sprint_out
xanim,am_t6_five_seven_fire
xanim,am_t6_five_seven_first_raise
xanim,am_t6_five_seven_idle
xanim,am_t6_five_seven_ldw_fire
xanim,am_t6_five_seven_ldw_idle
xanim,am_t6_five_seven_ldw_reload
xanim,am_t6_five_seven_ldw_reload_empty
xanim,am_t6_five_seven_pullout
xanim,am_t6_five_seven_putaway
xanim,am_t6_five_seven_rdw_fire
xanim,am_t6_five_seven_rdw_idle
xanim,am_t6_five_seven_rdw_reload
xanim,am_t6_five_seven_rdw_reload_empty
xanim,am_t6_five_seven_reload
xanim,am_t6_five_seven_reload_empty
xanim,am_t6_five_seven_slide_air_in
xanim,am_t6_five_seven_slide_in
xanim,am_t6_five_seven_slide_loop
xanim,am_t6_five_seven_slide_out
xanim,am_t6_five_seven_sprint_in
xanim,am_t6_five_seven_sprint_loop
xanim,am_t6_five_seven_sprint_out
xanim,am_t6_galil_ads_down
xanim,am_t6_galil_ads_fire
xanim,am_t6_galil_ads_up
xanim,am_t6_galil_crawl_back
xanim,am_t6_galil_crawl_forward
xanim,am_t6_galil_crawl_in
xanim,am_t6_galil_crawl_left
xanim,am_t6_galil_crawl_out
xanim,am_t6_galil_crawl_right
xanim,am_t6_galil_fire
xanim,am_t6_galil_first_raise
xanim,am_t6_galil_idle
xanim,am_t6_galil_pullout
xanim,am_t6_galil_putaway
xanim,am_t6_galil_reflex_ads_down
xanim,am_t6_galil_reflex_ads_up
xanim,am_t6_galil_reload
xanim,am_t6_galil_reload_empty
xanim,am_t6_galil_slide_air_in
xanim,am_t6_galil_slide_in
xanim,am_t6_galil_slide_loop
xanim,am_t6_galil_slide_out
xanim,am_t6_galil_sprint_in
xanim,am_t6_galil_sprint_loop
xanim,am_t6_galil_sprint_out
xanim,am_t6_hamr_ads_down
xanim,am_t6_hamr_ads_fire
xanim,am_t6_hamr_ads_up
xanim,am_t6_hamr_crawl_back
xanim,am_t6_hamr_crawl_forward
xanim,am_t6_hamr_crawl_in
xanim,am_t6_hamr_crawl_left
xanim,am_t6_hamr_crawl_out
xanim,am_t6_hamr_crawl_right
xanim,am_t6_hamr_fire
xanim,am_t6_hamr_first_raise
xanim,am_t6_hamr_grip_ads_fire
xanim,am_t6_hamr_grip_crawl_back
xanim,am_t6_hamr_grip_crawl_forward
xanim,am_t6_hamr_grip_crawl_in
xanim,am_t6_hamr_grip_crawl_left
xanim,am_t6_hamr_grip_crawl_out
xanim,am_t6_hamr_grip_crawl_right
xanim,am_t6_hamr_grip_fire
xanim,am_t6_hamr_grip_first_raise
xanim,am_t6_hamr_grip_idle
xanim,am_t6_hamr_grip_pullout
xanim,am_t6_hamr_grip_putaway
xanim,am_t6_hamr_grip_reload
xanim,am_t6_hamr_grip_reload_empty
xanim,am_t6_hamr_grip_slide_air_in
xanim,am_t6_hamr_grip_slide_in
xanim,am_t6_hamr_grip_slide_loop
xanim,am_t6_hamr_grip_slide_out
xanim,am_t6_hamr_grip_sprint_in
xanim,am_t6_hamr_grip_sprint_loop
xanim,am_t6_hamr_grip_sprint_out
xanim,am_t6_hamr_idle
xanim,am_t6_hamr_pullout
xanim,am_t6_hamr_putaway
xanim,am_t6_hamr_reflex_ads_down
xanim,am_t6_hamr_reflex_ads_up
xanim,am_t6_hamr_reload
xanim,am_t6_hamr_reload_empty
xanim,am_t6_hamr_slide_air_in
xanim,am_t6_hamr_slide_in
xanim,am_t6_hamr_slide_loop
xanim,am_t6_hamr_slide_out
xanim,am_t6_hamr_sprint_in
xanim,am_t6_hamr_sprint_loop
xanim,am_t6_hamr_sprint_out
xanim,am_t6_kap40_ads_down
xanim,am_t6_kap40_ads_fire
xanim,am_t6_kap40_ads_up
xanim,am_t6_kap40_crawl_back
xanim,am_t6_kap40_crawl_forward
xanim,am_t6_kap40_crawl_in
xanim,am_t6_kap40_crawl_left
xanim,am_t6_kap40_crawl_out
xanim,am_t6_kap40_crawl_right
xanim,am_t6_kap40_fdw_crawl_back
xanim,am_t6_kap40_fdw_crawl_forward
xanim,am_t6_kap40_fdw_crawl_in
xanim,am_t6_kap40_fdw_crawl_left
xanim,am_t6_kap40_fdw_crawl_out
xanim,am_t6_kap40_fdw_crawl_right
xanim,am_t6_kap40_fdw_first_raise
xanim,am_t6_kap40_fdw_pullout
xanim,am_t6_kap40_fdw_putaway
xanim,am_t6_kap40_fdw_slide_idle
xanim,am_t6_kap40_fdw_sprint_in
xanim,am_t6_kap40_fdw_sprint_loop
xanim,am_t6_kap40_fdw_sprint_out
xanim,am_t6_kap40_fire
xanim,am_t6_kap40_first_raise
xanim,am_t6_kap40_idle
xanim,am_t6_kap40_ldw_fire
xanim,am_t6_kap40_ldw_idle
xanim,am_t6_kap40_ldw_reload
xanim,am_t6_kap40_ldw_reload_empty
xanim,am_t6_kap40_pullout
xanim,am_t6_kap40_putaway
xanim,am_t6_kap40_rdw_fire
xanim,am_t6_kap40_rdw_idle
xanim,am_t6_kap40_rdw_reload
xanim,am_t6_kap40_rdw_reload_empty
xanim,am_t6_kap40_reload
xanim,am_t6_kap40_reload_empty
xanim,am_t6_kap40_slide_air_in
xanim,am_t6_kap40_slide_in
xanim,am_t6_kap40_slide_loop
xanim,am_t6_kap40_slide_out
xanim,am_t6_kap40_sprint_in
xanim,am_t6_kap40_sprint_loop
xanim,am_t6_kap40_sprint_out
xanim,am_t6_ksg_ads_down
xanim,am_t6_ksg_ads_fire
xanim,am_t6_ksg_ads_pump
xanim,am_t6_ksg_ads_up
xanim,am_t6_ksg_crawl_back
xanim,am_t6_ksg_crawl_forward
xanim,am_t6_ksg_crawl_in
xanim,am_t6_ksg_crawl_left
xanim,am_t6_ksg_crawl_out
xanim,am_t6_ksg_crawl_right
xanim,am_t6_ksg_fastmag_reload_in
xanim,am_t6_ksg_fastmag_reload_loop
xanim,am_t6_ksg_fastmag_reload_out
xanim,am_t6_ksg_fire
xanim,am_t6_ksg_first_raise
xanim,am_t6_ksg_idle
xanim,am_t6_ksg_pullout
xanim,am_t6_ksg_pullout_quick
xanim,am_t6_ksg_pump
xanim,am_t6_ksg_putaway
xanim,am_t6_ksg_putaway_quick
xanim,am_t6_ksg_reflex_ads_down
xanim,am_t6_ksg_reflex_ads_up
xanim,am_t6_ksg_reload_in
xanim,am_t6_ksg_reload_loop
xanim,am_t6_ksg_reload_out
xanim,am_t6_ksg_slide_air_in
xanim,am_t6_ksg_slide_in
xanim,am_t6_ksg_slide_loop
xanim,am_t6_ksg_slide_out
xanim,am_t6_ksg_sprint_in
xanim,am_t6_ksg_sprint_loop
xanim,am_t6_ksg_sprint_out
xanim,am_t6_lsat_ads_down
xanim,am_t6_lsat_ads_fire
xanim,am_t6_lsat_ads_up
xanim,am_t6_lsat_crawl_back
xanim,am_t6_lsat_crawl_forward
xanim,am_t6_lsat_crawl_in
xanim,am_t6_lsat_crawl_left
xanim,am_t6_lsat_crawl_out
xanim,am_t6_lsat_crawl_right
xanim,am_t6_lsat_fire
xanim,am_t6_lsat_first_raise
xanim,am_t6_lsat_grip_ads_fire
xanim,am_t6_lsat_grip_crawl_back
xanim,am_t6_lsat_grip_crawl_forward
xanim,am_t6_lsat_grip_crawl_in
xanim,am_t6_lsat_grip_crawl_left
xanim,am_t6_lsat_grip_crawl_out
xanim,am_t6_lsat_grip_crawl_right
xanim,am_t6_lsat_grip_fire
xanim,am_t6_lsat_grip_first_raise
xanim,am_t6_lsat_grip_idle
xanim,am_t6_lsat_grip_pullout
xanim,am_t6_lsat_grip_putaway
xanim,am_t6_lsat_grip_reload
xanim,am_t6_lsat_grip_slide_air_in
xanim,am_t6_lsat_grip_slide_in
xanim,am_t6_lsat_grip_slide_loop
xanim,am_t6_lsat_grip_slide_out
xanim,am_t6_lsat_grip_sprint_in
xanim,am_t6_lsat_grip_sprint_loop
xanim,am_t6_lsat_grip_sprint_out
xanim,am_t6_lsat_idle
xanim,am_t6_lsat_pullout
xanim,am_t6_lsat_putaway
xanim,am_t6_lsat_reflex_ads_down
xanim,am_t6_lsat_reflex_ads_up
xanim,am_t6_lsat_reload
xanim,am_t6_lsat_slide_air_in
xanim,am_t6_lsat_slide_in
xanim,am_t6_lsat_slide_loop
xanim,am_t6_lsat_slide_out
xanim,am_t6_lsat_sprint_in
xanim,am_t6_lsat_sprint_loop
xanim,am_t6_lsat_sprint_out
xanim,am_t6_m1216_ads_down
xanim,am_t6_m1216_ads_fire
xanim,am_t6_m1216_ads_rotate
xanim,am_t6_m1216_ads_up
xanim,am_t6_m1216_crawl_back
xanim,am_t6_m1216_crawl_forward
xanim,am_t6_m1216_crawl_in
xanim,am_t6_m1216_crawl_left
xanim,am_t6_m1216_crawl_out
xanim,am_t6_m1216_crawl_right
xanim,am_t6_m1216_fire
xanim,am_t6_m1216_first_raise
xanim,am_t6_m1216_idle
xanim,am_t6_m1216_pullout
xanim,am_t6_m1216_pullout_quick
xanim,am_t6_m1216_putaway
xanim,am_t6_m1216_putaway_quick
xanim,am_t6_m1216_reflex_ads_down
xanim,am_t6_m1216_reflex_ads_up
xanim,am_t6_m1216_reload
xanim,am_t6_m1216_reload_empty
xanim,am_t6_m1216_rotate
xanim,am_t6_m1216_slide_air_in
xanim,am_t6_m1216_slide_in
xanim,am_t6_m1216_slide_loop
xanim,am_t6_m1216_slide_out
xanim,am_t6_m1216_sprint_in
xanim,am_t6_m1216_sprint_loop
xanim,am_t6_m1216_sprint_out
xanim,am_t6_m14_ads_down
xanim,am_t6_m14_ads_fire
xanim,am_t6_m14_ads_up
xanim,am_t6_m14_crawl_back
xanim,am_t6_m14_crawl_forward
xanim,am_t6_m14_crawl_in
xanim,am_t6_m14_crawl_left
xanim,am_t6_m14_crawl_out
xanim,am_t6_m14_crawl_right
xanim,am_t6_m14_fire
xanim,am_t6_m14_first_raise
xanim,am_t6_m14_grip_ads_fire
xanim,am_t6_m14_grip_crawl_back
xanim,am_t6_m14_grip_crawl_forward
xanim,am_t6_m14_grip_crawl_in
xanim,am_t6_m14_grip_crawl_left
xanim,am_t6_m14_grip_crawl_out
xanim,am_t6_m14_grip_crawl_right
xanim,am_t6_m14_grip_fire
xanim,am_t6_m14_grip_first_raise
xanim,am_t6_m14_grip_idle
xanim,am_t6_m14_grip_pullout
xanim,am_t6_m14_grip_pullout_quick
xanim,am_t6_m14_grip_putaway
xanim,am_t6_m14_grip_putaway_quick
xanim,am_t6_m14_grip_reload
xanim,am_t6_m14_grip_reload_empty
xanim,am_t6_m14_grip_slide_air_in
xanim,am_t6_m14_grip_slide_in
xanim,am_t6_m14_grip_slide_loop
xanim,am_t6_m14_grip_slide_out
xanim,am_t6_m14_grip_sprint_in
xanim,am_t6_m14_grip_sprint_loop
xanim,am_t6_m14_grip_sprint_out
xanim,am_t6_m14_idle
xanim,am_t6_m14_pullout
xanim,am_t6_m14_pullout_quick
xanim,am_t6_m14_putaway
xanim,am_t6_m14_putaway_quick
xanim,am_t6_m14_reload
xanim,am_t6_m14_reload_empty
xanim,am_t6_m14_slide_air_in
xanim,am_t6_m14_slide_in
xanim,am_t6_m14_slide_loop
xanim,am_t6_m14_slide_out
xanim,am_t6_m14_sprint_in
xanim,am_t6_m14_sprint_loop
xanim,am_t6_m14_sprint_out
xanim,am_t6_m16a1_ads_down
xanim,am_t6_m16a1_ads_fire
xanim,am_t6_m16a1_ads_up
xanim,am_t6_m16a1_crawl_back
xanim,am_t6_m16a1_crawl_forward
xanim,am_t6_m16a1_crawl_in
xanim,am_t6_m16a1_crawl_left
xanim,am_t6_m16a1_crawl_out
xanim,am_t6_m16a1_crawl_right
xanim,am_t6_m16a1_fire
xanim,am_t6_m16a1_first_raise
xanim,am_t6_m16a1_gl_ads_fire
xanim,am_t6_m16a1_gl_crawl_back
xanim,am_t6_m16a1_gl_crawl_forward
xanim,am_t6_m16a1_gl_crawl_in
xanim,am_t6_m16a1_gl_crawl_left
xanim,am_t6_m16a1_gl_crawl_out
xanim,am_t6_m16a1_gl_crawl_right
xanim,am_t6_m16a1_gl_fire
xanim,am_t6_m16a1_gl_first_raise
xanim,am_t6_m16a1_gl_idle
xanim,am_t6_m16a1_gl_pullout
xanim,am_t6_m16a1_gl_pullout_quick
xanim,am_t6_m16a1_gl_putaway
xanim,am_t6_m16a1_gl_putaway_quick
xanim,am_t6_m16a1_gl_reload
xanim,am_t6_m16a1_gl_reload_empty
xanim,am_t6_m16a1_gl_slide_air_in
xanim,am_t6_m16a1_gl_slide_in
xanim,am_t6_m16a1_gl_slide_loop
xanim,am_t6_m16a1_gl_slide_out
xanim,am_t6_m16a1_gl_sprint_in
xanim,am_t6_m16a1_gl_sprint_loop
xanim,am_t6_m16a1_gl_sprint_out
xanim,am_t6_m16a1_idle
xanim,am_t6_m16a1_in_gl_crawl_back
xanim,am_t6_m16a1_in_gl_crawl_forward
xanim,am_t6_m16a1_in_gl_crawl_in
xanim,am_t6_m16a1_in_gl_crawl_left
xanim,am_t6_m16a1_in_gl_crawl_out
xanim,am_t6_m16a1_in_gl_crawl_right
xanim,am_t6_m16a1_in_gl_fire
xanim,am_t6_m16a1_in_gl_idle
xanim,am_t6_m16a1_in_gl_pullout
xanim,am_t6_m16a1_in_gl_putaway
xanim,am_t6_m16a1_in_gl_reload
xanim,am_t6_m16a1_in_gl_slide_air_in
xanim,am_t6_m16a1_in_gl_slide_in
xanim,am_t6_m16a1_in_gl_slide_loop
xanim,am_t6_m16a1_in_gl_slide_out
xanim,am_t6_m16a1_in_gl_sprint_in
xanim,am_t6_m16a1_in_gl_sprint_loop
xanim,am_t6_m16a1_in_gl_sprint_out
xanim,am_t6_m16a1_out_gl
xanim,am_t6_m16a1_pullout
xanim,am_t6_m16a1_pullout_quick
xanim,am_t6_m16a1_putaway
xanim,am_t6_m16a1_putaway_quick
xanim,am_t6_m16a1_reload
xanim,am_t6_m16a1_reload_empty
xanim,am_t6_m16a1_slide_air_in
xanim,am_t6_m16a1_slide_in
xanim,am_t6_m16a1_slide_loop
xanim,am_t6_m16a1_slide_out
xanim,am_t6_m16a1_sprint_in
xanim,am_t6_m16a1_sprint_loop
xanim,am_t6_m16a1_sprint_out
xanim,am_t6_m16a1_to_gl
xanim,am_t6_m1911_ads_down
xanim,am_t6_m1911_ads_fire
xanim,am_t6_m1911_ads_up
xanim,am_t6_m1911_crawl_back
xanim,am_t6_m1911_crawl_forward
xanim,am_t6_m1911_crawl_in
xanim,am_t6_m1911_crawl_left
xanim,am_t6_m1911_crawl_out
xanim,am_t6_m1911_crawl_right
xanim,am_t6_m1911_fdw_crawl_back
xanim,am_t6_m1911_fdw_crawl_forward
xanim,am_t6_m1911_fdw_crawl_in
xanim,am_t6_m1911_fdw_crawl_left
xanim,am_t6_m1911_fdw_crawl_out
xanim,am_t6_m1911_fdw_crawl_right
xanim,am_t6_m1911_fdw_first_raise
xanim,am_t6_m1911_fdw_pullout
xanim,am_t6_m1911_fdw_putaway
xanim,am_t6_m1911_fdw_slide_idle
xanim,am_t6_m1911_fdw_sprint_in
xanim,am_t6_m1911_fdw_sprint_loop
xanim,am_t6_m1911_fdw_sprint_out
xanim,am_t6_m1911_fire
xanim,am_t6_m1911_first_raise
xanim,am_t6_m1911_idle
xanim,am_t6_m1911_ldw_fire
xanim,am_t6_m1911_ldw_idle
xanim,am_t6_m1911_ldw_reload
xanim,am_t6_m1911_pullout
xanim,am_t6_m1911_putaway
xanim,am_t6_m1911_rdw_fire
xanim,am_t6_m1911_rdw_idle
xanim,am_t6_m1911_rdw_reload
xanim,am_t6_m1911_reload
xanim,am_t6_m1911_reload_empty
xanim,am_t6_m1911_slide_air_in
xanim,am_t6_m1911_slide_in
xanim,am_t6_m1911_slide_loop
xanim,am_t6_m1911_slide_out
xanim,am_t6_m1911_sprint_in
xanim,am_t6_m1911_sprint_loop
xanim,am_t6_m1911_sprint_out
xanim,am_t6_m1927_ads_down
xanim,am_t6_m1927_ads_fire
xanim,am_t6_m1927_ads_up
xanim,am_t6_m1927_crawl_back
xanim,am_t6_m1927_crawl_forward
xanim,am_t6_m1927_crawl_in
xanim,am_t6_m1927_crawl_left
xanim,am_t6_m1927_crawl_out
xanim,am_t6_m1927_crawl_right
xanim,am_t6_m1927_fire
xanim,am_t6_m1927_first_raise
xanim,am_t6_m1927_idle
xanim,am_t6_m1927_pullout
xanim,am_t6_m1927_putaway
xanim,am_t6_m1927_reload
xanim,am_t6_m1927_reload_empty
xanim,am_t6_m1927_slide_air_in
xanim,am_t6_m1927_slide_in
xanim,am_t6_m1927_slide_loop
xanim,am_t6_m1927_slide_out
xanim,am_t6_m1927_sprint_in
xanim,am_t6_m1927_sprint_loop
xanim,am_t6_m1927_sprint_out
xanim,am_t6_m27_ads_down
xanim,am_t6_m27_ads_fire
xanim,am_t6_m27_ads_up
xanim,am_t6_m27_crawl_back
xanim,am_t6_m27_crawl_forward
xanim,am_t6_m27_crawl_in
xanim,am_t6_m27_crawl_left
xanim,am_t6_m27_crawl_out
xanim,am_t6_m27_crawl_right
xanim,am_t6_m27_eotech_ads_down
xanim,am_t6_m27_eotech_ads_up
xanim,am_t6_m27_fire
xanim,am_t6_m27_first_raise
xanim,am_t6_m27_grip_ads_fire
xanim,am_t6_m27_grip_crawl_back
xanim,am_t6_m27_grip_crawl_forward
xanim,am_t6_m27_grip_crawl_in
xanim,am_t6_m27_grip_crawl_left
xanim,am_t6_m27_grip_crawl_out
xanim,am_t6_m27_grip_crawl_right
xanim,am_t6_m27_grip_fastmag_reload
xanim,am_t6_m27_grip_fastmag_reload_empty
xanim,am_t6_m27_grip_fastmag_reload_empty_quick
xanim,am_t6_m27_grip_fastmag_reload_quick
xanim,am_t6_m27_grip_fire
xanim,am_t6_m27_grip_first_raise
xanim,am_t6_m27_grip_idle
xanim,am_t6_m27_grip_pullout
xanim,am_t6_m27_grip_putaway
xanim,am_t6_m27_grip_slide_air_in
xanim,am_t6_m27_grip_slide_in
xanim,am_t6_m27_grip_slide_loop
xanim,am_t6_m27_grip_slide_out
xanim,am_t6_m27_grip_sprint_in
xanim,am_t6_m27_grip_sprint_loop
xanim,am_t6_m27_grip_sprint_out
xanim,am_t6_m27_idle
xanim,am_t6_m27_pullout
xanim,am_t6_m27_putaway
xanim,am_t6_m27_reload
xanim,am_t6_m27_reload_empty
xanim,am_t6_m27_slide_air_in
xanim,am_t6_m27_slide_in
xanim,am_t6_m27_slide_loop
xanim,am_t6_m27_slide_out
xanim,am_t6_m27_sprint_in
xanim,am_t6_m27_sprint_loop
xanim,am_t6_m27_sprint_out
xanim,am_t6_m60_ads_down
xanim,am_t6_m60_ads_fire
xanim,am_t6_m60_ads_up
xanim,am_t6_m60_crawl_back
xanim,am_t6_m60_crawl_forward
xanim,am_t6_m60_crawl_in
xanim,am_t6_m60_crawl_left
xanim,am_t6_m60_crawl_out
xanim,am_t6_m60_crawl_right
xanim,am_t6_m60_fire
xanim,am_t6_m60_first_raise
xanim,am_t6_m60_grip_ads_fire
xanim,am_t6_m60_grip_crawl_back
xanim,am_t6_m60_grip_crawl_forward
xanim,am_t6_m60_grip_crawl_in
xanim,am_t6_m60_grip_crawl_left
xanim,am_t6_m60_grip_crawl_out
xanim,am_t6_m60_grip_crawl_right
xanim,am_t6_m60_grip_fire
xanim,am_t6_m60_grip_first_raise
xanim,am_t6_m60_grip_idle
xanim,am_t6_m60_grip_pullout
xanim,am_t6_m60_grip_putaway
xanim,am_t6_m60_grip_reload
xanim,am_t6_m60_grip_slide_air_in
xanim,am_t6_m60_grip_slide_in
xanim,am_t6_m60_grip_slide_loop
xanim,am_t6_m60_grip_slide_out
xanim,am_t6_m60_grip_sprint_in
xanim,am_t6_m60_grip_sprint_loop
xanim,am_t6_m60_grip_sprint_out
xanim,am_t6_m60_idle
xanim,am_t6_m60_pullout
xanim,am_t6_m60_putaway
xanim,am_t6_m60_reflex_ads_down
xanim,am_t6_m60_reflex_ads_up
xanim,am_t6_m60_reload
xanim,am_t6_m60_slide_air_in
xanim,am_t6_m60_slide_in
xanim,am_t6_m60_slide_loop
xanim,am_t6_m60_slide_out
xanim,am_t6_m60_sprint_in
xanim,am_t6_m60_sprint_loop
xanim,am_t6_m60_sprint_out
xanim,am_t6_m82a1_ads_fire
xanim,am_t6_m82a1_crawl_back
xanim,am_t6_m82a1_crawl_forward
xanim,am_t6_m82a1_crawl_in
xanim,am_t6_m82a1_crawl_left
xanim,am_t6_m82a1_crawl_out
xanim,am_t6_m82a1_crawl_right
xanim,am_t6_m82a1_fire
xanim,am_t6_m82a1_first_raise
xanim,am_t6_m82a1_idle
xanim,am_t6_m82a1_pullout
xanim,am_t6_m82a1_pullout_quick
xanim,am_t6_m82a1_putaway
xanim,am_t6_m82a1_putaway_quick
xanim,am_t6_m82a1_reload
xanim,am_t6_m82a1_reload_empty
xanim,am_t6_m82a1_scope_ads_down
xanim,am_t6_m82a1_scope_ads_up
xanim,am_t6_m82a1_slide_air_in
xanim,am_t6_m82a1_slide_in
xanim,am_t6_m82a1_slide_loop
xanim,am_t6_m82a1_slide_out
xanim,am_t6_m82a1_sprint_in
xanim,am_t6_m82a1_sprint_loop
xanim,am_t6_m82a1_sprint_out
xanim,am_t6_m8a1_ads_down
xanim,am_t6_m8a1_ads_fire
xanim,am_t6_m8a1_ads_up
xanim,am_t6_m8a1_crawl_back
xanim,am_t6_m8a1_crawl_forward
xanim,am_t6_m8a1_crawl_in
xanim,am_t6_m8a1_crawl_left
xanim,am_t6_m8a1_crawl_out
xanim,am_t6_m8a1_crawl_right
xanim,am_t6_m8a1_eotech_ads_down
xanim,am_t6_m8a1_eotech_ads_up
xanim,am_t6_m8a1_fastmag_reload
xanim,am_t6_m8a1_fastmag_reload_empty
xanim,am_t6_m8a1_fastmag_reload_empty_quick
xanim,am_t6_m8a1_fastmag_reload_quick
xanim,am_t6_m8a1_fire
xanim,am_t6_m8a1_first_raise
xanim,am_t6_m8a1_idle
xanim,am_t6_m8a1_pullout
xanim,am_t6_m8a1_putaway
xanim,am_t6_m8a1_putaway_quick
xanim,am_t6_m8a1_reload
xanim,am_t6_m8a1_reload_empty
xanim,am_t6_m8a1_slide_air_in
xanim,am_t6_m8a1_slide_in
xanim,am_t6_m8a1_slide_loop
xanim,am_t6_m8a1_slide_out
xanim,am_t6_m8a1_sprint_in
xanim,am_t6_m8a1_sprint_loop
xanim,am_t6_m8a1_sprint_out
xanim,am_t6_mauser_c96_ads_down
xanim,am_t6_mauser_c96_ads_fire
xanim,am_t6_mauser_c96_ads_up
xanim,am_t6_mauser_c96_crawl_back
xanim,am_t6_mauser_c96_crawl_forward
xanim,am_t6_mauser_c96_crawl_in
xanim,am_t6_mauser_c96_crawl_left
xanim,am_t6_mauser_c96_crawl_out
xanim,am_t6_mauser_c96_crawl_right
xanim,am_t6_mauser_c96_fire
xanim,am_t6_mauser_c96_idle
xanim,am_t6_mauser_c96_pullout
xanim,am_t6_mauser_c96_putaway
xanim,am_t6_mauser_c96_reload
xanim,am_t6_mauser_c96_reload_empty
xanim,am_t6_mauser_c96_scope_ads_down
xanim,am_t6_mauser_c96_scope_ads_up
xanim,am_t6_mauser_c96_scope_fire
xanim,am_t6_mauser_c96_scope_reload_empty
xanim,am_t6_mauser_c96_slide_air_in
xanim,am_t6_mauser_c96_slide_in
xanim,am_t6_mauser_c96_slide_loop
xanim,am_t6_mauser_c96_slide_out
xanim,am_t6_mauser_c96_sprint_in
xanim,am_t6_mauser_c96_sprint_loop
xanim,am_t6_mauser_c96_sprint_out
xanim,am_t6_mg0815_ads_down
xanim,am_t6_mg0815_ads_fire
xanim,am_t6_mg0815_ads_up
xanim,am_t6_mg0815_crawl_back
xanim,am_t6_mg0815_crawl_forward
xanim,am_t6_mg0815_crawl_in
xanim,am_t6_mg0815_crawl_left
xanim,am_t6_mg0815_crawl_out
xanim,am_t6_mg0815_crawl_right
xanim,am_t6_mg0815_fire
xanim,am_t6_mg0815_first_raise
xanim,am_t6_mg0815_idle
xanim,am_t6_mg0815_pullout
xanim,am_t6_mg0815_putaway
xanim,am_t6_mg0815_reload
xanim,am_t6_mg0815_reload_empty
xanim,am_t6_mg0815_slide_air_in
xanim,am_t6_mg0815_slide_in
xanim,am_t6_mg0815_slide_loop
xanim,am_t6_mg0815_slide_out
xanim,am_t6_mg0815_sprint_in
xanim,am_t6_mg0815_sprint_loop
xanim,am_t6_mg0815_sprint_out
xanim,am_t6_mk48_ads_down
xanim,am_t6_mk48_ads_fire
xanim,am_t6_mk48_ads_up
xanim,am_t6_mk48_crawl_back
xanim,am_t6_mk48_crawl_forward
xanim,am_t6_mk48_crawl_in
xanim,am_t6_mk48_crawl_left
xanim,am_t6_mk48_crawl_out
xanim,am_t6_mk48_crawl_right
xanim,am_t6_mk48_fire
xanim,am_t6_mk48_first_raise
xanim,am_t6_mk48_grip_ads_fire
xanim,am_t6_mk48_grip_crawl_back
xanim,am_t6_mk48_grip_crawl_forward
xanim,am_t6_mk48_grip_crawl_in
xanim,am_t6_mk48_grip_crawl_left
xanim,am_t6_mk48_grip_crawl_out
xanim,am_t6_mk48_grip_crawl_right
xanim,am_t6_mk48_grip_fire
xanim,am_t6_mk48_grip_first_raise
xanim,am_t6_mk48_grip_idle
xanim,am_t6_mk48_grip_pullout
xanim,am_t6_mk48_grip_putaway
xanim,am_t6_mk48_grip_reload
xanim,am_t6_mk48_grip_slide_air_in
xanim,am_t6_mk48_grip_slide_in
xanim,am_t6_mk48_grip_slide_loop
xanim,am_t6_mk48_grip_slide_out
xanim,am_t6_mk48_grip_sprint_in
xanim,am_t6_mk48_grip_sprint_loop
xanim,am_t6_mk48_grip_sprint_out
xanim,am_t6_mk48_idle
xanim,am_t6_mk48_pullout
xanim,am_t6_mk48_putaway
xanim,am_t6_mk48_reflex_ads_down
xanim,am_t6_mk48_reflex_ads_up
xanim,am_t6_mk48_reload
xanim,am_t6_mk48_slide_air_in
xanim,am_t6_mk48_slide_in
xanim,am_t6_mk48_slide_loop
xanim,am_t6_mk48_slide_out
xanim,am_t6_mk48_sprint_in
xanim,am_t6_mk48_sprint_loop
xanim,am_t6_mk48_sprint_out
xanim,am_t6_mm1_ads_down
xanim,am_t6_mm1_ads_up
xanim,am_t6_mm1_crawl_back
xanim,am_t6_mm1_crawl_forward
xanim,am_t6_mm1_crawl_in
xanim,am_t6_mm1_crawl_left
xanim,am_t6_mm1_crawl_out
xanim,am_t6_mm1_crawl_right
xanim,am_t6_mm1_fire
xanim,am_t6_mm1_first_raise
xanim,am_t6_mm1_idle
xanim,am_t6_mm1_pullout
xanim,am_t6_mm1_putaway
xanim,am_t6_mm1_reload
xanim,am_t6_mm1_slide_air_in
xanim,am_t6_mm1_slide_in
xanim,am_t6_mm1_slide_loop
xanim,am_t6_mm1_slide_out
xanim,am_t6_mm1_sprint_in
xanim,am_t6_mm1_sprint_loop
xanim,am_t6_mm1_sprint_out
xanim,am_t6_mp40_ads_down
xanim,am_t6_mp40_ads_fire
xanim,am_t6_mp40_ads_up
xanim,am_t6_mp40_crawl_back
xanim,am_t6_mp40_crawl_forward
xanim,am_t6_mp40_crawl_in
xanim,am_t6_mp40_crawl_left
xanim,am_t6_mp40_crawl_out
xanim,am_t6_mp40_crawl_right
xanim,am_t6_mp40_fire
xanim,am_t6_mp40_idle
xanim,am_t6_mp40_pullout
xanim,am_t6_mp40_putaway
xanim,am_t6_mp40_reload
xanim,am_t6_mp40_reload_empty
xanim,am_t6_mp40_slide_air_in
xanim,am_t6_mp40_slide_in
xanim,am_t6_mp40_slide_loop
xanim,am_t6_mp40_slide_out
xanim,am_t6_mp40_sprint_in
xanim,am_t6_mp40_sprint_loop
xanim,am_t6_mp40_sprint_out
xanim,am_t6_mp5_ads_down
xanim,am_t6_mp5_ads_fire
xanim,am_t6_mp5_ads_up
xanim,am_t6_mp5_crawl_back
xanim,am_t6_mp5_crawl_forward
xanim,am_t6_mp5_crawl_in
xanim,am_t6_mp5_crawl_left
xanim,am_t6_mp5_crawl_out
xanim,am_t6_mp5_crawl_right
xanim,am_t6_mp5_fire
xanim,am_t6_mp5_first_raise
xanim,am_t6_mp5_idle
xanim,am_t6_mp5_pullout
xanim,am_t6_mp5_putaway
xanim,am_t6_mp5_reload
xanim,am_t6_mp5_reload_empty
xanim,am_t6_mp5_slide_air_in
xanim,am_t6_mp5_slide_in
xanim,am_t6_mp5_slide_loop
xanim,am_t6_mp5_slide_out
xanim,am_t6_mp5_sprint_in
xanim,am_t6_mp5_sprint_loop
xanim,am_t6_mp5_sprint_out
xanim,am_t6_mp7_ads_down
xanim,am_t6_mp7_ads_fire
xanim,am_t6_mp7_ads_up
xanim,am_t6_mp7_crawl_back
xanim,am_t6_mp7_crawl_forward
xanim,am_t6_mp7_crawl_in
xanim,am_t6_mp7_crawl_left
xanim,am_t6_mp7_crawl_out
xanim,am_t6_mp7_crawl_right
xanim,am_t6_mp7_fire
xanim,am_t6_mp7_first_raise
xanim,am_t6_mp7_idle
xanim,am_t6_mp7_pullout
xanim,am_t6_mp7_putaway
xanim,am_t6_mp7_reflex_ads_down
xanim,am_t6_mp7_reflex_ads_up
xanim,am_t6_mp7_reload
xanim,am_t6_mp7_reload_empty
xanim,am_t6_mp7_slide_air_in
xanim,am_t6_mp7_slide_in
xanim,am_t6_mp7_slide_loop
xanim,am_t6_mp7_slide_out
xanim,am_t6_mp7_sprint_in
xanim,am_t6_mp7_sprint_loop
xanim,am_t6_mp7_sprint_out
xanim,am_t6_msmc_ads_down
xanim,am_t6_msmc_ads_fire
xanim,am_t6_msmc_ads_up
xanim,am_t6_msmc_crawl_back
xanim,am_t6_msmc_crawl_forward
xanim,am_t6_msmc_crawl_in
xanim,am_t6_msmc_crawl_left
xanim,am_t6_msmc_crawl_out
xanim,am_t6_msmc_crawl_right
xanim,am_t6_msmc_fastmag_reload
xanim,am_t6_msmc_fastmag_reload_empty
xanim,am_t6_msmc_fire
xanim,am_t6_msmc_first_raise
xanim,am_t6_msmc_idle
xanim,am_t6_msmc_pullout
xanim,am_t6_msmc_putaway
xanim,am_t6_msmc_reflex_ads_down
xanim,am_t6_msmc_reflex_ads_up
xanim,am_t6_msmc_reload
xanim,am_t6_msmc_reload_empty
xanim,am_t6_msmc_slide_air_in
xanim,am_t6_msmc_slide_in
xanim,am_t6_msmc_slide_loop
xanim,am_t6_msmc_slide_out
xanim,am_t6_msmc_sprint_in
xanim,am_t6_msmc_sprint_loop
xanim,am_t6_msmc_sprint_out
xanim,am_t6_mtar_ads_down
xanim,am_t6_mtar_ads_fire
xanim,am_t6_mtar_ads_up
xanim,am_t6_mtar_crawl_back
xanim,am_t6_mtar_crawl_forward
xanim,am_t6_mtar_crawl_in
xanim,am_t6_mtar_crawl_left
xanim,am_t6_mtar_crawl_out
xanim,am_t6_mtar_crawl_right
xanim,am_t6_mtar_eotech_ads_down
xanim,am_t6_mtar_eotech_ads_up
xanim,am_t6_mtar_fire
xanim,am_t6_mtar_first_raise
xanim,am_t6_mtar_gl_ads_fire
xanim,am_t6_mtar_gl_crawl_back
xanim,am_t6_mtar_gl_crawl_forward
xanim,am_t6_mtar_gl_crawl_in
xanim,am_t6_mtar_gl_crawl_left
xanim,am_t6_mtar_gl_crawl_out
xanim,am_t6_mtar_gl_crawl_right
xanim,am_t6_mtar_gl_fastmag_reload
xanim,am_t6_mtar_gl_fastmag_reload_empty
xanim,am_t6_mtar_gl_fire
xanim,am_t6_mtar_gl_first_raise
xanim,am_t6_mtar_gl_idle
xanim,am_t6_mtar_gl_pullout
xanim,am_t6_mtar_gl_putaway
xanim,am_t6_mtar_gl_slide_air_in
xanim,am_t6_mtar_gl_slide_in
xanim,am_t6_mtar_gl_slide_loop
xanim,am_t6_mtar_gl_slide_out
xanim,am_t6_mtar_gl_sprint_in
xanim,am_t6_mtar_gl_sprint_loop
xanim,am_t6_mtar_gl_sprint_out
xanim,am_t6_mtar_idle
xanim,am_t6_mtar_in_gl_crawl_back
xanim,am_t6_mtar_in_gl_crawl_forward
xanim,am_t6_mtar_in_gl_crawl_in
xanim,am_t6_mtar_in_gl_crawl_left
xanim,am_t6_mtar_in_gl_crawl_out
xanim,am_t6_mtar_in_gl_crawl_right
xanim,am_t6_mtar_in_gl_fire
xanim,am_t6_mtar_in_gl_idle
xanim,am_t6_mtar_in_gl_pullout
xanim,am_t6_mtar_in_gl_putaway
xanim,am_t6_mtar_in_gl_reload
xanim,am_t6_mtar_in_gl_slide_air_in
xanim,am_t6_mtar_in_gl_slide_in
xanim,am_t6_mtar_in_gl_slide_loop
xanim,am_t6_mtar_in_gl_slide_out
xanim,am_t6_mtar_in_gl_sprint_in
xanim,am_t6_mtar_in_gl_sprint_loop
xanim,am_t6_mtar_in_gl_sprint_out
xanim,am_t6_mtar_out_gl
xanim,am_t6_mtar_pullout
xanim,am_t6_mtar_putaway
xanim,am_t6_mtar_reload
xanim,am_t6_mtar_reload_empty
xanim,am_t6_mtar_slide_air_in
xanim,am_t6_mtar_slide_in
xanim,am_t6_mtar_slide_loop
xanim,am_t6_mtar_slide_out
xanim,am_t6_mtar_sprint_in
xanim,am_t6_mtar_sprint_loop
xanim,am_t6_mtar_sprint_out
xanim,am_t6_mtar_to_gl
xanim,am_t6_olympia_ads_down
xanim,am_t6_olympia_ads_fire
xanim,am_t6_olympia_ads_up
xanim,am_t6_olympia_crawl_back
xanim,am_t6_olympia_crawl_forward
xanim,am_t6_olympia_crawl_in
xanim,am_t6_olympia_crawl_left
xanim,am_t6_olympia_crawl_out
xanim,am_t6_olympia_crawl_right
xanim,am_t6_olympia_fire
xanim,am_t6_olympia_first_raise
xanim,am_t6_olympia_idle
xanim,am_t6_olympia_pullout
xanim,am_t6_olympia_pullout_quick
xanim,am_t6_olympia_putaway
xanim,am_t6_olympia_putaway_quick
xanim,am_t6_olympia_reload
xanim,am_t6_olympia_reload_empty
xanim,am_t6_olympia_slide_air_in
xanim,am_t6_olympia_slide_in
xanim,am_t6_olympia_slide_loop
xanim,am_t6_olympia_slide_out
xanim,am_t6_olympia_sprint_in
xanim,am_t6_olympia_sprint_loop
xanim,am_t6_olympia_sprint_out
xanim,am_t6_pdw57_ads_down
xanim,am_t6_pdw57_ads_fire
xanim,am_t6_pdw57_ads_up
xanim,am_t6_pdw57_crawl_back
xanim,am_t6_pdw57_crawl_forward
xanim,am_t6_pdw57_crawl_in
xanim,am_t6_pdw57_crawl_left
xanim,am_t6_pdw57_crawl_out
xanim,am_t6_pdw57_crawl_right
xanim,am_t6_pdw57_eotech_ads_down
xanim,am_t6_pdw57_eotech_ads_up
xanim,am_t6_pdw57_fire
xanim,am_t6_pdw57_first_raise
xanim,am_t6_pdw57_idle
xanim,am_t6_pdw57_pullout
xanim,am_t6_pdw57_putaway
xanim,am_t6_pdw57_reload
xanim,am_t6_pdw57_reload_empty
xanim,am_t6_pdw57_slide_air_in
xanim,am_t6_pdw57_slide_in
xanim,am_t6_pdw57_slide_loop
xanim,am_t6_pdw57_slide_out
xanim,am_t6_pdw57_sprint_in
xanim,am_t6_pdw57_sprint_loop
xanim,am_t6_pdw57_sprint_out
xanim,am_t6_peacekeeper_ads_down
xanim,am_t6_peacekeeper_ads_fire
xanim,am_t6_peacekeeper_ads_up
xanim,am_t6_peacekeeper_crawl_back
xanim,am_t6_peacekeeper_crawl_forward
xanim,am_t6_peacekeeper_crawl_in
xanim,am_t6_peacekeeper_crawl_left
xanim,am_t6_peacekeeper_crawl_out
xanim,am_t6_peacekeeper_crawl_right
xanim,am_t6_peacekeeper_eotech_ads_down
xanim,am_t6_peacekeeper_eotech_ads_up
xanim,am_t6_peacekeeper_fastmag_reload
xanim,am_t6_peacekeeper_fastmag_reload_empty
xanim,am_t6_peacekeeper_fastmag_reload_empty_quick
xanim,am_t6_peacekeeper_fastmag_reload_quick
xanim,am_t6_peacekeeper_fire
xanim,am_t6_peacekeeper_first_raise
xanim,am_t6_peacekeeper_idle
xanim,am_t6_peacekeeper_pullout
xanim,am_t6_peacekeeper_putaway
xanim,am_t6_peacekeeper_reload
xanim,am_t6_peacekeeper_reload_empty
xanim,am_t6_peacekeeper_slide_air_in
xanim,am_t6_peacekeeper_slide_in
xanim,am_t6_peacekeeper_slide_loop
xanim,am_t6_peacekeeper_slide_out
xanim,am_t6_peacekeeper_sprint_in
xanim,am_t6_peacekeeper_sprint_loop
xanim,am_t6_peacekeeper_sprint_out
xanim,am_t6_python_ads_down
xanim,am_t6_python_ads_fire
xanim,am_t6_python_ads_up
xanim,am_t6_python_crawl_back
xanim,am_t6_python_crawl_forward
xanim,am_t6_python_crawl_in
xanim,am_t6_python_crawl_left
xanim,am_t6_python_crawl_out
xanim,am_t6_python_crawl_right
xanim,am_t6_python_fire
xanim,am_t6_python_first_raise
xanim,am_t6_python_idle
xanim,am_t6_python_pullout
xanim,am_t6_python_putaway
xanim,am_t6_python_reload
xanim,am_t6_python_slide_air_in
xanim,am_t6_python_slide_in
xanim,am_t6_python_slide_loop
xanim,am_t6_python_slide_out
xanim,am_t6_python_sprint_loop
xanim,am_t6_qbb_lsw_ads_down
xanim,am_t6_qbb_lsw_ads_fire
xanim,am_t6_qbb_lsw_ads_up
xanim,am_t6_qbb_lsw_crawl_back
xanim,am_t6_qbb_lsw_crawl_forward
xanim,am_t6_qbb_lsw_crawl_in
xanim,am_t6_qbb_lsw_crawl_left
xanim,am_t6_qbb_lsw_crawl_out
xanim,am_t6_qbb_lsw_crawl_right
xanim,am_t6_qbb_lsw_eotech_ads_down
xanim,am_t6_qbb_lsw_eotech_ads_up
xanim,am_t6_qbb_lsw_fire
xanim,am_t6_qbb_lsw_first_raise
xanim,am_t6_qbb_lsw_grip_ads_fire
xanim,am_t6_qbb_lsw_grip_crawl_back
xanim,am_t6_qbb_lsw_grip_crawl_forward
xanim,am_t6_qbb_lsw_grip_crawl_in
xanim,am_t6_qbb_lsw_grip_crawl_left
xanim,am_t6_qbb_lsw_grip_crawl_out
xanim,am_t6_qbb_lsw_grip_crawl_right
xanim,am_t6_qbb_lsw_grip_fire
xanim,am_t6_qbb_lsw_grip_first_raise
xanim,am_t6_qbb_lsw_grip_idle
xanim,am_t6_qbb_lsw_grip_pullout
xanim,am_t6_qbb_lsw_grip_putaway
xanim,am_t6_qbb_lsw_grip_reload
xanim,am_t6_qbb_lsw_grip_reload_empty
xanim,am_t6_qbb_lsw_grip_slide_air_in
xanim,am_t6_qbb_lsw_grip_slide_in
xanim,am_t6_qbb_lsw_grip_slide_loop
xanim,am_t6_qbb_lsw_grip_slide_out
xanim,am_t6_qbb_lsw_grip_sprint_in
xanim,am_t6_qbb_lsw_grip_sprint_loop
xanim,am_t6_qbb_lsw_grip_sprint_out
xanim,am_t6_qbb_lsw_idle
xanim,am_t6_qbb_lsw_pullout
xanim,am_t6_qbb_lsw_putaway
xanim,am_t6_qbb_lsw_reload
xanim,am_t6_qbb_lsw_reload_empty
xanim,am_t6_qbb_lsw_slide_air_in
xanim,am_t6_qbb_lsw_slide_in
xanim,am_t6_qbb_lsw_slide_loop
xanim,am_t6_qbb_lsw_slide_out
xanim,am_t6_qbb_lsw_sprint_in
xanim,am_t6_qbb_lsw_sprint_loop
xanim,am_t6_qbb_lsw_sprint_out
xanim,am_t6_remington870mcs_ads_down
xanim,am_t6_remington870mcs_ads_fire
xanim,am_t6_remington870mcs_ads_pump
xanim,am_t6_remington870mcs_ads_up
xanim,am_t6_remington870mcs_crawl_back
xanim,am_t6_remington870mcs_crawl_forward
xanim,am_t6_remington870mcs_crawl_in
xanim,am_t6_remington870mcs_crawl_left
xanim,am_t6_remington870mcs_crawl_out
xanim,am_t6_remington870mcs_crawl_right
xanim,am_t6_remington870mcs_fastmag_reload_in
xanim,am_t6_remington870mcs_fastmag_reload_loop
xanim,am_t6_remington870mcs_fastmag_reload_out
xanim,am_t6_remington870mcs_fire
xanim,am_t6_remington870mcs_fire_last
xanim,am_t6_remington870mcs_first_raise
xanim,am_t6_remington870mcs_idle
xanim,am_t6_remington870mcs_pullout
xanim,am_t6_remington870mcs_pullout_quick
xanim,am_t6_remington870mcs_pump
xanim,am_t6_remington870mcs_putaway
xanim,am_t6_remington870mcs_putaway_quick
xanim,am_t6_remington870mcs_reflex_ads_down
xanim,am_t6_remington870mcs_reflex_ads_up
xanim,am_t6_remington870mcs_reload_in
xanim,am_t6_remington870mcs_reload_loop
xanim,am_t6_remington870mcs_reload_out
xanim,am_t6_remington870mcs_slide_air_in
xanim,am_t6_remington870mcs_slide_in
xanim,am_t6_remington870mcs_slide_loop
xanim,am_t6_remington870mcs_slide_out
xanim,am_t6_remington870mcs_sprint_in
xanim,am_t6_remington870mcs_sprint_loop
xanim,am_t6_remington870mcs_sprint_out
xanim,am_t6_remingtonnewmodelarmy_ads_down
xanim,am_t6_remingtonnewmodelarmy_ads_fire
xanim,am_t6_remingtonnewmodelarmy_ads_up
xanim,am_t6_remingtonnewmodelarmy_crawl_back
xanim,am_t6_remingtonnewmodelarmy_crawl_forward
xanim,am_t6_remingtonnewmodelarmy_crawl_in
xanim,am_t6_remingtonnewmodelarmy_crawl_left
xanim,am_t6_remingtonnewmodelarmy_crawl_out
xanim,am_t6_remingtonnewmodelarmy_crawl_right
xanim,am_t6_remingtonnewmodelarmy_fire
xanim,am_t6_remingtonnewmodelarmy_first_raise
xanim,am_t6_remingtonnewmodelarmy_idle
xanim,am_t6_remingtonnewmodelarmy_pullout
xanim,am_t6_remingtonnewmodelarmy_putaway
xanim,am_t6_remingtonnewmodelarmy_reload
xanim,am_t6_remingtonnewmodelarmy_slide_air_in
xanim,am_t6_remingtonnewmodelarmy_slide_in
xanim,am_t6_remingtonnewmodelarmy_slide_loop
xanim,am_t6_remingtonnewmodelarmy_slide_out
xanim,am_t6_remingtonnewmodelarmy_sprint_loop
xanim,am_t6_rpd_ads_down
xanim,am_t6_rpd_ads_fire
xanim,am_t6_rpd_ads_up
xanim,am_t6_rpd_crawl_back
xanim,am_t6_rpd_crawl_forward
xanim,am_t6_rpd_crawl_in
xanim,am_t6_rpd_crawl_left
xanim,am_t6_rpd_crawl_out
xanim,am_t6_rpd_crawl_right
xanim,am_t6_rpd_fire
xanim,am_t6_rpd_first_raise
xanim,am_t6_rpd_grip_ads_fire
xanim,am_t6_rpd_grip_crawl_back
xanim,am_t6_rpd_grip_crawl_forward
xanim,am_t6_rpd_grip_crawl_in
xanim,am_t6_rpd_grip_crawl_left
xanim,am_t6_rpd_grip_crawl_out
xanim,am_t6_rpd_grip_crawl_right
xanim,am_t6_rpd_grip_fire
xanim,am_t6_rpd_grip_first_raise
xanim,am_t6_rpd_grip_idle
xanim,am_t6_rpd_grip_pullout
xanim,am_t6_rpd_grip_putaway
xanim,am_t6_rpd_grip_reload
xanim,am_t6_rpd_grip_slide_air_in
xanim,am_t6_rpd_grip_slide_in
xanim,am_t6_rpd_grip_slide_loop
xanim,am_t6_rpd_grip_slide_out
xanim,am_t6_rpd_grip_sprint_in
xanim,am_t6_rpd_grip_sprint_loop
xanim,am_t6_rpd_grip_sprint_out
xanim,am_t6_rpd_idle
xanim,am_t6_rpd_pullout
xanim,am_t6_rpd_putaway
xanim,am_t6_rpd_reload
xanim,am_t6_rpd_slide_air_in
xanim,am_t6_rpd_slide_in
xanim,am_t6_rpd_slide_loop
xanim,am_t6_rpd_slide_out
xanim,am_t6_rpd_sprint_in
xanim,am_t6_rpd_sprint_loop
xanim,am_t6_rpd_sprint_out
xanim,am_t6_rpg_ads_down
xanim,am_t6_rpg_ads_fire
xanim,am_t6_rpg_ads_up
xanim,am_t6_rpg_crawl_back
xanim,am_t6_rpg_crawl_forward
xanim,am_t6_rpg_crawl_in
xanim,am_t6_rpg_crawl_left
xanim,am_t6_rpg_crawl_out
xanim,am_t6_rpg_crawl_right
xanim,am_t6_rpg_idle
xanim,am_t6_rpg_pullout
xanim,am_t6_rpg_putaway
xanim,am_t6_rpg_reload
xanim,am_t6_rpg_slide_air_in
xanim,am_t6_rpg_slide_in
xanim,am_t6_rpg_slide_loop
xanim,am_t6_rpg_slide_out
xanim,am_t6_rpg_sprint_in
xanim,am_t6_rpg_sprint_loop
xanim,am_t6_rpg_sprint_out
xanim,am_t6_s12_ads_down
xanim,am_t6_s12_ads_fire
xanim,am_t6_s12_ads_up
xanim,am_t6_s12_crawl_back
xanim,am_t6_s12_crawl_forward
xanim,am_t6_s12_crawl_in
xanim,am_t6_s12_crawl_left
xanim,am_t6_s12_crawl_out
xanim,am_t6_s12_crawl_right
xanim,am_t6_s12_fastmag_reload
xanim,am_t6_s12_fastmag_reload_empty
xanim,am_t6_s12_fastmag_reload_empty_quick
xanim,am_t6_s12_fastmag_reload_quick
xanim,am_t6_s12_fire
xanim,am_t6_s12_first_raise
xanim,am_t6_s12_idle
xanim,am_t6_s12_pullout
xanim,am_t6_s12_pullout_quick
xanim,am_t6_s12_putaway
xanim,am_t6_s12_putaway_quick
xanim,am_t6_s12_reflex_ads_down
xanim,am_t6_s12_reflex_ads_up
xanim,am_t6_s12_reload
xanim,am_t6_s12_reload_empty
xanim,am_t6_s12_slide_air_in
xanim,am_t6_s12_slide_in
xanim,am_t6_s12_slide_loop
xanim,am_t6_s12_slide_out
xanim,am_t6_s12_sprint_in
xanim,am_t6_s12_sprint_loop
xanim,am_t6_s12_sprint_out
xanim,am_t6_scarh_ads_down
xanim,am_t6_scarh_ads_fire
xanim,am_t6_scarh_ads_up
xanim,am_t6_scarh_crawl_back
xanim,am_t6_scarh_crawl_forward
xanim,am_t6_scarh_crawl_in
xanim,am_t6_scarh_crawl_left
xanim,am_t6_scarh_crawl_out
xanim,am_t6_scarh_crawl_right
xanim,am_t6_scarh_fire
xanim,am_t6_scarh_first_raise
xanim,am_t6_scarh_gl_ads_fire
xanim,am_t6_scarh_gl_crawl_back
xanim,am_t6_scarh_gl_crawl_forward
xanim,am_t6_scarh_gl_crawl_in
xanim,am_t6_scarh_gl_crawl_left
xanim,am_t6_scarh_gl_crawl_out
xanim,am_t6_scarh_gl_crawl_right
xanim,am_t6_scarh_gl_fastmag_reload
xanim,am_t6_scarh_gl_fastmag_reload_empty
xanim,am_t6_scarh_gl_fastmag_reload_empty_quick
xanim,am_t6_scarh_gl_fastmag_reload_quick
xanim,am_t6_scarh_gl_fire
xanim,am_t6_scarh_gl_first_raise
xanim,am_t6_scarh_gl_idle
xanim,am_t6_scarh_gl_pullout
xanim,am_t6_scarh_gl_putaway
xanim,am_t6_scarh_gl_slide_air_in
xanim,am_t6_scarh_gl_slide_in
xanim,am_t6_scarh_gl_slide_loop
xanim,am_t6_scarh_gl_slide_out
xanim,am_t6_scarh_gl_sprint_in
xanim,am_t6_scarh_gl_sprint_loop
xanim,am_t6_scarh_gl_sprint_out
xanim,am_t6_scarh_idle
xanim,am_t6_scarh_in_gl_crawl_back
xanim,am_t6_scarh_in_gl_crawl_forward
xanim,am_t6_scarh_in_gl_crawl_in
xanim,am_t6_scarh_in_gl_crawl_left
xanim,am_t6_scarh_in_gl_crawl_out
xanim,am_t6_scarh_in_gl_crawl_right
xanim,am_t6_scarh_in_gl_fire
xanim,am_t6_scarh_in_gl_idle
xanim,am_t6_scarh_in_gl_pullout
xanim,am_t6_scarh_in_gl_putaway
xanim,am_t6_scarh_in_gl_reload
xanim,am_t6_scarh_in_gl_slide_air_in
xanim,am_t6_scarh_in_gl_slide_in
xanim,am_t6_scarh_in_gl_slide_loop
xanim,am_t6_scarh_in_gl_slide_out
xanim,am_t6_scarh_in_gl_sprint_in
xanim,am_t6_scarh_in_gl_sprint_loop
xanim,am_t6_scarh_in_gl_sprint_out
xanim,am_t6_scarh_out_gl
xanim,am_t6_scarh_pullout
xanim,am_t6_scarh_putaway
xanim,am_t6_scarh_reflex_ads_down
xanim,am_t6_scarh_reflex_ads_up
xanim,am_t6_scarh_reload
xanim,am_t6_scarh_reload_empty
xanim,am_t6_scarh_slide_air_in
xanim,am_t6_scarh_slide_in
xanim,am_t6_scarh_slide_loop
xanim,am_t6_scarh_slide_out
xanim,am_t6_scarh_sprint_in
xanim,am_t6_scarh_sprint_loop
xanim,am_t6_scarh_sprint_out
xanim,am_t6_scarh_to_gl
xanim,am_t6_skorpion_evo_ads_down
xanim,am_t6_skorpion_evo_ads_fire
xanim,am_t6_skorpion_evo_ads_up
xanim,am_t6_skorpion_evo_crawl_back
xanim,am_t6_skorpion_evo_crawl_forward
xanim,am_t6_skorpion_evo_crawl_in
xanim,am_t6_skorpion_evo_crawl_left
xanim,am_t6_skorpion_evo_crawl_out
xanim,am_t6_skorpion_evo_crawl_right
xanim,am_t6_skorpion_evo_fastmag_reload
xanim,am_t6_skorpion_evo_fastmag_reload_empty
xanim,am_t6_skorpion_evo_fastmag_reload_empty_quick
xanim,am_t6_skorpion_evo_fastmag_reload_quick
xanim,am_t6_skorpion_evo_fire
xanim,am_t6_skorpion_evo_first_raise
xanim,am_t6_skorpion_evo_idle
xanim,am_t6_skorpion_evo_pullout
xanim,am_t6_skorpion_evo_putaway
xanim,am_t6_skorpion_evo_reflex_ads_down
xanim,am_t6_skorpion_evo_reflex_ads_up
xanim,am_t6_skorpion_evo_reload
xanim,am_t6_skorpion_evo_reload_empty
xanim,am_t6_skorpion_evo_slide_air_in
xanim,am_t6_skorpion_evo_slide_in
xanim,am_t6_skorpion_evo_slide_loop
xanim,am_t6_skorpion_evo_slide_out
xanim,am_t6_skorpion_evo_sprint_in
xanim,am_t6_skorpion_evo_sprint_loop
xanim,am_t6_skorpion_evo_sprint_out
xanim,am_t6_smaw_ads_down
xanim,am_t6_smaw_ads_fire
xanim,am_t6_smaw_ads_up
xanim,am_t6_smaw_crawl_back
xanim,am_t6_smaw_crawl_forward
xanim,am_t6_smaw_crawl_in
xanim,am_t6_smaw_crawl_left
xanim,am_t6_smaw_crawl_out
xanim,am_t6_smaw_crawl_right
xanim,am_t6_smaw_idle
xanim,am_t6_smaw_pullout
xanim,am_t6_smaw_putaway
xanim,am_t6_smaw_reload
xanim,am_t6_smaw_slide_air_in
xanim,am_t6_smaw_slide_in
xanim,am_t6_smaw_slide_loop
xanim,am_t6_smaw_slide_out
xanim,am_t6_smaw_sprint_in
xanim,am_t6_smaw_sprint_loop
xanim,am_t6_smaw_sprint_out
xanim,am_t6_smr_ads_down
xanim,am_t6_smr_ads_fire
xanim,am_t6_smr_ads_up
xanim,am_t6_smr_crawl_back
xanim,am_t6_smr_crawl_forward
xanim,am_t6_smr_crawl_in
xanim,am_t6_smr_crawl_left
xanim,am_t6_smr_crawl_out
xanim,am_t6_smr_crawl_right
xanim,am_t6_smr_fire
xanim,am_t6_smr_first_raise
xanim,am_t6_smr_idle
xanim,am_t6_smr_pullout
xanim,am_t6_smr_putaway
xanim,am_t6_smr_putaway_quick
xanim,am_t6_smr_reflex_ads_down
xanim,am_t6_smr_reflex_ads_up
xanim,am_t6_smr_reload
xanim,am_t6_smr_reload_empty
xanim,am_t6_smr_slide_air_in
xanim,am_t6_smr_slide_in
xanim,am_t6_smr_slide_loop
xanim,am_t6_smr_slide_out
xanim,am_t6_smr_sprint_in
xanim,am_t6_smr_sprint_loop
xanim,am_t6_smr_sprint_out
xanim,am_t6_spas12_ads_down
xanim,am_t6_spas12_ads_fire
xanim,am_t6_spas12_ads_up
xanim,am_t6_spas12_crawl_back
xanim,am_t6_spas12_crawl_forward
xanim,am_t6_spas12_crawl_in
xanim,am_t6_spas12_crawl_left
xanim,am_t6_spas12_crawl_out
xanim,am_t6_spas12_crawl_right
xanim,am_t6_spas12_fire
xanim,am_t6_spas12_first_raise
xanim,am_t6_spas12_idle
xanim,am_t6_spas12_pullout
xanim,am_t6_spas12_pullout_quick
xanim,am_t6_spas12_putaway
xanim,am_t6_spas12_putaway_quick
xanim,am_t6_spas12_reload_in
xanim,am_t6_spas12_reload_loop
xanim,am_t6_spas12_reload_out
xanim,am_t6_spas12_slide_air_in
xanim,am_t6_spas12_slide_in
xanim,am_t6_spas12_slide_loop
xanim,am_t6_spas12_slide_out
xanim,am_t6_spas12_sprint_in
xanim,am_t6_spas12_sprint_loop
xanim,am_t6_spas12_sprint_out
xanim,am_t6_stg44_ads_down
xanim,am_t6_stg44_ads_fire
xanim,am_t6_stg44_ads_up
xanim,am_t6_stg44_crawl_back
xanim,am_t6_stg44_crawl_forward
xanim,am_t6_stg44_crawl_in
xanim,am_t6_stg44_crawl_left
xanim,am_t6_stg44_crawl_out
xanim,am_t6_stg44_crawl_right
xanim,am_t6_stg44_fire
xanim,am_t6_stg44_first_raise
xanim,am_t6_stg44_idle
xanim,am_t6_stg44_pullout
xanim,am_t6_stg44_putaway
xanim,am_t6_stg44_reload
xanim,am_t6_stg44_reload_empty
xanim,am_t6_stg44_slide_air_in
xanim,am_t6_stg44_slide_in
xanim,am_t6_stg44_slide_loop
xanim,am_t6_stg44_slide_out
xanim,am_t6_stg44_sprint_in
xanim,am_t6_stg44_sprint_loop
xanim,am_t6_stg44_sprint_out
xanim,am_t6_stinger_ads_down
xanim,am_t6_stinger_ads_fire
xanim,am_t6_stinger_ads_up
xanim,am_t6_stinger_crawl_back
xanim,am_t6_stinger_crawl_forward
xanim,am_t6_stinger_crawl_in
xanim,am_t6_stinger_crawl_left
xanim,am_t6_stinger_crawl_out
xanim,am_t6_stinger_crawl_right
xanim,am_t6_stinger_first_raise
xanim,am_t6_stinger_idle
xanim,am_t6_stinger_pullout
xanim,am_t6_stinger_putaway
xanim,am_t6_stinger_reload
xanim,am_t6_stinger_slide_air_in
xanim,am_t6_stinger_slide_in
xanim,am_t6_stinger_slide_loop
xanim,am_t6_stinger_slide_out
xanim,am_t6_stinger_sprint_in
xanim,am_t6_stinger_sprint_loop
xanim,am_t6_stinger_sprint_out
xanim,am_t6_storm_psr_ads_down
xanim,am_t6_storm_psr_ads_fire
xanim,am_t6_storm_psr_ads_up
xanim,am_t6_storm_psr_crawl_back
xanim,am_t6_storm_psr_crawl_forward
xanim,am_t6_storm_psr_crawl_in
xanim,am_t6_storm_psr_crawl_left
xanim,am_t6_storm_psr_crawl_out
xanim,am_t6_storm_psr_crawl_right
xanim,am_t6_storm_psr_fire
xanim,am_t6_storm_psr_first_raise
xanim,am_t6_storm_psr_idle
xanim,am_t6_storm_psr_pullout
xanim,am_t6_storm_psr_putaway
xanim,am_t6_storm_psr_reload
xanim,am_t6_storm_psr_slide_air_in
xanim,am_t6_storm_psr_slide_in
xanim,am_t6_storm_psr_slide_loop
xanim,am_t6_storm_psr_slide_out
xanim,am_t6_storm_psr_sprint_in
xanim,am_t6_storm_psr_sprint_loop
xanim,am_t6_storm_psr_sprint_out
xanim,am_t6_svu_as_acog_ads_down
xanim,am_t6_svu_as_acog_ads_up
xanim,am_t6_svu_as_ads_fire
xanim,am_t6_svu_as_crawl_back
xanim,am_t6_svu_as_crawl_forward
xanim,am_t6_svu_as_crawl_in
xanim,am_t6_svu_as_crawl_left
xanim,am_t6_svu_as_crawl_out
xanim,am_t6_svu_as_crawl_right
xanim,am_t6_svu_as_fire
xanim,am_t6_svu_as_first_raise
xanim,am_t6_svu_as_idle
xanim,am_t6_svu_as_pullout
xanim,am_t6_svu_as_pullout_quick
xanim,am_t6_svu_as_putaway
xanim,am_t6_svu_as_putaway_quick
xanim,am_t6_svu_as_reload
xanim,am_t6_svu_as_reload_empty
xanim,am_t6_svu_as_scope_ads_down
xanim,am_t6_svu_as_scope_ads_up
xanim,am_t6_svu_as_slide_air_in
xanim,am_t6_svu_as_slide_in
xanim,am_t6_svu_as_slide_loop
xanim,am_t6_svu_as_slide_out
xanim,am_t6_svu_as_sprint_in
xanim,am_t6_svu_as_sprint_loop
xanim,am_t6_svu_as_sprint_out
xanim,am_t6_swat556_ads_down
xanim,am_t6_swat556_ads_fire
xanim,am_t6_swat556_ads_up
xanim,am_t6_swat556_crawl_back
xanim,am_t6_swat556_crawl_forward
xanim,am_t6_swat556_crawl_in
xanim,am_t6_swat556_crawl_left
xanim,am_t6_swat556_crawl_out
xanim,am_t6_swat556_crawl_right
xanim,am_t6_swat556_fire
xanim,am_t6_swat556_first_raise
xanim,am_t6_swat556_idle
xanim,am_t6_swat556_pullout
xanim,am_t6_swat556_putaway
xanim,am_t6_swat556_putaway_quick
xanim,am_t6_swat556_reflex_ads_down
xanim,am_t6_swat556_reflex_ads_up
xanim,am_t6_swat556_reload
xanim,am_t6_swat556_reload_empty
xanim,am_t6_swat556_slide_air_in
xanim,am_t6_swat556_slide_in
xanim,am_t6_swat556_slide_loop
xanim,am_t6_swat556_slide_out
xanim,am_t6_swat556_sprint_in
xanim,am_t6_swat556_sprint_loop
xanim,am_t6_swat556_sprint_out
xanim,am_t6_tac45_ads_down
xanim,am_t6_tac45_ads_fire
xanim,am_t6_tac45_ads_up
xanim,am_t6_tac45_crawl_back
xanim,am_t6_tac45_crawl_forward
xanim,am_t6_tac45_crawl_in
xanim,am_t6_tac45_crawl_left
xanim,am_t6_tac45_crawl_out
xanim,am_t6_tac45_crawl_right
xanim,am_t6_tac45_fire
xanim,am_t6_tac45_first_raise
xanim,am_t6_tac45_idle
xanim,am_t6_tac45_pullout
xanim,am_t6_tac45_putaway
xanim,am_t6_tac45_reload
xanim,am_t6_tac45_reload_empty
xanim,am_t6_tac45_slide_air_in
xanim,am_t6_tac45_slide_in
xanim,am_t6_tac45_slide_loop
xanim,am_t6_tac45_slide_out
xanim,am_t6_tac45_sprint_loop
xanim,am_t6_titus6_ads_down
xanim,am_t6_titus6_ads_up
xanim,am_t6_titus6_gl_crawl_back
xanim,am_t6_titus6_gl_crawl_forward
xanim,am_t6_titus6_gl_crawl_in
xanim,am_t6_titus6_gl_crawl_left
xanim,am_t6_titus6_gl_crawl_out
xanim,am_t6_titus6_gl_crawl_right
xanim,am_t6_titus6_gl_fire
xanim,am_t6_titus6_gl_first_raise
xanim,am_t6_titus6_gl_idle
xanim,am_t6_titus6_gl_pullout
xanim,am_t6_titus6_gl_putaway
xanim,am_t6_titus6_gl_reload
xanim,am_t6_titus6_gl_slide_air_in
xanim,am_t6_titus6_gl_slide_in
xanim,am_t6_titus6_gl_slide_loop
xanim,am_t6_titus6_gl_slide_out
xanim,am_t6_titus6_gl_sprint_in
xanim,am_t6_titus6_gl_sprint_loop
xanim,am_t6_titus6_gl_sprint_out
xanim,am_t6_titus6_shotty_crawl_back
xanim,am_t6_titus6_shotty_crawl_forward
xanim,am_t6_titus6_shotty_crawl_in
xanim,am_t6_titus6_shotty_crawl_left
xanim,am_t6_titus6_shotty_crawl_out
xanim,am_t6_titus6_shotty_crawl_right
xanim,am_t6_titus6_shotty_fire
xanim,am_t6_titus6_shotty_idle
xanim,am_t6_titus6_shotty_pullout
xanim,am_t6_titus6_shotty_putaway
xanim,am_t6_titus6_shotty_reload
xanim,am_t6_titus6_shotty_reload_empty
xanim,am_t6_titus6_shotty_slide_air_in
xanim,am_t6_titus6_shotty_slide_in
xanim,am_t6_titus6_shotty_slide_loop
xanim,am_t6_titus6_shotty_slide_out
xanim,am_t6_titus6_shotty_sprint_in
xanim,am_t6_titus6_shotty_sprint_loop
xanim,am_t6_titus6_shotty_sprint_out
xanim,am_t6_titus6_to_gl
xanim,am_t6_titus6_to_shotty
xanim,am_t6_type25_ads_down
xanim,am_t6_type25_ads_fire
xanim,am_t6_type25_ads_up
xanim,am_t6_type25_crawl_back
xanim,am_t6_type25_crawl_forward
xanim,am_t6_type25_crawl_in
xanim,am_t6_type25_crawl_left
xanim,am_t6_type25_crawl_out
xanim,am_t6_type25_crawl_right
xanim,am_t6_type25_fire
xanim,am_t6_type25_first_raise
xanim,am_t6_type25_grip_ads_fire
xanim,am_t6_type25_grip_crawl_back
xanim,am_t6_type25_grip_crawl_forward
xanim,am_t6_type25_grip_crawl_in
xanim,am_t6_type25_grip_crawl_left
xanim,am_t6_type25_grip_crawl_out
xanim,am_t6_type25_grip_crawl_right
xanim,am_t6_type25_grip_fire
xanim,am_t6_type25_grip_first_raise
xanim,am_t6_type25_grip_idle
xanim,am_t6_type25_grip_pullout
xanim,am_t6_type25_grip_putaway
xanim,am_t6_type25_grip_reload
xanim,am_t6_type25_grip_reload_empty
xanim,am_t6_type25_grip_slide_air_in
xanim,am_t6_type25_grip_slide_in
xanim,am_t6_type25_grip_slide_loop
xanim,am_t6_type25_grip_slide_out
xanim,am_t6_type25_grip_sprint_in
xanim,am_t6_type25_grip_sprint_loop
xanim,am_t6_type25_grip_sprint_out
xanim,am_t6_type25_idle
xanim,am_t6_type25_pullout
xanim,am_t6_type25_putaway
xanim,am_t6_type25_reflex_ads_down
xanim,am_t6_type25_reflex_ads_up
xanim,am_t6_type25_reload
xanim,am_t6_type25_reload_empty
xanim,am_t6_type25_slide_air_in
xanim,am_t6_type25_slide_in
xanim,am_t6_type25_slide_loop
xanim,am_t6_type25_slide_out
xanim,am_t6_type25_sprint_in
xanim,am_t6_type25_sprint_loop
xanim,am_t6_type25_sprint_out
xanim,am_t6_uzi_ads_down
xanim,am_t6_uzi_ads_fire
xanim,am_t6_uzi_ads_up
xanim,am_t6_uzi_crawl_back
xanim,am_t6_uzi_crawl_forward
xanim,am_t6_uzi_crawl_in
xanim,am_t6_uzi_crawl_left
xanim,am_t6_uzi_crawl_out
xanim,am_t6_uzi_crawl_right
xanim,am_t6_uzi_fire
xanim,am_t6_uzi_first_raise
xanim,am_t6_uzi_idle
xanim,am_t6_uzi_pullout
xanim,am_t6_uzi_putaway
xanim,am_t6_uzi_reload
xanim,am_t6_uzi_reload_empty
xanim,am_t6_uzi_slide_air_in
xanim,am_t6_uzi_slide_in
xanim,am_t6_uzi_slide_loop
xanim,am_t6_uzi_slide_out
xanim,am_t6_uzi_sprint_in
xanim,am_t6_uzi_sprint_loop
xanim,am_t6_uzi_sprint_out
xanim,am_t6_vector_k10_ads_down
xanim,am_t6_vector_k10_ads_fire
xanim,am_t6_vector_k10_ads_up
xanim,am_t6_vector_k10_crawl_back
xanim,am_t6_vector_k10_crawl_forward
xanim,am_t6_vector_k10_crawl_in
xanim,am_t6_vector_k10_crawl_left
xanim,am_t6_vector_k10_crawl_out
xanim,am_t6_vector_k10_crawl_right
xanim,am_t6_vector_k10_fire
xanim,am_t6_vector_k10_first_raise
xanim,am_t6_vector_k10_idle
xanim,am_t6_vector_k10_pullout
xanim,am_t6_vector_k10_putaway
xanim,am_t6_vector_k10_reflex_ads_down
xanim,am_t6_vector_k10_reflex_ads_up
xanim,am_t6_vector_k10_reload
xanim,am_t6_vector_k10_reload_empty
xanim,am_t6_vector_k10_slide_air_in
xanim,am_t6_vector_k10_slide_in
xanim,am_t6_vector_k10_slide_loop
xanim,am_t6_vector_k10_slide_out
xanim,am_t6_vector_k10_sprint_in
xanim,am_t6_vector_k10_sprint_loop
xanim,am_t6_vector_k10_sprint_out
xanim,am_t6_war_machine_ads_down
xanim,am_t6_war_machine_ads_fire
xanim,am_t6_war_machine_ads_up
xanim,am_t6_war_machine_crawl_back
xanim,am_t6_war_machine_crawl_forward
xanim,am_t6_war_machine_crawl_in
xanim,am_t6_war_machine_crawl_left
xanim,am_t6_war_machine_crawl_out
xanim,am_t6_war_machine_crawl_right
xanim,am_t6_war_machine_fire
xanim,am_t6_war_machine_first_raise
xanim,am_t6_war_machine_idle
xanim,am_t6_war_machine_pullout
xanim,am_t6_war_machine_putaway
xanim,am_t6_war_machine_reload
xanim,am_t6_war_machine_slide_air_in
xanim,am_t6_war_machine_slide_in
xanim,am_t6_war_machine_slide_loop
xanim,am_t6_war_machine_slide_out
xanim,am_t6_war_machine_sprint_in
xanim,am_t6_war_machine_sprint_loop
xanim,am_t6_war_machine_sprint_out
xanim,am_t6_xpr50_acog_ads_down
xanim,am_t6_xpr50_acog_ads_up
xanim,am_t6_xpr50_ads_fire
xanim,am_t6_xpr50_crawl_back
xanim,am_t6_xpr50_crawl_forward
xanim,am_t6_xpr50_crawl_in
xanim,am_t6_xpr50_crawl_left
xanim,am_t6_xpr50_crawl_out
xanim,am_t6_xpr50_crawl_right
xanim,am_t6_xpr50_fire
xanim,am_t6_xpr50_first_raise
xanim,am_t6_xpr50_idle
xanim,am_t6_xpr50_pullout
xanim,am_t6_xpr50_putaway
xanim,am_t6_xpr50_putaway_quick
xanim,am_t6_xpr50_reload
xanim,am_t6_xpr50_reload_empty
xanim,am_t6_xpr50_scope_ads_down
xanim,am_t6_xpr50_scope_ads_up
xanim,am_t6_xpr50_slide_air_in
xanim,am_t6_xpr50_slide_in
xanim,am_t6_xpr50_slide_loop
xanim,am_t6_xpr50_slide_out
xanim,am_t6_xpr50_sprint_in
xanim,am_t6_xpr50_sprint_loop
xanim,am_t6_xpr50_sprint_out
xanim,bo3_ai_zombie_taunts_4
xanim,o_zombie_base_packapunch_flag_down
xanim,o_zombie_base_packapunch_flag_up
xanim,o_zombie_base_packapunch_poweron
xanim,o_zombie_base_packapunch_working_eject_gun
xanim,o_zombie_base_packapunch_working_loop
xanim,o_zombie_base_packapunch_working_take_gun
xanim,o_zombie_base_packapunch_worldguns_ejected
xanim,o_zombie_base_packapunch_worldguns_taken
xanim,o_zombie_magic_box_arrive
xanim,o_zombie_magic_box_close
xanim,o_zombie_magic_box_fake_idle_twitch_a
xanim,o_zombie_magic_box_fake_idle_twitch_b
xanim,o_zombie_magic_box_leave
xanim,o_zombie_magic_box_open
xanim,o_zombie_magic_box_teddy_rise
xanim,o_zombie_magic_box_weapon_dual_rise
xanim,o_zombie_magic_box_weapon_rise
xanim,rtrg_ai_zm_dlc1_zombie_run_lowg_v1
xanim,rtrg_ai_zm_dlc1_zombie_run_lowg_v2
xanim,rtrg_ai_zm_dlc1_zombie_run_lowg_v3
xanim,rtrg_ai_zm_dlc1_zombie_run_lowg_v4
xanim,rtrg_ai_zm_dlc1_zombie_sprint_lowg_v1
xanim,rtrg_ai_zm_dlc1_zombie_sprint_lowg_v2
xanim,rtrg_ai_zm_dlc1_zombie_sprint_lowg_v3
xanim,rtrg_ai_zm_dlc1_zombie_sprint_lowg_v4
xanim,rtrg_ai_zm_dlc1_zombie_walk_lowg_v1
xanim,rtrg_ai_zm_dlc1_zombie_walk_lowg_v2
xanim,rtrg_ai_zm_dlc1_zombie_walk_lowg_v3
xanim,rtrg_ai_zm_dlc1_zombie_walk_lowg_v4
xmodel,c_zom_der_hellhound_fb
xmodel,c_zom_der_zombie_body1_g_behead
xmodel,c_zom_der_zombie_body1_g_blegsoff
xmodel,c_zom_der_zombie_body1_g_llegoff
xmodel,c_zom_der_zombie_body1_g_lowclean
xmodel,c_zom_der_zombie_body1_g_rlegoff
xmodel,c_zom_der_zombie_body2
xmodel,c_zom_der_zombie_body2_g_behead
xmodel,c_zom_der_zombie_body2_g_blegsoff
xmodel,c_zom_der_zombie_body2_g_larmoff
xmodel,c_zom_der_zombie_body2_g_llegoff
xmodel,c_zom_der_zombie_body2_g_lowclean
xmodel,c_zom_der_zombie_body2_g_rarmoff
xmodel,c_zom_der_zombie_body2_g_rlegoff
xmodel,c_zom_der_zombie_body2_g_upclean
xmodel,c_zom_der_zombie_head1
xmodel,c_zom_der_zombie_head2
xmodel,c_zom_der_zombie_head3
xmodel,c_zom_der_zombie_helmet1
xmodel,c_zom_zod_zombie_fem_body1_g_larmspawn
xmodel,c_zom_zod_zombie_fem_body1_g_llegspawn
xmodel,c_zom_zod_zombie_fem_body1_g_rarmspawn
xmodel,c_zom_zod_zombie_fem_body1_g_rlegspawn
xmodel,p7_barrel_metal_55gal_blue
xmodel,p7_cinder_block
xmodel,p7_debris_rockychunks_small_07
xmodel,p7_debris_wood_plywood_2x8_bowed_dirty
xmodel,p7_electrical_box_set_box_4
xmodel,p7_plank_wood_broken_2x4x64
xmodel,p7_wires_electrical_rubber_04
xmodel,p7_zm_der2_light_hurricane_lamp
xmodel,p7_zm_der2_utility_pole_512
xmodel,p7_zm_der2_vending_packapunch_sign_wait
xmodel,p7_zm_der_light_bulb_small
xmodel,p7_zm_der_light_shade
xmodel,p7_zm_der_light_wall_mount
xmodel,p7_zm_der_magic_box
xmodel,p7_zm_der_magic_box_fake
xmodel,p7_zm_der_magic_box_fake_trunk
xmodel,p7_zm_der_pswitch_body
xmodel,p7_zm_der_pswitch_handle
xmodel,p7_zm_vending_packapunch
xmodel,p7_zm_vending_packapunch_on
xmodel,p7_zm_vending_packapunch_weapon
xmodel,pbr_evening_2_skybox_override
xmodel,pbr_night_starrynight_4_skybox_override
xmodel,skybox_default_black
xmodel,skybox_default_day
xmodel,tag_flash
xmodel,vm_t6_acog
xmodel,vm_t6_aimpoint
xmodel,vm_t6_ak47
xmodel,vm_t6_ak74u
xmodel,vm_t6_ak_mag
xmodel,vm_t6_an94
xmodel,vm_t6_an94_mag
xmodel,vm_t6_b23r
xmodel,vm_t6_b23r_up
xmodel,vm_t6_ballista
xmodel,vm_t6_ballista_ads_scope
xmodel,vm_t6_ballista_hip_scope
xmodel,vm_t6_ballista_mag
xmodel,vm_t6_blundergat
xmodel,vm_t6_blundergat_armor
xmodel,vm_t6_browninghp
xmodel,vm_t6_chicom_cqb
xmodel,vm_t6_chicom_cqb_fastmag
xmodel,vm_t6_chicom_cqb_mag
xmodel,vm_t6_death_machine
xmodel,vm_t6_dragunov
xmodel,vm_t6_dragunov_ads_scope
xmodel,vm_t6_dragunov_hip_scope
xmodel,vm_t6_dragunov_mag
xmodel,vm_t6_dsr50
xmodel,vm_t6_dsr50_ads_scope
xmodel,vm_t6_dsr50_hip_scope
xmodel,vm_t6_dsr50_mag
xmodel,vm_t6_eotech_ads_scope
xmodel,vm_t6_eotech_hip_scope
xmodel,vm_t6_executioner
xmodel,vm_t6_executioner_ldw
xmodel,vm_t6_executioner_speed_loader
xmodel,vm_t6_fal
xmodel,vm_t6_fal_fastmag
xmodel,vm_t6_fal_mag
xmodel,vm_t6_fal_osw
xmodel,vm_t6_fal_osw_mag
xmodel,vm_t6_five_seven
xmodel,vm_t6_five_seven_ldw
xmodel,vm_t6_five_seven_ldw_up
xmodel,vm_t6_five_seven_up
xmodel,vm_t6_foregrip
xmodel,vm_t6_galil
xmodel,vm_t6_galil_mag
xmodel,vm_t6_hamr
xmodel,vm_t6_hamr_mag
xmodel,vm_t6_kap40
xmodel,vm_t6_kap40_ldw
xmodel,vm_t6_kobra
xmodel,vm_t6_ksg
xmodel,vm_t6_lsat
xmodel,vm_t6_m1216
xmodel,vm_t6_m14
xmodel,vm_t6_m14_mag
xmodel,vm_t6_m16a1
xmodel,vm_t6_m16a1_m203
xmodel,vm_t6_m16a1_mag
xmodel,vm_t6_m1911
xmodel,vm_t6_m1911_ldw
xmodel,vm_t6_m1927
xmodel,vm_t6_m27
xmodel,vm_t6_m27_fastmag
xmodel,vm_t6_m27_grip
xmodel,vm_t6_m27_mag
xmodel,vm_t6_m320
xmodel,vm_t6_m60
xmodel,vm_t6_m82a1
xmodel,vm_t6_m82a1_ads_scope
xmodel,vm_t6_m82a1_hip_scope
xmodel,vm_t6_m82a1_mag
xmodel,vm_t6_m8a1
xmodel,vm_t6_m8a1_fastmag
xmodel,vm_t6_m8a1_mag
xmodel,vm_t6_mauser_c96
xmodel,vm_t6_mauser_c96_ads_scope
xmodel,vm_t6_mauser_c96_hip_scope
xmodel,vm_t6_mg0815
xmodel,vm_t6_mk48
xmodel,vm_t6_mm1
xmodel,vm_t6_mp40
xmodel,vm_t6_mp40_mag
xmodel,vm_t6_mp5
xmodel,vm_t6_mp5_mag
xmodel,vm_t6_mp7
xmodel,vm_t6_mp7_mag
xmodel,vm_t6_msmc
xmodel,vm_t6_msmc_mag
xmodel,vm_t6_mtar
xmodel,vm_t6_mtar_fastmag
xmodel,vm_t6_mtar_mag
xmodel,vm_t6_olympia
xmodel,vm_t6_pdw57
xmodel,vm_t6_pdw57_mag
xmodel,vm_t6_peacekeeper
xmodel,vm_t6_peacekeeper_fastmag
xmodel,vm_t6_peacekeeper_mag
xmodel,vm_t6_python
xmodel,vm_t6_qbb_lsw
xmodel,vm_t6_qbb_lsw_mag
xmodel,vm_t6_reflex
xmodel,vm_t6_remington870mcs
xmodel,vm_t6_remingtonnewmodelarmy
xmodel,vm_t6_rpd
xmodel,vm_t6_rpg
xmodel,vm_t6_s12
xmodel,vm_t6_s12_fastmag
xmodel,vm_t6_s12_mag
xmodel,vm_t6_scarh
xmodel,vm_t6_scarh_fastmag
xmodel,vm_t6_scarh_mag
xmodel,vm_t6_skorpion_evo
xmodel,vm_t6_skorpion_evo_fastmag
xmodel,vm_t6_skorpion_evo_mag
xmodel,vm_t6_smaw
xmodel,vm_t6_smr
xmodel,vm_t6_smr_mag
xmodel,vm_t6_smr_reflex
xmodel,vm_t6_spas12
xmodel,vm_t6_stg44
xmodel,vm_t6_stg44_mag
xmodel,vm_t6_stinger
xmodel,vm_t6_storm_psr
xmodel,vm_t6_storm_psr_up
xmodel,vm_t6_svu_as
xmodel,vm_t6_svu_as_ads_scope
xmodel,vm_t6_svu_as_hip_scope
xmodel,vm_t6_svu_as_mag
xmodel,vm_t6_swat556
xmodel,vm_t6_swat556_mag
xmodel,vm_t6_tac45
xmodel,vm_t6_titus6
xmodel,vm_t6_titus6_up
xmodel,vm_t6_type25
xmodel,vm_t6_type25_mag
xmodel,vm_t6_uzi
xmodel,vm_t6_uzi_mag
xmodel,vm_t6_vector_k10
xmodel,vm_t6_vector_k10_mag
xmodel,vm_t6_war_machine
xmodel,vm_t6_war_machine_ads_scope
xmodel,vm_t6_war_machine_hip_scope
xmodel,vm_t6_xpr50
xmodel,vm_t6_xpr50_ads_scope
xmodel,vm_t6_xpr50_hip_scope
xmodel,vm_t6_xpr50_mag
xmodel,wm_t6_acog
xmodel,wm_t6_aimpoint
xmodel,wm_t6_ak47
xmodel,wm_t6_ak74u
xmodel,wm_t6_an94
xmodel,wm_t6_b23r
xmodel,wm_t6_ballista
xmodel,wm_t6_ballista_scope
xmodel,wm_t6_blundergat
xmodel,wm_t6_blundergat_armor
xmodel,wm_t6_browninghp
xmodel,wm_t6_chicom_cqb
xmodel,wm_t6_death_machine
xmodel,wm_t6_dragunov
xmodel,wm_t6_dsr50
xmodel,wm_t6_dsr50_scope
xmodel,wm_t6_eotech
xmodel,wm_t6_executioner
xmodel,wm_t6_executioner_ldw
xmodel,wm_t6_fal
xmodel,wm_t6_fal_fastmag
xmodel,wm_t6_fal_osw
xmodel,wm_t6_five_seven
xmodel,wm_t6_five_seven_ldw
xmodel,wm_t6_foregrip
xmodel,wm_t6_galil
xmodel,wm_t6_gl_grenade
xmodel,wm_t6_hamr
xmodel,wm_t6_kap40
xmodel,wm_t6_kap40_ldw
xmodel,wm_t6_kobra
xmodel,wm_t6_ksg
xmodel,wm_t6_launcher_rocket
xmodel,wm_t6_lsat
xmodel,wm_t6_m1216
xmodel,wm_t6_m14
xmodel,wm_t6_m16a1
xmodel,wm_t6_m16a1_m203
xmodel,wm_t6_m1911
xmodel,wm_t6_m1911_ldw
xmodel,wm_t6_m1927
xmodel,wm_t6_m27
xmodel,wm_t6_m27_fastmag
xmodel,wm_t6_m27_grip
xmodel,wm_t6_m320
xmodel,wm_t6_m60
xmodel,wm_t6_m82a1
xmodel,wm_t6_m8a1
xmodel,wm_t6_m8a1_fastmag
xmodel,wm_t6_mauser_c96
xmodel,wm_t6_mauser_c96_scope
xmodel,wm_t6_mg0815
xmodel,wm_t6_mk48
xmodel,wm_t6_mm1
xmodel,wm_t6_mp40
xmodel,wm_t6_mp5
xmodel,wm_t6_mp7
xmodel,wm_t6_msmc
xmodel,wm_t6_mtar
xmodel,wm_t6_mtar_fastmag
xmodel,wm_t6_olympia
xmodel,wm_t6_pdw57
xmodel,wm_t6_peacekeeper
xmodel,wm_t6_peacekeeper_fastmag
xmodel,wm_t6_python
xmodel,wm_t6_qbb_lsw
xmodel,wm_t6_reflex
xmodel,wm_t6_remington870mcs
xmodel,wm_t6_remingtonnewmodelarmy
xmodel,wm_t6_rpd
xmodel,wm_t6_rpg
xmodel,wm_t6_s12
xmodel,wm_t6_s12_fastmag
xmodel,wm_t6_scarh
xmodel,wm_t6_scarh_fastmag
xmodel,wm_t6_skorpion_evo
xmodel,wm_t6_skorpion_evo_fastmag
xmodel,wm_t6_smaw
xmodel,wm_t6_smaw_rocket
xmodel,wm_t6_smr
xmodel,wm_t6_spas12
xmodel,wm_t6_stg44
xmodel,wm_t6_stinger
xmodel,wm_t6_storm_psr
xmodel,wm_t6_storm_psr_up
xmodel,wm_t6_svu_as
xmodel,wm_t6_svu_as_scope
xmodel,wm_t6_swat556
xmodel,wm_t6_tac45
xmodel,wm_t6_titus6
xmodel,wm_t6_titus6_flechette
xmodel,wm_t6_type25
xmodel,wm_t6_uzi
xmodel,wm_t6_vector_k10
xmodel,wm_t6_war_machine
xmodel,wm_t6_xpr50
xmodel,wm_t6_xpr50_scope
xmodel,wpn_h1_shell_12ga_npc
xmodel,wpn_h1_shell_300_npc
xmodel,wpn_h1_shell_50cal_npc
xmodel,wpn_h1_shell_545x39_npc
xmodel,wpn_h1_shell_556x45_npc
xmodel,wpn_h1_shell_57x28_npc
xmodel,wpn_h1_shell_762x39_npc
xmodel,wpn_h1_shell_762x51_npc
xmodel,wpn_h1_shell_762x54_npc
xmodel,wpn_h1_shell_9mm_npc
xmodel,wpn_h1_shell_saw_linker_npc
xmodelmesh,c_c_zom_der_hellhound_lod06853f3e4
xmodelmesh,c_c_zom_der_hellhound_lod11b9d2cd4
xmodelmesh,c_c_zom_der_hellhound_lod2667ec587
xmodelmesh,c_c_zom_der_hellhound_lod3d9ffaf9f
xmodelmesh,c_c_zom_der_hellhound_lod46c92a12
xmodelmesh,c_zom_der_head_1_lod07552e3d7
xmodelmesh,c_zom_der_head_1_lod17b771400
xmodelmesh,c_zom_der_head_1_lod22a74f240
xmodelmesh,c_zom_der_head_1_lod3e650584c
xmodelmesh,c_zom_der_head_1_lod4c1179c01
xmodelmesh,c_zom_der_head_1_lod5943b21d9
xmodelmesh,c_zom_der_head_1_lod6229e2b02
xmodelmesh,c_zom_der_head_2_lod0c8b48a35
xmodelmesh,c_zom_der_head_2_lod1177e7cdd
xmodelmesh,c_zom_der_head_2_lod2900ea178
xmodelmesh,c_zom_der_head_2_lod367983df6
xmodelmesh,c_zom_der_head_2_lod410b5a201
xmodelmesh,c_zom_der_head_2_lod51fd00a8a
xmodelmesh,c_zom_der_head_2_lod66291cdde
xmodelmesh,c_zom_der_head_3_lod054897ad0
xmodelmesh,c_zom_der_head_3_lod14fa358f7
xmodelmesh,c_zom_der_head_3_lod22700a248
xmodelmesh,c_zom_der_head_3_lod3a9afee46
xmodelmesh,c_zom_der_head_3_lod4e605e8d0
xmodelmesh,c_zom_der_head_3_lod53d40255c
xmodelmesh,c_zom_der_head_3_lod6b8e32972
xmodelmesh,c_zom_der_helmet_1_lod0c32b1d6c
xmodelmesh,c_zom_der_helmet_1_lod1cc9d111
xmodelmesh,c_zom_der_helmet_1_lod275993693
xmodelmesh,c_zom_der_helmet_1_lod3cd13d004
xmodelmesh,c_zom_der_helmet_1_lod440e19ebe
xmodelmesh,c_zom_der_helmet_1_lod55a672d53
xmodelmesh,c_zom_der_helmet_1_lod6b584e3ce
xmodelmesh,c_zom_der_zombie_body1_g_behead_lod0d7f0846c
xmodelmesh,c_zom_der_zombie_body1_g_behead_lod173bede7d
xmodelmesh,c_zom_der_zombie_body1_g_behead_lod2e0f4e454
xmodelmesh,c_zom_der_zombie_body1_g_behead_lod373e83067
xmodelmesh,c_zom_der_zombie_body1_g_behead_lod4e68ab97e
xmodelmesh,c_zom_der_zombie_body1_g_behead_lod586d08846
xmodelmesh,c_zom_der_zombie_body1_g_behead_lod6cfec6cba
xmodelmesh,c_zom_der_zombie_body1_g_blegsoff_lod028e897ab
xmodelmesh,c_zom_der_zombie_body1_g_blegsoff_lod19524f698
xmodelmesh,c_zom_der_zombie_body1_g_blegsoff_lod26f0a12a7
xmodelmesh,c_zom_der_zombie_body1_g_blegsoff_lod3776ad7c0
xmodelmesh,c_zom_der_zombie_body1_g_blegsoff_lod4e6f7b2a0
xmodelmesh,c_zom_der_zombie_body1_g_blegsoff_lod52a8483e9
xmodelmesh,c_zom_der_zombie_body1_g_blegsoff_lod6d37207be
xmodelmesh,c_zom_der_zombie_body1_g_llegoff_lod09befef1e
xmodelmesh,c_zom_der_zombie_body1_g_llegoff_lod1692bb2a1
xmodelmesh,c_zom_der_zombie_body1_g_llegoff_lod2f7127018
xmodelmesh,c_zom_der_zombie_body1_g_llegoff_lod32993a276
xmodelmesh,c_zom_der_zombie_body1_g_llegoff_lod472b7e0e
xmodelmesh,c_zom_der_zombie_body1_g_llegoff_lod514b66699
xmodelmesh,c_zom_der_zombie_body1_g_llegoff_lod67f9aa231
xmodelmesh,c_zom_der_zombie_body1_g_lowclean_lod05d3964f8
xmodelmesh,c_zom_der_zombie_body1_g_lowclean_lod1d5459dbe
xmodelmesh,c_zom_der_zombie_body1_g_lowclean_lod2118693d3
xmodelmesh,c_zom_der_zombie_body1_g_lowclean_lod330d513fe
xmodelmesh,c_zom_der_zombie_body1_g_lowclean_lod41da35f97
xmodelmesh,c_zom_der_zombie_body1_g_lowclean_lod517213356
xmodelmesh,c_zom_der_zombie_body1_g_lowclean_lod6fa3102be
xmodelmesh,c_zom_der_zombie_body1_g_rlegoff_lod0db873496
xmodelmesh,c_zom_der_zombie_body1_g_rlegoff_lod1c39344cc
xmodelmesh,c_zom_der_zombie_body1_g_rlegoff_lod27cd40052
xmodelmesh,c_zom_der_zombie_body1_g_rlegoff_lod38bc72a63
xmodelmesh,c_zom_der_zombie_body1_g_rlegoff_lod4b95a1e19
xmodelmesh,c_zom_der_zombie_body1_g_rlegoff_lod5cb3b0646
xmodelmesh,c_zom_der_zombie_body1_g_rlegoff_lod659e69f26
xmodelmesh,c_zom_der_zombie_body2_g_behead_lod010ea455a
xmodelmesh,c_zom_der_zombie_body2_g_behead_lod1f439b647
xmodelmesh,c_zom_der_zombie_body2_g_behead_lod229208994
xmodelmesh,c_zom_der_zombie_body2_g_behead_lod35d09dd7e
xmodelmesh,c_zom_der_zombie_body2_g_behead_lod4adfd81c9
xmodelmesh,c_zom_der_zombie_body2_g_behead_lod592058fd9
xmodelmesh,c_zom_der_zombie_body2_g_behead_lod633e7b02c
xmodelmesh,c_zom_der_zombie_body2_g_blegsoff_lod01ffc0dd6
xmodelmesh,c_zom_der_zombie_body2_g_blegsoff_lod1365920cf
xmodelmesh,c_zom_der_zombie_body2_g_blegsoff_lod27f4952d3
xmodelmesh,c_zom_der_zombie_body2_g_blegsoff_lod3ddb198f9
xmodelmesh,c_zom_der_zombie_body2_g_blegsoff_lod4b5d88c29
xmodelmesh,c_zom_der_zombie_body2_g_blegsoff_lod5c35191e1
xmodelmesh,c_zom_der_zombie_body2_g_blegsoff_lod6fec7049e
xmodelmesh,c_zom_der_zombie_body2_g_larmoff_lod081b28073
xmodelmesh,c_zom_der_zombie_body2_g_larmoff_lod1c3f3b9ed
xmodelmesh,c_zom_der_zombie_body2_g_larmoff_lod25ae69e7
xmodelmesh,c_zom_der_zombie_body2_g_larmoff_lod3ae55bc96
xmodelmesh,c_zom_der_zombie_body2_g_larmoff_lod4d021f8b9
xmodelmesh,c_zom_der_zombie_body2_g_larmoff_lod54bc08c33
xmodelmesh,c_zom_der_zombie_body2_g_larmoff_lod611a802c9
xmodelmesh,c_zom_der_zombie_body2_g_llegoff_lod081901a33
xmodelmesh,c_zom_der_zombie_body2_g_llegoff_lod16b31acae
xmodelmesh,c_zom_der_zombie_body2_g_llegoff_lod26f41bbce
xmodelmesh,c_zom_der_zombie_body2_g_llegoff_lod3b27e2b15
xmodelmesh,c_zom_der_zombie_body2_g_llegoff_lod4501501a8
xmodelmesh,c_zom_der_zombie_body2_g_llegoff_lod51fe99774
xmodelmesh,c_zom_der_zombie_body2_g_llegoff_lod6a21441c3
xmodelmesh,c_zom_der_zombie_body2_g_lowclean_lod0cd620c1c
xmodelmesh,c_zom_der_zombie_body2_g_lowclean_lod1c0634905
xmodelmesh,c_zom_der_zombie_body2_g_lowclean_lod2fda2a6ea
xmodelmesh,c_zom_der_zombie_body2_g_lowclean_lod364af3fa9
xmodelmesh,c_zom_der_zombie_body2_g_lowclean_lod42f32ddfb
xmodelmesh,c_zom_der_zombie_body2_g_lowclean_lod5bcac4582
xmodelmesh,c_zom_der_zombie_body2_g_lowclean_lod69154bfa3
xmodelmesh,c_zom_der_zombie_body2_g_rarmoff_lod0eb7c587f
xmodelmesh,c_zom_der_zombie_body2_g_rarmoff_lod1b213be08
xmodelmesh,c_zom_der_zombie_body2_g_rarmoff_lod2bc7fae3e
xmodelmesh,c_zom_der_zombie_body2_g_rarmoff_lod3968192d5
xmodelmesh,c_zom_der_zombie_body2_g_rarmoff_lod47cf4ad5c
xmodelmesh,c_zom_der_zombie_body2_g_rarmoff_lod51d65bb91
xmodelmesh,c_zom_der_zombie_body2_g_rarmoff_lod6decb6687
xmodelmesh,c_zom_der_zombie_body2_g_rlegoff_lod0ff39e779
xmodelmesh,c_zom_der_zombie_body2_g_rlegoff_lod19214c0d0
xmodelmesh,c_zom_der_zombie_body2_g_rlegoff_lod27b186e2f
xmodelmesh,c_zom_der_zombie_body2_g_rlegoff_lod3e6d99ea9
xmodelmesh,c_zom_der_zombie_body2_g_rlegoff_lod4f6abfafb
xmodelmesh,c_zom_der_zombie_body2_g_rlegoff_lod52ab33a06
xmodelmesh,c_zom_der_zombie_body2_g_rlegoff_lod6760fa259
xmodelmesh,c_zom_der_zombie_body2_g_upclean_lod0ae31c5f0
xmodelmesh,c_zom_der_zombie_body2_g_upclean_lod15dd11b40
xmodelmesh,c_zom_der_zombie_body2_g_upclean_lod28bd32b62
xmodelmesh,c_zom_der_zombie_body2_g_upclean_lod3393e0449
xmodelmesh,c_zom_der_zombie_body2_g_upclean_lod480e47024
xmodelmesh,c_zom_der_zombie_body2_g_upclean_lod55a397dd2
xmodelmesh,c_zom_der_zombie_body2_g_upclean_lod6e453bc68
xmodelmesh,c_zom_der_zombie_body2_lod0625bcf45
xmodelmesh,c_zom_der_zombie_body2_lod1e0ffb6c2
xmodelmesh,c_zom_der_zombie_body2_lod2be130d8a
xmodelmesh,c_zom_der_zombie_body2_lod344dafc87
xmodelmesh,c_zom_der_zombie_body2_lod4a9a1848d
xmodelmesh,c_zom_der_zombie_body2_lod5a94cdd4d
xmodelmesh,c_zom_der_zombie_body2_lod6476855ed
xmodelmesh,c_zom_zod_zombie_fem_body1_g_larmspawn_lod0504c0b52
xmodelmesh,c_zom_zod_zombie_fem_body1_g_larmspawn_lod0539c617e
xmodelmesh,c_zom_zod_zombie_fem_body1_g_larmspawn_lod0567f2c88
xmodelmesh,c_zom_zod_zombie_fem_body1_g_larmspawn_lod06611811f
xmodelmesh,c_zom_zod_zombie_fem_body1_g_larmspawn_lod071ee3647
xmodelmesh,c_zom_zod_zombie_fem_body1_g_larmspawn_lod0b5e99667
xmodelmesh,c_zom_zod_zombie_fem_body1_g_larmspawn_lod0e0592c13
xmodelmesh,c_zom_zod_zombie_fem_body1_g_larmspawn_lod0f35667dd
xmodelmesh,c_zom_zod_zombie_fem_body1_g_llegspawn_lod02a259e13
xmodelmesh,c_zom_zod_zombie_fem_body1_g_llegspawn_lod034c88b59
xmodelmesh,c_zom_zod_zombie_fem_body1_g_llegspawn_lod041c78fa2
xmodelmesh,c_zom_zod_zombie_fem_body1_g_llegspawn_lod044d1d262
xmodelmesh,c_zom_zod_zombie_fem_body1_g_llegspawn_lod056fb478
xmodelmesh,c_zom_zod_zombie_fem_body1_g_llegspawn_lod0cb3aa1bd
xmodelmesh,c_zom_zod_zombie_fem_body1_g_llegspawn_lod0d8f17acf
xmodelmesh,c_zom_zod_zombie_fem_body1_g_llegspawn_lod0ed640c28
xmodelmesh,c_zom_zod_zombie_fem_body1_g_rarmspawn_lod015c23f93
xmodelmesh,c_zom_zod_zombie_fem_body1_g_rarmspawn_lod02f5eed13
xmodelmesh,c_zom_zod_zombie_fem_body1_g_rarmspawn_lod05223ef7a
xmodelmesh,c_zom_zod_zombie_fem_body1_g_rarmspawn_lod075527b40
xmodelmesh,c_zom_zod_zombie_fem_body1_g_rarmspawn_lod08155b704
xmodelmesh,c_zom_zod_zombie_fem_body1_g_rarmspawn_lod08fd8a2fc
xmodelmesh,c_zom_zod_zombie_fem_body1_g_rarmspawn_lod0be021e3f
xmodelmesh,c_zom_zod_zombie_fem_body1_g_rarmspawn_lod0cc3184d5
xmodelmesh,c_zom_zod_zombie_fem_body1_g_rlegspawn_lod01414fc82
xmodelmesh,c_zom_zod_zombie_fem_body1_g_rlegspawn_lod019d1b9e0
xmodelmesh,c_zom_zod_zombie_fem_body1_g_rlegspawn_lod03da2116b
xmodelmesh,c_zom_zod_zombie_fem_body1_g_rlegspawn_lod053f29eef
xmodelmesh,c_zom_zod_zombie_fem_body1_g_rlegspawn_lod0c5acd6f
xmodelmesh,c_zom_zod_zombie_fem_body1_g_rlegspawn_lod0c7aec304
xmodelmesh,c_zom_zod_zombie_fem_body1_g_rlegspawn_lod0d0f95c7e
xmodelmesh,c_zom_zod_zombie_fem_body1_g_rlegspawn_lod0e81c06d8
xmodelmesh,p7_barrel_metal_55gal_col57ae4944
xmodelmesh,p7_barrel_metal_55gal_lod0bf39acd8
xmodelmesh,p7_barrel_metal_55gal_lod133e00cfa
xmodelmesh,p7_barrel_metal_55gal_lod16a6b55b0
xmodelmesh,p7_barrel_metal_55gal_lod19782b90f
xmodelmesh,p7_barrel_metal_55gal_lod1d072f6f7
xmodelmesh,p7_barrel_metal_55gal_lod1fdbc47ce
xmodelmesh,p7_cinder_block_lod0b4418509
xmodelmesh,p7_cinder_block_lod1b38eb3c5
xmodelmesh,p7_cinder_block_lod24d9945c2
xmodelmesh,p7_cinder_block_lod26133b898
xmodelmesh,p7_cinder_block_lod27dc31bbd
xmodelmesh,p7_cinder_block_lod2c5f233b5
xmodelmesh,p7_debris_rockychunks_small_07_lod085e44ca2
xmodelmesh,p7_debris_rockychunks_small_07_lod0c1813132
xmodelmesh,p7_debris_rockychunks_small_07_lod0ce907b4d
xmodelmesh,p7_debris_rockychunks_small_07_lod0e189ce57
xmodelmesh,p7_debris_wood_plywood_2x8_bowed_lod0341eff9
xmodelmesh,p7_debris_wood_plywood_2x8_bowed_lod06db09e43
xmodelmesh,p7_debris_wood_plywood_2x8_bowed_lod076d15461
xmodelmesh,p7_debris_wood_plywood_2x8_bowed_lod07ee304d3
xmodelmesh,p7_debris_wood_plywood_2x8_bowed_lod0b9234cca
xmodelmesh,p7_debris_wood_plywood_2x8_bowed_lod0e81730c
xmodelmesh,p7_debris_wood_plywood_2x8_cracked_cole57f0b78
xmodelmesh,p7_electrical_box_set_box_4_colfeb2e195
xmodelmesh,p7_electrical_box_set_box_4_lod025ad2ce
xmodelmesh,p7_electrical_box_set_box_4_lod02ab1d2b8
xmodelmesh,p7_electrical_box_set_box_4_lod091dc501
xmodelmesh,p7_electrical_box_set_box_4_lod09a39e40b
xmodelmesh,p7_electrical_box_set_box_4_lod09c39635c
xmodelmesh,p7_electrical_box_set_box_4_lod0bcaa2422
xmodelmesh,p7_electrical_box_set_box_4_lod0ce5f4775
xmodelmesh,p7_electrical_box_set_box_4_lod0e4bf2f3d
xmodelmesh,p7_light_hurricane_lamp_cola0820665
xmodelmesh,p7_light_hurricane_lamp_lod12ce2f4b8
xmodelmesh,p7_light_hurricane_lamp_lod13fd08fc4
xmodelmesh,p7_light_hurricane_lamp_lod159f881f5
xmodelmesh,p7_light_hurricane_lamp_lod171771ed8
xmodelmesh,p7_light_hurricane_lamp_lod17d7ebd89
xmodelmesh,p7_light_hurricane_lamp_lod1c12a7de5
xmodelmesh,p7_light_hurricane_lamp_lod1d3d020b9
xmodelmesh,p7_light_hurricane_lamp_lod1de3fd994
xmodelmesh,p7_plank_wood_broken_2x4x64_col10a1441
xmodelmesh,p7_plank_wood_broken_2x4x64_lod03b1f1f37
xmodelmesh,p7_plank_wood_broken_2x4x64_lod07c3f1d43
xmodelmesh,p7_plank_wood_broken_2x4x64_lod09ae466dc
xmodelmesh,p7_plank_wood_broken_2x4x64_lod0b29e6595
xmodelmesh,p7_plank_wood_broken_2x4x64_lod0ba63f790
xmodelmesh,p7_plank_wood_broken_2x4x64_lod0fc2c0b56
xmodelmesh,p7_wires_electrical_rubber_04_lod043a862c4
xmodelmesh,p7_wires_electrical_rubber_04_lod1857c5564
xmodelmesh,p7_wires_electrical_rubber_04_lod219aee0f3
xmodelmesh,p7_wires_electrical_rubber_04_lod2614e47e4
xmodelmesh,p7_zm_der2_vending_packapunch_sign_wait_lod012e8b576
xmodelmesh,p7_zm_der2_vending_packapunch_sign_wait_lod0a262e7d3
xmodelmesh,p7_zm_der2_vending_packapunch_sign_wait_lod0a704097c
xmodelmesh,p7_zm_der_light_bulb_small_col68d55357
xmodelmesh,p7_zm_der_light_bulb_small_lod0117c6e1e
xmodelmesh,p7_zm_der_light_bulb_small_lod04a3e558a
xmodelmesh,p7_zm_der_light_bulb_small_lod051d2f25a
xmodelmesh,p7_zm_der_light_bulb_small_lod09704d7b5
xmodelmesh,p7_zm_der_light_bulb_small_lod0a1c58e8e
xmodelmesh,p7_zm_der_light_bulb_small_lod0cd55184d
xmodelmesh,p7_zm_der_light_shade_col8c71906
xmodelmesh,p7_zm_der_light_shade_lod01e39219a
xmodelmesh,p7_zm_der_light_shade_lod06f265e04
xmodelmesh,p7_zm_der_light_shade_lod077d7b7ac
xmodelmesh,p7_zm_der_light_shade_lod07ea56e7c
xmodelmesh,p7_zm_der_light_shade_lod0b2e1bb86
xmodelmesh,p7_zm_der_light_shade_lod0c2bff678
xmodelmesh,p7_zm_der_light_shade_lod0e2cd8a47
xmodelmesh,p7_zm_der_light_shade_lod0f21d8c5e
xmodelmesh,p7_zm_der_light_wall_mount_col1cf39910
xmodelmesh,p7_zm_der_light_wall_mount_lod0ecf4333
xmodelmesh,p7_zm_der_light_wall_mount_lod1444742db
xmodelmesh,p7_zm_der_light_wall_mount_lod23203eb69
xmodelmesh,p7_zm_der_light_wall_mount_lod2fcbc6707
xmodelmesh,p7_zm_der_magic_box_col5fdd4284
xmodelmesh,p7_zm_der_magic_box_fake_col85208d31
xmodelmesh,p7_zm_der_magic_box_fake_lod040092a18
xmodelmesh,p7_zm_der_magic_box_fake_lod05e0fc705
xmodelmesh,p7_zm_der_magic_box_fake_lod06c6b96dd
xmodelmesh,p7_zm_der_magic_box_fake_lod090d351d4
xmodelmesh,p7_zm_der_magic_box_fake_lod0a7dbe4f2
xmodelmesh,p7_zm_der_magic_box_fake_lod0b7c08597
xmodelmesh,p7_zm_der_magic_box_fake_lod0c659ad5f
xmodelmesh,p7_zm_der_magic_box_fake_lod0d37d3899
xmodelmesh,p7_zm_der_magic_box_fake_trunk_colcebf6d45
xmodelmesh,p7_zm_der_magic_box_fake_trunk_lod03cd1fa2a
xmodelmesh,p7_zm_der_magic_box_fake_trunk_lod06382ff96
xmodelmesh,p7_zm_der_magic_box_fake_trunk_lod06a9106b2
xmodelmesh,p7_zm_der_magic_box_fake_trunk_lod06b7b3f44
xmodelmesh,p7_zm_der_magic_box_fake_trunk_lod0829bd900
xmodelmesh,p7_zm_der_magic_box_fake_trunk_lod08d623c9a
xmodelmesh,p7_zm_der_magic_box_fake_trunk_lod0a953f994
xmodelmesh,p7_zm_der_magic_box_fake_trunk_lod0d243ccf1
xmodelmesh,p7_zm_der_magic_box_lod061c503b5
xmodelmesh,p7_zm_der_magic_box_lod1b2f92034
xmodelmesh,p7_zm_der_magic_box_lod2654276c9
xmodelmesh,p7_zm_der_magic_box_lod41c5f5361
xmodelmesh,p7_zm_der_magic_box_lod45878ad2c
xmodelmesh,p7_zm_der_magic_box_lod48dacef7c
xmodelmesh,p7_zm_der_pswitch_body_lod01d89a5ff
xmodelmesh,p7_zm_der_pswitch_body_lod0324925aa
xmodelmesh,p7_zm_der_pswitch_body_lod03574d976
xmodelmesh,p7_zm_der_pswitch_body_lod05296e5de
xmodelmesh,p7_zm_der_pswitch_body_lod05e5bfa9f
xmodelmesh,p7_zm_der_pswitch_body_lod07da53bd6
xmodelmesh,p7_zm_der_pswitch_body_lod08f16cbc
xmodelmesh,p7_zm_der_pswitch_body_lod0c02f5a4a
xmodelmesh,p7_zm_der_pswitch_handle_lod0250846ac
xmodelmesh,p7_zm_der_pswitch_handle_lod063410b3d
xmodelmesh,p7_zm_der_pswitch_handle_lod066495e4b
xmodelmesh,p7_zm_der_pswitch_handle_lod077a229ac
xmodelmesh,p7_zm_der_pswitch_handle_lod09e863e5e
xmodelmesh,p7_zm_der_pswitch_handle_lod0cee74aa4
xmodelmesh,p7_zm_der_pswitch_handle_lod0d4f6da1f
xmodelmesh,p7_zm_der_pswitch_handle_lod0d75f8d9e
xmodelmesh,p7_zm_der_utility_pole_512_colaff3bad0
xmodelmesh,p7_zm_der_utility_pole_512_lod01c816f51
xmodelmesh,p7_zm_der_utility_pole_512_lod05b067a0e
xmodelmesh,p7_zm_der_utility_pole_512_lod06d3f3f3e
xmodelmesh,p7_zm_der_utility_pole_512_lod074cdfbd2
xmodelmesh,p7_zm_der_utility_pole_512_lod0837a7dde
xmodelmesh,p7_zm_der_utility_pole_512_lod0e3a29dc0
xmodelmesh,p7_zm_der_utility_pole_512_lod0eef4c150
xmodelmesh,p7_zm_der_utility_pole_512_lod0fe8cfff9
xmodelmesh,p7_zm_vending_packapunch_lod0154ac890
xmodelmesh,p7_zm_vending_packapunch_lod053be907d
xmodelmesh,p7_zm_vending_packapunch_lod06728f20b
xmodelmesh,p7_zm_vending_packapunch_lod0695684a2
xmodelmesh,p7_zm_vending_packapunch_lod0a8ad376e
xmodelmesh,p7_zm_vending_packapunch_lod0c57e5236
xmodelmesh,p7_zm_vending_packapunch_lod0e27f6c62
xmodelmesh,p7_zm_vending_packapunch_lod0fe3f6618
xmodelmesh,p7_zm_vending_packapunch_weapon_lod02b8eda8
xmodelmesh,p7_zm_vending_pap_body_col75e90a9
xmodelmesh,t6_skyboxfb7b39d6
xmodelmesh,tag_flash6f4ef484
xmodelmesh,vm_t6_acog5a459003
xmodelmesh,vm_t6_aimpoint983ed0c3
xmodelmesh,vm_t6_ak47882188c
xmodelmesh,vm_t6_ak74u74947c48
xmodelmesh,vm_t6_ak_mag516a7114
xmodelmesh,vm_t6_an94_magfef2e87f
xmodelmesh,vm_t6_an94e6229af8
xmodelmesh,vm_t6_b23r630a71aa
xmodelmesh,vm_t6_ballista4b8ca6fe
xmodelmesh,vm_t6_ballista_ads_scopee5ea7c99
xmodelmesh,vm_t6_ballista_hip_scope1dbd448e
xmodelmesh,vm_t6_ballista_mag7f1630ff
xmodelmesh,vm_t6_blundergat68cb75b8
xmodelmesh,vm_t6_blundergat_armorcef17216
xmodelmesh,vm_t6_browninghp78e5efe
xmodelmesh,vm_t6_chicom_cqb5e0f8522
xmodelmesh,vm_t6_chicom_cqb_fastmaga4f21d00
xmodelmesh,vm_t6_chicom_cqb_mag8b531fbf
xmodelmesh,vm_t6_death_machinebd2aacbb
xmodelmesh,vm_t6_dragunov2ccaa65
xmodelmesh,vm_t6_dragunov_ads_scope72577762
xmodelmesh,vm_t6_dragunov_hip_scopeca69a036
xmodelmesh,vm_t6_dragunov_mag860804b2
xmodelmesh,vm_t6_dsr5072585c5a
xmodelmesh,vm_t6_dsr50_ads_scopeee88f958
xmodelmesh,vm_t6_dsr50_hip_scope49ad90c9
xmodelmesh,vm_t6_dsr50_maga2e9921c
xmodelmesh,vm_t6_eotech_ads_scope5a473c15
xmodelmesh,vm_t6_eotech_hip_scopeb89deed
xmodelmesh,vm_t6_executioner_ldwaef38729
xmodelmesh,vm_t6_executioner_speed_loader520791c9
xmodelmesh,vm_t6_executionerb19ed967
xmodelmesh,vm_t6_fal53252adf
xmodelmesh,vm_t6_fal_fastmag2b17568b
xmodelmesh,vm_t6_fal_magd0dec5e7
xmodelmesh,vm_t6_fal_osw217f7dd1
xmodelmesh,vm_t6_fal_osw_mage05c6794
xmodelmesh,vm_t6_five_seven_ldwd5dd32c6
xmodelmesh,vm_t6_five_sevenf126284a
xmodelmesh,vm_t6_foregrip953981a1
xmodelmesh,vm_t6_galil_mag876e9b97
xmodelmesh,vm_t6_galild15518b2
xmodelmesh,vm_t6_hamr295cd70b
xmodelmesh,vm_t6_hamr_maga1e5c64d
xmodelmesh,vm_t6_kap405ebbafb1
xmodelmesh,vm_t6_kap40_ldw603089f4
xmodelmesh,vm_t6_kobraec893162
xmodelmesh,vm_t6_ksge3c85e92
xmodelmesh,vm_t6_lsatf7310afc
xmodelmesh,vm_t6_m1216c25694d4
xmodelmesh,vm_t6_m14986db3ff
xmodelmesh,vm_t6_m14_magea5f7016
xmodelmesh,vm_t6_m16a13100255a
xmodelmesh,vm_t6_m16a1_m203ff94865a
xmodelmesh,vm_t6_m16a1_magb1d7340
xmodelmesh,vm_t6_m19116d3f1016
xmodelmesh,vm_t6_m1911_ldwa0ad979f
xmodelmesh,vm_t6_m19275ee785f7
xmodelmesh,vm_t6_m276db43a48
xmodelmesh,vm_t6_m27_fastmagdab8c362
xmodelmesh,vm_t6_m27_grip55f7e90b
xmodelmesh,vm_t6_m27_mag51a047b7
xmodelmesh,vm_t6_m320b73aea9c
xmodelmesh,vm_t6_m60e34a532c
xmodelmesh,vm_t6_m82a15eec6126
xmodelmesh,vm_t6_m82a1_ads_scopec997a4ac
xmodelmesh,vm_t6_m82a1_hip_scopeaf995fb7
xmodelmesh,vm_t6_m82a1_magf86dff22
xmodelmesh,vm_t6_m8a1_fastmagc4d60121
xmodelmesh,vm_t6_m8a1_mag852b0053
xmodelmesh,vm_t6_m8a1cc09d056
xmodelmesh,vm_t6_mauser_c96_ads_scope6ba6fd70
xmodelmesh,vm_t6_mauser_c96_hip_scopee5b31cf1
xmodelmesh,vm_t6_mauser_c96d45fff09
xmodelmesh,vm_t6_mg08158f9e058b
xmodelmesh,vm_t6_mk48f2e439fc
xmodelmesh,vm_t6_mm17327964e
xmodelmesh,vm_t6_mp4023938da1
xmodelmesh,vm_t6_mp40_mag4aa922b6
xmodelmesh,vm_t6_mp557016502
xmodelmesh,vm_t6_mp5_magc311106a
xmodelmesh,vm_t6_mp7_magfbdeb43f
xmodelmesh,vm_t6_mp7f920a21f
xmodelmesh,vm_t6_msmc33d156a8
xmodelmesh,vm_t6_msmc_magf52a1314
xmodelmesh,vm_t6_mtar_fastmagde5eac7f
xmodelmesh,vm_t6_mtar_mage4d5e30b
xmodelmesh,vm_t6_mtarb6a0a9e4
xmodelmesh,vm_t6_olympiad9597c8
xmodelmesh,vm_t6_pdw574db12a95
xmodelmesh,vm_t6_pdw57_magf4f7185a
xmodelmesh,vm_t6_peacekeeper2c882242
xmodelmesh,vm_t6_peacekeeper_fastmagf8daf512
xmodelmesh,vm_t6_peacekeeper_magf9abdedc
xmodelmesh,vm_t6_python3b2ca444
xmodelmesh,vm_t6_qbb_lsw_magb749f165
xmodelmesh,vm_t6_qbb_lswedf02bf6
xmodelmesh,vm_t6_reflex2dd9a31f
xmodelmesh,vm_t6_remington870mcs7cca3d81
xmodelmesh,vm_t6_remingtonmewmodelarmyc1e17e78
xmodelmesh,vm_t6_rpd1aa290b5
xmodelmesh,vm_t6_rpgfb3a59a6
xmodelmesh,vm_t6_s12_fastmag5d60e4f7
xmodelmesh,vm_t6_s12_mag958e6e8f
xmodelmesh,vm_t6_s12d141ae76
xmodelmesh,vm_t6_scarh281e96ab
xmodelmesh,vm_t6_scarh_fastmagb67cf6f6
xmodelmesh,vm_t6_scarh_magc827ceaa
xmodelmesh,vm_t6_skorpion_evo_fastmagdeeb691
xmodelmesh,vm_t6_skorpion_evo_mage3e22863
xmodelmesh,vm_t6_skorpion_evoe78d7dfd
xmodelmesh,vm_t6_smaw3c0e0b20
xmodelmesh,vm_t6_smr2afdf7ad
xmodelmesh,vm_t6_smr_mag57b49dc4
xmodelmesh,vm_t6_spas12309ec9e7
xmodelmesh,vm_t6_stg447fb11e41
xmodelmesh,vm_t6_stg44_mag2fed02b9
xmodelmesh,vm_t6_stinger75b3b201
xmodelmesh,vm_t6_storm_psraf537715
xmodelmesh,vm_t6_svu_as7204f1ba
xmodelmesh,vm_t6_svu_as_ads_scope61d20cac
xmodelmesh,vm_t6_svu_as_hip_scope186bc5e2
xmodelmesh,vm_t6_svu_as_magbd8c5dab
xmodelmesh,vm_t6_swat5566211190
xmodelmesh,vm_t6_swat556_mag219761bb
xmodelmesh,vm_t6_tac45e0c6cb83
xmodelmesh,vm_t6_titus6918de7c1
xmodelmesh,vm_t6_type2550f9daab
xmodelmesh,vm_t6_type25_magd4155f4
xmodelmesh,vm_t6_uzi_magabf08b19
xmodelmesh,vm_t6_uzif012ad6c
xmodelmesh,vm_t6_vector_k105ddafee9
xmodelmesh,vm_t6_vector_k10_magab6291
xmodelmesh,vm_t6_war_machine606978ac
xmodelmesh,vm_t6_war_machine_ads_scopecfdf6397
xmodelmesh,vm_t6_war_machine_hip_scopecea01c1c
xmodelmesh,vm_t6_xpr50_ads_scopea7d7a89d
xmodelmesh,vm_t6_xpr50_hip_scope26ddee9f
xmodelmesh,vm_t6_xpr50_mag31697c83
xmodelmesh,vm_t6_xpr50fa6d73db
xmodelmesh,wm_t6_acogda4ddd94
xmodelmesh,wm_t6_aimpoint5ab3cabc
xmodelmesh,wm_t6_ak472ce999f5
xmodelmesh,wm_t6_ak74ud9d9d76a
xmodelmesh,wm_t6_an94afa71849
xmodelmesh,wm_t6_b23r479fdead
xmodelmesh,wm_t6_ballista21e97d9
xmodelmesh,wm_t6_ballista_scopeeebb541d
xmodelmesh,wm_t6_blundergat37423edb
xmodelmesh,wm_t6_blundergat_armor109193a
xmodelmesh,wm_t6_browninghpacc975d9
xmodelmesh,wm_t6_chicom_cqb781ad2b1
xmodelmesh,wm_t6_death_machineb94853d5
xmodelmesh,wm_t6_dragunovebb68468
xmodelmesh,wm_t6_dsr5086eabaca
xmodelmesh,wm_t6_dsr50_scope7f404565
xmodelmesh,wm_t6_eoteche45b9675
xmodelmesh,wm_t6_executioner1eb89472
xmodelmesh,wm_t6_executioner_ldwbdeeaa3c
xmodelmesh,wm_t6_fal_fastmag63b368b
xmodelmesh,wm_t6_fal_oswc3d21763
xmodelmesh,wm_t6_falee2bf2fd
xmodelmesh,wm_t6_five_seven_ldw969e186f
xmodelmesh,wm_t6_five_sevenf4f09fde
xmodelmesh,wm_t6_foregrip4b8d5ab6
xmodelmesh,wm_t6_galildf6ddea5
xmodelmesh,wm_t6_gl_grenade97be465a
xmodelmesh,wm_t6_hamrbcd41f42
xmodelmesh,wm_t6_kap407eedd6c
xmodelmesh,wm_t6_kap40_ldwbbf3d64f
xmodelmesh,wm_t6_kobra601a9b95
xmodelmesh,wm_t6_ksgd47b63ac
xmodelmesh,wm_t6_launcher_rocket71102d02
xmodelmesh,wm_t6_lsat7236a431
xmodelmesh,wm_t6_m121672ce48aa
xmodelmesh,wm_t6_m14d63beac3
xmodelmesh,wm_t6_m16a1867da90e
xmodelmesh,wm_t6_m16a1_m203495a2fa3
xmodelmesh,wm_t6_m1911_ldw543f156
xmodelmesh,wm_t6_m1911b60d6837
xmodelmesh,wm_t6_m19271b675beb
xmodelmesh,wm_t6_m272511007
xmodelmesh,wm_t6_m27_fastmaga38c3328
xmodelmesh,wm_t6_m27_gripc04fe6f3
xmodelmesh,wm_t6_m32032fadb7e
xmodelmesh,wm_t6_m608f0b70fa
xmodelmesh,wm_t6_m82a1f80bcccc
xmodelmesh,wm_t6_m8a1659fa913
xmodelmesh,wm_t6_m8a1_fastmag876c5001
xmodelmesh,wm_t6_mauser_c96_scope1231eaea
xmodelmesh,wm_t6_mauser_c96bb061dd2
xmodelmesh,wm_t6_mg0815417048d1
xmodelmesh,wm_t6_mk48cd704707
xmodelmesh,wm_t6_mm12b25705f
xmodelmesh,wm_t6_mp407d18ff47
xmodelmesh,wm_t6_mp57243d783
xmodelmesh,wm_t6_mp791bd1bf5
xmodelmesh,wm_t6_msmcf42bd5f8
xmodelmesh,wm_t6_mtar95e8e444
xmodelmesh,wm_t6_mtar_fastmagfc632fc4
xmodelmesh,wm_t6_olympia5c5dcfa5
xmodelmesh,wm_t6_pdw57f8a29155
xmodelmesh,wm_t6_peacekeeper_fastmagee77d359
xmodelmesh,wm_t6_peacekeeperd58052dc
xmodelmesh,wm_t6_pythona81f2bb0
xmodelmesh,wm_t6_qbb_lswa61d6cd3
xmodelmesh,wm_t6_reflex33335f10
xmodelmesh,wm_t6_remington870mcsa025cdae
xmodelmesh,wm_t6_remingtonmewmodelarmyf426da40
xmodelmesh,wm_t6_rpdf9079f42
xmodelmesh,wm_t6_rpgd5469ee2
xmodelmesh,wm_t6_s1282775f08
xmodelmesh,wm_t6_s12_fastmag23ca76c2
xmodelmesh,wm_t6_scarh_fastmag68c5a4c
xmodelmesh,wm_t6_scarhd7917c87
xmodelmesh,wm_t6_skorpion_evo_fastmag3ab33405
xmodelmesh,wm_t6_skorpion_evob0133fb9
xmodelmesh,wm_t6_smaw8deb7702
xmodelmesh,wm_t6_smaw_rocket62fd3457
xmodelmesh,wm_t6_smr423ecc97
xmodelmesh,wm_t6_spas123d866359
xmodelmesh,wm_t6_stg441f4dda68
xmodelmesh,wm_t6_stinger4b4a26d4
xmodelmesh,wm_t6_storm_psr8f2dff3b
xmodelmesh,wm_t6_svu_as720c7b0b
xmodelmesh,wm_t6_svu_as_scope6f102ebf
xmodelmesh,wm_t6_swat5561c2c0284
xmodelmesh,wm_t6_tac4581b5f8a5
xmodelmesh,wm_t6_titus6_flechetteb9d9f1d3
xmodelmesh,wm_t6_titus6b02146a7
xmodelmesh,wm_t6_type25f36b7fa5
xmodelmesh,wm_t6_uzie85dfaaa
xmodelmesh,wm_t6_vector_k102fdc22f3
xmodelmesh,wm_t6_war_machine522a880b
xmodelmesh,wm_t6_xpr50_scope8963f080
xmodelmesh,wm_t6_xpr50c9bd3da6
xmodelmesh,wpn_h1_shell_12ga_npc853a93b9
xmodelmesh,wpn_h1_shell_300_npca3444450
xmodelmesh,wpn_h1_shell_50cal_npce251f61d
xmodelmesh,wpn_h1_shell_545x39_npc15f6dc78
xmodelmesh,wpn_h1_shell_556x45_npc369f22cc
xmodelmesh,wpn_h1_shell_57x28_npc45d5ee63
xmodelmesh,wpn_h1_shell_762x39_npc7ed38bc2
xmodelmesh,wpn_h1_shell_762x51_npc1668ad37
xmodelmesh,wpn_h1_shell_762x54_npcb18360b0
xmodelmesh,wpn_h1_shell_9mm_npcde018911
xmodelmesh,wpn_h1_shell_saw_linker_npc6a095b53
material,ei/gfx_gel_drops_full_lite_spec|dup
material,ei/gfx_light_ray_spread_streaks_em
material,ei/gfx_light_ray_spread_streaks_em|dup
material,el/gfx_lightning_beam_trail_em
material,generic_filter_zm_der_teleport
material,luts_t7_default
material,mc/$default
material,mc/bullet_collision_glass
material,mc/bullet_collision_wood
material,mc/invisible
material,mc/invisible_mesh
material,mc/mtl_c_zom_der_zombie_body1
material,mc/mtl_c_zom_der_zombie_body1_chest
material,mc/mtl_c_zom_der_zombie_body2
material,mc/mtl_c_zom_der_zombie_body2_skin
material,mc/mtl_c_zom_der_zombie_gear_g43pouch
material,mc/mtl_c_zom_der_zombie_gear_k98pouch
material,mc/mtl_c_zom_der_zombie_gear_knife
material,mc/mtl_c_zom_der_zombie_gear_mp40pouch
material,mc/mtl_c_zom_der_zombie_head1
material,mc/mtl_c_zom_der_zombie_head1u
material,mc/mtl_c_zom_der_zombie_head2
material,mc/mtl_c_zom_der_zombie_head3
material,mc/mtl_c_zom_der_zombie_helmet1
material,mc/mtl_c_zom_der_zombie_hound_body
material,mc/mtl_c_zom_der_zombie_hound_eye_glow
material,mc/mtl_c_zom_der_zombie_hound_fur_bloody
material,mc/mtl_c_zom_der_zombie_hound_fur_body
material,mc/mtl_c_zom_der_zombie_hound_fur_leg
material,mc/mtl_c_zom_der_zombie_hound_fur_tail
material,mc/mtl_c_zom_der_zombie_hound_head
material,mc/mtl_c_zom_der_zombie_hound_teeth
material,mc/mtl_c_zom_zod_zombie_fem_body_1_skin
material,mc/mtl_c_zom_zod_zombie_fem_boots
material,mc/mtl_p7_barrel_metal_55gal_blue
material,mc/mtl_p7_cinder_block
material,mc/mtl_p7_electrical_box_1
material,mc/mtl_p7_light_hurricane_lamp
material,mc/mtl_p7_plank_wood_broken_2x4x64
material,mc/mtl_p7_wires_electrical_rubber
material,mc/mtl_p7_zm_der2_utility_pole_wood
material,mc/mtl_p7_zm_der_light_set_bulb_small
material,mc/mtl_p7_zm_der_light_set_metal_aluminum
material,mc/mtl_p7_zm_der_light_set_metal_worn
material,mc/mtl_p7_zm_der_light_set_paint_green_drk
material,mc/mtl_p7_zm_der_magic_box_fake_leather
material,mc/mtl_p7_zm_der_magic_box_fake_metal
material,mc/mtl_p7_zm_der_magic_box_lid_wood
material,mc/mtl_p7_zm_der_magic_box_metal
material,mc/mtl_p7_zm_der_magic_box_qmark_bg
material,mc/mtl_p7_zm_der_magic_box_qmark_trim
material,mc/mtl_p7_zm_der_magic_box_wood_01
material,mc/mtl_p7_zm_der_magic_box_wood_02
material,mc/mtl_p7_zm_der_pswitch_body
material,mc/mtl_p7_zm_der_pswitch_body_brass
material,mc/mtl_p7_zm_der_pswitch_body_plastic
material,mc/mtl_p7_zm_der_pswitch_body_plastic_red
material,mc/mtl_p7_zm_der_pswitch_bulb
material,mc/mtl_p7_zm_der_pswitch_glass
material,mc/mtl_p7_zm_der_pswitch_handle
material,mc/mtl_p7_zm_der_pswitch_handle_blk
material,mc/mtl_p7_zm_der_pswitch_handle_red
material,mc/mtl_p7_zm_der_teleporter_control_gauge
material,mc/mtl_p7_zm_der_utility_pole_acc
material,mc/mtl_p7_zm_teddybear
material,mc/mtl_p7_zm_teddybear_eyes
material,mc/mtl_p7_zm_teddybear_fur
material,mc/mtl_p7_zm_vending_packapunch
material,mc/mtl_p7_zm_vending_packapunch_sign
material,mc/mtl_p7_zm_vending_packapunch_sign_wait
material,mc/mtl_p7_zm_vending_pap_bottom_back
material,mc/mtl_p7_zm_vending_pap_detail
material,mc/mtl_p7_zm_vending_pap_frame_left
material,mc/mtl_p7_zm_vending_pap_frame_right
material,mc/mtl_p7_zm_vending_pap_front_side
material,mc/mtl_p7_zm_vending_pap_leather
material,mc/mtl_p7_zm_vending_pap_leather_scroll
material,mc/mtl_p7_zm_vending_pap_logo
material,mc/mtl_p7_zm_vending_pap_roller
material,mc/mtl_p7_zm_vending_pap_side_inside
material,mc/mtl_p7_zm_vending_pap_top
material,mc/mtl_p7_zm_vending_pap_top_main
material,mc/mtl_skybox_default_black
material,mc/mtl_skybox_default_day
material,mc/mtl_t6_acog_reticle
material,mc/mtl_t6_attach_belt_links_camo
material,mc/mtl_t6_attach_bullet_camo
material,mc/mtl_t6_attach_dragunov_scope
material,mc/mtl_t6_attach_gl_ammo
material,mc/mtl_t6_attach_gl_m203
material,mc/mtl_t6_attach_gl_m320
material,mc/mtl_t6_attach_grip
material,mc/mtl_t6_attach_mag_ak
material,mc/mtl_t6_attach_mag_wrap
material,mc/mtl_t6_attach_optic_acog_camo1
material,mc/mtl_t6_attach_optic_acog_crosshair
material,mc/mtl_t6_attach_optic_acog_lens1
material,mc/mtl_t6_attach_optic_acog_shade
material,mc/mtl_t6_attach_optic_aimpoint
material,mc/mtl_t6_attach_optic_holo
material,mc/mtl_t6_attach_optic_holo_lens
material,mc/mtl_t6_attach_optic_kobra
material,mc/mtl_t6_attach_optic_m32_lens
material,mc/mtl_t6_attach_optic_m32_reticle
material,mc/mtl_t6_attach_optic_reflex
material,mc/mtl_t6_attach_optic_reflex_lens
material,mc/mtl_t6_attach_optic_scope_inside
material,mc/mtl_t6_attach_optic_titus_reticle
material,mc/mtl_t6_attach_optic_titus_reticle_pap
material,mc/mtl_t6_attach_rail_ak
material,mc/mtl_t6_attach_rail_mp5
material,mc/mtl_t6_attach_scanner_burn
material,mc/mtl_t6_attach_scanner_burn_pap
material,mc/mtl_t6_attach_sniper_fastmag
material,mc/mtl_t6_attach_speedloader
material,mc/mtl_t6_attach_trinium_sight_green
material,mc/mtl_t6_attach_trinium_sight_white_add
material,mc/mtl_t6_attach_zmb_mc96_reticle
material,mc/mtl_t6_holo_reticle
material,mc/mtl_t6_misc_blank
material,mc/mtl_t6_reflex_reticle
material,mc/mtl_t6_reflex_reticle_smiley
material,mc/mtl_t6_tritium_blu_glo
material,mc/mtl_t6_tritium_grn
material,mc/mtl_t6_tritium_grn_glo
material,mc/mtl_t6_tritium_red_glo
material,mc/mtl_t6_tritium_red_noalpha
material,mc/mtl_t6_tritium_red_txt
material,mc/mtl_t6_tritium_wht
material,mc/mtl_t6_weapon_flat_rail
material,mc/mtl_t6_wpn_ar_ak47_camo1
material,mc/mtl_t6_wpn_ar_an94_camo1
material,mc/mtl_t6_wpn_ar_fal_camo1
material,mc/mtl_t6_wpn_ar_galil_camo1
material,mc/mtl_t6_wpn_ar_hk416_camo1
material,mc/mtl_t6_wpn_ar_hk416_grip_camo1
material,mc/mtl_t6_wpn_ar_m14_camo
material,mc/mtl_t6_wpn_ar_m16_camo1
material,mc/mtl_t6_wpn_ar_sa58
material,mc/mtl_t6_wpn_ar_saritch_camo1
material,mc/mtl_t6_wpn_ar_scarh_camo1
material,mc/mtl_t6_wpn_ar_sig556_camo1
material,mc/mtl_t6_wpn_ar_stg44_camo1
material,mc/mtl_t6_wpn_ar_type95_camo1
material,mc/mtl_t6_wpn_ar_x95l_alpha
material,mc/mtl_t6_wpn_ar_x95l_camo1
material,mc/mtl_t6_wpn_ar_x95l_cord
material,mc/mtl_t6_wpn_ar_xm8_camo1
material,mc/mtl_t6_wpn_dragunov_scope_lens
material,mc/mtl_t6_wpn_dragunov_scope_reticle
material,mc/mtl_t6_wpn_launch_m32_camo1
material,mc/mtl_t6_wpn_launch_mm1_camo
material,mc/mtl_t6_wpn_launch_rpg7_camo
material,mc/mtl_t6_wpn_launch_smaw
material,mc/mtl_t6_wpn_launch_smaw_camo1
material,mc/mtl_t6_wpn_launch_stinger
material,mc/mtl_t6_wpn_launch_stinger_glass
material,mc/mtl_t6_wpn_launch_usrpg_alpha
material,mc/mtl_t6_wpn_launch_usrpg_camo1
material,mc/mtl_t6_wpn_lmg_hamr_camo1
material,mc/mtl_t6_wpn_lmg_hamr_parts
material,mc/mtl_t6_wpn_lmg_hamr_strap
material,mc/mtl_t6_wpn_lmg_lsat_ammo
material,mc/mtl_t6_wpn_lmg_lsat_camo1
material,mc/mtl_t6_wpn_lmg_m60_camo1
material,mc/mtl_t6_wpn_lmg_mk48_ammo_camo1
material,mc/mtl_t6_wpn_lmg_mk48_camo1
material,mc/mtl_t6_wpn_lmg_rpd_camo1
material,mc/mtl_t6_wpn_lmg_rpd_mount_camo1
material,mc/mtl_t6_wpn_lmg_type95_camo1
material,mc/mtl_t6_wpn_lmg_type95_drum_camo
material,mc/mtl_t6_wpn_minigun_ammo_camo
material,mc/mtl_t6_wpn_minigun_ammo_noalpha_camo
material,mc/mtl_t6_wpn_minigun_camo
material,mc/mtl_t6_wpn_pistol_b2023r
material,mc/mtl_t6_wpn_pistol_browninghp
material,mc/mtl_t6_wpn_pistol_fiveseven_camo1
material,mc/mtl_t6_wpn_pistol_fnp45_camo1
material,mc/mtl_t6_wpn_pistol_judge
material,mc/mtl_t6_wpn_pistol_judge_shell
material,mc/mtl_t6_wpn_pistol_m1911_camo
material,mc/mtl_t6_wpn_pistol_python
material,mc/mtl_t6_wpn_pistol_rnma_camo1
material,mc/mtl_t6_wpn_shotty_ksg_camo1
material,mc/mtl_t6_wpn_shotty_olympia
material,mc/mtl_t6_wpn_shotty_saiga_camo1
material,mc/mtl_t6_wpn_shotty_saiga_skull
material,mc/mtl_t6_wpn_shotty_spas_camo1
material,mc/mtl_t6_wpn_shotty_srm1216_camo1
material,mc/mtl_t6_wpn_smg_ak74u_camo1
material,mc/mtl_t6_wpn_smg_chicom_camo1
material,mc/mtl_t6_wpn_smg_mp40_camo1
material,mc/mtl_t6_wpn_smg_mp5_camo1
material,mc/mtl_t6_wpn_smg_mp7_camo1
material,mc/mtl_t6_wpn_smg_msmc_camo1
material,mc/mtl_t6_wpn_smg_pdw57_camo1
material,mc/mtl_t6_wpn_smg_peacekeeper_camo1
material,mc/mtl_t6_wpn_smg_scorpion_camo1
material,mc/mtl_t6_wpn_smg_uzi_camo1
material,mc/mtl_t6_wpn_smg_vector_camo1
material,mc/mtl_t6_wpn_sniper_ballista_camo1
material,mc/mtl_t6_wpn_sniper_ballista_lens
material,mc/mtl_t6_wpn_sniper_ballista_level
material,mc/mtl_t6_wpn_sniper_ballista_scope_camo1
material,mc/mtl_t6_wpn_sniper_ballista_scope_reticle
material,mc/mtl_t6_wpn_sniper_ballista_sights
material,mc/mtl_t6_wpn_sniper_dragunov_camo1
material,mc/mtl_t6_wpn_sniper_dsr50
material,mc/mtl_t6_wpn_sniper_dsr50_scope
material,mc/mtl_t6_wpn_sniper_dsr50_scope_lens
material,mc/mtl_t6_wpn_sniper_dsr50_scope_reticle
material,mc/mtl_t6_wpn_sniper_m82
material,mc/mtl_t6_wpn_sniper_m82_scope
material,mc/mtl_t6_wpn_sniper_m82_scope_reticle
material,mc/mtl_t6_wpn_sniper_scope_stencil
material,mc/mtl_t6_wpn_sniper_svu_camo1
material,mc/mtl_t6_wpn_sniper_svu_lens
material,mc/mtl_t6_wpn_sniper_svu_scope_camo1
material,mc/mtl_t6_wpn_sniper_svu_scope_reticle
material,mc/mtl_t6_wpn_sniper_xpr50_camo2
material,mc/mtl_t6_wpn_sniper_xpr50_scope_camo2
material,mc/mtl_t6_wpn_sniper_xpr50_scope_reticle
material,mc/mtl_t6_wpn_special_storm
material,mc/mtl_t6_wpn_special_storm_scope
material,mc/mtl_t6_wpn_special_storm_scope_pap
material,mc/mtl_t6_wpn_storm_charge_display
material,mc/mtl_t6_wpn_storm_charge_display_pap
material,mc/mtl_t6_wpn_storm_charge_lens
material,mc/mtl_t6_wpn_storm_charge_lens_pap
material,mc/mtl_t6_wpn_storm_charge_temp
material,mc/mtl_t6_wpn_storm_charge_temp_pap
material,mc/mtl_t6_wpn_storm_scope_lens
material,mc/mtl_t6_wpn_storm_scope_lens_pap
material,mc/mtl_t6_wpn_storm_scope_reticle_pap_sp
material,mc/mtl_t6_wpn_storm_scope_reticle_sp
material,mc/mtl_t6_wpn_titus_camo1
material,mc/mtl_t6_wpn_zmb_blundergat
material,mc/mtl_t6_wpn_zmb_blundergat_acid
material,mc/mtl_t6_wpn_zmb_blundergat_armor
material,mc/mtl_t6_wpn_zmb_blundergat_ember
material,mc/mtl_t6_wpn_zmb_mc96_camo
material,mc/mtl_t6_wpn_zmb_mg08_camo
material,mc/mtl_t6_wpn_zmb_mg08_mag_camo
material,mc/mtl_t6_wpn_zmb_thompson_camo1
material,mc/mtl_weapon_m14_scope_rail
material,mc/mtl_wpn_h1_spent_shells
material,mc/mtl_wpn_h1_spent_shells_300
material,mc/pbr_evening_2_sky_mtl_override
material,mc/pbr_night_starrynight_4_sky_mtl_override
material,mc/t7_decal_bullet_wood_01
material,mc/t7_decal_damage_plywood_edge_dirty
material,mc/t7_decal_grunge_burnt_stain_03
material,mc/t7_glass_streaks_wet_backlit
material,mc/t7_rope_nylon_02
material,mc/t7_snow_powder_01
material,mc/t7_snow_powder_03_blend
material,mc/t7_wood_plywood_dirty
material,mc/t7_wood_plywood_trim_dirty
material,mule_lick_icon
material,wc/mtl_t6_wpn_ar_scarh_wall_chalk
material,wc/mtl_t6_wpn_ar_xm8_wall_chalk
material,wc/mtl_t6_wpn_lmg_lsat_wall_chalk
material,wc/mtl_t6_wpn_lmg_mk48_wall_chalk
material,wc/mtl_t6_wpn_shotty_870mcs_wall_chalk
material,wc/mtl_t6_wpn_shotty_olympia_wall_chalk
material,wc/mtl_t6_wpn_smg_mp5_wall_chalk
material,wc/shadowcaster
material,wc/t7_acrylic_red_flake
material,wc/t7_brick_worn_red
material,wc/t7_decal_blood_splatter_01
material,wc/t7_glass_green_opaque_01
material,wc/t7_metal_worn_iron_dark
material,wc/t7_wood_planks_damaged_teak
material,wc/t7_wood_varnished_clean_cherry_light
material,wc/t7_zm_chalk_buy_bowie
material,wc/testmap_white_240
techset,mc/default#e6142445
techset,mc/emissive_add#e6142445
techset,mc/lit_backlit#e6142445
techset,mc/lit_backlit_advanced#e6142445
techset,mc/lit_backlit_plus#e6142445
techset,mc/lit_decal_reveal#e6142445
techset,mc/lit_detail_decal_reveal_plus#e6142445
techset,mc/lit_emissive_scroll_3layer_transparent#e6142445
techset,mc/lit_micro_tile_blend_advanced#e6142445
techset,mc/lit_micro_tile_blend_multi#e6142445
techset,mc/lit_micro_tile_blend_plus#e6142445
techset,mc/lit_micro_tiled#e6142445
techset,mc/lit_scroll_rotate#e6142445
techset,mc/sky_hdr#e6142445
techset,mc/sky_latlong_hdr#e6142445
techset,warp_aberration_refract_screen#da7372ff
techset,wc/lit#882572b8
techset,wc/lit_advanced#882572b8
techset,wc/lit_decal_reveal#882572b8
techset,wc/lit_detail#882572b8
techset,wc/lit_emissive_scroll_transparent#882572b8
techset,wc/lit_micro_tile_blend_advanced#882572b8
techset,wc/lit_plus#882572b8
techset,wc/shadowcaster#882572b8
image,fxt_light_ray_spread_streaks
image,fxt_lightning_beam_trail
image,fxt_lightning_beam_trail_mask
image,i_c_gen_reveal_2k_sq_r
image,i_c_zom_der_zombie_body1_ao
image,i_c_zom_der_zombie_body1_c
image,i_c_zom_der_zombie_body1_chest_ao
image,i_c_zom_der_zombie_body1_chest_c
image,i_c_zom_der_zombie_body1_chest_g
image,i_c_zom_der_zombie_body1_chest_n
image,i_c_zom_der_zombie_body1_g
image,i_c_zom_der_zombie_body1_n
image,i_c_zom_der_zombie_body2_ao
image,i_c_zom_der_zombie_body2_c
image,i_c_zom_der_zombie_body2_g
image,i_c_zom_der_zombie_body2_n
image,i_c_zom_der_zombie_body2_s
image,i_c_zom_der_zombie_body2_skin_ao
image,i_c_zom_der_zombie_body2_skin_c
image,i_c_zom_der_zombie_body2_skin_g
image,i_c_zom_der_zombie_body2_skin_n
image,i_c_zom_der_zombie_g43pouch_ao
image,i_c_zom_der_zombie_g43pouch_c
image,i_c_zom_der_zombie_g43pouch_g
image,i_c_zom_der_zombie_g43pouch_n
image,i_c_zom_der_zombie_g43pouch_s
image,i_c_zom_der_zombie_head1_ao
image,i_c_zom_der_zombie_head1_c
image,i_c_zom_der_zombie_head1_g
image,i_c_zom_der_zombie_head1_n
image,i_c_zom_der_zombie_head2_ao
image,i_c_zom_der_zombie_head2_c
image,i_c_zom_der_zombie_head2_g
image,i_c_zom_der_zombie_head2_n
image,i_c_zom_der_zombie_head3_ao
image,i_c_zom_der_zombie_head3_c
image,i_c_zom_der_zombie_head3_g
image,i_c_zom_der_zombie_head3_n
image,i_c_zom_der_zombie_helmet1_c
image,i_c_zom_der_zombie_helmet1_g
image,i_c_zom_der_zombie_helmet1_n
image,i_c_zom_der_zombie_helmet1_o
image,i_c_zom_der_zombie_hound_body_c
image,i_c_zom_der_zombie_hound_body_g
image,i_c_zom_der_zombie_hound_body_n
image,i_c_zom_der_zombie_hound_eye_glow_c
image,i_c_zom_der_zombie_hound_fur_bloody_c
image,i_c_zom_der_zombie_hound_fur_body_c
image,i_c_zom_der_zombie_hound_fur_leg_c
image,i_c_zom_der_zombie_hound_fur_tail_c
image,i_c_zom_der_zombie_hound_head_c
image,i_c_zom_der_zombie_hound_head_g
image,i_c_zom_der_zombie_hound_head_n
image,i_c_zom_der_zombie_hound_teeth_c
image,i_c_zom_der_zombie_hound_teeth_g
image,i_c_zom_der_zombie_hound_teeth_n
image,i_c_zom_der_zombie_k98pouch_ao
image,i_c_zom_der_zombie_k98pouch_c
image,i_c_zom_der_zombie_k98pouch_g
image,i_c_zom_der_zombie_k98pouch_n
image,i_c_zom_der_zombie_k98pouch_s
image,i_c_zom_der_zombie_knife_ao
image,i_c_zom_der_zombie_knife_c
image,i_c_zom_der_zombie_knife_g
image,i_c_zom_der_zombie_knife_n
image,i_c_zom_der_zombie_knife_s
image,i_c_zom_der_zombie_mp40pouch_ao
image,i_c_zom_der_zombie_mp40pouch_c
image,i_c_zom_der_zombie_mp40pouch_g
image,i_c_zom_der_zombie_mp40pouch_n
image,i_c_zom_der_zombie_mp40pouch_s
image,i_c_zom_zod_zombie_fem_body_1_skin_c
image,i_c_zom_zod_zombie_fem_body_1_skin_g
image,i_c_zom_zod_zombie_fem_body_1_skin_n
image,i_c_zom_zod_zombie_fem_boots_c
image,i_c_zom_zod_zombie_fem_boots_g
image,i_c_zom_zod_zombie_fem_boots_n
image,i_frost_r
image,i_generic_filter_ring_w
image,i_generic_filter_zm_der_teleport_c
image,i_mtl_p7_barrel_metal_55gal_blue_c
image,i_mtl_p7_barrel_metal_55gal_blue_n
image,i_mtl_p7_cinder_block_c
image,i_mtl_p7_cinder_block_detail_n
image,i_mtl_p7_cinder_block_n
image,i_mtl_p7_electrical_box_set_box_1_c
image,i_mtl_p7_electrical_box_set_box_1_n
image,i_mtl_p7_light_hurricane_lamp_g
image,i_mtl_p7_light_hurricane_lamp_n
image,i_mtl_p7_light_hurricane_lamp_o
image,i_mtl_p7_light_hurricane_lamp_s
image,i_mtl_p7_plank_wood_broken_2x4x64_m
image,i_mtl_p7_plank_wood_broken_2x4x64_n
image,i_mtl_p7_wires_electrical_rubber_c
image,i_mtl_p7_wires_electrical_rubber_n
image,i_mtl_p7_zm_der_light_set_bulb_small_c
image,i_mtl_p7_zm_der_light_set_bulb_small_g
image,i_mtl_p7_zm_der_light_set_bulb_small_m
image,i_mtl_p7_zm_der_light_set_bulb_small_n
image,i_mtl_p7_zm_der_light_set_bulb_small_s
image,i_mtl_p7_zm_der_light_set_m
image,i_mtl_p7_zm_der_light_set_n
image,i_mtl_p7_zm_der_magic_box_fake_leather_m
image,i_mtl_p7_zm_der_magic_box_fake_leather_n
image,i_mtl_p7_zm_der_magic_box_fake_metal_m
image,i_mtl_p7_zm_der_magic_box_fake_metal_n
image,i_mtl_p7_zm_der_magic_box_fake_metal_o
image,i_mtl_p7_zm_der_magic_box_lid_wood_c
image,i_mtl_p7_zm_der_magic_box_lid_wood_n
image,i_mtl_p7_zm_der_magic_box_metal_m
image,i_mtl_p7_zm_der_magic_box_metal_n
image,i_mtl_p7_zm_der_magic_box_metal_o
image,i_mtl_p7_zm_der_magic_box_qmark_bg_c
image,i_mtl_p7_zm_der_magic_box_qmark_clds_c
image,i_mtl_p7_zm_der_magic_box_qmark_trim_c
image,i_mtl_p7_zm_der_magic_box_wood_01_c
image,i_mtl_p7_zm_der_magic_box_wood_01_n
image,i_mtl_p7_zm_der_magic_box_wood_02_c
image,i_mtl_p7_zm_der_magic_box_wood_02_n
image,i_mtl_p7_zm_der_teleporter_control_gauge_c
image,i_mtl_p7_zm_der_utility_pole_acc_c
image,i_mtl_p7_zm_der_utility_pole_acc_g
image,i_mtl_p7_zm_der_utility_pole_acc_n
image,i_mtl_p7_zm_der_utility_pole_acc_o
image,i_mtl_p7_zm_der_utility_pole_acc_s
image,i_mtl_p7_zm_der_utility_pole_wood_c
image,i_mtl_p7_zm_der_utility_pole_wood_n
image,i_mtl_p7_zm_pswitch_bulb_c
image,i_mtl_p7_zm_pswitch_bulb_t
image,i_mtl_p7_zm_pswitch_glass_c
image,i_mtl_p7_zm_pswitch_handle_m
image,i_mtl_p7_zm_pswitch_handle_n
image,i_mtl_p7_zm_pswitch_handle_o
image,i_mtl_p7_zm_pswitch_m
image,i_mtl_p7_zm_pswitch_n
image,i_mtl_p7_zm_pswitch_o
image,i_mtl_p7_zm_vending_packapunch_g
image,i_mtl_p7_zm_vending_packapunch_moving_c
image,i_mtl_p7_zm_vending_packapunch_moving_g
image,i_mtl_p7_zm_vending_packapunch_moving_n
image,i_mtl_p7_zm_vending_packapunch_moving_o
image,i_mtl_p7_zm_vending_packapunch_moving_s
image,i_mtl_p7_zm_vending_packapunch_moving_t
image,i_mtl_p7_zm_vending_packapunch_n
image,i_mtl_p7_zm_vending_packapunch_o
image,i_mtl_p7_zm_vending_packapunch_s
image,i_mtl_p7_zm_vending_packapunch_sign_wait_c
image,i_mtl_p7_zm_vending_packapunch_sign_wait_g
image,i_mtl_p7_zm_vending_packapunch_sign_wait_s
image,i_mtl_p7_zm_vending_pap_bottom_back_c
image,i_mtl_p7_zm_vending_pap_bottom_back_g
image,i_mtl_p7_zm_vending_pap_bottom_back_n
image,i_mtl_p7_zm_vending_pap_bottom_back_o
image,i_mtl_p7_zm_vending_pap_bottom_back_s
image,i_mtl_p7_zm_vending_pap_frame_left_c
image,i_mtl_p7_zm_vending_pap_frame_left_g
image,i_mtl_p7_zm_vending_pap_frame_left_n
image,i_mtl_p7_zm_vending_pap_frame_left_o
image,i_mtl_p7_zm_vending_pap_frame_left_s
image,i_mtl_p7_zm_vending_pap_frame_right_c
image,i_mtl_p7_zm_vending_pap_frame_right_g
image,i_mtl_p7_zm_vending_pap_frame_right_n
image,i_mtl_p7_zm_vending_pap_frame_right_o
image,i_mtl_p7_zm_vending_pap_frame_right_s
image,i_mtl_p7_zm_vending_pap_front_side_c
image,i_mtl_p7_zm_vending_pap_front_side_g
image,i_mtl_p7_zm_vending_pap_front_side_n
image,i_mtl_p7_zm_vending_pap_front_side_o
image,i_mtl_p7_zm_vending_pap_front_side_s
image,i_mtl_p7_zm_vending_pap_leather_c
image,i_mtl_p7_zm_vending_pap_leather_n
image,i_mtl_p7_zm_vending_pap_side_inside_c
image,i_mtl_p7_zm_vending_pap_side_inside_g
image,i_mtl_p7_zm_vending_pap_side_inside_n
image,i_mtl_p7_zm_vending_pap_side_inside_o
image,i_mtl_p7_zm_vending_pap_side_inside_s
image,i_mtl_p7_zm_vending_pap_top_c
image,i_mtl_p7_zm_vending_pap_top_g
image,i_mtl_p7_zm_vending_pap_top_main_c
image,i_mtl_p7_zm_vending_pap_top_main_g
image,i_mtl_p7_zm_vending_pap_top_main_n
image,i_mtl_p7_zm_vending_pap_top_main_o
image,i_mtl_p7_zm_vending_pap_top_main_s
image,i_mtl_p7_zm_vending_pap_top_n
image,i_mtl_p7_zm_vending_pap_top_o
image,i_mtl_p7_zm_vending_pap_top_s
image,i_mule_lick_icon
image,i_p7_zm_teddybear_c
image,i_p7_zm_teddybear_n
image,i_t6_acog_reticle_c
image,i_t6_attach_belt_links_camo_c
image,i_t6_attach_belt_links_camo_g
image,i_t6_attach_belt_links_camo_n
image,i_t6_attach_belt_links_camo_s
image,i_t6_attach_bullet_camo_c
image,i_t6_attach_bullet_camo_g
image,i_t6_attach_bullet_camo_n
image,i_t6_attach_bullet_camo_s
image,i_t6_attach_dragunov_scope_c
image,i_t6_attach_dragunov_scope_g
image,i_t6_attach_dragunov_scope_n
image,i_t6_attach_dragunov_scope_o
image,i_t6_attach_dragunov_scope_r
image,i_t6_attach_dragunov_scope_s
image,i_t6_attach_gl_ammo_c
image,i_t6_attach_gl_ammo_g
image,i_t6_attach_gl_ammo_n
image,i_t6_attach_gl_ammo_o
image,i_t6_attach_gl_ammo_s
image,i_t6_attach_gl_m203_c
image,i_t6_attach_gl_m203_g
image,i_t6_attach_gl_m203_n
image,i_t6_attach_gl_m203_o
image,i_t6_attach_gl_m203_r
image,i_t6_attach_gl_m203_s
image,i_t6_attach_gl_m320_c
image,i_t6_attach_gl_m320_g
image,i_t6_attach_gl_m320_n
image,i_t6_attach_gl_m320_o
image,i_t6_attach_gl_m320_s
image,i_t6_attach_grip_c
image,i_t6_attach_grip_g
image,i_t6_attach_grip_n
image,i_t6_attach_grip_s
image,i_t6_attach_mag_ak_c
image,i_t6_attach_mag_ak_g
image,i_t6_attach_mag_ak_n
image,i_t6_attach_mag_ak_o
image,i_t6_attach_mag_ak_r
image,i_t6_attach_mag_ak_s
image,i_t6_attach_mag_wrap_c
image,i_t6_attach_mag_wrap_g
image,i_t6_attach_mag_wrap_n
image,i_t6_attach_mag_wrap_s
image,i_t6_attach_optic_acog_camo1_c
image,i_t6_attach_optic_acog_camo1_g
image,i_t6_attach_optic_acog_camo1_n
image,i_t6_attach_optic_acog_camo1_o
image,i_t6_attach_optic_acog_camo1_s
image,i_t6_attach_optic_acog_crosshair_c
image,i_t6_attach_optic_acog_lens1_c
image,i_t6_attach_optic_acog_lens1_g
image,i_t6_attach_optic_acog_lens1_n
image,i_t6_attach_optic_acog_lens1_s
image,i_t6_attach_optic_acog_shade_c
image,i_t6_attach_optic_aimpoint_c
image,i_t6_attach_optic_aimpoint_g
image,i_t6_attach_optic_aimpoint_n
image,i_t6_attach_optic_aimpoint_o
image,i_t6_attach_optic_aimpoint_s
image,i_t6_attach_optic_holo_c
image,i_t6_attach_optic_holo_g
image,i_t6_attach_optic_holo_lens_c
image,i_t6_attach_optic_holo_lens_g
image,i_t6_attach_optic_holo_lens_n
image,i_t6_attach_optic_holo_lens_s
image,i_t6_attach_optic_holo_n
image,i_t6_attach_optic_holo_o
image,i_t6_attach_optic_holo_s
image,i_t6_attach_optic_kobra_c
image,i_t6_attach_optic_kobra_g
image,i_t6_attach_optic_kobra_n
image,i_t6_attach_optic_kobra_o
image,i_t6_attach_optic_kobra_s
image,i_t6_attach_optic_m32_lens_g
image,i_t6_attach_optic_m32_lens_s
image,i_t6_attach_optic_m32_reticle_c
image,i_t6_attach_optic_noise
image,i_t6_attach_optic_reflex_c
image,i_t6_attach_optic_reflex_g
image,i_t6_attach_optic_reflex_lens_c
image,i_t6_attach_optic_reflex_lens_g
image,i_t6_attach_optic_reflex_lens_n
image,i_t6_attach_optic_reflex_lens_o
image,i_t6_attach_optic_reflex_lens_s
image,i_t6_attach_optic_reflex_n
image,i_t6_attach_optic_reflex_o
image,i_t6_attach_optic_reflex_s
image,i_t6_attach_optic_titus_reticle_c
image,i_t6_attach_rail_ak_c
image,i_t6_attach_rail_ak_g
image,i_t6_attach_rail_ak_n
image,i_t6_attach_rail_ak_o
image,i_t6_attach_rail_ak_s
image,i_t6_attach_rail_mp5_c
image,i_t6_attach_rail_mp5_g
image,i_t6_attach_rail_mp5_n
image,i_t6_attach_rail_mp5_o
image,i_t6_attach_rail_mp5_s
image,i_t6_attach_scanner_burn_c
image,i_t6_attach_scanner_burn_pap_c
image,i_t6_attach_sniper_fastmag_c
image,i_t6_attach_sniper_fastmag_g
image,i_t6_attach_sniper_fastmag_n
image,i_t6_attach_sniper_fastmag_s
image,i_t6_attach_speedloader_c
image,i_t6_attach_speedloader_g
image,i_t6_attach_speedloader_n
image,i_t6_attach_speedloader_s
image,i_t6_attach_trinium_sight_green_c
image,i_t6_attach_trinium_sight_green_g
image,i_t6_attach_trinium_sight_green_n
image,i_t6_attach_trinium_sight_green_s
image,i_t6_attach_tritium_red_glo_c
image,i_t6_attach_tritium_red_txt_c
image,i_t6_attach_zmb_mc96_reticle_c
image,i_t6_holo_reticle_c
image,i_t6_minigun_center_reticle
image,i_t6_misc_blank_c
image,i_t6_reflex_reticle_c
image,i_t6_reflex_reticle_smiley_c
image,i_t6_reticle_rocket_launcher
image,i_t6_tritium_blu_glo_c
image,i_t6_tritium_grn_c
image,i_t6_tritium_grn_glo_c
image,i_t6_tritium_red_c
image,i_t6_tritium_red_s
image,i_t6_tritium_wht_c
image,i_t6_tritium_wht_g
image,i_t6_tritium_wht_n
image,i_t6_tritium_wht_s
image,i_t6_weapon_flat_rail_c
image,i_t6_weapon_flat_rail_g
image,i_t6_weapon_flat_rail_n
image,i_t6_weapon_flat_rail_o
image,i_t6_weapon_flat_rail_s
image,i_t6_wpn_ar_ak47_camo1_c
image,i_t6_wpn_ar_ak47_camo1_g
image,i_t6_wpn_ar_ak47_camo1_n
image,i_t6_wpn_ar_ak47_camo1_o
image,i_t6_wpn_ar_ak47_camo1_r
image,i_t6_wpn_ar_ak47_camo1_s
image,i_t6_wpn_ar_an94_camo1_c
image,i_t6_wpn_ar_an94_camo1_g
image,i_t6_wpn_ar_an94_camo1_n
image,i_t6_wpn_ar_an94_camo1_o
image,i_t6_wpn_ar_an94_camo1_r
image,i_t6_wpn_ar_an94_camo1_s
image,i_t6_wpn_ar_fal_camo1_c
image,i_t6_wpn_ar_fal_camo1_g
image,i_t6_wpn_ar_fal_camo1_n
image,i_t6_wpn_ar_fal_camo1_o
image,i_t6_wpn_ar_fal_camo1_r
image,i_t6_wpn_ar_fal_camo1_s
image,i_t6_wpn_ar_galil_camo1_c
image,i_t6_wpn_ar_galil_camo1_g
image,i_t6_wpn_ar_galil_camo1_n
image,i_t6_wpn_ar_galil_camo1_o
image,i_t6_wpn_ar_galil_camo1_r
image,i_t6_wpn_ar_galil_camo1_s
image,i_t6_wpn_ar_hk416_camo1_c
image,i_t6_wpn_ar_hk416_camo1_g
image,i_t6_wpn_ar_hk416_camo1_n
image,i_t6_wpn_ar_hk416_camo1_o
image,i_t6_wpn_ar_hk416_camo1_r
image,i_t6_wpn_ar_hk416_camo1_s
image,i_t6_wpn_ar_hk416_grip_camo1_c
image,i_t6_wpn_ar_hk416_grip_camo1_g
image,i_t6_wpn_ar_hk416_grip_camo1_n
image,i_t6_wpn_ar_hk416_grip_camo1_s
image,i_t6_wpn_ar_m14_camo_c
image,i_t6_wpn_ar_m14_camo_g
image,i_t6_wpn_ar_m14_camo_n
image,i_t6_wpn_ar_m14_camo_o
image,i_t6_wpn_ar_m14_camo_r
image,i_t6_wpn_ar_m14_camo_s
image,i_t6_wpn_ar_m16_camo1_c
image,i_t6_wpn_ar_m16_camo1_g
image,i_t6_wpn_ar_m16_camo1_n
image,i_t6_wpn_ar_m16_camo1_o
image,i_t6_wpn_ar_m16_camo1_r
image,i_t6_wpn_ar_m16_camo1_s
image,i_t6_wpn_ar_sa58_c
image,i_t6_wpn_ar_sa58_g
image,i_t6_wpn_ar_sa58_n
image,i_t6_wpn_ar_sa58_o
image,i_t6_wpn_ar_sa58_r
image,i_t6_wpn_ar_sa58_s
image,i_t6_wpn_ar_saritch_camo1_c
image,i_t6_wpn_ar_saritch_camo1_g
image,i_t6_wpn_ar_saritch_camo1_n
image,i_t6_wpn_ar_saritch_camo1_o
image,i_t6_wpn_ar_saritch_camo1_r
image,i_t6_wpn_ar_saritch_camo1_s
image,i_t6_wpn_ar_scarh_camo1_c
image,i_t6_wpn_ar_scarh_camo1_g
image,i_t6_wpn_ar_scarh_camo1_n
image,i_t6_wpn_ar_scarh_camo1_o
image,i_t6_wpn_ar_scarh_camo1_r
image,i_t6_wpn_ar_scarh_camo1_s
image,i_t6_wpn_ar_scarh_wall_chalk_c
image,i_t6_wpn_ar_sig556_camo1_c
image,i_t6_wpn_ar_sig556_camo1_g
image,i_t6_wpn_ar_sig556_camo1_n
image,i_t6_wpn_ar_sig556_camo1_o
image,i_t6_wpn_ar_sig556_camo1_r
image,i_t6_wpn_ar_sig556_camo1_s
image,i_t6_wpn_ar_stg44_camo1_c
image,i_t6_wpn_ar_stg44_camo1_g
image,i_t6_wpn_ar_stg44_camo1_n
image,i_t6_wpn_ar_stg44_camo1_r
image,i_t6_wpn_ar_stg44_camo1_s
image,i_t6_wpn_ar_type95_camo1_c
image,i_t6_wpn_ar_type95_camo1_g
image,i_t6_wpn_ar_type95_camo1_n
image,i_t6_wpn_ar_type95_camo1_o
image,i_t6_wpn_ar_type95_camo1_r
image,i_t6_wpn_ar_type95_camo1_s
image,i_t6_wpn_ar_x95l_alpha_c
image,i_t6_wpn_ar_x95l_alpha_g
image,i_t6_wpn_ar_x95l_alpha_n
image,i_t6_wpn_ar_x95l_alpha_s
image,i_t6_wpn_ar_x95l_camo1_c
image,i_t6_wpn_ar_x95l_camo1_g
image,i_t6_wpn_ar_x95l_camo1_n
image,i_t6_wpn_ar_x95l_camo1_o
image,i_t6_wpn_ar_x95l_camo1_r
image,i_t6_wpn_ar_x95l_camo1_s
image,i_t6_wpn_ar_x95l_cord_c
image,i_t6_wpn_ar_x95l_cord_g
image,i_t6_wpn_ar_x95l_cord_n
image,i_t6_wpn_ar_x95l_cord_o
image,i_t6_wpn_ar_x95l_cord_s
image,i_t6_wpn_ar_xm8_camo1_c
image,i_t6_wpn_ar_xm8_camo1_g
image,i_t6_wpn_ar_xm8_camo1_n
image,i_t6_wpn_ar_xm8_camo1_o
image,i_t6_wpn_ar_xm8_camo1_r
image,i_t6_wpn_ar_xm8_camo1_s
image,i_t6_wpn_ar_xm8_wall_chalk_c
image,i_t6_wpn_dragunov_scope_lens_c
image,i_t6_wpn_dragunov_scope_lens_g
image,i_t6_wpn_dragunov_scope_lens_n
image,i_t6_wpn_dragunov_scope_lens_s
image,i_t6_wpn_dragunov_scope_reticle_c
image,i_t6_wpn_launch_m32_camo1_c
image,i_t6_wpn_launch_m32_camo1_g
image,i_t6_wpn_launch_m32_camo1_n
image,i_t6_wpn_launch_m32_camo1_o
image,i_t6_wpn_launch_m32_camo1_r
image,i_t6_wpn_launch_m32_camo1_s
image,i_t6_wpn_launch_mm1_camo_c
image,i_t6_wpn_launch_mm1_camo_g
image,i_t6_wpn_launch_mm1_camo_n
image,i_t6_wpn_launch_mm1_camo_o
image,i_t6_wpn_launch_mm1_camo_r
image,i_t6_wpn_launch_mm1_camo_s
image,i_t6_wpn_launch_rpg7_camo_c
image,i_t6_wpn_launch_rpg7_camo_g
image,i_t6_wpn_launch_rpg7_camo_n
image,i_t6_wpn_launch_rpg7_camo_o
image,i_t6_wpn_launch_rpg7_camo_r
image,i_t6_wpn_launch_rpg7_camo_s
image,i_t6_wpn_launch_smaw_camo1_c
image,i_t6_wpn_launch_smaw_camo1_g
image,i_t6_wpn_launch_smaw_camo1_n
image,i_t6_wpn_launch_smaw_camo1_o
image,i_t6_wpn_launch_smaw_camo1_r
image,i_t6_wpn_launch_smaw_camo1_s
image,i_t6_wpn_launch_stinger_c
image,i_t6_wpn_launch_stinger_g
image,i_t6_wpn_launch_stinger_glass_c
image,i_t6_wpn_launch_stinger_glass_g
image,i_t6_wpn_launch_stinger_glass_s
image,i_t6_wpn_launch_stinger_n
image,i_t6_wpn_launch_stinger_o
image,i_t6_wpn_launch_stinger_r
image,i_t6_wpn_launch_stinger_s
image,i_t6_wpn_launch_usrpg_alpha_c
image,i_t6_wpn_launch_usrpg_alpha_g
image,i_t6_wpn_launch_usrpg_alpha_n
image,i_t6_wpn_launch_usrpg_alpha_s
image,i_t6_wpn_launch_usrpg_camo1_c
image,i_t6_wpn_launch_usrpg_camo1_g
image,i_t6_wpn_launch_usrpg_camo1_n
image,i_t6_wpn_launch_usrpg_camo1_o
image,i_t6_wpn_launch_usrpg_camo1_r
image,i_t6_wpn_launch_usrpg_camo1_s
image,i_t6_wpn_lmg_hamr_camo1_c
image,i_t6_wpn_lmg_hamr_camo1_g
image,i_t6_wpn_lmg_hamr_camo1_n
image,i_t6_wpn_lmg_hamr_camo1_r
image,i_t6_wpn_lmg_hamr_camo1_s
image,i_t6_wpn_lmg_hamr_parts_c
image,i_t6_wpn_lmg_hamr_parts_g
image,i_t6_wpn_lmg_hamr_parts_n
image,i_t6_wpn_lmg_hamr_parts_r
image,i_t6_wpn_lmg_hamr_parts_s
image,i_t6_wpn_lmg_hamr_strap_c
image,i_t6_wpn_lmg_hamr_strap_g
image,i_t6_wpn_lmg_hamr_strap_n
image,i_t6_wpn_lmg_hamr_strap_s
image,i_t6_wpn_lmg_lsat_ammo_c
image,i_t6_wpn_lmg_lsat_ammo_g
image,i_t6_wpn_lmg_lsat_ammo_n
image,i_t6_wpn_lmg_lsat_ammo_o
image,i_t6_wpn_lmg_lsat_ammo_r
image,i_t6_wpn_lmg_lsat_ammo_s
image,i_t6_wpn_lmg_lsat_camo1_c
image,i_t6_wpn_lmg_lsat_camo1_g
image,i_t6_wpn_lmg_lsat_camo1_n
image,i_t6_wpn_lmg_lsat_camo1_o
image,i_t6_wpn_lmg_lsat_camo1_r
image,i_t6_wpn_lmg_lsat_camo1_s
image,i_t6_wpn_lmg_lsat_wall_chalk_c
image,i_t6_wpn_lmg_m60_camo1_c
image,i_t6_wpn_lmg_m60_camo1_g
image,i_t6_wpn_lmg_m60_camo1_n
image,i_t6_wpn_lmg_m60_camo1_o
image,i_t6_wpn_lmg_m60_camo1_r
image,i_t6_wpn_lmg_m60_camo1_s
image,i_t6_wpn_lmg_mk48_ammo_camo1_c
image,i_t6_wpn_lmg_mk48_ammo_camo1_g
image,i_t6_wpn_lmg_mk48_ammo_camo1_n
image,i_t6_wpn_lmg_mk48_ammo_camo1_o
image,i_t6_wpn_lmg_mk48_ammo_camo1_r
image,i_t6_wpn_lmg_mk48_ammo_camo1_s
image,i_t6_wpn_lmg_mk48_camo1_c
image,i_t6_wpn_lmg_mk48_camo1_g
image,i_t6_wpn_lmg_mk48_camo1_n
image,i_t6_wpn_lmg_mk48_camo1_o
image,i_t6_wpn_lmg_mk48_camo1_r
image,i_t6_wpn_lmg_mk48_camo1_s
image,i_t6_wpn_lmg_mk48_wall_chalk_c
image,i_t6_wpn_lmg_rpd_camo1_c
image,i_t6_wpn_lmg_rpd_camo1_g
image,i_t6_wpn_lmg_rpd_camo1_n
image,i_t6_wpn_lmg_rpd_camo1_o
image,i_t6_wpn_lmg_rpd_camo1_r
image,i_t6_wpn_lmg_rpd_camo1_s
image,i_t6_wpn_lmg_rpd_mount_camo1_c
image,i_t6_wpn_lmg_rpd_mount_camo1_g
image,i_t6_wpn_lmg_rpd_mount_camo1_n
image,i_t6_wpn_lmg_rpd_mount_camo1_s
image,i_t6_wpn_lmg_type95_camo1_c
image,i_t6_wpn_lmg_type95_camo1_g
image,i_t6_wpn_lmg_type95_camo1_n
image,i_t6_wpn_lmg_type95_camo1_o
image,i_t6_wpn_lmg_type95_camo1_r
image,i_t6_wpn_lmg_type95_camo1_s
image,i_t6_wpn_lmg_type95_drum_camo_c
image,i_t6_wpn_lmg_type95_drum_camo_g
image,i_t6_wpn_lmg_type95_drum_camo_n
image,i_t6_wpn_lmg_type95_drum_camo_o
image,i_t6_wpn_lmg_type95_drum_camo_r
image,i_t6_wpn_lmg_type95_drum_camo_s
image,i_t6_wpn_minigun_ammo_c
image,i_t6_wpn_minigun_ammo_g
image,i_t6_wpn_minigun_ammo_n
image,i_t6_wpn_minigun_ammo_s
image,i_t6_wpn_minigun_c
image,i_t6_wpn_minigun_g
image,i_t6_wpn_minigun_n
image,i_t6_wpn_minigun_o
image,i_t6_wpn_minigun_r
image,i_t6_wpn_minigun_s
image,i_t6_wpn_pistol_b2023r_c
image,i_t6_wpn_pistol_b2023r_g
image,i_t6_wpn_pistol_b2023r_n
image,i_t6_wpn_pistol_b2023r_o
image,i_t6_wpn_pistol_b2023r_r
image,i_t6_wpn_pistol_b2023r_s
image,i_t6_wpn_pistol_browninghp_c
image,i_t6_wpn_pistol_browninghp_g
image,i_t6_wpn_pistol_browninghp_n
image,i_t6_wpn_pistol_browninghp_o
image,i_t6_wpn_pistol_browninghp_r
image,i_t6_wpn_pistol_browninghp_s
image,i_t6_wpn_pistol_fiveseven_camo1_c
image,i_t6_wpn_pistol_fiveseven_camo1_g
image,i_t6_wpn_pistol_fiveseven_camo1_n
image,i_t6_wpn_pistol_fiveseven_camo1_o
image,i_t6_wpn_pistol_fiveseven_camo1_r
image,i_t6_wpn_pistol_fiveseven_camo1_s
image,i_t6_wpn_pistol_fnp45_camo1_c
image,i_t6_wpn_pistol_fnp45_camo1_g
image,i_t6_wpn_pistol_fnp45_camo1_n
image,i_t6_wpn_pistol_fnp45_camo1_o
image,i_t6_wpn_pistol_fnp45_camo1_r
image,i_t6_wpn_pistol_fnp45_camo1_s
image,i_t6_wpn_pistol_judge_c
image,i_t6_wpn_pistol_judge_g
image,i_t6_wpn_pistol_judge_n
image,i_t6_wpn_pistol_judge_o
image,i_t6_wpn_pistol_judge_r
image,i_t6_wpn_pistol_judge_s
image,i_t6_wpn_pistol_judge_shell_c
image,i_t6_wpn_pistol_judge_shell_g
image,i_t6_wpn_pistol_judge_shell_n
image,i_t6_wpn_pistol_judge_shell_o
image,i_t6_wpn_pistol_judge_shell_s
image,i_t6_wpn_pistol_kard_c
image,i_t6_wpn_pistol_kard_g
image,i_t6_wpn_pistol_kard_n
image,i_t6_wpn_pistol_kard_o
image,i_t6_wpn_pistol_kard_r
image,i_t6_wpn_pistol_kard_s
image,i_t6_wpn_pistol_m1911_camo_c
image,i_t6_wpn_pistol_m1911_camo_g
image,i_t6_wpn_pistol_m1911_camo_n
image,i_t6_wpn_pistol_m1911_camo_r
image,i_t6_wpn_pistol_m1911_camo_s
image,i_t6_wpn_pistol_python_c
image,i_t6_wpn_pistol_python_g
image,i_t6_wpn_pistol_python_n
image,i_t6_wpn_pistol_python_o
image,i_t6_wpn_pistol_python_r
image,i_t6_wpn_pistol_python_s
image,i_t6_wpn_pistol_rnma_camo1_c
image,i_t6_wpn_pistol_rnma_camo1_g
image,i_t6_wpn_pistol_rnma_camo1_n
image,i_t6_wpn_pistol_rnma_camo1_o
image,i_t6_wpn_pistol_rnma_camo1_r
image,i_t6_wpn_pistol_rnma_camo1_s
image,i_t6_wpn_shotgun_shells_c
image,i_t6_wpn_shotgun_shells_g
image,i_t6_wpn_shotgun_shells_n
image,i_t6_wpn_shotgun_shells_o
image,i_t6_wpn_shotgun_shells_red_c
image,i_t6_wpn_shotgun_shells_red_s
image,i_t6_wpn_shotgun_shells_s
image,i_t6_wpn_shotty_870mcs_camo1_c
image,i_t6_wpn_shotty_870mcs_camo1_g
image,i_t6_wpn_shotty_870mcs_camo1_n
image,i_t6_wpn_shotty_870mcs_camo1_o
image,i_t6_wpn_shotty_870mcs_camo1_r
image,i_t6_wpn_shotty_870mcs_camo1_s
image,i_t6_wpn_shotty_870mcs_wall_chalk_c
image,i_t6_wpn_shotty_ksg_camo1_c
image,i_t6_wpn_shotty_ksg_camo1_g
image,i_t6_wpn_shotty_ksg_camo1_n
image,i_t6_wpn_shotty_ksg_camo1_o
image,i_t6_wpn_shotty_ksg_camo1_r
image,i_t6_wpn_shotty_ksg_camo1_s
image,i_t6_wpn_shotty_olympia_c
image,i_t6_wpn_shotty_olympia_g
image,i_t6_wpn_shotty_olympia_n
image,i_t6_wpn_shotty_olympia_o
image,i_t6_wpn_shotty_olympia_r
image,i_t6_wpn_shotty_olympia_s
image,i_t6_wpn_shotty_olympia_wall_chalk_c
image,i_t6_wpn_shotty_saiga_camo1_c
image,i_t6_wpn_shotty_saiga_camo1_g
image,i_t6_wpn_shotty_saiga_camo1_n
image,i_t6_wpn_shotty_saiga_camo1_o
image,i_t6_wpn_shotty_saiga_camo1_r
image,i_t6_wpn_shotty_saiga_camo1_s
image,i_t6_wpn_shotty_saiga_skull_c
image,i_t6_wpn_shotty_saiga_skull_g
image,i_t6_wpn_shotty_saiga_skull_n
image,i_t6_wpn_shotty_saiga_skull_s
image,i_t6_wpn_shotty_spas_camo1_c
image,i_t6_wpn_shotty_spas_camo1_g
image,i_t6_wpn_shotty_spas_camo1_n
image,i_t6_wpn_shotty_spas_camo1_o
image,i_t6_wpn_shotty_spas_camo1_r
image,i_t6_wpn_shotty_spas_camo1_s
image,i_t6_wpn_shotty_srm1216_camo1_c
image,i_t6_wpn_shotty_srm1216_camo1_g
image,i_t6_wpn_shotty_srm1216_camo1_n
image,i_t6_wpn_shotty_srm1216_camo1_o
image,i_t6_wpn_shotty_srm1216_camo1_r
image,i_t6_wpn_shotty_srm1216_camo1_s
image,i_t6_wpn_smg_ak74u_camo1_c
image,i_t6_wpn_smg_ak74u_camo1_g
image,i_t6_wpn_smg_ak74u_camo1_n
image,i_t6_wpn_smg_ak74u_camo1_o
image,i_t6_wpn_smg_ak74u_camo1_r
image,i_t6_wpn_smg_ak74u_camo1_s
image,i_t6_wpn_smg_chicom_camo1_c
image,i_t6_wpn_smg_chicom_camo1_g
image,i_t6_wpn_smg_chicom_camo1_n
image,i_t6_wpn_smg_chicom_camo1_o
image,i_t6_wpn_smg_chicom_camo1_r
image,i_t6_wpn_smg_chicom_camo1_s
image,i_t6_wpn_smg_mp40_camo1_c
image,i_t6_wpn_smg_mp40_camo1_g
image,i_t6_wpn_smg_mp40_camo1_n
image,i_t6_wpn_smg_mp40_camo1_r
image,i_t6_wpn_smg_mp40_camo1_s
image,i_t6_wpn_smg_mp5_camo1_c
image,i_t6_wpn_smg_mp5_camo1_g
image,i_t6_wpn_smg_mp5_camo1_n
image,i_t6_wpn_smg_mp5_camo1_o
image,i_t6_wpn_smg_mp5_camo1_r
image,i_t6_wpn_smg_mp5_camo1_s
image,i_t6_wpn_smg_mp5_wall_chalk_c
image,i_t6_wpn_smg_mp7_camo1_c
image,i_t6_wpn_smg_mp7_camo1_g
image,i_t6_wpn_smg_mp7_camo1_n
image,i_t6_wpn_smg_mp7_camo1_o
image,i_t6_wpn_smg_mp7_camo1_r
image,i_t6_wpn_smg_mp7_camo1_s
image,i_t6_wpn_smg_msmc_camo1_c
image,i_t6_wpn_smg_msmc_camo1_g
image,i_t6_wpn_smg_msmc_camo1_n
image,i_t6_wpn_smg_msmc_camo1_o
image,i_t6_wpn_smg_msmc_camo1_r
image,i_t6_wpn_smg_msmc_camo1_s
image,i_t6_wpn_smg_pdw57_camo1_c
image,i_t6_wpn_smg_pdw57_camo1_g
image,i_t6_wpn_smg_pdw57_camo1_n
image,i_t6_wpn_smg_pdw57_camo1_o
image,i_t6_wpn_smg_pdw57_camo1_r
image,i_t6_wpn_smg_pdw57_camo1_s
image,i_t6_wpn_smg_peacekeeper_camo1_c
image,i_t6_wpn_smg_peacekeeper_camo1_g
image,i_t6_wpn_smg_peacekeeper_camo1_n
image,i_t6_wpn_smg_peacekeeper_camo1_o
image,i_t6_wpn_smg_peacekeeper_camo1_r
image,i_t6_wpn_smg_peacekeeper_camo1_s
image,i_t6_wpn_smg_scorpion_camo1_c
image,i_t6_wpn_smg_scorpion_camo1_g
image,i_t6_wpn_smg_scorpion_camo1_n
image,i_t6_wpn_smg_scorpion_camo1_o
image,i_t6_wpn_smg_scorpion_camo1_r
image,i_t6_wpn_smg_scorpion_camo1_s
image,i_t6_wpn_smg_uzi_camo1_c
image,i_t6_wpn_smg_uzi_camo1_g
image,i_t6_wpn_smg_uzi_camo1_n
image,i_t6_wpn_smg_uzi_camo1_o
image,i_t6_wpn_smg_uzi_camo1_r
image,i_t6_wpn_smg_uzi_camo1_s
image,i_t6_wpn_smg_vector_camo1_c
image,i_t6_wpn_smg_vector_camo1_g
image,i_t6_wpn_smg_vector_camo1_n
image,i_t6_wpn_smg_vector_camo1_o
image,i_t6_wpn_smg_vector_camo1_r
image,i_t6_wpn_smg_vector_camo1_s
image,i_t6_wpn_sniper_ballista_camo1_c
image,i_t6_wpn_sniper_ballista_camo1_g
image,i_t6_wpn_sniper_ballista_camo1_n
image,i_t6_wpn_sniper_ballista_camo1_o
image,i_t6_wpn_sniper_ballista_camo1_r
image,i_t6_wpn_sniper_ballista_camo1_s
image,i_t6_wpn_sniper_ballista_lens_c
image,i_t6_wpn_sniper_ballista_lens_g
image,i_t6_wpn_sniper_ballista_lens_n
image,i_t6_wpn_sniper_ballista_lens_s
image,i_t6_wpn_sniper_ballista_level_c
image,i_t6_wpn_sniper_ballista_level_g
image,i_t6_wpn_sniper_ballista_level_s
image,i_t6_wpn_sniper_ballista_scope_camo1_c
image,i_t6_wpn_sniper_ballista_scope_camo1_g
image,i_t6_wpn_sniper_ballista_scope_camo1_n
image,i_t6_wpn_sniper_ballista_scope_camo1_r
image,i_t6_wpn_sniper_ballista_scope_camo1_s
image,i_t6_wpn_sniper_ballista_scope_reticle_c
image,i_t6_wpn_sniper_ballista_sights_c
image,i_t6_wpn_sniper_ballista_sights_g
image,i_t6_wpn_sniper_ballista_sights_n
image,i_t6_wpn_sniper_ballista_sights_s
image,i_t6_wpn_sniper_dragunov_camo1_c
image,i_t6_wpn_sniper_dragunov_camo1_g
image,i_t6_wpn_sniper_dragunov_camo1_n
image,i_t6_wpn_sniper_dragunov_camo1_o
image,i_t6_wpn_sniper_dragunov_camo1_r
image,i_t6_wpn_sniper_dragunov_camo1_s
image,i_t6_wpn_sniper_dsr50_c
image,i_t6_wpn_sniper_dsr50_g
image,i_t6_wpn_sniper_dsr50_n
image,i_t6_wpn_sniper_dsr50_o
image,i_t6_wpn_sniper_dsr50_r
image,i_t6_wpn_sniper_dsr50_s
image,i_t6_wpn_sniper_dsr50_scope_c
image,i_t6_wpn_sniper_dsr50_scope_g
image,i_t6_wpn_sniper_dsr50_scope_lens_c
image,i_t6_wpn_sniper_dsr50_scope_lens_g
image,i_t6_wpn_sniper_dsr50_scope_lens_n
image,i_t6_wpn_sniper_dsr50_scope_lens_s
image,i_t6_wpn_sniper_dsr50_scope_n
image,i_t6_wpn_sniper_dsr50_scope_o
image,i_t6_wpn_sniper_dsr50_scope_r
image,i_t6_wpn_sniper_dsr50_scope_reticle_c
image,i_t6_wpn_sniper_dsr50_scope_s
image,i_t6_wpn_sniper_m82_c
image,i_t6_wpn_sniper_m82_g
image,i_t6_wpn_sniper_m82_n
image,i_t6_wpn_sniper_m82_o
image,i_t6_wpn_sniper_m82_r
image,i_t6_wpn_sniper_m82_s
image,i_t6_wpn_sniper_m82_scope_c
image,i_t6_wpn_sniper_m82_scope_g
image,i_t6_wpn_sniper_m82_scope_n
image,i_t6_wpn_sniper_m82_scope_o
image,i_t6_wpn_sniper_m82_scope_r
image,i_t6_wpn_sniper_m82_scope_reticle_c
image,i_t6_wpn_sniper_m82_scope_s
image,i_t6_wpn_sniper_svu_camo1_c
image,i_t6_wpn_sniper_svu_camo1_g
image,i_t6_wpn_sniper_svu_camo1_n
image,i_t6_wpn_sniper_svu_camo1_o
image,i_t6_wpn_sniper_svu_camo1_r
image,i_t6_wpn_sniper_svu_camo1_s
image,i_t6_wpn_sniper_svu_lens_c
image,i_t6_wpn_sniper_svu_lens_g
image,i_t6_wpn_sniper_svu_lens_s
image,i_t6_wpn_sniper_svu_scope_camo1_c
image,i_t6_wpn_sniper_svu_scope_camo1_g
image,i_t6_wpn_sniper_svu_scope_camo1_n
image,i_t6_wpn_sniper_svu_scope_camo1_o
image,i_t6_wpn_sniper_svu_scope_camo1_r
image,i_t6_wpn_sniper_svu_scope_camo1_s
image,i_t6_wpn_sniper_svu_scope_reticle_c
image,i_t6_wpn_sniper_xpr50_camo2_c
image,i_t6_wpn_sniper_xpr50_camo2_g
image,i_t6_wpn_sniper_xpr50_camo2_n
image,i_t6_wpn_sniper_xpr50_camo2_o
image,i_t6_wpn_sniper_xpr50_camo2_r
image,i_t6_wpn_sniper_xpr50_camo2_s
image,i_t6_wpn_sniper_xpr50_scope_camo2_c
image,i_t6_wpn_sniper_xpr50_scope_camo2_g
image,i_t6_wpn_sniper_xpr50_scope_camo2_n
image,i_t6_wpn_sniper_xpr50_scope_camo2_o
image,i_t6_wpn_sniper_xpr50_scope_camo2_r
image,i_t6_wpn_sniper_xpr50_scope_camo2_s
image,i_t6_wpn_sniper_xpr50_scope_reticle_c
image,i_t6_wpn_special_storm_c
image,i_t6_wpn_special_storm_g
image,i_t6_wpn_special_storm_n
image,i_t6_wpn_special_storm_o
image,i_t6_wpn_special_storm_r
image,i_t6_wpn_special_storm_s
image,i_t6_wpn_special_storm_scope_c
image,i_t6_wpn_special_storm_scope_g
image,i_t6_wpn_special_storm_scope_n
image,i_t6_wpn_special_storm_scope_o
image,i_t6_wpn_special_storm_scope_pap_c
image,i_t6_wpn_special_storm_scope_pap_s
image,i_t6_wpn_special_storm_scope_r
image,i_t6_wpn_special_storm_scope_s
image,i_t6_wpn_storm_charge_display_c
image,i_t6_wpn_storm_charge_display_e
image,i_t6_wpn_storm_charge_display_pap_c
image,i_t6_wpn_storm_charge_lens_c
image,i_t6_wpn_storm_charge_lens_g
image,i_t6_wpn_storm_charge_lens_n
image,i_t6_wpn_storm_charge_lens_pap_s
image,i_t6_wpn_storm_charge_lens_s
image,i_t6_wpn_storm_charge_temp_c
image,i_t6_wpn_storm_charge_temp_e
image,i_t6_wpn_storm_charge_temp_pap_c
image,i_t6_wpn_storm_scope_lens_c
image,i_t6_wpn_storm_scope_lens_g
image,i_t6_wpn_storm_scope_lens_n
image,i_t6_wpn_storm_scope_lens_pap_s
image,i_t6_wpn_storm_scope_lens_s
image,i_t6_wpn_storm_scope_reticle_sp_c
image,i_t6_wpn_titus_camo1_c
image,i_t6_wpn_titus_camo1_g
image,i_t6_wpn_titus_camo1_n
image,i_t6_wpn_titus_camo1_o
image,i_t6_wpn_titus_camo1_r
image,i_t6_wpn_titus_camo1_s
image,i_t6_wpn_zmb_blundergat_acid_c
image,i_t6_wpn_zmb_blundergat_acid_g
image,i_t6_wpn_zmb_blundergat_acid_n
image,i_t6_wpn_zmb_blundergat_acid_s
image,i_t6_wpn_zmb_blundergat_armor_c
image,i_t6_wpn_zmb_blundergat_armor_ember_e
image,i_t6_wpn_zmb_blundergat_armor_g
image,i_t6_wpn_zmb_blundergat_armor_n
image,i_t6_wpn_zmb_blundergat_armor_s
image,i_t6_wpn_zmb_blundergat_c
image,i_t6_wpn_zmb_blundergat_g
image,i_t6_wpn_zmb_blundergat_n
image,i_t6_wpn_zmb_blundergat_s
image,i_t6_wpn_zmb_mc96_camo_c
image,i_t6_wpn_zmb_mc96_camo_g
image,i_t6_wpn_zmb_mc96_camo_n
image,i_t6_wpn_zmb_mc96_camo_r
image,i_t6_wpn_zmb_mc96_camo_s
image,i_t6_wpn_zmb_mg08_camo_c
image,i_t6_wpn_zmb_mg08_camo_g
image,i_t6_wpn_zmb_mg08_camo_n
image,i_t6_wpn_zmb_mg08_camo_r
image,i_t6_wpn_zmb_mg08_camo_s
image,i_t6_wpn_zmb_mg08_mag_camo_c
image,i_t6_wpn_zmb_mg08_mag_camo_g
image,i_t6_wpn_zmb_mg08_mag_camo_n
image,i_t6_wpn_zmb_mg08_mag_camo_r
image,i_t6_wpn_zmb_mg08_mag_camo_s
image,i_t6_wpn_zmb_thompson_camo1_c
image,i_t6_wpn_zmb_thompson_camo1_g
image,i_t6_wpn_zmb_thompson_camo1_n
image,i_t6_wpn_zmb_thompson_camo1_o
image,i_t6_wpn_zmb_thompson_camo1_r
image,i_t6_wpn_zmb_thompson_camo1_s
image,i_t7_acrylic_red_flake_c
image,i_t7_acrylic_red_flake_g
image,i_t7_brick_worn_dirty_red_n
image,i_t7_brick_worn_red_c
image,i_t7_cloth_leather_white_c
image,i_t7_decal_blood_grunge_01_n
image,i_t7_decal_blood_splatter_01_r
image,i_t7_decal_damage_plywood_edge_dirty_c
image,i_t7_decal_damage_plywood_edge_n
image,i_t7_decal_grunge_burnt_stain_03_c
image,i_t7_decal_grunge_burnt_stain_03_n
image,i_t7_decal_grunge_burnt_stain_03_r
image,i_t7_detail_acrylic_01_n
image,i_t7_detail_concrete_01
image,i_t7_detail_wood_01
image,i_t7_detail_wood_02
image,i_t7_glass_dirty_streaks_02_g
image,i_t7_glass_dirty_streaks_02_n
image,i_t7_glass_dirty_streaks_c
image,i_t7_glass_dirty_streaks_g
image,i_t7_glass_frosted_condensation_t
image,i_t7_metal_paint_rust_brown_c
image,i_t7_metal_paint_rust_brown_g
image,i_t7_metal_worn_iron_dark_c
image,i_t7_metal_worn_iron_dark_g
image,i_t7_metal_worn_iron_dark_m
image,i_t7_metal_worn_iron_dark_n
image,i_t7_metal_worn_iron_dark_s
image,i_t7_micro_dusty_01_c
image,i_t7_micro_metal_bare_scuffed_02_g
image,i_t7_micro_metal_bare_worn_01_g
image,i_t7_micro_metal_grunge_pockmarks_01_c
image,i_t7_micro_metal_grunge_pockmarks_01_g
image,i_t7_micro_metal_grunge_pockmarks_01_n
image,i_t7_micro_metal_grunge_pockmarks_01_s
image,i_t7_micro_metal_grunge_scratch_03_n
image,i_t7_micro_metal_grunge_scratch_fine_01_c
image,i_t7_micro_metal_grunge_scratch_fine_01_g
image,i_t7_micro_metal_grunge_scratch_fine_01_n
image,i_t7_micro_metal_grunge_scratch_fine_01_s
image,i_t7_micro_metal_painted_02_c
image,i_t7_micro_metal_rust_01_c
image,i_t7_micro_metal_rust_01_n
image,i_t7_micro_snow_sand_n
image,i_t7_micro_wood_varied_damaged_teak_c
image,i_t7_micro_wood_varied_teak_c
image,i_t7_micro_wood_varied_teak_n
image,i_t7_rope_nylon_02_c
image,i_t7_rope_nylon_02_n
image,i_t7_sand_smooth_01_g
image,i_t7_snow_powder_01_c
image,i_t7_snow_powder_01_n
image,i_t7_snow_powder_02_c
image,i_t7_snow_powder_02_n
image,i_t7_snow_powder_03_r
image,i_t7_wood_planks_damaged_teak_c
image,i_t7_wood_planks_damaged_teak_n
image,i_t7_wood_plywood_bare_n
image,i_t7_wood_plywood_dirty_c
image,i_t7_wood_plywood_trim_dirty_c
image,i_t7_wood_plywood_trim_n
image,i_t7_wood_varnished_clean_cherry_light_c
image,i_t7_zm_chalk_buy_bowie_c
image,i_weapon_m14_scope_rail_c
image,i_weapon_m14_scope_rail_g
image,i_weapon_m14_scope_rail_n
image,i_wpn_h1_spent_shells_300_c
image,i_wpn_h1_spent_shells_300_g
image,i_wpn_h1_spent_shells_300_n
image,i_wpn_h1_spent_shells_300_s
image,i_wpn_h1_spent_shells_c
image,i_wpn_h1_spent_shells_g
image,i_wpn_h1_spent_shells_n
image,i_wpn_h1_spent_shells_o
image,i_wpn_h1_spent_shells_s
image,img_luts_curve_blend
image,pbr_evening_2_sky_override
image,pbr_night_starrynight_4_sky_override
image,shadow
image,skybox_default_black
image,skybox_default_day_ft
image,t7_cp_hud_tacmode_type_amws
image,zm_parkour_nothing0_BC3_SRGB_combo
image,zm_parkour_nothing0_BC4_combo
image,zm_parkour_nothing0_BC7_SRGB_combo
image,zm_parkour_nothing0_BC7_combo
sound,zm_parkour_nothing0
col_map,maps/zm/zm_parkour_nothing0.d3dbsp
com_map,maps/zm/zm_parkour_nothing0.d3dbsp
game_map,maps/zm/zm_parkour_nothing0.d3dbsp
map_ents,maps/zm/zm_parkour_nothing0.d3dbsp
gfx_map,maps/zm/zm_parkour_nothing0.d3dbsp
weapon,dog_ai_defaultmelee_zm
weapon,t6_ak47
weapon,t6_ak47_up
weapon,t6_ak74u
weapon,t6_ak74u_up
weapon,t6_an94
weapon,t6_an94_up
weapon,t6_b23r
weapon,t6_b23r_up
weapon,t6_ballista
weapon,t6_ballista_up
weapon,t6_blundergat
weapon,t6_blundergat_up
weapon,t6_browninghp
weapon,t6_browninghp_up
weapon,t6_chicom_cqb
weapon,t6_chicom_cqb_up
weapon,t6_death_machine
weapon,t6_death_machine_up
weapon,t6_dragunov
weapon,t6_dragunov_up
weapon,t6_dsr50
weapon,t6_dsr50_up
weapon,t6_executioner
weapon,t6_executioner_ldw_up_zm
weapon,t6_executioner_rdw_up_zm
weapon,t6_fal
weapon,t6_fal_osw
weapon,t6_fal_osw_launcher_zm
weapon,t6_fal_osw_up_zm
weapon,t6_fal_up
weapon,t6_fiveseven
weapon,t6_fiveseven_ldw_up_zm
weapon,t6_fiveseven_ldw_zm
weapon,t6_fiveseven_rdw_up_zm
weapon,t6_fiveseven_rdw_zm
weapon,t6_fiveseven_up
weapon,t6_galil
weapon,t6_galil_up
weapon,t6_hamr
weapon,t6_hamr_up
weapon,t6_kap40
weapon,t6_kap40_ldw_up_zm
weapon,t6_kap40_rdw_up_zm
weapon,t6_ksg
weapon,t6_ksg_up
weapon,t6_lsat
weapon,t6_lsat_up
weapon,t6_m1216
weapon,t6_m1216_up
weapon,t6_m14
weapon,t6_m14_up
weapon,t6_m16a1
weapon,t6_m16a1_launcher_zm
weapon,t6_m16a1_up_zm
weapon,t6_m1911
weapon,t6_m1911_ldw_up_zm
weapon,t6_m1911_rdw_up_zm
weapon,t6_m1927
weapon,t6_m1927_up
weapon,t6_m27
weapon,t6_m27_up
weapon,t6_m60
weapon,t6_m60_up
weapon,t6_m82a1
weapon,t6_m82a1_up
weapon,t6_m8a1
weapon,t6_m8a1_up
weapon,t6_mauser_c96
weapon,t6_mauser_c96_up
weapon,t6_mg0815
weapon,t6_mg0815_up
weapon,t6_mk48
weapon,t6_mk48_up
weapon,t6_mm1
weapon,t6_mm1_up
weapon,t6_mp40
weapon,t6_mp40_up
weapon,t6_mp5
weapon,t6_mp5_up
weapon,t6_mp7
weapon,t6_mp7_up
weapon,t6_msmc
weapon,t6_msmc_up
weapon,t6_mtar
weapon,t6_mtar_launcher_zm
weapon,t6_mtar_up_zm
weapon,t6_olympia
weapon,t6_olympia_up
weapon,t6_pdw57
weapon,t6_pdw57_up
weapon,t6_peacekeeper
weapon,t6_peacekeeper_up
weapon,t6_python
weapon,t6_python_up
weapon,t6_qbb_lsw
weapon,t6_qbb_lsw_up
weapon,t6_rem870mcs
weapon,t6_rem870mcs_up
weapon,t6_remnewmodel
weapon,t6_remnewmodel_up
weapon,t6_rpd
weapon,t6_rpd_up
weapon,t6_rpg
weapon,t6_rpg_up
weapon,t6_s12
weapon,t6_s12_up
weapon,t6_scarh
weapon,t6_scarh_launcher_zm
weapon,t6_scarh_up_zm
weapon,t6_skorpion_evo
weapon,t6_skorpion_evo_up
weapon,t6_smaw
weapon,t6_smaw_up
weapon,t6_smr
weapon,t6_smr_up
weapon,t6_spas12
weapon,t6_spas12_up
weapon,t6_stg44
weapon,t6_stg44_up
weapon,t6_stinger
weapon,t6_stinger_up
weapon,t6_storm_psr
weapon,t6_storm_psr_up
weapon,t6_svu_as
weapon,t6_svu_as_up
weapon,t6_swat556
weapon,t6_swat556_up
weapon,t6_tac45
weapon,t6_tac45_up
weapon,t6_titus6_gl_up_zm
weapon,t6_titus6_gl_zm
weapon,t6_titus6_shotty_up_zm
weapon,t6_titus6_shotty_zm
weapon,t6_type25
weapon,t6_type25_up
weapon,t6_uzi
weapon,t6_uzi_up
weapon,t6_vector_k10
weapon,t6_vector_k10_up
weapon,t6_war_machine
weapon,t6_war_machine_up
weapon,t6_xpr50
weapon,t6_xpr50_up
weapon,zombie_ai_defaultmelee_zm
weaponcamo,t6_camo_ak47_table
weaponcamo,t6_camo_ak74u_table
weaponcamo,t6_camo_an94_table
weaponcamo,t6_camo_b23r_table
weaponcamo,t6_camo_ballista_table
weaponcamo,t6_camo_browninghp_table
weaponcamo,t6_camo_chicom_cqb_table
weaponcamo,t6_camo_death_machine_table
weaponcamo,t6_camo_dragunov_table
weaponcamo,t6_camo_dsr50_table
weaponcamo,t6_camo_executioner_table
weaponcamo,t6_camo_fal_osw_table
weaponcamo,t6_camo_fal_table
weaponcamo,t6_camo_fiveseven_table
weaponcamo,t6_camo_galil_table
weaponcamo,t6_camo_hamr_table
weaponcamo,t6_camo_kap40_table
weaponcamo,t6_camo_ksg_table
weaponcamo,t6_camo_lsat_table
weaponcamo,t6_camo_m1216_table
weaponcamo,t6_camo_m14_table
weaponcamo,t6_camo_m16a1_table
weaponcamo,t6_camo_m1911_table
weaponcamo,t6_camo_m1927_table
weaponcamo,t6_camo_m27_table
weaponcamo,t6_camo_m60_table
weaponcamo,t6_camo_m82a1_table
weaponcamo,t6_camo_m8a1_table
weaponcamo,t6_camo_mauser_c96_table
weaponcamo,t6_camo_mg0815_table
weaponcamo,t6_camo_mk48_table
weaponcamo,t6_camo_mm1_table
weaponcamo,t6_camo_mp40_table
weaponcamo,t6_camo_mp5_table
weaponcamo,t6_camo_mp7_table
weaponcamo,t6_camo_msmc_table
weaponcamo,t6_camo_mtar_table
weaponcamo,t6_camo_olympia_table
weaponcamo,t6_camo_pdw57_table
weaponcamo,t6_camo_peacekeeper_table
weaponcamo,t6_camo_python_table
weaponcamo,t6_camo_qbb_lsw_table
weaponcamo,t6_camo_rem870mcs_table
weaponcamo,t6_camo_remnewmodel_table
weaponcamo,t6_camo_rpd_table
weaponcamo,t6_camo_rpg_table
weaponcamo,t6_camo_s12_table
weaponcamo,t6_camo_scarh_table
weaponcamo,t6_camo_skorpion_evo_table
weaponcamo,t6_camo_smaw_table
weaponcamo,t6_camo_smr_table
weaponcamo,t6_camo_spas12_table
weaponcamo,t6_camo_stg44_table
weaponcamo,t6_camo_stinger_table
weaponcamo,t6_camo_storm_psr_table
weaponcamo,t6_camo_svu_as_table
weaponcamo,t6_camo_swat556_table
weaponcamo,t6_camo_tac45_table
weaponcamo,t6_camo_titus6_table
weaponcamo,t6_camo_type25_table
weaponcamo,t6_camo_uzi_table
weaponcamo,t6_camo_vector_k10_table
weaponcamo,t6_camo_war_machine_table
weaponcamo,t6_camo_xpr50_table
fx,_scobalula/shellejects/mwr/h1_shell_eject_12ga
fx,_scobalula/shellejects/mwr/h1_shell_eject_12ga_rest
fx,_scobalula/shellejects/mwr/h1_shell_eject_300
fx,_scobalula/shellejects/mwr/h1_shell_eject_300_rest
fx,_scobalula/shellejects/mwr/h1_shell_eject_50cal
fx,_scobalula/shellejects/mwr/h1_shell_eject_50cal_rest
fx,_scobalula/shellejects/mwr/h1_shell_eject_545x39
fx,_scobalula/shellejects/mwr/h1_shell_eject_545x39_rest
fx,_scobalula/shellejects/mwr/h1_shell_eject_556x45
fx,_scobalula/shellejects/mwr/h1_shell_eject_556x45_rest
fx,_scobalula/shellejects/mwr/h1_shell_eject_556x45_rest_linker
fx,_scobalula/shellejects/mwr/h1_shell_eject_556x45_saw
fx,_scobalula/shellejects/mwr/h1_shell_eject_57x28
fx,_scobalula/shellejects/mwr/h1_shell_eject_57x28_rest
fx,_scobalula/shellejects/mwr/h1_shell_eject_762x39
fx,_scobalula/shellejects/mwr/h1_shell_eject_762x39_rest
fx,_scobalula/shellejects/mwr/h1_shell_eject_762x51
fx,_scobalula/shellejects/mwr/h1_shell_eject_762x51_rest
fx,_scobalula/shellejects/mwr/h1_shell_eject_762x54
fx,_scobalula/shellejects/mwr/h1_shell_eject_762x54_rest
fx,_scobalula/shellejects/mwr/h1_shell_eject_9mm
fx,_scobalula/shellejects/mwr/h1_shell_eject_9mm_rest
fx,ambient_light
fx,blood/fx_blood_gib_arm_sever_burst
fx,blood/fx_blood_gib_leg_sever_burst
fx,blood/fx_blood_impact_exp_body_lg_zmb
fx,blood/fx_blood_sword_trail_emitter_zod_zmb
fx,blood/fx_blood_trail_zmb
fx,electrical_spark
fx,electrical_spark_burst
fx,endgame_arrow_light
fx,endgame_spark
fx,endgame_spark_burst
fx,fire/fx_fire_barrel_30x30
fx,fire/fx_fire_ground_rubble_50x50
fx,fire/fx_fire_ground_rubble_sm_50x50
fx,fire/fx_fire_line_sm_evb
fx,light/fx_light_barrel_fire_factory_zmb_strong
fx,light/fx_light_fire_flicker_noshad_small
fx,lighthouse_beam
fx,skye_efx/t6_efx/fx_t6_raygun_mark2_flesh_impact_up
fx,skye_efx/t6_efx/fx_t6_raygun_mark2_impact_up
fx,skye_efx/t6_efx/fx_t6_raygun_mark2_tracer_up
fx,void_campfire_light
fx,void_pole_light
fx,zombie/fx_packapunch_zmb
impactsfxtable,t6_raygun_mark2_up_impactfx
stringtable,gamedata/weapons/zm/zm_parkour_nothing0_weapons.csv
scriptparsetree,scripts/zm/_zm_perk_mule_lick.csc
scriptparsetree,scripts/zm/_zm_perk_mule_lick.gsc
scriptparsetree,scripts/zm/zm_parkour_nothing0.csc
scriptparsetree,scripts/zm/zm_parkour_nothing0.gsc
keyvaluepairs,zm_parkour_nothing0
surfacefxtable,t6_raygun_mark2_up_surface_impactfx
surfacesounddef,zdogfootstep_crouch_run_zdog
surfacesounddef,zdogfootstep_crouch_walk_zdog
surfacesounddef,zdogfootstep_ladder_hand_zdog
surfacesounddef,zdogfootstep_prone_zdog
surfacesounddef,zdogfootstep_run_zdog
surfacesounddef,zdogfootstep_sprint_zdog
surfacesounddef,zdogfootstep_walk_zdog
surfacesounddef,zombfootstep_crouch_run_zomb
surfacesounddef,zombfootstep_crouch_walk_zomb
surfacesounddef,zombfootstep_ladder_hand_zomb
surfacesounddef,zombfootstep_prone_zomb
surfacesounddef,zombfootstep_run_zomb
surfacesounddef,zombfootstep_sprint_zomb
surfacesounddef,zombfootstep_walk_zomb
footsteptable,zdogfootstep
footsteptable,zombfootstep
entityfximpacts,t6_raygun_mark2_up_entity_impactfx
zbarrier,zmcore_magicbox
zbarrier,zmcore_packapunch
scriptbundle,c_54i_grunt_fx_table
scriptbundle,c_zom_der_zombie_gib_def
scriptbundle,c_zom_der_zombie_hat_gib_def
scriptbundle,pstfx_zm_der_teleport
animselectortable,zm_factory_zombie.ai_ast
animselectortable,zm_factory_zombie_dog.ai_ast
animmappingtable,zm_factory_zombie.ai_am
animmappingtable,zm_factory_zombie_dog.ai_am
animstatemachine,zm_factory_zombie_dog.ai_asm
animstatemachine,zm_zombie.ai_asm
behaviortree,zm_factory_zombie_dog.ai_bt
behaviortree,zm_zombie.ai_bt
lightdescription,fx_light_headlight_generic1489054383
lightdescription,gfx_dlight_gen_omni-755652678
lightdescription,gfx_dlight_gen_omni1033436870
lightdescription,gfx_dlight_gen_omni_r25-72942508
lightdescription,zm_factory_barrel_fire-1758814733
lightdescription,zm_factory_barrel_fire1771618710
lightdescription,zm_factory_barrel_fire517459211
lightdescription,zm_factory_barrel_fire96907318
lightdescription,zm_factory_barrel_fire_strong-829306192
texturecombo,zm_parkour_nothing0
navmesh,maps/zm/zm_parkour_nothing0_navmesh
